ply
format ascii 1.0
comment Original synthetic splats; Y-up metres
element vertex 6806
property float x
property float y
property float z
property float nx
property float ny
property float nz
property float f_dc_0
property float f_dc_1
property float f_dc_2
property float opacity
property float scale_0
property float scale_1
property float scale_2
property float rot_0
property float rot_1
property float rot_2
property float rot_3
end_header
-3 0 -3 0 0 0 -0.28359262 -0.20914955 -0.10492927 2.442347 -2.2537949 -2.2537949 -3.6888795 0.70710678 0.70710678 0 0
-3 3 -3 0 0 0 -1.0634723 -0.95712508 -0.70898154 2.442347 -2.2537949 -2.2537949 -3.6888795 0.70710678 0.70710678 0 0
-3 0 -2.85 0 0 0 -0.28359262 -0.20914955 -0.10492927 2.442347 -2.2537949 -2.2537949 -3.6888795 0.70710678 0.70710678 0 0
-3 3 -2.85 0 0 0 -1.0634723 -0.95712508 -0.70898154 2.442347 -2.2537949 -2.2537949 -3.6888795 0.70710678 0.70710678 0 0
-3 0 -2.7 0 0 0 -0.28359262 -0.20914955 -0.10492927 2.442347 -2.2537949 -2.2537949 -3.6888795 0.70710678 0.70710678 0 0
-3 3 -2.7 0 0 0 -1.0634723 -0.95712508 -0.70898154 2.442347 -2.2537949 -2.2537949 -3.6888795 0.70710678 0.70710678 0 0
-3 0 -2.55 0 0 0 -0.28359262 -0.20914955 -0.10492927 2.442347 -2.2537949 -2.2537949 -3.6888795 0.70710678 0.70710678 0 0
-3 3 -2.55 0 0 0 -1.0634723 -0.95712508 -0.70898154 2.442347 -2.2537949 -2.2537949 -3.6888795 0.70710678 0.70710678 0 0
-3 0 -2.4 0 0 0 -0.28359262 -0.20914955 -0.10492927 2.442347 -2.2537949 -2.2537949 -3.6888795 0.70710678 0.70710678 0 0
-3 3 -2.4 0 0 0 -1.0634723 -0.95712508 -0.70898154 2.442347 -2.2537949 -2.2537949 -3.6888795 0.70710678 0.70710678 0 0
-3 0 -2.25 0 0 0 -0.85077785 -0.80469405 -0.74017673 2.442347 -2.2537949 -2.2537949 -3.6888795 0.70710678 0.70710678 0 0
-3 3 -2.25 0 0 0 -1.0634723 -0.95712508 -0.70898154 2.442347 -2.2537949 -2.2537949 -3.6888795 0.70710678 0.70710678 0 0
-3 0 -2.1 0 0 0 -0.85077785 -0.80469405 -0.74017673 2.442347 -2.2537949 -2.2537949 -3.6888795 0.70710678 0.70710678 0 0
-3 3 -2.1 0 0 0 -1.0634723 -0.95712508 -0.70898154 2.442347 -2.2537949 -2.2537949 -3.6888795 0.70710678 0.70710678 0 0
-3 0 -1.95 0 0 0 -0.85077785 -0.80469405 -0.74017673 2.442347 -2.2537949 -2.2537949 -3.6888795 0.70710678 0.70710678 0 0
-3 3 -1.95 0 0 0 -1.0634723 -0.95712508 -0.70898154 2.442347 -2.2537949 -2.2537949 -3.6888795 0.70710678 0.70710678 0 0
-3 0 -1.8 0 0 0 -0.85077785 -0.80469405 -0.74017673 2.442347 -2.2537949 -2.2537949 -3.6888795 0.70710678 0.70710678 0 0
-3 3 -1.8 0 0 0 -1.0634723 -0.95712508 -0.70898154 2.442347 -2.2537949 -2.2537949 -3.6888795 0.70710678 0.70710678 0 0
-3 0 -1.65 0 0 0 -0.85077785 -0.80469405 -0.74017673 2.442347 -2.2537949 -2.2537949 -3.6888795 0.70710678 0.70710678 0 0
-3 3 -1.65 0 0 0 -1.0634723 -0.95712508 -0.70898154 2.442347 -2.2537949 -2.2537949 -3.6888795 0.70710678 0.70710678 0 0
-3 0 -1.5 0 0 0 -0.28359262 -0.20914955 -0.10492927 2.442347 -2.2537949 -2.2537949 -3.6888795 0.70710678 0.70710678 0 0
-3 3 -1.5 0 0 0 -1.0634723 -0.95712508 -0.70898154 2.442347 -2.2537949 -2.2537949 -3.6888795 0.70710678 0.70710678 0 0
-3 0 -1.35 0 0 0 -0.28359262 -0.20914955 -0.10492927 2.442347 -2.2537949 -2.2537949 -3.6888795 0.70710678 0.70710678 0 0
-3 3 -1.35 0 0 0 -1.0634723 -0.95712508 -0.70898154 2.442347 -2.2537949 -2.2537949 -3.6888795 0.70710678 0.70710678 0 0
-3 0 -1.2 0 0 0 -0.28359262 -0.20914955 -0.10492927 2.442347 -2.2537949 -2.2537949 -3.6888795 0.70710678 0.70710678 0 0
-3 3 -1.2 0 0 0 -1.0634723 -0.95712508 -0.70898154 2.442347 -2.2537949 -2.2537949 -3.6888795 0.70710678 0.70710678 0 0
-3 0 -1.05 0 0 0 -0.28359262 -0.20914955 -0.10492927 2.442347 -2.2537949 -2.2537949 -3.6888795 0.70710678 0.70710678 0 0
-3 3 -1.05 0 0 0 -1.0634723 -0.95712508 -0.70898154 2.442347 -2.2537949 -2.2537949 -3.6888795 0.70710678 0.70710678 0 0
-3 0 -0.9 0 0 0 -0.28359262 -0.20914955 -0.10492927 2.442347 -2.2537949 -2.2537949 -3.6888795 0.70710678 0.70710678 0 0
-3 3 -0.9 0 0 0 -1.0634723 -0.95712508 -0.70898154 2.442347 -2.2537949 -2.2537949 -3.6888795 0.70710678 0.70710678 0 0
-3 0 -0.75 0 0 0 -0.85077785 -0.80469405 -0.74017673 2.442347 -2.2537949 -2.2537949 -3.6888795 0.70710678 0.70710678 0 0
-3 3 -0.75 0 0 0 -1.0634723 -0.95712508 -0.70898154 2.442347 -2.2537949 -2.2537949 -3.6888795 0.70710678 0.70710678 0 0
-3 0 -0.6 0 0 0 -0.85077785 -0.80469405 -0.74017673 2.442347 -2.2537949 -2.2537949 -3.6888795 0.70710678 0.70710678 0 0
-3 3 -0.6 0 0 0 -1.0634723 -0.95712508 -0.70898154 2.442347 -2.2537949 -2.2537949 -3.6888795 0.70710678 0.70710678 0 0
-3 0 -0.45 0 0 0 -0.85077785 -0.80469405 -0.74017673 2.442347 -2.2537949 -2.2537949 -3.6888795 0.70710678 0.70710678 0 0
-3 3 -0.45 0 0 0 -1.0634723 -0.95712508 -0.70898154 2.442347 -2.2537949 -2.2537949 -3.6888795 0.70710678 0.70710678 0 0
-3 0 -0.3 0 0 0 -0.85077785 -0.80469405 -0.74017673 2.442347 -2.2537949 -2.2537949 -3.6888795 0.70710678 0.70710678 0 0
-3 3 -0.3 0 0 0 -1.0634723 -0.95712508 -0.70898154 2.442347 -2.2537949 -2.2537949 -3.6888795 0.70710678 0.70710678 0 0
-3 0 -0.15 0 0 0 -0.85077785 -0.80469405 -0.74017673 2.442347 -2.2537949 -2.2537949 -3.6888795 0.70710678 0.70710678 0 0
-3 3 -0.15 0 0 0 -1.0634723 -0.95712508 -0.70898154 2.442347 -2.2537949 -2.2537949 -3.6888795 0.70710678 0.70710678 0 0
-3 0 0 0 0 0 -0.28359262 -0.20914955 -0.10492927 2.442347 -2.2537949 -2.2537949 -3.6888795 0.70710678 0.70710678 0 0
-3 3 0 0 0 0 -1.0634723 -0.95712508 -0.70898154 2.442347 -2.2537949 -2.2537949 -3.6888795 0.70710678 0.70710678 0 0
-3 0 0.15 0 0 0 -0.28359262 -0.20914955 -0.10492927 2.442347 -2.2537949 -2.2537949 -3.6888795 0.70710678 0.70710678 0 0
-3 3 0.15 0 0 0 -1.0634723 -0.95712508 -0.70898154 2.442347 -2.2537949 -2.2537949 -3.6888795 0.70710678 0.70710678 0 0
-3 0 0.3 0 0 0 -0.28359262 -0.20914955 -0.10492927 2.442347 -2.2537949 -2.2537949 -3.6888795 0.70710678 0.70710678 0 0
-3 3 0.3 0 0 0 -1.0634723 -0.95712508 -0.70898154 2.442347 -2.2537949 -2.2537949 -3.6888795 0.70710678 0.70710678 0 0
-3 0 0.45 0 0 0 -0.28359262 -0.20914955 -0.10492927 2.442347 -2.2537949 -2.2537949 -3.6888795 0.70710678 0.70710678 0 0
-3 3 0.45 0 0 0 -1.0634723 -0.95712508 -0.70898154 2.442347 -2.2537949 -2.2537949 -3.6888795 0.70710678 0.70710678 0 0
-3 0 0.6 0 0 0 -0.28359262 -0.20914955 -0.10492927 2.442347 -2.2537949 -2.2537949 -3.6888795 0.70710678 0.70710678 0 0
-3 3 0.6 0 0 0 -1.0634723 -0.95712508 -0.70898154 2.442347 -2.2537949 -2.2537949 -3.6888795 0.70710678 0.70710678 0 0
-3 0 0.75 0 0 0 -0.85077785 -0.80469405 -0.74017673 2.442347 -2.2537949 -2.2537949 -3.6888795 0.70710678 0.70710678 0 0
-3 3 0.75 0 0 0 -1.0634723 -0.95712508 -0.70898154 2.442347 -2.2537949 -2.2537949 -3.6888795 0.70710678 0.70710678 0 0
-3 0 0.9 0 0 0 -0.85077785 -0.80469405 -0.74017673 2.442347 -2.2537949 -2.2537949 -3.6888795 0.70710678 0.70710678 0 0
-3 3 0.9 0 0 0 -1.0634723 -0.95712508 -0.70898154 2.442347 -2.2537949 -2.2537949 -3.6888795 0.70710678 0.70710678 0 0
-3 0 1.05 0 0 0 -0.85077785 -0.80469405 -0.74017673 2.442347 -2.2537949 -2.2537949 -3.6888795 0.70710678 0.70710678 0 0
-3 3 1.05 0 0 0 -1.0634723 -0.95712508 -0.70898154 2.442347 -2.2537949 -2.2537949 -3.6888795 0.70710678 0.70710678 0 0
-3 0 1.2 0 0 0 -0.85077785 -0.80469405 -0.74017673 2.442347 -2.2537949 -2.2537949 -3.6888795 0.70710678 0.70710678 0 0
-3 3 1.2 0 0 0 -1.0634723 -0.95712508 -0.70898154 2.442347 -2.2537949 -2.2537949 -3.6888795 0.70710678 0.70710678 0 0
-3 0 1.35 0 0 0 -0.85077785 -0.80469405 -0.74017673 2.442347 -2.2537949 -2.2537949 -3.6888795 0.70710678 0.70710678 0 0
-3 3 1.35 0 0 0 -1.0634723 -0.95712508 -0.70898154 2.442347 -2.2537949 -2.2537949 -3.6888795 0.70710678 0.70710678 0 0
-3 0 1.5 0 0 0 -0.28359262 -0.20914955 -0.10492927 2.442347 -2.2537949 -2.2537949 -3.6888795 0.70710678 0.70710678 0 0
-3 3 1.5 0 0 0 -1.0634723 -0.95712508 -0.70898154 2.442347 -2.2537949 -2.2537949 -3.6888795 0.70710678 0.70710678 0 0
-3 0 1.65 0 0 0 -0.28359262 -0.20914955 -0.10492927 2.442347 -2.2537949 -2.2537949 -3.6888795 0.70710678 0.70710678 0 0
-3 3 1.65 0 0 0 -1.0634723 -0.95712508 -0.70898154 2.442347 -2.2537949 -2.2537949 -3.6888795 0.70710678 0.70710678 0 0
-3 0 1.8 0 0 0 -0.28359262 -0.20914955 -0.10492927 2.442347 -2.2537949 -2.2537949 -3.6888795 0.70710678 0.70710678 0 0
-3 3 1.8 0 0 0 -1.0634723 -0.95712508 -0.70898154 2.442347 -2.2537949 -2.2537949 -3.6888795 0.70710678 0.70710678 0 0
-3 0 1.95 0 0 0 -0.28359262 -0.20914955 -0.10492927 2.442347 -2.2537949 -2.2537949 -3.6888795 0.70710678 0.70710678 0 0
-3 3 1.95 0 0 0 -1.0634723 -0.95712508 -0.70898154 2.442347 -2.2537949 -2.2537949 -3.6888795 0.70710678 0.70710678 0 0
-3 0 2.1 0 0 0 -0.28359262 -0.20914955 -0.10492927 2.442347 -2.2537949 -2.2537949 -3.6888795 0.70710678 0.70710678 0 0
-3 3 2.1 0 0 0 -1.0634723 -0.95712508 -0.70898154 2.442347 -2.2537949 -2.2537949 -3.6888795 0.70710678 0.70710678 0 0
-3 0 2.25 0 0 0 -0.85077785 -0.80469405 -0.74017673 2.442347 -2.2537949 -2.2537949 -3.6888795 0.70710678 0.70710678 0 0
-3 3 2.25 0 0 0 -1.0634723 -0.95712508 -0.70898154 2.442347 -2.2537949 -2.2537949 -3.6888795 0.70710678 0.70710678 0 0
-3 0 2.4 0 0 0 -0.85077785 -0.80469405 -0.74017673 2.442347 -2.2537949 -2.2537949 -3.6888795 0.70710678 0.70710678 0 0
-3 3 2.4 0 0 0 -1.0634723 -0.95712508 -0.70898154 2.442347 -2.2537949 -2.2537949 -3.6888795 0.70710678 0.70710678 0 0
-3 0 2.55 0 0 0 -0.85077785 -0.80469405 -0.74017673 2.442347 -2.2537949 -2.2537949 -3.6888795 0.70710678 0.70710678 0 0
-3 3 2.55 0 0 0 -1.0634723 -0.95712508 -0.70898154 2.442347 -2.2537949 -2.2537949 -3.6888795 0.70710678 0.70710678 0 0
-3 0 2.7 0 0 0 -0.85077785 -0.80469405 -0.74017673 2.442347 -2.2537949 -2.2537949 -3.6888795 0.70710678 0.70710678 0 0
-3 3 2.7 0 0 0 -1.0634723 -0.95712508 -0.70898154 2.442347 -2.2537949 -2.2537949 -3.6888795 0.70710678 0.70710678 0 0
-3 0 2.85 0 0 0 -0.85077785 -0.80469405 -0.74017673 2.442347 -2.2537949 -2.2537949 -3.6888795 0.70710678 0.70710678 0 0
-3 3 2.85 0 0 0 -1.0634723 -0.95712508 -0.70898154 2.442347 -2.2537949 -2.2537949 -3.6888795 0.70710678 0.70710678 0 0
-3 0 3 0 0 0 -0.28359262 -0.20914955 -0.10492927 2.442347 -2.2537949 -2.2537949 -3.6888795 0.70710678 0.70710678 0 0
-3 3 3 0 0 0 -1.0634723 -0.95712508 -0.70898154 2.442347 -2.2537949 -2.2537949 -3.6888795 0.70710678 0.70710678 0 0
-3 0 -3 0 0 0 -1.1343705 -0.77987969 -0.56718523 2.442347 -2.2537949 -2.2537949 -3.6888795 1 0 0 0
-3 0 3 0 0 0 -0.56718523 -0.95712508 -1.1343705 2.442347 -2.2537949 -2.2537949 -3.6888795 1 0 0 0
-3 0 -3 0 0 0 -0.88622693 -0.99257416 -0.63808339 2.442347 -2.2537949 -2.2537949 -3.6888795 0.70710678 0 0.70710678 0
3 0 -3 0 0 0 -1.0280232 -0.70898154 -0.921676 2.442347 -2.2537949 -2.2537949 -3.6888795 0.70710678 0 0.70710678 0
-3 0.15 -3 0 0 0 -1.1343705 -0.77987969 -0.56718523 2.442347 -2.2537949 -2.2537949 -3.6888795 1 0 0 0
-3 0.15 3 0 0 0 -0.56718523 -0.95712508 -1.1343705 2.442347 -2.2537949 -2.2537949 -3.6888795 1 0 0 0
-3 0.15 -3 0 0 0 -0.88622693 -0.99257416 -0.63808339 2.442347 -2.2537949 -2.2537949 -3.6888795 0.70710678 0 0.70710678 0
3 0.15 -3 0 0 0 -1.0280232 -0.70898154 -0.921676 2.442347 -2.2537949 -2.2537949 -3.6888795 0.70710678 0 0.70710678 0
-3 0.3 -3 0 0 0 -1.1343705 -0.77987969 -0.56718523 2.442347 -2.2537949 -2.2537949 -3.6888795 1 0 0 0
-3 0.3 3 0 0 0 -0.56718523 -0.95712508 -1.1343705 2.442347 -2.2537949 -2.2537949 -3.6888795 1 0 0 0
-3 0.3 -3 0 0 0 -0.88622693 -0.99257416 -0.63808339 2.442347 -2.2537949 -2.2537949 -3.6888795 0.70710678 0 0.70710678 0
3 0.3 -3 0 0 0 -1.0280232 -0.70898154 -0.921676 2.442347 -2.2537949 -2.2537949 -3.6888795 0.70710678 0 0.70710678 0
-3 0.45 -3 0 0 0 -1.1343705 -0.77987969 -0.56718523 2.442347 -2.2537949 -2.2537949 -3.6888795 1 0 0 0
-3 0.45 3 0 0 0 -0.56718523 -0.95712508 -1.1343705 2.442347 -2.2537949 -2.2537949 -3.6888795 1 0 0 0
-3 0.45 -3 0 0 0 -0.88622693 -0.99257416 -0.63808339 2.442347 -2.2537949 -2.2537949 -3.6888795 0.70710678 0 0.70710678 0
3 0.45 -3 0 0 0 -1.0280232 -0.70898154 -0.921676 2.442347 -2.2537949 -2.2537949 -3.6888795 0.70710678 0 0.70710678 0
-3 0.6 -3 0 0 0 -1.1343705 -0.77987969 -0.56718523 2.442347 -2.2537949 -2.2537949 -3.6888795 1 0 0 0
-3 0.6 3 0 0 0 -0.56718523 -0.95712508 -1.1343705 2.442347 -2.2537949 -2.2537949 -3.6888795 1 0 0 0
-3 0.6 -3 0 0 0 -0.88622693 -0.99257416 -0.63808339 2.442347 -2.2537949 -2.2537949 -3.6888795 0.70710678 0 0.70710678 0
3 0.6 -3 0 0 0 -1.0280232 -0.70898154 -0.921676 2.442347 -2.2537949 -2.2537949 -3.6888795 0.70710678 0 0.70710678 0
-3 0.75 -3 0 0 0 -1.1343705 -0.77987969 -0.56718523 2.442347 -2.2537949 -2.2537949 -3.6888795 1 0 0 0
-3 0.75 3 0 0 0 -0.56718523 -0.95712508 -1.1343705 2.442347 -2.2537949 -2.2537949 -3.6888795 1 0 0 0
-3 0.75 -3 0 0 0 -0.88622693 -0.99257416 -0.63808339 2.442347 -2.2537949 -2.2537949 -3.6888795 0.70710678 0 0.70710678 0
3 0.75 -3 0 0 0 -1.0280232 -0.70898154 -0.921676 2.442347 -2.2537949 -2.2537949 -3.6888795 0.70710678 0 0.70710678 0
-3 0.9 -3 0 0 0 -1.1343705 -0.77987969 -0.56718523 2.442347 -2.2537949 -2.2537949 -3.6888795 1 0 0 0
-3 0.9 3 0 0 0 -0.56718523 -0.95712508 -1.1343705 2.442347 -2.2537949 -2.2537949 -3.6888795 1 0 0 0
-3 0.9 -3 0 0 0 -0.88622693 -0.99257416 -0.63808339 2.442347 -2.2537949 -2.2537949 -3.6888795 0.70710678 0 0.70710678 0
3 0.9 -3 0 0 0 -1.0280232 -0.70898154 -0.921676 2.442347 -2.2537949 -2.2537949 -3.6888795 0.70710678 0 0.70710678 0
-3 1.05 -3 0 0 0 -1.1343705 -0.77987969 -0.56718523 2.442347 -2.2537949 -2.2537949 -3.6888795 1 0 0 0
-3 1.05 3 0 0 0 -0.56718523 -0.95712508 -1.1343705 2.442347 -2.2537949 -2.2537949 -3.6888795 1 0 0 0
-3 1.05 -3 0 0 0 -0.88622693 -0.99257416 -0.63808339 2.442347 -2.2537949 -2.2537949 -3.6888795 0.70710678 0 0.70710678 0
3 1.05 -3 0 0 0 -1.0280232 -0.70898154 -0.921676 2.442347 -2.2537949 -2.2537949 -3.6888795 0.70710678 0 0.70710678 0
-3 1.2 -3 0 0 0 -1.1343705 -0.77987969 -0.56718523 2.442347 -2.2537949 -2.2537949 -3.6888795 1 0 0 0
-3 1.2 3 0 0 0 -0.56718523 -0.95712508 -1.1343705 2.442347 -2.2537949 -2.2537949 -3.6888795 1 0 0 0
-3 1.2 -3 0 0 0 -0.88622693 -0.99257416 -0.63808339 2.442347 -2.2537949 -2.2537949 -3.6888795 0.70710678 0 0.70710678 0
3 1.2 -3 0 0 0 -1.0280232 -0.70898154 -0.921676 2.442347 -2.2537949 -2.2537949 -3.6888795 0.70710678 0 0.70710678 0
-3 1.35 -3 0 0 0 -1.1343705 -0.77987969 -0.56718523 2.442347 -2.2537949 -2.2537949 -3.6888795 1 0 0 0
-3 1.35 3 0 0 0 -0.56718523 -0.95712508 -1.1343705 2.442347 -2.2537949 -2.2537949 -3.6888795 1 0 0 0
-3 1.35 -3 0 0 0 -0.88622693 -0.99257416 -0.63808339 2.442347 -2.2537949 -2.2537949 -3.6888795 0.70710678 0 0.70710678 0
3 1.35 -3 0 0 0 -1.0280232 -0.70898154 -0.921676 2.442347 -2.2537949 -2.2537949 -3.6888795 0.70710678 0 0.70710678 0
-3 1.5 -3 0 0 0 -1.1343705 -0.77987969 -0.56718523 2.442347 -2.2537949 -2.2537949 -3.6888795 1 0 0 0
-3 1.5 3 0 0 0 -0.56718523 -0.95712508 -1.1343705 2.442347 -2.2537949 -2.2537949 -3.6888795 1 0 0 0
-3 1.5 -3 0 0 0 -0.88622693 -0.99257416 -0.63808339 2.442347 -2.2537949 -2.2537949 -3.6888795 0.70710678 0 0.70710678 0
3 1.5 -3 0 0 0 -1.0280232 -0.70898154 -0.921676 2.442347 -2.2537949 -2.2537949 -3.6888795 0.70710678 0 0.70710678 0
-3 1.65 -3 0 0 0 -1.1343705 -0.77987969 -0.56718523 2.442347 -2.2537949 -2.2537949 -3.6888795 1 0 0 0
-3 1.65 3 0 0 0 -0.56718523 -0.95712508 -1.1343705 2.442347 -2.2537949 -2.2537949 -3.6888795 1 0 0 0
-3 1.65 -3 0 0 0 -0.88622693 -0.99257416 -0.63808339 2.442347 -2.2537949 -2.2537949 -3.6888795 0.70710678 0 0.70710678 0
3 1.65 -3 0 0 0 -1.0280232 -0.70898154 -0.921676 2.442347 -2.2537949 -2.2537949 -3.6888795 0.70710678 0 0.70710678 0
-3 1.8 -3 0 0 0 -1.1343705 -0.77987969 -0.56718523 2.442347 -2.2537949 -2.2537949 -3.6888795 1 0 0 0
-3 1.8 3 0 0 0 -0.56718523 -0.95712508 -1.1343705 2.442347 -2.2537949 -2.2537949 -3.6888795 1 0 0 0
-3 1.8 -3 0 0 0 -0.88622693 -0.99257416 -0.63808339 2.442347 -2.2537949 -2.2537949 -3.6888795 0.70710678 0 0.70710678 0
3 1.8 -3 0 0 0 -1.0280232 -0.70898154 -0.921676 2.442347 -2.2537949 -2.2537949 -3.6888795 0.70710678 0 0.70710678 0
-3 1.95 -3 0 0 0 -1.1343705 -0.77987969 -0.56718523 2.442347 -2.2537949 -2.2537949 -3.6888795 1 0 0 0
-3 1.95 3 0 0 0 -0.56718523 -0.95712508 -1.1343705 2.442347 -2.2537949 -2.2537949 -3.6888795 1 0 0 0
-3 1.95 -3 0 0 0 -0.88622693 -0.99257416 -0.63808339 2.442347 -2.2537949 -2.2537949 -3.6888795 0.70710678 0 0.70710678 0
3 1.95 -3 0 0 0 -1.0280232 -0.70898154 -0.921676 2.442347 -2.2537949 -2.2537949 -3.6888795 0.70710678 0 0.70710678 0
-3 2.1 -3 0 0 0 -1.1343705 -0.77987969 -0.56718523 2.442347 -2.2537949 -2.2537949 -3.6888795 1 0 0 0
-3 2.1 3 0 0 0 -0.56718523 -0.95712508 -1.1343705 2.442347 -2.2537949 -2.2537949 -3.6888795 1 0 0 0
-3 2.1 -3 0 0 0 -0.88622693 -0.99257416 -0.63808339 2.442347 -2.2537949 -2.2537949 -3.6888795 0.70710678 0 0.70710678 0
3 2.1 -3 0 0 0 -1.0280232 -0.70898154 -0.921676 2.442347 -2.2537949 -2.2537949 -3.6888795 0.70710678 0 0.70710678 0
-3 2.25 -3 0 0 0 -1.1343705 -0.77987969 -0.56718523 2.442347 -2.2537949 -2.2537949 -3.6888795 1 0 0 0
-3 2.25 3 0 0 0 -0.56718523 -0.95712508 -1.1343705 2.442347 -2.2537949 -2.2537949 -3.6888795 1 0 0 0
-3 2.25 -3 0 0 0 -0.88622693 -0.99257416 -0.63808339 2.442347 -2.2537949 -2.2537949 -3.6888795 0.70710678 0 0.70710678 0
3 2.25 -3 0 0 0 -1.0280232 -0.70898154 -0.921676 2.442347 -2.2537949 -2.2537949 -3.6888795 0.70710678 0 0.70710678 0
-3 2.4 -3 0 0 0 -1.1343705 -0.77987969 -0.56718523 2.442347 -2.2537949 -2.2537949 -3.6888795 1 0 0 0
-3 2.4 3 0 0 0 -0.56718523 -0.95712508 -1.1343705 2.442347 -2.2537949 -2.2537949 -3.6888795 1 0 0 0
-3 2.4 -3 0 0 0 -0.88622693 -0.99257416 -0.63808339 2.442347 -2.2537949 -2.2537949 -3.6888795 0.70710678 0 0.70710678 0
3 2.4 -3 0 0 0 -1.0280232 -0.70898154 -0.921676 2.442347 -2.2537949 -2.2537949 -3.6888795 0.70710678 0 0.70710678 0
-3 2.55 -3 0 0 0 -1.1343705 -0.77987969 -0.56718523 2.442347 -2.2537949 -2.2537949 -3.6888795 1 0 0 0
-3 2.55 3 0 0 0 -0.56718523 -0.95712508 -1.1343705 2.442347 -2.2537949 -2.2537949 -3.6888795 1 0 0 0
-3 2.55 -3 0 0 0 -0.88622693 -0.99257416 -0.63808339 2.442347 -2.2537949 -2.2537949 -3.6888795 0.70710678 0 0.70710678 0
3 2.55 -3 0 0 0 -1.0280232 -0.70898154 -0.921676 2.442347 -2.2537949 -2.2537949 -3.6888795 0.70710678 0 0.70710678 0
-3 2.7 -3 0 0 0 -1.1343705 -0.77987969 -0.56718523 2.442347 -2.2537949 -2.2537949 -3.6888795 1 0 0 0
-3 2.7 3 0 0 0 -0.56718523 -0.95712508 -1.1343705 2.442347 -2.2537949 -2.2537949 -3.6888795 1 0 0 0
-3 2.7 -3 0 0 0 -0.88622693 -0.99257416 -0.63808339 2.442347 -2.2537949 -2.2537949 -3.6888795 0.70710678 0 0.70710678 0
3 2.7 -3 0 0 0 -1.0280232 -0.70898154 -0.921676 2.442347 -2.2537949 -2.2537949 -3.6888795 0.70710678 0 0.70710678 0
-3 2.85 -3 0 0 0 -1.1343705 -0.77987969 -0.56718523 2.442347 -2.2537949 -2.2537949 -3.6888795 1 0 0 0
-3 2.85 3 0 0 0 -0.56718523 -0.95712508 -1.1343705 2.442347 -2.2537949 -2.2537949 -3.6888795 1 0 0 0
-3 2.85 -3 0 0 0 -0.88622693 -0.99257416 -0.63808339 2.442347 -2.2537949 -2.2537949 -3.6888795 0.70710678 0 0.70710678 0
3 2.85 -3 0 0 0 -1.0280232 -0.70898154 -0.921676 2.442347 -2.2537949 -2.2537949 -3.6888795 0.70710678 0 0.70710678 0
-3 3 -3 0 0 0 -1.1343705 -0.77987969 -0.56718523 2.442347 -2.2537949 -2.2537949 -3.6888795 1 0 0 0
-3 3 3 0 0 0 -0.56718523 -0.95712508 -1.1343705 2.442347 -2.2537949 -2.2537949 -3.6888795 1 0 0 0
-3 3 -3 0 0 0 -0.88622693 -0.99257416 -0.63808339 2.442347 -2.2537949 -2.2537949 -3.6888795 0.70710678 0 0.70710678 0
3 3 -3 0 0 0 -1.0280232 -0.70898154 -0.921676 2.442347 -2.2537949 -2.2537949 -3.6888795 0.70710678 0 0.70710678 0
-2.85 0 -3 0 0 0 -0.28359262 -0.20914955 -0.10492927 2.442347 -2.2537949 -2.2537949 -3.6888795 0.70710678 0.70710678 0 0
-2.85 3 -3 0 0 0 -1.0634723 -0.95712508 -0.70898154 2.442347 -2.2537949 -2.2537949 -3.6888795 0.70710678 0.70710678 0 0
-2.85 0 -2.85 0 0 0 -0.28359262 -0.20914955 -0.10492927 2.442347 -2.2537949 -2.2537949 -3.6888795 0.70710678 0.70710678 0 0
-2.85 3 -2.85 0 0 0 -1.0634723 -0.95712508 -0.70898154 2.442347 -2.2537949 -2.2537949 -3.6888795 0.70710678 0.70710678 0 0
-2.85 0 -2.7 0 0 0 -0.28359262 -0.20914955 -0.10492927 2.442347 -2.2537949 -2.2537949 -3.6888795 0.70710678 0.70710678 0 0
-2.85 3 -2.7 0 0 0 -1.0634723 -0.95712508 -0.70898154 2.442347 -2.2537949 -2.2537949 -3.6888795 0.70710678 0.70710678 0 0
-2.85 0 -2.55 0 0 0 -0.28359262 -0.20914955 -0.10492927 2.442347 -2.2537949 -2.2537949 -3.6888795 0.70710678 0.70710678 0 0
-2.85 3 -2.55 0 0 0 -1.0634723 -0.95712508 -0.70898154 2.442347 -2.2537949 -2.2537949 -3.6888795 0.70710678 0.70710678 0 0
-2.85 0 -2.4 0 0 0 -0.28359262 -0.20914955 -0.10492927 2.442347 -2.2537949 -2.2537949 -3.6888795 0.70710678 0.70710678 0 0
-2.85 3 -2.4 0 0 0 -1.0634723 -0.95712508 -0.70898154 2.442347 -2.2537949 -2.2537949 -3.6888795 0.70710678 0.70710678 0 0
-2.85 0 -2.25 0 0 0 -0.85077785 -0.80469405 -0.74017673 2.442347 -2.2537949 -2.2537949 -3.6888795 0.70710678 0.70710678 0 0
-2.85 3 -2.25 0 0 0 -1.0634723 -0.95712508 -0.70898154 2.442347 -2.2537949 -2.2537949 -3.6888795 0.70710678 0.70710678 0 0
-2.85 0 -2.1 0 0 0 -0.85077785 -0.80469405 -0.74017673 2.442347 -2.2537949 -2.2537949 -3.6888795 0.70710678 0.70710678 0 0
-2.85 3 -2.1 0 0 0 -1.0634723 -0.95712508 -0.70898154 2.442347 -2.2537949 -2.2537949 -3.6888795 0.70710678 0.70710678 0 0
-2.85 0 -1.95 0 0 0 -0.85077785 -0.80469405 -0.74017673 2.442347 -2.2537949 -2.2537949 -3.6888795 0.70710678 0.70710678 0 0
-2.85 3 -1.95 0 0 0 -1.0634723 -0.95712508 -0.70898154 2.442347 -2.2537949 -2.2537949 -3.6888795 0.70710678 0.70710678 0 0
-2.85 0 -1.8 0 0 0 -0.85077785 -0.80469405 -0.74017673 2.442347 -2.2537949 -2.2537949 -3.6888795 0.70710678 0.70710678 0 0
-2.85 3 -1.8 0 0 0 -1.0634723 -0.95712508 -0.70898154 2.442347 -2.2537949 -2.2537949 -3.6888795 0.70710678 0.70710678 0 0
-2.85 0 -1.65 0 0 0 -0.85077785 -0.80469405 -0.74017673 2.442347 -2.2537949 -2.2537949 -3.6888795 0.70710678 0.70710678 0 0
-2.85 3 -1.65 0 0 0 -1.0634723 -0.95712508 -0.70898154 2.442347 -2.2537949 -2.2537949 -3.6888795 0.70710678 0.70710678 0 0
-2.85 0 -1.5 0 0 0 -0.28359262 -0.20914955 -0.10492927 2.442347 -2.2537949 -2.2537949 -3.6888795 0.70710678 0.70710678 0 0
-2.85 3 -1.5 0 0 0 -1.0634723 -0.95712508 -0.70898154 2.442347 -2.2537949 -2.2537949 -3.6888795 0.70710678 0.70710678 0 0
-2.85 0 -1.35 0 0 0 -0.28359262 -0.20914955 -0.10492927 2.442347 -2.2537949 -2.2537949 -3.6888795 0.70710678 0.70710678 0 0
-2.85 3 -1.35 0 0 0 -1.0634723 -0.95712508 -0.70898154 2.442347 -2.2537949 -2.2537949 -3.6888795 0.70710678 0.70710678 0 0
-2.85 0 -1.2 0 0 0 -0.28359262 -0.20914955 -0.10492927 2.442347 -2.2537949 -2.2537949 -3.6888795 0.70710678 0.70710678 0 0
-2.85 3 -1.2 0 0 0 -1.0634723 -0.95712508 -0.70898154 2.442347 -2.2537949 -2.2537949 -3.6888795 0.70710678 0.70710678 0 0
-2.85 0 -1.05 0 0 0 -0.28359262 -0.20914955 -0.10492927 2.442347 -2.2537949 -2.2537949 -3.6888795 0.70710678 0.70710678 0 0
-2.85 3 -1.05 0 0 0 -1.0634723 -0.95712508 -0.70898154 2.442347 -2.2537949 -2.2537949 -3.6888795 0.70710678 0.70710678 0 0
-2.85 0 -0.9 0 0 0 -0.28359262 -0.20914955 -0.10492927 2.442347 -2.2537949 -2.2537949 -3.6888795 0.70710678 0.70710678 0 0
-2.85 3 -0.9 0 0 0 -1.0634723 -0.95712508 -0.70898154 2.442347 -2.2537949 -2.2537949 -3.6888795 0.70710678 0.70710678 0 0
-2.85 0 -0.75 0 0 0 -0.85077785 -0.80469405 -0.74017673 2.442347 -2.2537949 -2.2537949 -3.6888795 0.70710678 0.70710678 0 0
-2.85 3 -0.75 0 0 0 -1.0634723 -0.95712508 -0.70898154 2.442347 -2.2537949 -2.2537949 -3.6888795 0.70710678 0.70710678 0 0
-2.85 0 -0.6 0 0 0 -0.85077785 -0.80469405 -0.74017673 2.442347 -2.2537949 -2.2537949 -3.6888795 0.70710678 0.70710678 0 0
-2.85 3 -0.6 0 0 0 -1.0634723 -0.95712508 -0.70898154 2.442347 -2.2537949 -2.2537949 -3.6888795 0.70710678 0.70710678 0 0
-2.85 0 -0.45 0 0 0 -0.85077785 -0.80469405 -0.74017673 2.442347 -2.2537949 -2.2537949 -3.6888795 0.70710678 0.70710678 0 0
-2.85 3 -0.45 0 0 0 -1.0634723 -0.95712508 -0.70898154 2.442347 -2.2537949 -2.2537949 -3.6888795 0.70710678 0.70710678 0 0
-2.85 0 -0.3 0 0 0 -0.85077785 -0.80469405 -0.74017673 2.442347 -2.2537949 -2.2537949 -3.6888795 0.70710678 0.70710678 0 0
-2.85 3 -0.3 0 0 0 -1.0634723 -0.95712508 -0.70898154 2.442347 -2.2537949 -2.2537949 -3.6888795 0.70710678 0.70710678 0 0
-2.85 0 -0.15 0 0 0 -0.85077785 -0.80469405 -0.74017673 2.442347 -2.2537949 -2.2537949 -3.6888795 0.70710678 0.70710678 0 0
-2.85 3 -0.15 0 0 0 -1.0634723 -0.95712508 -0.70898154 2.442347 -2.2537949 -2.2537949 -3.6888795 0.70710678 0.70710678 0 0
-2.85 0 0 0 0 0 -0.28359262 -0.20914955 -0.10492927 2.442347 -2.2537949 -2.2537949 -3.6888795 0.70710678 0.70710678 0 0
-2.85 3 0 0 0 0 -1.0634723 -0.95712508 -0.70898154 2.442347 -2.2537949 -2.2537949 -3.6888795 0.70710678 0.70710678 0 0
-2.85 0 0.15 0 0 0 -0.28359262 -0.20914955 -0.10492927 2.442347 -2.2537949 -2.2537949 -3.6888795 0.70710678 0.70710678 0 0
-2.85 3 0.15 0 0 0 -1.0634723 -0.95712508 -0.70898154 2.442347 -2.2537949 -2.2537949 -3.6888795 0.70710678 0.70710678 0 0
-2.85 0 0.3 0 0 0 -0.28359262 -0.20914955 -0.10492927 2.442347 -2.2537949 -2.2537949 -3.6888795 0.70710678 0.70710678 0 0
-2.85 3 0.3 0 0 0 -1.0634723 -0.95712508 -0.70898154 2.442347 -2.2537949 -2.2537949 -3.6888795 0.70710678 0.70710678 0 0
-2.85 0 0.45 0 0 0 -0.28359262 -0.20914955 -0.10492927 2.442347 -2.2537949 -2.2537949 -3.6888795 0.70710678 0.70710678 0 0
-2.85 3 0.45 0 0 0 -1.0634723 -0.95712508 -0.70898154 2.442347 -2.2537949 -2.2537949 -3.6888795 0.70710678 0.70710678 0 0
-2.85 0 0.6 0 0 0 -0.28359262 -0.20914955 -0.10492927 2.442347 -2.2537949 -2.2537949 -3.6888795 0.70710678 0.70710678 0 0
-2.85 3 0.6 0 0 0 -1.0634723 -0.95712508 -0.70898154 2.442347 -2.2537949 -2.2537949 -3.6888795 0.70710678 0.70710678 0 0
-2.85 0 0.75 0 0 0 -0.85077785 -0.80469405 -0.74017673 2.442347 -2.2537949 -2.2537949 -3.6888795 0.70710678 0.70710678 0 0
-2.85 3 0.75 0 0 0 -1.0634723 -0.95712508 -0.70898154 2.442347 -2.2537949 -2.2537949 -3.6888795 0.70710678 0.70710678 0 0
-2.85 0 0.9 0 0 0 -0.85077785 -0.80469405 -0.74017673 2.442347 -2.2537949 -2.2537949 -3.6888795 0.70710678 0.70710678 0 0
-2.85 3 0.9 0 0 0 -1.0634723 -0.95712508 -0.70898154 2.442347 -2.2537949 -2.2537949 -3.6888795 0.70710678 0.70710678 0 0
-2.85 0 1.05 0 0 0 -0.85077785 -0.80469405 -0.74017673 2.442347 -2.2537949 -2.2537949 -3.6888795 0.70710678 0.70710678 0 0
-2.85 3 1.05 0 0 0 -1.0634723 -0.95712508 -0.70898154 2.442347 -2.2537949 -2.2537949 -3.6888795 0.70710678 0.70710678 0 0
-2.85 0 1.2 0 0 0 -0.85077785 -0.80469405 -0.74017673 2.442347 -2.2537949 -2.2537949 -3.6888795 0.70710678 0.70710678 0 0
-2.85 3 1.2 0 0 0 -1.0634723 -0.95712508 -0.70898154 2.442347 -2.2537949 -2.2537949 -3.6888795 0.70710678 0.70710678 0 0
-2.85 0 1.35 0 0 0 -0.85077785 -0.80469405 -0.74017673 2.442347 -2.2537949 -2.2537949 -3.6888795 0.70710678 0.70710678 0 0
-2.85 3 1.35 0 0 0 -1.0634723 -0.95712508 -0.70898154 2.442347 -2.2537949 -2.2537949 -3.6888795 0.70710678 0.70710678 0 0
-2.85 0 1.5 0 0 0 -0.28359262 -0.20914955 -0.10492927 2.442347 -2.2537949 -2.2537949 -3.6888795 0.70710678 0.70710678 0 0
-2.85 3 1.5 0 0 0 -1.0634723 -0.95712508 -0.70898154 2.442347 -2.2537949 -2.2537949 -3.6888795 0.70710678 0.70710678 0 0
-2.85 0 1.65 0 0 0 -0.28359262 -0.20914955 -0.10492927 2.442347 -2.2537949 -2.2537949 -3.6888795 0.70710678 0.70710678 0 0
-2.85 3 1.65 0 0 0 -1.0634723 -0.95712508 -0.70898154 2.442347 -2.2537949 -2.2537949 -3.6888795 0.70710678 0.70710678 0 0
-2.85 0 1.8 0 0 0 -0.28359262 -0.20914955 -0.10492927 2.442347 -2.2537949 -2.2537949 -3.6888795 0.70710678 0.70710678 0 0
-2.85 3 1.8 0 0 0 -1.0634723 -0.95712508 -0.70898154 2.442347 -2.2537949 -2.2537949 -3.6888795 0.70710678 0.70710678 0 0
-2.85 0 1.95 0 0 0 -0.28359262 -0.20914955 -0.10492927 2.442347 -2.2537949 -2.2537949 -3.6888795 0.70710678 0.70710678 0 0
-2.85 3 1.95 0 0 0 -1.0634723 -0.95712508 -0.70898154 2.442347 -2.2537949 -2.2537949 -3.6888795 0.70710678 0.70710678 0 0
-2.85 0 2.1 0 0 0 -0.28359262 -0.20914955 -0.10492927 2.442347 -2.2537949 -2.2537949 -3.6888795 0.70710678 0.70710678 0 0
-2.85 3 2.1 0 0 0 -1.0634723 -0.95712508 -0.70898154 2.442347 -2.2537949 -2.2537949 -3.6888795 0.70710678 0.70710678 0 0
-2.85 0 2.25 0 0 0 -0.85077785 -0.80469405 -0.74017673 2.442347 -2.2537949 -2.2537949 -3.6888795 0.70710678 0.70710678 0 0
-2.85 3 2.25 0 0 0 -1.0634723 -0.95712508 -0.70898154 2.442347 -2.2537949 -2.2537949 -3.6888795 0.70710678 0.70710678 0 0
-2.85 0 2.4 0 0 0 -0.85077785 -0.80469405 -0.74017673 2.442347 -2.2537949 -2.2537949 -3.6888795 0.70710678 0.70710678 0 0
-2.85 3 2.4 0 0 0 -1.0634723 -0.95712508 -0.70898154 2.442347 -2.2537949 -2.2537949 -3.6888795 0.70710678 0.70710678 0 0
-2.85 0 2.55 0 0 0 -0.85077785 -0.80469405 -0.74017673 2.442347 -2.2537949 -2.2537949 -3.6888795 0.70710678 0.70710678 0 0
-2.85 3 2.55 0 0 0 -1.0634723 -0.95712508 -0.70898154 2.442347 -2.2537949 -2.2537949 -3.6888795 0.70710678 0.70710678 0 0
-2.85 0 2.7 0 0 0 -0.85077785 -0.80469405 -0.74017673 2.442347 -2.2537949 -2.2537949 -3.6888795 0.70710678 0.70710678 0 0
-2.85 3 2.7 0 0 0 -1.0634723 -0.95712508 -0.70898154 2.442347 -2.2537949 -2.2537949 -3.6888795 0.70710678 0.70710678 0 0
-2.85 0 2.85 0 0 0 -0.85077785 -0.80469405 -0.74017673 2.442347 -2.2537949 -2.2537949 -3.6888795 0.70710678 0.70710678 0 0
-2.85 3 2.85 0 0 0 -1.0634723 -0.95712508 -0.70898154 2.442347 -2.2537949 -2.2537949 -3.6888795 0.70710678 0.70710678 0 0
-2.85 0 3 0 0 0 -0.28359262 -0.20914955 -0.10492927 2.442347 -2.2537949 -2.2537949 -3.6888795 0.70710678 0.70710678 0 0
-2.85 3 3 0 0 0 -1.0634723 -0.95712508 -0.70898154 2.442347 -2.2537949 -2.2537949 -3.6888795 0.70710678 0.70710678 0 0
-2.85 0 -3 0 0 0 -1.1343705 -0.77987969 -0.56718523 2.442347 -2.2537949 -2.2537949 -3.6888795 1 0 0 0
-2.85 0 3 0 0 0 -0.56718523 -0.95712508 -1.1343705 2.442347 -2.2537949 -2.2537949 -3.6888795 1 0 0 0
-3 0 -2.85 0 0 0 -0.88622693 -0.99257416 -0.63808339 2.442347 -2.2537949 -2.2537949 -3.6888795 0.70710678 0 0.70710678 0
3 0 -2.85 0 0 0 -1.0280232 -0.70898154 -0.921676 2.442347 -2.2537949 -2.2537949 -3.6888795 0.70710678 0 0.70710678 0
-2.85 0.15 -3 0 0 0 -1.1343705 -0.77987969 -0.56718523 2.442347 -2.2537949 -2.2537949 -3.6888795 1 0 0 0
-2.85 0.15 3 0 0 0 -0.56718523 -0.95712508 -1.1343705 2.442347 -2.2537949 -2.2537949 -3.6888795 1 0 0 0
-3 0.15 -2.85 0 0 0 -0.88622693 -0.99257416 -0.63808339 2.442347 -2.2537949 -2.2537949 -3.6888795 0.70710678 0 0.70710678 0
3 0.15 -2.85 0 0 0 -1.0280232 -0.70898154 -0.921676 2.442347 -2.2537949 -2.2537949 -3.6888795 0.70710678 0 0.70710678 0
-2.85 0.3 -3 0 0 0 -1.1343705 -0.77987969 -0.56718523 2.442347 -2.2537949 -2.2537949 -3.6888795 1 0 0 0
-2.85 0.3 3 0 0 0 -0.56718523 -0.95712508 -1.1343705 2.442347 -2.2537949 -2.2537949 -3.6888795 1 0 0 0
-3 0.3 -2.85 0 0 0 -0.88622693 -0.99257416 -0.63808339 2.442347 -2.2537949 -2.2537949 -3.6888795 0.70710678 0 0.70710678 0
3 0.3 -2.85 0 0 0 -1.0280232 -0.70898154 -0.921676 2.442347 -2.2537949 -2.2537949 -3.6888795 0.70710678 0 0.70710678 0
-2.85 0.45 -3 0 0 0 -1.1343705 -0.77987969 -0.56718523 2.442347 -2.2537949 -2.2537949 -3.6888795 1 0 0 0
-2.85 0.45 3 0 0 0 -0.56718523 -0.95712508 -1.1343705 2.442347 -2.2537949 -2.2537949 -3.6888795 1 0 0 0
-3 0.45 -2.85 0 0 0 -0.88622693 -0.99257416 -0.63808339 2.442347 -2.2537949 -2.2537949 -3.6888795 0.70710678 0 0.70710678 0
3 0.45 -2.85 0 0 0 -1.0280232 -0.70898154 -0.921676 2.442347 -2.2537949 -2.2537949 -3.6888795 0.70710678 0 0.70710678 0
-2.85 0.6 -3 0 0 0 -1.1343705 -0.77987969 -0.56718523 2.442347 -2.2537949 -2.2537949 -3.6888795 1 0 0 0
-2.85 0.6 3 0 0 0 -0.56718523 -0.95712508 -1.1343705 2.442347 -2.2537949 -2.2537949 -3.6888795 1 0 0 0
-3 0.6 -2.85 0 0 0 -0.88622693 -0.99257416 -0.63808339 2.442347 -2.2537949 -2.2537949 -3.6888795 0.70710678 0 0.70710678 0
3 0.6 -2.85 0 0 0 -1.0280232 -0.70898154 -0.921676 2.442347 -2.2537949 -2.2537949 -3.6888795 0.70710678 0 0.70710678 0
-2.85 0.75 -3 0 0 0 -1.1343705 -0.77987969 -0.56718523 2.442347 -2.2537949 -2.2537949 -3.6888795 1 0 0 0
-2.85 0.75 3 0 0 0 -0.56718523 -0.95712508 -1.1343705 2.442347 -2.2537949 -2.2537949 -3.6888795 1 0 0 0
-3 0.75 -2.85 0 0 0 -0.88622693 -0.99257416 -0.63808339 2.442347 -2.2537949 -2.2537949 -3.6888795 0.70710678 0 0.70710678 0
3 0.75 -2.85 0 0 0 -1.0280232 -0.70898154 -0.921676 2.442347 -2.2537949 -2.2537949 -3.6888795 0.70710678 0 0.70710678 0
-2.85 0.9 -3 0 0 0 -1.1343705 -0.77987969 -0.56718523 2.442347 -2.2537949 -2.2537949 -3.6888795 1 0 0 0
-2.85 0.9 3 0 0 0 -0.56718523 -0.95712508 -1.1343705 2.442347 -2.2537949 -2.2537949 -3.6888795 1 0 0 0
-3 0.9 -2.85 0 0 0 -0.88622693 -0.99257416 -0.63808339 2.442347 -2.2537949 -2.2537949 -3.6888795 0.70710678 0 0.70710678 0
3 0.9 -2.85 0 0 0 -1.0280232 -0.70898154 -0.921676 2.442347 -2.2537949 -2.2537949 -3.6888795 0.70710678 0 0.70710678 0
-2.85 1.05 -3 0 0 0 -1.1343705 -0.77987969 -0.56718523 2.442347 -2.2537949 -2.2537949 -3.6888795 1 0 0 0
-2.85 1.05 3 0 0 0 -0.56718523 -0.95712508 -1.1343705 2.442347 -2.2537949 -2.2537949 -3.6888795 1 0 0 0
-3 1.05 -2.85 0 0 0 -0.88622693 -0.99257416 -0.63808339 2.442347 -2.2537949 -2.2537949 -3.6888795 0.70710678 0 0.70710678 0
3 1.05 -2.85 0 0 0 -1.0280232 -0.70898154 -0.921676 2.442347 -2.2537949 -2.2537949 -3.6888795 0.70710678 0 0.70710678 0
-2.85 1.2 -3 0 0 0 -1.1343705 -0.77987969 -0.56718523 2.442347 -2.2537949 -2.2537949 -3.6888795 1 0 0 0
-2.85 1.2 3 0 0 0 -0.56718523 -0.95712508 -1.1343705 2.442347 -2.2537949 -2.2537949 -3.6888795 1 0 0 0
-3 1.2 -2.85 0 0 0 -0.88622693 -0.99257416 -0.63808339 2.442347 -2.2537949 -2.2537949 -3.6888795 0.70710678 0 0.70710678 0
3 1.2 -2.85 0 0 0 -1.0280232 -0.70898154 -0.921676 2.442347 -2.2537949 -2.2537949 -3.6888795 0.70710678 0 0.70710678 0
-2.85 1.35 -3 0 0 0 -1.1343705 -0.77987969 -0.56718523 2.442347 -2.2537949 -2.2537949 -3.6888795 1 0 0 0
-2.85 1.35 3 0 0 0 -0.56718523 -0.95712508 -1.1343705 2.442347 -2.2537949 -2.2537949 -3.6888795 1 0 0 0
-3 1.35 -2.85 0 0 0 -0.88622693 -0.99257416 -0.63808339 2.442347 -2.2537949 -2.2537949 -3.6888795 0.70710678 0 0.70710678 0
3 1.35 -2.85 0 0 0 -1.0280232 -0.70898154 -0.921676 2.442347 -2.2537949 -2.2537949 -3.6888795 0.70710678 0 0.70710678 0
-2.85 1.5 -3 0 0 0 -1.1343705 -0.77987969 -0.56718523 2.442347 -2.2537949 -2.2537949 -3.6888795 1 0 0 0
-2.85 1.5 3 0 0 0 -0.56718523 -0.95712508 -1.1343705 2.442347 -2.2537949 -2.2537949 -3.6888795 1 0 0 0
-3 1.5 -2.85 0 0 0 -0.88622693 -0.99257416 -0.63808339 2.442347 -2.2537949 -2.2537949 -3.6888795 0.70710678 0 0.70710678 0
3 1.5 -2.85 0 0 0 -1.0280232 -0.70898154 -0.921676 2.442347 -2.2537949 -2.2537949 -3.6888795 0.70710678 0 0.70710678 0
-2.85 1.65 -3 0 0 0 -1.1343705 -0.77987969 -0.56718523 2.442347 -2.2537949 -2.2537949 -3.6888795 1 0 0 0
-2.85 1.65 3 0 0 0 -0.56718523 -0.95712508 -1.1343705 2.442347 -2.2537949 -2.2537949 -3.6888795 1 0 0 0
-3 1.65 -2.85 0 0 0 -0.88622693 -0.99257416 -0.63808339 2.442347 -2.2537949 -2.2537949 -3.6888795 0.70710678 0 0.70710678 0
3 1.65 -2.85 0 0 0 -1.0280232 -0.70898154 -0.921676 2.442347 -2.2537949 -2.2537949 -3.6888795 0.70710678 0 0.70710678 0
-2.85 1.8 -3 0 0 0 -1.1343705 -0.77987969 -0.56718523 2.442347 -2.2537949 -2.2537949 -3.6888795 1 0 0 0
-2.85 1.8 3 0 0 0 -0.56718523 -0.95712508 -1.1343705 2.442347 -2.2537949 -2.2537949 -3.6888795 1 0 0 0
-3 1.8 -2.85 0 0 0 -0.88622693 -0.99257416 -0.63808339 2.442347 -2.2537949 -2.2537949 -3.6888795 0.70710678 0 0.70710678 0
3 1.8 -2.85 0 0 0 -1.0280232 -0.70898154 -0.921676 2.442347 -2.2537949 -2.2537949 -3.6888795 0.70710678 0 0.70710678 0
-2.85 1.95 -3 0 0 0 -1.1343705 -0.77987969 -0.56718523 2.442347 -2.2537949 -2.2537949 -3.6888795 1 0 0 0
-2.85 1.95 3 0 0 0 -0.56718523 -0.95712508 -1.1343705 2.442347 -2.2537949 -2.2537949 -3.6888795 1 0 0 0
-3 1.95 -2.85 0 0 0 -0.88622693 -0.99257416 -0.63808339 2.442347 -2.2537949 -2.2537949 -3.6888795 0.70710678 0 0.70710678 0
3 1.95 -2.85 0 0 0 -1.0280232 -0.70898154 -0.921676 2.442347 -2.2537949 -2.2537949 -3.6888795 0.70710678 0 0.70710678 0
-2.85 2.1 -3 0 0 0 -1.1343705 -0.77987969 -0.56718523 2.442347 -2.2537949 -2.2537949 -3.6888795 1 0 0 0
-2.85 2.1 3 0 0 0 -0.56718523 -0.95712508 -1.1343705 2.442347 -2.2537949 -2.2537949 -3.6888795 1 0 0 0
-3 2.1 -2.85 0 0 0 -0.88622693 -0.99257416 -0.63808339 2.442347 -2.2537949 -2.2537949 -3.6888795 0.70710678 0 0.70710678 0
3 2.1 -2.85 0 0 0 -1.0280232 -0.70898154 -0.921676 2.442347 -2.2537949 -2.2537949 -3.6888795 0.70710678 0 0.70710678 0
-2.85 2.25 -3 0 0 0 -1.1343705 -0.77987969 -0.56718523 2.442347 -2.2537949 -2.2537949 -3.6888795 1 0 0 0
-2.85 2.25 3 0 0 0 -0.56718523 -0.95712508 -1.1343705 2.442347 -2.2537949 -2.2537949 -3.6888795 1 0 0 0
-3 2.25 -2.85 0 0 0 -0.88622693 -0.99257416 -0.63808339 2.442347 -2.2537949 -2.2537949 -3.6888795 0.70710678 0 0.70710678 0
3 2.25 -2.85 0 0 0 -1.0280232 -0.70898154 -0.921676 2.442347 -2.2537949 -2.2537949 -3.6888795 0.70710678 0 0.70710678 0
-2.85 2.4 -3 0 0 0 -1.1343705 -0.77987969 -0.56718523 2.442347 -2.2537949 -2.2537949 -3.6888795 1 0 0 0
-2.85 2.4 3 0 0 0 -0.56718523 -0.95712508 -1.1343705 2.442347 -2.2537949 -2.2537949 -3.6888795 1 0 0 0
-3 2.4 -2.85 0 0 0 -0.88622693 -0.99257416 -0.63808339 2.442347 -2.2537949 -2.2537949 -3.6888795 0.70710678 0 0.70710678 0
3 2.4 -2.85 0 0 0 -1.0280232 -0.70898154 -0.921676 2.442347 -2.2537949 -2.2537949 -3.6888795 0.70710678 0 0.70710678 0
-2.85 2.55 -3 0 0 0 -1.1343705 -0.77987969 -0.56718523 2.442347 -2.2537949 -2.2537949 -3.6888795 1 0 0 0
-2.85 2.55 3 0 0 0 -0.56718523 -0.95712508 -1.1343705 2.442347 -2.2537949 -2.2537949 -3.6888795 1 0 0 0
-3 2.55 -2.85 0 0 0 -0.88622693 -0.99257416 -0.63808339 2.442347 -2.2537949 -2.2537949 -3.6888795 0.70710678 0 0.70710678 0
3 2.55 -2.85 0 0 0 -1.0280232 -0.70898154 -0.921676 2.442347 -2.2537949 -2.2537949 -3.6888795 0.70710678 0 0.70710678 0
-2.85 2.7 -3 0 0 0 -1.1343705 -0.77987969 -0.56718523 2.442347 -2.2537949 -2.2537949 -3.6888795 1 0 0 0
-2.85 2.7 3 0 0 0 -0.56718523 -0.95712508 -1.1343705 2.442347 -2.2537949 -2.2537949 -3.6888795 1 0 0 0
-3 2.7 -2.85 0 0 0 -0.88622693 -0.99257416 -0.63808339 2.442347 -2.2537949 -2.2537949 -3.6888795 0.70710678 0 0.70710678 0
3 2.7 -2.85 0 0 0 -1.0280232 -0.70898154 -0.921676 2.442347 -2.2537949 -2.2537949 -3.6888795 0.70710678 0 0.70710678 0
-2.85 2.85 -3 0 0 0 -1.1343705 -0.77987969 -0.56718523 2.442347 -2.2537949 -2.2537949 -3.6888795 1 0 0 0
-2.85 2.85 3 0 0 0 -0.56718523 -0.95712508 -1.1343705 2.442347 -2.2537949 -2.2537949 -3.6888795 1 0 0 0
-3 2.85 -2.85 0 0 0 -0.88622693 -0.99257416 -0.63808339 2.442347 -2.2537949 -2.2537949 -3.6888795 0.70710678 0 0.70710678 0
3 2.85 -2.85 0 0 0 -1.0280232 -0.70898154 -0.921676 2.442347 -2.2537949 -2.2537949 -3.6888795 0.70710678 0 0.70710678 0
-2.85 3 -3 0 0 0 -1.1343705 -0.77987969 -0.56718523 2.442347 -2.2537949 -2.2537949 -3.6888795 1 0 0 0
-2.85 3 3 0 0 0 -0.56718523 -0.95712508 -1.1343705 2.442347 -2.2537949 -2.2537949 -3.6888795 1 0 0 0
-3 3 -2.85 0 0 0 -0.88622693 -0.99257416 -0.63808339 2.442347 -2.2537949 -2.2537949 -3.6888795 0.70710678 0 0.70710678 0
3 3 -2.85 0 0 0 -1.0280232 -0.70898154 -0.921676 2.442347 -2.2537949 -2.2537949 -3.6888795 0.70710678 0 0.70710678 0
-2.7 0 -3 0 0 0 -0.28359262 -0.20914955 -0.10492927 2.442347 -2.2537949 -2.2537949 -3.6888795 0.70710678 0.70710678 0 0
-2.7 3 -3 0 0 0 -1.0634723 -0.95712508 -0.70898154 2.442347 -2.2537949 -2.2537949 -3.6888795 0.70710678 0.70710678 0 0
-2.7 0 -2.85 0 0 0 -0.28359262 -0.20914955 -0.10492927 2.442347 -2.2537949 -2.2537949 -3.6888795 0.70710678 0.70710678 0 0
-2.7 3 -2.85 0 0 0 -1.0634723 -0.95712508 -0.70898154 2.442347 -2.2537949 -2.2537949 -3.6888795 0.70710678 0.70710678 0 0
-2.7 0 -2.7 0 0 0 -0.28359262 -0.20914955 -0.10492927 2.442347 -2.2537949 -2.2537949 -3.6888795 0.70710678 0.70710678 0 0
-2.7 3 -2.7 0 0 0 -1.0634723 -0.95712508 -0.70898154 2.442347 -2.2537949 -2.2537949 -3.6888795 0.70710678 0.70710678 0 0
-2.7 0 -2.55 0 0 0 -0.28359262 -0.20914955 -0.10492927 2.442347 -2.2537949 -2.2537949 -3.6888795 0.70710678 0.70710678 0 0
-2.7 3 -2.55 0 0 0 -1.0634723 -0.95712508 -0.70898154 2.442347 -2.2537949 -2.2537949 -3.6888795 0.70710678 0.70710678 0 0
-2.7 0 -2.4 0 0 0 -0.28359262 -0.20914955 -0.10492927 2.442347 -2.2537949 -2.2537949 -3.6888795 0.70710678 0.70710678 0 0
-2.7 3 -2.4 0 0 0 -1.0634723 -0.95712508 -0.70898154 2.442347 -2.2537949 -2.2537949 -3.6888795 0.70710678 0.70710678 0 0
-2.7 0 -2.25 0 0 0 -0.85077785 -0.80469405 -0.74017673 2.442347 -2.2537949 -2.2537949 -3.6888795 0.70710678 0.70710678 0 0
-2.7 3 -2.25 0 0 0 -1.0634723 -0.95712508 -0.70898154 2.442347 -2.2537949 -2.2537949 -3.6888795 0.70710678 0.70710678 0 0
-2.7 0 -2.1 0 0 0 -0.85077785 -0.80469405 -0.74017673 2.442347 -2.2537949 -2.2537949 -3.6888795 0.70710678 0.70710678 0 0
-2.7 3 -2.1 0 0 0 -1.0634723 -0.95712508 -0.70898154 2.442347 -2.2537949 -2.2537949 -3.6888795 0.70710678 0.70710678 0 0
-2.7 0 -1.95 0 0 0 -0.85077785 -0.80469405 -0.74017673 2.442347 -2.2537949 -2.2537949 -3.6888795 0.70710678 0.70710678 0 0
-2.7 3 -1.95 0 0 0 -1.0634723 -0.95712508 -0.70898154 2.442347 -2.2537949 -2.2537949 -3.6888795 0.70710678 0.70710678 0 0
-2.7 0 -1.8 0 0 0 -0.85077785 -0.80469405 -0.74017673 2.442347 -2.2537949 -2.2537949 -3.6888795 0.70710678 0.70710678 0 0
-2.7 3 -1.8 0 0 0 -1.0634723 -0.95712508 -0.70898154 2.442347 -2.2537949 -2.2537949 -3.6888795 0.70710678 0.70710678 0 0
-2.7 0 -1.65 0 0 0 -0.85077785 -0.80469405 -0.74017673 2.442347 -2.2537949 -2.2537949 -3.6888795 0.70710678 0.70710678 0 0
-2.7 3 -1.65 0 0 0 -1.0634723 -0.95712508 -0.70898154 2.442347 -2.2537949 -2.2537949 -3.6888795 0.70710678 0.70710678 0 0
-2.7 0 -1.5 0 0 0 -0.28359262 -0.20914955 -0.10492927 2.442347 -2.2537949 -2.2537949 -3.6888795 0.70710678 0.70710678 0 0
-2.7 3 -1.5 0 0 0 -1.0634723 -0.95712508 -0.70898154 2.442347 -2.2537949 -2.2537949 -3.6888795 0.70710678 0.70710678 0 0
-2.7 0 -1.35 0 0 0 -0.28359262 -0.20914955 -0.10492927 2.442347 -2.2537949 -2.2537949 -3.6888795 0.70710678 0.70710678 0 0
-2.7 3 -1.35 0 0 0 -1.0634723 -0.95712508 -0.70898154 2.442347 -2.2537949 -2.2537949 -3.6888795 0.70710678 0.70710678 0 0
-2.7 0 -1.2 0 0 0 -0.28359262 -0.20914955 -0.10492927 2.442347 -2.2537949 -2.2537949 -3.6888795 0.70710678 0.70710678 0 0
-2.7 3 -1.2 0 0 0 -1.0634723 -0.95712508 -0.70898154 2.442347 -2.2537949 -2.2537949 -3.6888795 0.70710678 0.70710678 0 0
-2.7 0 -1.05 0 0 0 -0.28359262 -0.20914955 -0.10492927 2.442347 -2.2537949 -2.2537949 -3.6888795 0.70710678 0.70710678 0 0
-2.7 3 -1.05 0 0 0 -1.0634723 -0.95712508 -0.70898154 2.442347 -2.2537949 -2.2537949 -3.6888795 0.70710678 0.70710678 0 0
-2.7 0 -0.9 0 0 0 -0.28359262 -0.20914955 -0.10492927 2.442347 -2.2537949 -2.2537949 -3.6888795 0.70710678 0.70710678 0 0
-2.7 3 -0.9 0 0 0 -1.0634723 -0.95712508 -0.70898154 2.442347 -2.2537949 -2.2537949 -3.6888795 0.70710678 0.70710678 0 0
-2.7 0 -0.75 0 0 0 -0.85077785 -0.80469405 -0.74017673 2.442347 -2.2537949 -2.2537949 -3.6888795 0.70710678 0.70710678 0 0
-2.7 3 -0.75 0 0 0 -1.0634723 -0.95712508 -0.70898154 2.442347 -2.2537949 -2.2537949 -3.6888795 0.70710678 0.70710678 0 0
-2.7 0 -0.6 0 0 0 -0.85077785 -0.80469405 -0.74017673 2.442347 -2.2537949 -2.2537949 -3.6888795 0.70710678 0.70710678 0 0
-2.7 3 -0.6 0 0 0 -1.0634723 -0.95712508 -0.70898154 2.442347 -2.2537949 -2.2537949 -3.6888795 0.70710678 0.70710678 0 0
-2.7 0 -0.45 0 0 0 -0.85077785 -0.80469405 -0.74017673 2.442347 -2.2537949 -2.2537949 -3.6888795 0.70710678 0.70710678 0 0
-2.7 3 -0.45 0 0 0 -1.0634723 -0.95712508 -0.70898154 2.442347 -2.2537949 -2.2537949 -3.6888795 0.70710678 0.70710678 0 0
-2.7 0 -0.3 0 0 0 -0.85077785 -0.80469405 -0.74017673 2.442347 -2.2537949 -2.2537949 -3.6888795 0.70710678 0.70710678 0 0
-2.7 3 -0.3 0 0 0 -1.0634723 -0.95712508 -0.70898154 2.442347 -2.2537949 -2.2537949 -3.6888795 0.70710678 0.70710678 0 0
-2.7 0 -0.15 0 0 0 -0.85077785 -0.80469405 -0.74017673 2.442347 -2.2537949 -2.2537949 -3.6888795 0.70710678 0.70710678 0 0
-2.7 3 -0.15 0 0 0 -1.0634723 -0.95712508 -0.70898154 2.442347 -2.2537949 -2.2537949 -3.6888795 0.70710678 0.70710678 0 0
-2.7 0 0 0 0 0 -0.28359262 -0.20914955 -0.10492927 2.442347 -2.2537949 -2.2537949 -3.6888795 0.70710678 0.70710678 0 0
-2.7 3 0 0 0 0 -1.0634723 -0.95712508 -0.70898154 2.442347 -2.2537949 -2.2537949 -3.6888795 0.70710678 0.70710678 0 0
-2.7 0 0.15 0 0 0 -0.28359262 -0.20914955 -0.10492927 2.442347 -2.2537949 -2.2537949 -3.6888795 0.70710678 0.70710678 0 0
-2.7 3 0.15 0 0 0 -1.0634723 -0.95712508 -0.70898154 2.442347 -2.2537949 -2.2537949 -3.6888795 0.70710678 0.70710678 0 0
-2.7 0 0.3 0 0 0 -0.28359262 -0.20914955 -0.10492927 2.442347 -2.2537949 -2.2537949 -3.6888795 0.70710678 0.70710678 0 0
-2.7 3 0.3 0 0 0 -1.0634723 -0.95712508 -0.70898154 2.442347 -2.2537949 -2.2537949 -3.6888795 0.70710678 0.70710678 0 0
-2.7 0 0.45 0 0 0 -0.28359262 -0.20914955 -0.10492927 2.442347 -2.2537949 -2.2537949 -3.6888795 0.70710678 0.70710678 0 0
-2.7 3 0.45 0 0 0 -1.0634723 -0.95712508 -0.70898154 2.442347 -2.2537949 -2.2537949 -3.6888795 0.70710678 0.70710678 0 0
-2.7 0 0.6 0 0 0 -0.28359262 -0.20914955 -0.10492927 2.442347 -2.2537949 -2.2537949 -3.6888795 0.70710678 0.70710678 0 0
-2.7 3 0.6 0 0 0 -1.0634723 -0.95712508 -0.70898154 2.442347 -2.2537949 -2.2537949 -3.6888795 0.70710678 0.70710678 0 0
-2.7 0 0.75 0 0 0 -0.85077785 -0.80469405 -0.74017673 2.442347 -2.2537949 -2.2537949 -3.6888795 0.70710678 0.70710678 0 0
-2.7 3 0.75 0 0 0 -1.0634723 -0.95712508 -0.70898154 2.442347 -2.2537949 -2.2537949 -3.6888795 0.70710678 0.70710678 0 0
-2.7 0 0.9 0 0 0 -0.85077785 -0.80469405 -0.74017673 2.442347 -2.2537949 -2.2537949 -3.6888795 0.70710678 0.70710678 0 0
-2.7 3 0.9 0 0 0 -1.0634723 -0.95712508 -0.70898154 2.442347 -2.2537949 -2.2537949 -3.6888795 0.70710678 0.70710678 0 0
-2.7 0 1.05 0 0 0 -0.85077785 -0.80469405 -0.74017673 2.442347 -2.2537949 -2.2537949 -3.6888795 0.70710678 0.70710678 0 0
-2.7 3 1.05 0 0 0 -1.0634723 -0.95712508 -0.70898154 2.442347 -2.2537949 -2.2537949 -3.6888795 0.70710678 0.70710678 0 0
-2.7 0 1.2 0 0 0 -0.85077785 -0.80469405 -0.74017673 2.442347 -2.2537949 -2.2537949 -3.6888795 0.70710678 0.70710678 0 0
-2.7 3 1.2 0 0 0 -1.0634723 -0.95712508 -0.70898154 2.442347 -2.2537949 -2.2537949 -3.6888795 0.70710678 0.70710678 0 0
-2.7 0 1.35 0 0 0 -0.85077785 -0.80469405 -0.74017673 2.442347 -2.2537949 -2.2537949 -3.6888795 0.70710678 0.70710678 0 0
-2.7 3 1.35 0 0 0 -1.0634723 -0.95712508 -0.70898154 2.442347 -2.2537949 -2.2537949 -3.6888795 0.70710678 0.70710678 0 0
-2.7 0 1.5 0 0 0 -0.28359262 -0.20914955 -0.10492927 2.442347 -2.2537949 -2.2537949 -3.6888795 0.70710678 0.70710678 0 0
-2.7 3 1.5 0 0 0 -1.0634723 -0.95712508 -0.70898154 2.442347 -2.2537949 -2.2537949 -3.6888795 0.70710678 0.70710678 0 0
-2.7 0 1.65 0 0 0 -0.28359262 -0.20914955 -0.10492927 2.442347 -2.2537949 -2.2537949 -3.6888795 0.70710678 0.70710678 0 0
-2.7 3 1.65 0 0 0 -1.0634723 -0.95712508 -0.70898154 2.442347 -2.2537949 -2.2537949 -3.6888795 0.70710678 0.70710678 0 0
-2.7 0 1.8 0 0 0 -0.28359262 -0.20914955 -0.10492927 2.442347 -2.2537949 -2.2537949 -3.6888795 0.70710678 0.70710678 0 0
-2.7 3 1.8 0 0 0 -1.0634723 -0.95712508 -0.70898154 2.442347 -2.2537949 -2.2537949 -3.6888795 0.70710678 0.70710678 0 0
-2.7 0 1.95 0 0 0 -0.28359262 -0.20914955 -0.10492927 2.442347 -2.2537949 -2.2537949 -3.6888795 0.70710678 0.70710678 0 0
-2.7 3 1.95 0 0 0 -1.0634723 -0.95712508 -0.70898154 2.442347 -2.2537949 -2.2537949 -3.6888795 0.70710678 0.70710678 0 0
-2.7 0 2.1 0 0 0 -0.28359262 -0.20914955 -0.10492927 2.442347 -2.2537949 -2.2537949 -3.6888795 0.70710678 0.70710678 0 0
-2.7 3 2.1 0 0 0 -1.0634723 -0.95712508 -0.70898154 2.442347 -2.2537949 -2.2537949 -3.6888795 0.70710678 0.70710678 0 0
-2.7 0 2.25 0 0 0 -0.85077785 -0.80469405 -0.74017673 2.442347 -2.2537949 -2.2537949 -3.6888795 0.70710678 0.70710678 0 0
-2.7 3 2.25 0 0 0 -1.0634723 -0.95712508 -0.70898154 2.442347 -2.2537949 -2.2537949 -3.6888795 0.70710678 0.70710678 0 0
-2.7 0 2.4 0 0 0 -0.85077785 -0.80469405 -0.74017673 2.442347 -2.2537949 -2.2537949 -3.6888795 0.70710678 0.70710678 0 0
-2.7 3 2.4 0 0 0 -1.0634723 -0.95712508 -0.70898154 2.442347 -2.2537949 -2.2537949 -3.6888795 0.70710678 0.70710678 0 0
-2.7 0 2.55 0 0 0 -0.85077785 -0.80469405 -0.74017673 2.442347 -2.2537949 -2.2537949 -3.6888795 0.70710678 0.70710678 0 0
-2.7 3 2.55 0 0 0 -1.0634723 -0.95712508 -0.70898154 2.442347 -2.2537949 -2.2537949 -3.6888795 0.70710678 0.70710678 0 0
-2.7 0 2.7 0 0 0 -0.85077785 -0.80469405 -0.74017673 2.442347 -2.2537949 -2.2537949 -3.6888795 0.70710678 0.70710678 0 0
-2.7 3 2.7 0 0 0 -1.0634723 -0.95712508 -0.70898154 2.442347 -2.2537949 -2.2537949 -3.6888795 0.70710678 0.70710678 0 0
-2.7 0 2.85 0 0 0 -0.85077785 -0.80469405 -0.74017673 2.442347 -2.2537949 -2.2537949 -3.6888795 0.70710678 0.70710678 0 0
-2.7 3 2.85 0 0 0 -1.0634723 -0.95712508 -0.70898154 2.442347 -2.2537949 -2.2537949 -3.6888795 0.70710678 0.70710678 0 0
-2.7 0 3 0 0 0 -0.28359262 -0.20914955 -0.10492927 2.442347 -2.2537949 -2.2537949 -3.6888795 0.70710678 0.70710678 0 0
-2.7 3 3 0 0 0 -1.0634723 -0.95712508 -0.70898154 2.442347 -2.2537949 -2.2537949 -3.6888795 0.70710678 0.70710678 0 0
-2.7 0 -3 0 0 0 -1.1343705 -0.77987969 -0.56718523 2.442347 -2.2537949 -2.2537949 -3.6888795 1 0 0 0
-2.7 0 3 0 0 0 -0.56718523 -0.95712508 -1.1343705 2.442347 -2.2537949 -2.2537949 -3.6888795 1 0 0 0
-3 0 -2.7 0 0 0 -0.88622693 -0.99257416 -0.63808339 2.442347 -2.2537949 -2.2537949 -3.6888795 0.70710678 0 0.70710678 0
3 0 -2.7 0 0 0 -1.0280232 -0.70898154 -0.921676 2.442347 -2.2537949 -2.2537949 -3.6888795 0.70710678 0 0.70710678 0
-2.7 0.15 -3 0 0 0 -1.1343705 -0.77987969 -0.56718523 2.442347 -2.2537949 -2.2537949 -3.6888795 1 0 0 0
-2.7 0.15 3 0 0 0 -0.56718523 -0.95712508 -1.1343705 2.442347 -2.2537949 -2.2537949 -3.6888795 1 0 0 0
-3 0.15 -2.7 0 0 0 -0.88622693 -0.99257416 -0.63808339 2.442347 -2.2537949 -2.2537949 -3.6888795 0.70710678 0 0.70710678 0
3 0.15 -2.7 0 0 0 -1.0280232 -0.70898154 -0.921676 2.442347 -2.2537949 -2.2537949 -3.6888795 0.70710678 0 0.70710678 0
-2.7 0.3 -3 0 0 0 -1.1343705 -0.77987969 -0.56718523 2.442347 -2.2537949 -2.2537949 -3.6888795 1 0 0 0
-2.7 0.3 3 0 0 0 -0.56718523 -0.95712508 -1.1343705 2.442347 -2.2537949 -2.2537949 -3.6888795 1 0 0 0
-3 0.3 -2.7 0 0 0 -0.88622693 -0.99257416 -0.63808339 2.442347 -2.2537949 -2.2537949 -3.6888795 0.70710678 0 0.70710678 0
3 0.3 -2.7 0 0 0 -1.0280232 -0.70898154 -0.921676 2.442347 -2.2537949 -2.2537949 -3.6888795 0.70710678 0 0.70710678 0
-2.7 0.45 -3 0 0 0 -1.1343705 -0.77987969 -0.56718523 2.442347 -2.2537949 -2.2537949 -3.6888795 1 0 0 0
-2.7 0.45 3 0 0 0 -0.56718523 -0.95712508 -1.1343705 2.442347 -2.2537949 -2.2537949 -3.6888795 1 0 0 0
-3 0.45 -2.7 0 0 0 -0.88622693 -0.99257416 -0.63808339 2.442347 -2.2537949 -2.2537949 -3.6888795 0.70710678 0 0.70710678 0
3 0.45 -2.7 0 0 0 -1.0280232 -0.70898154 -0.921676 2.442347 -2.2537949 -2.2537949 -3.6888795 0.70710678 0 0.70710678 0
-2.7 0.6 -3 0 0 0 -1.1343705 -0.77987969 -0.56718523 2.442347 -2.2537949 -2.2537949 -3.6888795 1 0 0 0
-2.7 0.6 3 0 0 0 -0.56718523 -0.95712508 -1.1343705 2.442347 -2.2537949 -2.2537949 -3.6888795 1 0 0 0
-3 0.6 -2.7 0 0 0 -0.88622693 -0.99257416 -0.63808339 2.442347 -2.2537949 -2.2537949 -3.6888795 0.70710678 0 0.70710678 0
3 0.6 -2.7 0 0 0 -1.0280232 -0.70898154 -0.921676 2.442347 -2.2537949 -2.2537949 -3.6888795 0.70710678 0 0.70710678 0
-2.7 0.75 -3 0 0 0 -1.1343705 -0.77987969 -0.56718523 2.442347 -2.2537949 -2.2537949 -3.6888795 1 0 0 0
-2.7 0.75 3 0 0 0 -0.56718523 -0.95712508 -1.1343705 2.442347 -2.2537949 -2.2537949 -3.6888795 1 0 0 0
-3 0.75 -2.7 0 0 0 -0.88622693 -0.99257416 -0.63808339 2.442347 -2.2537949 -2.2537949 -3.6888795 0.70710678 0 0.70710678 0
3 0.75 -2.7 0 0 0 -1.0280232 -0.70898154 -0.921676 2.442347 -2.2537949 -2.2537949 -3.6888795 0.70710678 0 0.70710678 0
-2.7 0.9 -3 0 0 0 -1.1343705 -0.77987969 -0.56718523 2.442347 -2.2537949 -2.2537949 -3.6888795 1 0 0 0
-2.7 0.9 3 0 0 0 -0.56718523 -0.95712508 -1.1343705 2.442347 -2.2537949 -2.2537949 -3.6888795 1 0 0 0
-3 0.9 -2.7 0 0 0 -0.88622693 -0.99257416 -0.63808339 2.442347 -2.2537949 -2.2537949 -3.6888795 0.70710678 0 0.70710678 0
3 0.9 -2.7 0 0 0 -1.0280232 -0.70898154 -0.921676 2.442347 -2.2537949 -2.2537949 -3.6888795 0.70710678 0 0.70710678 0
-2.7 1.05 -3 0 0 0 -1.1343705 -0.77987969 -0.56718523 2.442347 -2.2537949 -2.2537949 -3.6888795 1 0 0 0
-2.7 1.05 3 0 0 0 -0.56718523 -0.95712508 -1.1343705 2.442347 -2.2537949 -2.2537949 -3.6888795 1 0 0 0
-3 1.05 -2.7 0 0 0 -0.88622693 -0.99257416 -0.63808339 2.442347 -2.2537949 -2.2537949 -3.6888795 0.70710678 0 0.70710678 0
3 1.05 -2.7 0 0 0 -1.0280232 -0.70898154 -0.921676 2.442347 -2.2537949 -2.2537949 -3.6888795 0.70710678 0 0.70710678 0
-2.7 1.2 -3 0 0 0 -1.1343705 -0.77987969 -0.56718523 2.442347 -2.2537949 -2.2537949 -3.6888795 1 0 0 0
-2.7 1.2 3 0 0 0 -0.56718523 -0.95712508 -1.1343705 2.442347 -2.2537949 -2.2537949 -3.6888795 1 0 0 0
-3 1.2 -2.7 0 0 0 -0.88622693 -0.99257416 -0.63808339 2.442347 -2.2537949 -2.2537949 -3.6888795 0.70710678 0 0.70710678 0
3 1.2 -2.7 0 0 0 -1.0280232 -0.70898154 -0.921676 2.442347 -2.2537949 -2.2537949 -3.6888795 0.70710678 0 0.70710678 0
-2.7 1.35 -3 0 0 0 -1.1343705 -0.77987969 -0.56718523 2.442347 -2.2537949 -2.2537949 -3.6888795 1 0 0 0
-2.7 1.35 3 0 0 0 -0.56718523 -0.95712508 -1.1343705 2.442347 -2.2537949 -2.2537949 -3.6888795 1 0 0 0
-3 1.35 -2.7 0 0 0 -0.88622693 -0.99257416 -0.63808339 2.442347 -2.2537949 -2.2537949 -3.6888795 0.70710678 0 0.70710678 0
3 1.35 -2.7 0 0 0 -1.0280232 -0.70898154 -0.921676 2.442347 -2.2537949 -2.2537949 -3.6888795 0.70710678 0 0.70710678 0
-2.7 1.5 -3 0 0 0 -1.1343705 -0.77987969 -0.56718523 2.442347 -2.2537949 -2.2537949 -3.6888795 1 0 0 0
-2.7 1.5 3 0 0 0 -0.56718523 -0.95712508 -1.1343705 2.442347 -2.2537949 -2.2537949 -3.6888795 1 0 0 0
-3 1.5 -2.7 0 0 0 -0.88622693 -0.99257416 -0.63808339 2.442347 -2.2537949 -2.2537949 -3.6888795 0.70710678 0 0.70710678 0
3 1.5 -2.7 0 0 0 -1.0280232 -0.70898154 -0.921676 2.442347 -2.2537949 -2.2537949 -3.6888795 0.70710678 0 0.70710678 0
-2.7 1.65 -3 0 0 0 -1.1343705 -0.77987969 -0.56718523 2.442347 -2.2537949 -2.2537949 -3.6888795 1 0 0 0
-2.7 1.65 3 0 0 0 -0.56718523 -0.95712508 -1.1343705 2.442347 -2.2537949 -2.2537949 -3.6888795 1 0 0 0
-3 1.65 -2.7 0 0 0 -0.88622693 -0.99257416 -0.63808339 2.442347 -2.2537949 -2.2537949 -3.6888795 0.70710678 0 0.70710678 0
3 1.65 -2.7 0 0 0 -1.0280232 -0.70898154 -0.921676 2.442347 -2.2537949 -2.2537949 -3.6888795 0.70710678 0 0.70710678 0
-2.7 1.8 -3 0 0 0 -1.1343705 -0.77987969 -0.56718523 2.442347 -2.2537949 -2.2537949 -3.6888795 1 0 0 0
-2.7 1.8 3 0 0 0 -0.56718523 -0.95712508 -1.1343705 2.442347 -2.2537949 -2.2537949 -3.6888795 1 0 0 0
-3 1.8 -2.7 0 0 0 -0.88622693 -0.99257416 -0.63808339 2.442347 -2.2537949 -2.2537949 -3.6888795 0.70710678 0 0.70710678 0
3 1.8 -2.7 0 0 0 -1.0280232 -0.70898154 -0.921676 2.442347 -2.2537949 -2.2537949 -3.6888795 0.70710678 0 0.70710678 0
-2.7 1.95 -3 0 0 0 -1.1343705 -0.77987969 -0.56718523 2.442347 -2.2537949 -2.2537949 -3.6888795 1 0 0 0
-2.7 1.95 3 0 0 0 -0.56718523 -0.95712508 -1.1343705 2.442347 -2.2537949 -2.2537949 -3.6888795 1 0 0 0
-3 1.95 -2.7 0 0 0 -0.88622693 -0.99257416 -0.63808339 2.442347 -2.2537949 -2.2537949 -3.6888795 0.70710678 0 0.70710678 0
3 1.95 -2.7 0 0 0 -1.0280232 -0.70898154 -0.921676 2.442347 -2.2537949 -2.2537949 -3.6888795 0.70710678 0 0.70710678 0
-2.7 2.1 -3 0 0 0 -1.1343705 -0.77987969 -0.56718523 2.442347 -2.2537949 -2.2537949 -3.6888795 1 0 0 0
-2.7 2.1 3 0 0 0 -0.56718523 -0.95712508 -1.1343705 2.442347 -2.2537949 -2.2537949 -3.6888795 1 0 0 0
-3 2.1 -2.7 0 0 0 -0.88622693 -0.99257416 -0.63808339 2.442347 -2.2537949 -2.2537949 -3.6888795 0.70710678 0 0.70710678 0
3 2.1 -2.7 0 0 0 -1.0280232 -0.70898154 -0.921676 2.442347 -2.2537949 -2.2537949 -3.6888795 0.70710678 0 0.70710678 0
-2.7 2.25 -3 0 0 0 -1.1343705 -0.77987969 -0.56718523 2.442347 -2.2537949 -2.2537949 -3.6888795 1 0 0 0
-2.7 2.25 3 0 0 0 -0.56718523 -0.95712508 -1.1343705 2.442347 -2.2537949 -2.2537949 -3.6888795 1 0 0 0
-3 2.25 -2.7 0 0 0 -0.88622693 -0.99257416 -0.63808339 2.442347 -2.2537949 -2.2537949 -3.6888795 0.70710678 0 0.70710678 0
3 2.25 -2.7 0 0 0 -1.0280232 -0.70898154 -0.921676 2.442347 -2.2537949 -2.2537949 -3.6888795 0.70710678 0 0.70710678 0
-2.7 2.4 -3 0 0 0 -1.1343705 -0.77987969 -0.56718523 2.442347 -2.2537949 -2.2537949 -3.6888795 1 0 0 0
-2.7 2.4 3 0 0 0 -0.56718523 -0.95712508 -1.1343705 2.442347 -2.2537949 -2.2537949 -3.6888795 1 0 0 0
-3 2.4 -2.7 0 0 0 -0.88622693 -0.99257416 -0.63808339 2.442347 -2.2537949 -2.2537949 -3.6888795 0.70710678 0 0.70710678 0
3 2.4 -2.7 0 0 0 -1.0280232 -0.70898154 -0.921676 2.442347 -2.2537949 -2.2537949 -3.6888795 0.70710678 0 0.70710678 0
-2.7 2.55 -3 0 0 0 -1.1343705 -0.77987969 -0.56718523 2.442347 -2.2537949 -2.2537949 -3.6888795 1 0 0 0
-2.7 2.55 3 0 0 0 -0.56718523 -0.95712508 -1.1343705 2.442347 -2.2537949 -2.2537949 -3.6888795 1 0 0 0
-3 2.55 -2.7 0 0 0 -0.88622693 -0.99257416 -0.63808339 2.442347 -2.2537949 -2.2537949 -3.6888795 0.70710678 0 0.70710678 0
3 2.55 -2.7 0 0 0 -1.0280232 -0.70898154 -0.921676 2.442347 -2.2537949 -2.2537949 -3.6888795 0.70710678 0 0.70710678 0
-2.7 2.7 -3 0 0 0 -1.1343705 -0.77987969 -0.56718523 2.442347 -2.2537949 -2.2537949 -3.6888795 1 0 0 0
-2.7 2.7 3 0 0 0 -0.56718523 -0.95712508 -1.1343705 2.442347 -2.2537949 -2.2537949 -3.6888795 1 0 0 0
-3 2.7 -2.7 0 0 0 -0.88622693 -0.99257416 -0.63808339 2.442347 -2.2537949 -2.2537949 -3.6888795 0.70710678 0 0.70710678 0
3 2.7 -2.7 0 0 0 -1.0280232 -0.70898154 -0.921676 2.442347 -2.2537949 -2.2537949 -3.6888795 0.70710678 0 0.70710678 0
-2.7 2.85 -3 0 0 0 -1.1343705 -0.77987969 -0.56718523 2.442347 -2.2537949 -2.2537949 -3.6888795 1 0 0 0
-2.7 2.85 3 0 0 0 -0.56718523 -0.95712508 -1.1343705 2.442347 -2.2537949 -2.2537949 -3.6888795 1 0 0 0
-3 2.85 -2.7 0 0 0 -0.88622693 -0.99257416 -0.63808339 2.442347 -2.2537949 -2.2537949 -3.6888795 0.70710678 0 0.70710678 0
3 2.85 -2.7 0 0 0 -1.0280232 -0.70898154 -0.921676 2.442347 -2.2537949 -2.2537949 -3.6888795 0.70710678 0 0.70710678 0
-2.7 3 -3 0 0 0 -1.1343705 -0.77987969 -0.56718523 2.442347 -2.2537949 -2.2537949 -3.6888795 1 0 0 0
-2.7 3 3 0 0 0 -0.56718523 -0.95712508 -1.1343705 2.442347 -2.2537949 -2.2537949 -3.6888795 1 0 0 0
-3 3 -2.7 0 0 0 -0.88622693 -0.99257416 -0.63808339 2.442347 -2.2537949 -2.2537949 -3.6888795 0.70710678 0 0.70710678 0
3 3 -2.7 0 0 0 -1.0280232 -0.70898154 -0.921676 2.442347 -2.2537949 -2.2537949 -3.6888795 0.70710678 0 0.70710678 0
-2.55 0 -3 0 0 0 -0.28359262 -0.20914955 -0.10492927 2.442347 -2.2537949 -2.2537949 -3.6888795 0.70710678 0.70710678 0 0
-2.55 3 -3 0 0 0 -1.0634723 -0.95712508 -0.70898154 2.442347 -2.2537949 -2.2537949 -3.6888795 0.70710678 0.70710678 0 0
-2.55 0 -2.85 0 0 0 -0.28359262 -0.20914955 -0.10492927 2.442347 -2.2537949 -2.2537949 -3.6888795 0.70710678 0.70710678 0 0
-2.55 3 -2.85 0 0 0 -1.0634723 -0.95712508 -0.70898154 2.442347 -2.2537949 -2.2537949 -3.6888795 0.70710678 0.70710678 0 0
-2.55 0 -2.7 0 0 0 -0.28359262 -0.20914955 -0.10492927 2.442347 -2.2537949 -2.2537949 -3.6888795 0.70710678 0.70710678 0 0
-2.55 3 -2.7 0 0 0 -1.0634723 -0.95712508 -0.70898154 2.442347 -2.2537949 -2.2537949 -3.6888795 0.70710678 0.70710678 0 0
-2.55 0 -2.55 0 0 0 -0.28359262 -0.20914955 -0.10492927 2.442347 -2.2537949 -2.2537949 -3.6888795 0.70710678 0.70710678 0 0
-2.55 3 -2.55 0 0 0 -1.0634723 -0.95712508 -0.70898154 2.442347 -2.2537949 -2.2537949 -3.6888795 0.70710678 0.70710678 0 0
-2.55 0 -2.4 0 0 0 -0.28359262 -0.20914955 -0.10492927 2.442347 -2.2537949 -2.2537949 -3.6888795 0.70710678 0.70710678 0 0
-2.55 3 -2.4 0 0 0 -1.0634723 -0.95712508 -0.70898154 2.442347 -2.2537949 -2.2537949 -3.6888795 0.70710678 0.70710678 0 0
-2.55 0 -2.25 0 0 0 -0.85077785 -0.80469405 -0.74017673 2.442347 -2.2537949 -2.2537949 -3.6888795 0.70710678 0.70710678 0 0
-2.55 3 -2.25 0 0 0 -1.0634723 -0.95712508 -0.70898154 2.442347 -2.2537949 -2.2537949 -3.6888795 0.70710678 0.70710678 0 0
-2.55 0 -2.1 0 0 0 -0.85077785 -0.80469405 -0.74017673 2.442347 -2.2537949 -2.2537949 -3.6888795 0.70710678 0.70710678 0 0
-2.55 3 -2.1 0 0 0 -1.0634723 -0.95712508 -0.70898154 2.442347 -2.2537949 -2.2537949 -3.6888795 0.70710678 0.70710678 0 0
-2.55 0 -1.95 0 0 0 -0.85077785 -0.80469405 -0.74017673 2.442347 -2.2537949 -2.2537949 -3.6888795 0.70710678 0.70710678 0 0
-2.55 3 -1.95 0 0 0 -1.0634723 -0.95712508 -0.70898154 2.442347 -2.2537949 -2.2537949 -3.6888795 0.70710678 0.70710678 0 0
-2.55 0 -1.8 0 0 0 -0.85077785 -0.80469405 -0.74017673 2.442347 -2.2537949 -2.2537949 -3.6888795 0.70710678 0.70710678 0 0
-2.55 3 -1.8 0 0 0 -1.0634723 -0.95712508 -0.70898154 2.442347 -2.2537949 -2.2537949 -3.6888795 0.70710678 0.70710678 0 0
-2.55 0 -1.65 0 0 0 -0.85077785 -0.80469405 -0.74017673 2.442347 -2.2537949 -2.2537949 -3.6888795 0.70710678 0.70710678 0 0
-2.55 3 -1.65 0 0 0 -1.0634723 -0.95712508 -0.70898154 2.442347 -2.2537949 -2.2537949 -3.6888795 0.70710678 0.70710678 0 0
-2.55 0 -1.5 0 0 0 -0.28359262 -0.20914955 -0.10492927 2.442347 -2.2537949 -2.2537949 -3.6888795 0.70710678 0.70710678 0 0
-2.55 3 -1.5 0 0 0 -1.0634723 -0.95712508 -0.70898154 2.442347 -2.2537949 -2.2537949 -3.6888795 0.70710678 0.70710678 0 0
-2.55 0 -1.35 0 0 0 -0.28359262 -0.20914955 -0.10492927 2.442347 -2.2537949 -2.2537949 -3.6888795 0.70710678 0.70710678 0 0
-2.55 3 -1.35 0 0 0 -1.0634723 -0.95712508 -0.70898154 2.442347 -2.2537949 -2.2537949 -3.6888795 0.70710678 0.70710678 0 0
-2.55 0 -1.2 0 0 0 -0.28359262 -0.20914955 -0.10492927 2.442347 -2.2537949 -2.2537949 -3.6888795 0.70710678 0.70710678 0 0
-2.55 3 -1.2 0 0 0 -1.0634723 -0.95712508 -0.70898154 2.442347 -2.2537949 -2.2537949 -3.6888795 0.70710678 0.70710678 0 0
-2.55 0 -1.05 0 0 0 -0.28359262 -0.20914955 -0.10492927 2.442347 -2.2537949 -2.2537949 -3.6888795 0.70710678 0.70710678 0 0
-2.55 3 -1.05 0 0 0 -1.0634723 -0.95712508 -0.70898154 2.442347 -2.2537949 -2.2537949 -3.6888795 0.70710678 0.70710678 0 0
-2.55 0 -0.9 0 0 0 -0.28359262 -0.20914955 -0.10492927 2.442347 -2.2537949 -2.2537949 -3.6888795 0.70710678 0.70710678 0 0
-2.55 3 -0.9 0 0 0 -1.0634723 -0.95712508 -0.70898154 2.442347 -2.2537949 -2.2537949 -3.6888795 0.70710678 0.70710678 0 0
-2.55 0 -0.75 0 0 0 -0.85077785 -0.80469405 -0.74017673 2.442347 -2.2537949 -2.2537949 -3.6888795 0.70710678 0.70710678 0 0
-2.55 3 -0.75 0 0 0 -1.0634723 -0.95712508 -0.70898154 2.442347 -2.2537949 -2.2537949 -3.6888795 0.70710678 0.70710678 0 0
-2.55 0 -0.6 0 0 0 -0.85077785 -0.80469405 -0.74017673 2.442347 -2.2537949 -2.2537949 -3.6888795 0.70710678 0.70710678 0 0
-2.55 3 -0.6 0 0 0 -1.0634723 -0.95712508 -0.70898154 2.442347 -2.2537949 -2.2537949 -3.6888795 0.70710678 0.70710678 0 0
-2.55 0 -0.45 0 0 0 -0.85077785 -0.80469405 -0.74017673 2.442347 -2.2537949 -2.2537949 -3.6888795 0.70710678 0.70710678 0 0
-2.55 3 -0.45 0 0 0 -1.0634723 -0.95712508 -0.70898154 2.442347 -2.2537949 -2.2537949 -3.6888795 0.70710678 0.70710678 0 0
-2.55 0 -0.3 0 0 0 -0.85077785 -0.80469405 -0.74017673 2.442347 -2.2537949 -2.2537949 -3.6888795 0.70710678 0.70710678 0 0
-2.55 3 -0.3 0 0 0 -1.0634723 -0.95712508 -0.70898154 2.442347 -2.2537949 -2.2537949 -3.6888795 0.70710678 0.70710678 0 0
-2.55 0 -0.15 0 0 0 -0.85077785 -0.80469405 -0.74017673 2.442347 -2.2537949 -2.2537949 -3.6888795 0.70710678 0.70710678 0 0
-2.55 3 -0.15 0 0 0 -1.0634723 -0.95712508 -0.70898154 2.442347 -2.2537949 -2.2537949 -3.6888795 0.70710678 0.70710678 0 0
-2.55 0 0 0 0 0 -0.28359262 -0.20914955 -0.10492927 2.442347 -2.2537949 -2.2537949 -3.6888795 0.70710678 0.70710678 0 0
-2.55 3 0 0 0 0 -1.0634723 -0.95712508 -0.70898154 2.442347 -2.2537949 -2.2537949 -3.6888795 0.70710678 0.70710678 0 0
-2.55 0 0.15 0 0 0 -0.28359262 -0.20914955 -0.10492927 2.442347 -2.2537949 -2.2537949 -3.6888795 0.70710678 0.70710678 0 0
-2.55 3 0.15 0 0 0 -1.0634723 -0.95712508 -0.70898154 2.442347 -2.2537949 -2.2537949 -3.6888795 0.70710678 0.70710678 0 0
-2.55 0 0.3 0 0 0 -0.28359262 -0.20914955 -0.10492927 2.442347 -2.2537949 -2.2537949 -3.6888795 0.70710678 0.70710678 0 0
-2.55 3 0.3 0 0 0 -1.0634723 -0.95712508 -0.70898154 2.442347 -2.2537949 -2.2537949 -3.6888795 0.70710678 0.70710678 0 0
-2.55 0 0.45 0 0 0 -0.28359262 -0.20914955 -0.10492927 2.442347 -2.2537949 -2.2537949 -3.6888795 0.70710678 0.70710678 0 0
-2.55 3 0.45 0 0 0 -1.0634723 -0.95712508 -0.70898154 2.442347 -2.2537949 -2.2537949 -3.6888795 0.70710678 0.70710678 0 0
-2.55 0 0.6 0 0 0 -0.28359262 -0.20914955 -0.10492927 2.442347 -2.2537949 -2.2537949 -3.6888795 0.70710678 0.70710678 0 0
-2.55 3 0.6 0 0 0 -1.0634723 -0.95712508 -0.70898154 2.442347 -2.2537949 -2.2537949 -3.6888795 0.70710678 0.70710678 0 0
-2.55 0 0.75 0 0 0 -0.85077785 -0.80469405 -0.74017673 2.442347 -2.2537949 -2.2537949 -3.6888795 0.70710678 0.70710678 0 0
-2.55 3 0.75 0 0 0 -1.0634723 -0.95712508 -0.70898154 2.442347 -2.2537949 -2.2537949 -3.6888795 0.70710678 0.70710678 0 0
-2.55 0 0.9 0 0 0 -0.85077785 -0.80469405 -0.74017673 2.442347 -2.2537949 -2.2537949 -3.6888795 0.70710678 0.70710678 0 0
-2.55 3 0.9 0 0 0 -1.0634723 -0.95712508 -0.70898154 2.442347 -2.2537949 -2.2537949 -3.6888795 0.70710678 0.70710678 0 0
-2.55 0 1.05 0 0 0 -0.85077785 -0.80469405 -0.74017673 2.442347 -2.2537949 -2.2537949 -3.6888795 0.70710678 0.70710678 0 0
-2.55 3 1.05 0 0 0 -1.0634723 -0.95712508 -0.70898154 2.442347 -2.2537949 -2.2537949 -3.6888795 0.70710678 0.70710678 0 0
-2.55 0 1.2 0 0 0 -0.85077785 -0.80469405 -0.74017673 2.442347 -2.2537949 -2.2537949 -3.6888795 0.70710678 0.70710678 0 0
-2.55 3 1.2 0 0 0 -1.0634723 -0.95712508 -0.70898154 2.442347 -2.2537949 -2.2537949 -3.6888795 0.70710678 0.70710678 0 0
-2.55 0 1.35 0 0 0 -0.85077785 -0.80469405 -0.74017673 2.442347 -2.2537949 -2.2537949 -3.6888795 0.70710678 0.70710678 0 0
-2.55 3 1.35 0 0 0 -1.0634723 -0.95712508 -0.70898154 2.442347 -2.2537949 -2.2537949 -3.6888795 0.70710678 0.70710678 0 0
-2.55 0 1.5 0 0 0 -0.28359262 -0.20914955 -0.10492927 2.442347 -2.2537949 -2.2537949 -3.6888795 0.70710678 0.70710678 0 0
-2.55 3 1.5 0 0 0 -1.0634723 -0.95712508 -0.70898154 2.442347 -2.2537949 -2.2537949 -3.6888795 0.70710678 0.70710678 0 0
-2.55 0 1.65 0 0 0 -0.28359262 -0.20914955 -0.10492927 2.442347 -2.2537949 -2.2537949 -3.6888795 0.70710678 0.70710678 0 0
-2.55 3 1.65 0 0 0 -1.0634723 -0.95712508 -0.70898154 2.442347 -2.2537949 -2.2537949 -3.6888795 0.70710678 0.70710678 0 0
-2.55 0 1.8 0 0 0 -0.28359262 -0.20914955 -0.10492927 2.442347 -2.2537949 -2.2537949 -3.6888795 0.70710678 0.70710678 0 0
-2.55 3 1.8 0 0 0 -1.0634723 -0.95712508 -0.70898154 2.442347 -2.2537949 -2.2537949 -3.6888795 0.70710678 0.70710678 0 0
-2.55 0 1.95 0 0 0 -0.28359262 -0.20914955 -0.10492927 2.442347 -2.2537949 -2.2537949 -3.6888795 0.70710678 0.70710678 0 0
-2.55 3 1.95 0 0 0 -1.0634723 -0.95712508 -0.70898154 2.442347 -2.2537949 -2.2537949 -3.6888795 0.70710678 0.70710678 0 0
-2.55 0 2.1 0 0 0 -0.28359262 -0.20914955 -0.10492927 2.442347 -2.2537949 -2.2537949 -3.6888795 0.70710678 0.70710678 0 0
-2.55 3 2.1 0 0 0 -1.0634723 -0.95712508 -0.70898154 2.442347 -2.2537949 -2.2537949 -3.6888795 0.70710678 0.70710678 0 0
-2.55 0 2.25 0 0 0 -0.85077785 -0.80469405 -0.74017673 2.442347 -2.2537949 -2.2537949 -3.6888795 0.70710678 0.70710678 0 0
-2.55 3 2.25 0 0 0 -1.0634723 -0.95712508 -0.70898154 2.442347 -2.2537949 -2.2537949 -3.6888795 0.70710678 0.70710678 0 0
-2.55 0 2.4 0 0 0 -0.85077785 -0.80469405 -0.74017673 2.442347 -2.2537949 -2.2537949 -3.6888795 0.70710678 0.70710678 0 0
-2.55 3 2.4 0 0 0 -1.0634723 -0.95712508 -0.70898154 2.442347 -2.2537949 -2.2537949 -3.6888795 0.70710678 0.70710678 0 0
-2.55 0 2.55 0 0 0 -0.85077785 -0.80469405 -0.74017673 2.442347 -2.2537949 -2.2537949 -3.6888795 0.70710678 0.70710678 0 0
-2.55 3 2.55 0 0 0 -1.0634723 -0.95712508 -0.70898154 2.442347 -2.2537949 -2.2537949 -3.6888795 0.70710678 0.70710678 0 0
-2.55 0 2.7 0 0 0 -0.85077785 -0.80469405 -0.74017673 2.442347 -2.2537949 -2.2537949 -3.6888795 0.70710678 0.70710678 0 0
-2.55 3 2.7 0 0 0 -1.0634723 -0.95712508 -0.70898154 2.442347 -2.2537949 -2.2537949 -3.6888795 0.70710678 0.70710678 0 0
-2.55 0 2.85 0 0 0 -0.85077785 -0.80469405 -0.74017673 2.442347 -2.2537949 -2.2537949 -3.6888795 0.70710678 0.70710678 0 0
-2.55 3 2.85 0 0 0 -1.0634723 -0.95712508 -0.70898154 2.442347 -2.2537949 -2.2537949 -3.6888795 0.70710678 0.70710678 0 0
-2.55 0 3 0 0 0 -0.28359262 -0.20914955 -0.10492927 2.442347 -2.2537949 -2.2537949 -3.6888795 0.70710678 0.70710678 0 0
-2.55 3 3 0 0 0 -1.0634723 -0.95712508 -0.70898154 2.442347 -2.2537949 -2.2537949 -3.6888795 0.70710678 0.70710678 0 0
-2.55 0 -3 0 0 0 -1.1343705 -0.77987969 -0.56718523 2.442347 -2.2537949 -2.2537949 -3.6888795 1 0 0 0
-2.55 0 3 0 0 0 -0.56718523 -0.95712508 -1.1343705 2.442347 -2.2537949 -2.2537949 -3.6888795 1 0 0 0
-3 0 -2.55 0 0 0 -0.88622693 -0.99257416 -0.63808339 2.442347 -2.2537949 -2.2537949 -3.6888795 0.70710678 0 0.70710678 0
3 0 -2.55 0 0 0 -1.0280232 -0.70898154 -0.921676 2.442347 -2.2537949 -2.2537949 -3.6888795 0.70710678 0 0.70710678 0
-2.55 0.15 -3 0 0 0 -1.1343705 -0.77987969 -0.56718523 2.442347 -2.2537949 -2.2537949 -3.6888795 1 0 0 0
-2.55 0.15 3 0 0 0 -0.56718523 -0.95712508 -1.1343705 2.442347 -2.2537949 -2.2537949 -3.6888795 1 0 0 0
-3 0.15 -2.55 0 0 0 -0.88622693 -0.99257416 -0.63808339 2.442347 -2.2537949 -2.2537949 -3.6888795 0.70710678 0 0.70710678 0
3 0.15 -2.55 0 0 0 -1.0280232 -0.70898154 -0.921676 2.442347 -2.2537949 -2.2537949 -3.6888795 0.70710678 0 0.70710678 0
-2.55 0.3 -3 0 0 0 -1.1343705 -0.77987969 -0.56718523 2.442347 -2.2537949 -2.2537949 -3.6888795 1 0 0 0
-2.55 0.3 3 0 0 0 -0.56718523 -0.95712508 -1.1343705 2.442347 -2.2537949 -2.2537949 -3.6888795 1 0 0 0
-3 0.3 -2.55 0 0 0 -0.88622693 -0.99257416 -0.63808339 2.442347 -2.2537949 -2.2537949 -3.6888795 0.70710678 0 0.70710678 0
3 0.3 -2.55 0 0 0 -1.0280232 -0.70898154 -0.921676 2.442347 -2.2537949 -2.2537949 -3.6888795 0.70710678 0 0.70710678 0
-2.55 0.45 -3 0 0 0 -1.1343705 -0.77987969 -0.56718523 2.442347 -2.2537949 -2.2537949 -3.6888795 1 0 0 0
-2.55 0.45 3 0 0 0 -0.56718523 -0.95712508 -1.1343705 2.442347 -2.2537949 -2.2537949 -3.6888795 1 0 0 0
-3 0.45 -2.55 0 0 0 -0.88622693 -0.99257416 -0.63808339 2.442347 -2.2537949 -2.2537949 -3.6888795 0.70710678 0 0.70710678 0
3 0.45 -2.55 0 0 0 -1.0280232 -0.70898154 -0.921676 2.442347 -2.2537949 -2.2537949 -3.6888795 0.70710678 0 0.70710678 0
-2.55 0.6 -3 0 0 0 -1.1343705 -0.77987969 -0.56718523 2.442347 -2.2537949 -2.2537949 -3.6888795 1 0 0 0
-2.55 0.6 3 0 0 0 -0.56718523 -0.95712508 -1.1343705 2.442347 -2.2537949 -2.2537949 -3.6888795 1 0 0 0
-3 0.6 -2.55 0 0 0 -0.88622693 -0.99257416 -0.63808339 2.442347 -2.2537949 -2.2537949 -3.6888795 0.70710678 0 0.70710678 0
3 0.6 -2.55 0 0 0 -1.0280232 -0.70898154 -0.921676 2.442347 -2.2537949 -2.2537949 -3.6888795 0.70710678 0 0.70710678 0
-2.55 0.75 -3 0 0 0 -1.1343705 -0.77987969 -0.56718523 2.442347 -2.2537949 -2.2537949 -3.6888795 1 0 0 0
-2.55 0.75 3 0 0 0 -0.56718523 -0.95712508 -1.1343705 2.442347 -2.2537949 -2.2537949 -3.6888795 1 0 0 0
-3 0.75 -2.55 0 0 0 -0.88622693 -0.99257416 -0.63808339 2.442347 -2.2537949 -2.2537949 -3.6888795 0.70710678 0 0.70710678 0
3 0.75 -2.55 0 0 0 -1.0280232 -0.70898154 -0.921676 2.442347 -2.2537949 -2.2537949 -3.6888795 0.70710678 0 0.70710678 0
-2.55 0.9 -3 0 0 0 -1.1343705 -0.77987969 -0.56718523 2.442347 -2.2537949 -2.2537949 -3.6888795 1 0 0 0
-2.55 0.9 3 0 0 0 -0.56718523 -0.95712508 -1.1343705 2.442347 -2.2537949 -2.2537949 -3.6888795 1 0 0 0
-3 0.9 -2.55 0 0 0 -0.88622693 -0.99257416 -0.63808339 2.442347 -2.2537949 -2.2537949 -3.6888795 0.70710678 0 0.70710678 0
3 0.9 -2.55 0 0 0 -1.0280232 -0.70898154 -0.921676 2.442347 -2.2537949 -2.2537949 -3.6888795 0.70710678 0 0.70710678 0
-2.55 1.05 -3 0 0 0 -1.1343705 -0.77987969 -0.56718523 2.442347 -2.2537949 -2.2537949 -3.6888795 1 0 0 0
-2.55 1.05 3 0 0 0 -0.56718523 -0.95712508 -1.1343705 2.442347 -2.2537949 -2.2537949 -3.6888795 1 0 0 0
-3 1.05 -2.55 0 0 0 -0.88622693 -0.99257416 -0.63808339 2.442347 -2.2537949 -2.2537949 -3.6888795 0.70710678 0 0.70710678 0
3 1.05 -2.55 0 0 0 -1.0280232 -0.70898154 -0.921676 2.442347 -2.2537949 -2.2537949 -3.6888795 0.70710678 0 0.70710678 0
-2.55 1.2 -3 0 0 0 -1.1343705 -0.77987969 -0.56718523 2.442347 -2.2537949 -2.2537949 -3.6888795 1 0 0 0
-2.55 1.2 3 0 0 0 -0.56718523 -0.95712508 -1.1343705 2.442347 -2.2537949 -2.2537949 -3.6888795 1 0 0 0
-3 1.2 -2.55 0 0 0 -0.88622693 -0.99257416 -0.63808339 2.442347 -2.2537949 -2.2537949 -3.6888795 0.70710678 0 0.70710678 0
3 1.2 -2.55 0 0 0 -1.0280232 -0.70898154 -0.921676 2.442347 -2.2537949 -2.2537949 -3.6888795 0.70710678 0 0.70710678 0
-2.55 1.35 -3 0 0 0 -1.1343705 -0.77987969 -0.56718523 2.442347 -2.2537949 -2.2537949 -3.6888795 1 0 0 0
-2.55 1.35 3 0 0 0 -0.56718523 -0.95712508 -1.1343705 2.442347 -2.2537949 -2.2537949 -3.6888795 1 0 0 0
-3 1.35 -2.55 0 0 0 -0.88622693 -0.99257416 -0.63808339 2.442347 -2.2537949 -2.2537949 -3.6888795 0.70710678 0 0.70710678 0
3 1.35 -2.55 0 0 0 -1.0280232 -0.70898154 -0.921676 2.442347 -2.2537949 -2.2537949 -3.6888795 0.70710678 0 0.70710678 0
-2.55 1.5 -3 0 0 0 -1.1343705 -0.77987969 -0.56718523 2.442347 -2.2537949 -2.2537949 -3.6888795 1 0 0 0
-2.55 1.5 3 0 0 0 -0.56718523 -0.95712508 -1.1343705 2.442347 -2.2537949 -2.2537949 -3.6888795 1 0 0 0
-3 1.5 -2.55 0 0 0 -0.88622693 -0.99257416 -0.63808339 2.442347 -2.2537949 -2.2537949 -3.6888795 0.70710678 0 0.70710678 0
3 1.5 -2.55 0 0 0 -1.0280232 -0.70898154 -0.921676 2.442347 -2.2537949 -2.2537949 -3.6888795 0.70710678 0 0.70710678 0
-2.55 1.65 -3 0 0 0 -1.1343705 -0.77987969 -0.56718523 2.442347 -2.2537949 -2.2537949 -3.6888795 1 0 0 0
-2.55 1.65 3 0 0 0 -0.56718523 -0.95712508 -1.1343705 2.442347 -2.2537949 -2.2537949 -3.6888795 1 0 0 0
-3 1.65 -2.55 0 0 0 -0.88622693 -0.99257416 -0.63808339 2.442347 -2.2537949 -2.2537949 -3.6888795 0.70710678 0 0.70710678 0
3 1.65 -2.55 0 0 0 -1.0280232 -0.70898154 -0.921676 2.442347 -2.2537949 -2.2537949 -3.6888795 0.70710678 0 0.70710678 0
-2.55 1.8 -3 0 0 0 -1.1343705 -0.77987969 -0.56718523 2.442347 -2.2537949 -2.2537949 -3.6888795 1 0 0 0
-2.55 1.8 3 0 0 0 -0.56718523 -0.95712508 -1.1343705 2.442347 -2.2537949 -2.2537949 -3.6888795 1 0 0 0
-3 1.8 -2.55 0 0 0 -0.88622693 -0.99257416 -0.63808339 2.442347 -2.2537949 -2.2537949 -3.6888795 0.70710678 0 0.70710678 0
3 1.8 -2.55 0 0 0 -1.0280232 -0.70898154 -0.921676 2.442347 -2.2537949 -2.2537949 -3.6888795 0.70710678 0 0.70710678 0
-2.55 1.95 -3 0 0 0 -1.1343705 -0.77987969 -0.56718523 2.442347 -2.2537949 -2.2537949 -3.6888795 1 0 0 0
-2.55 1.95 3 0 0 0 -0.56718523 -0.95712508 -1.1343705 2.442347 -2.2537949 -2.2537949 -3.6888795 1 0 0 0
-3 1.95 -2.55 0 0 0 -0.88622693 -0.99257416 -0.63808339 2.442347 -2.2537949 -2.2537949 -3.6888795 0.70710678 0 0.70710678 0
3 1.95 -2.55 0 0 0 -1.0280232 -0.70898154 -0.921676 2.442347 -2.2537949 -2.2537949 -3.6888795 0.70710678 0 0.70710678 0
-2.55 2.1 -3 0 0 0 -1.1343705 -0.77987969 -0.56718523 2.442347 -2.2537949 -2.2537949 -3.6888795 1 0 0 0
-2.55 2.1 3 0 0 0 -0.56718523 -0.95712508 -1.1343705 2.442347 -2.2537949 -2.2537949 -3.6888795 1 0 0 0
-3 2.1 -2.55 0 0 0 -0.88622693 -0.99257416 -0.63808339 2.442347 -2.2537949 -2.2537949 -3.6888795 0.70710678 0 0.70710678 0
3 2.1 -2.55 0 0 0 -1.0280232 -0.70898154 -0.921676 2.442347 -2.2537949 -2.2537949 -3.6888795 0.70710678 0 0.70710678 0
-2.55 2.25 -3 0 0 0 -1.1343705 -0.77987969 -0.56718523 2.442347 -2.2537949 -2.2537949 -3.6888795 1 0 0 0
-2.55 2.25 3 0 0 0 -0.56718523 -0.95712508 -1.1343705 2.442347 -2.2537949 -2.2537949 -3.6888795 1 0 0 0
-3 2.25 -2.55 0 0 0 -0.88622693 -0.99257416 -0.63808339 2.442347 -2.2537949 -2.2537949 -3.6888795 0.70710678 0 0.70710678 0
3 2.25 -2.55 0 0 0 -1.0280232 -0.70898154 -0.921676 2.442347 -2.2537949 -2.2537949 -3.6888795 0.70710678 0 0.70710678 0
-2.55 2.4 -3 0 0 0 -1.1343705 -0.77987969 -0.56718523 2.442347 -2.2537949 -2.2537949 -3.6888795 1 0 0 0
-2.55 2.4 3 0 0 0 -0.56718523 -0.95712508 -1.1343705 2.442347 -2.2537949 -2.2537949 -3.6888795 1 0 0 0
-3 2.4 -2.55 0 0 0 -0.88622693 -0.99257416 -0.63808339 2.442347 -2.2537949 -2.2537949 -3.6888795 0.70710678 0 0.70710678 0
3 2.4 -2.55 0 0 0 -1.0280232 -0.70898154 -0.921676 2.442347 -2.2537949 -2.2537949 -3.6888795 0.70710678 0 0.70710678 0
-2.55 2.55 -3 0 0 0 -1.1343705 -0.77987969 -0.56718523 2.442347 -2.2537949 -2.2537949 -3.6888795 1 0 0 0
-2.55 2.55 3 0 0 0 -0.56718523 -0.95712508 -1.1343705 2.442347 -2.2537949 -2.2537949 -3.6888795 1 0 0 0
-3 2.55 -2.55 0 0 0 -0.88622693 -0.99257416 -0.63808339 2.442347 -2.2537949 -2.2537949 -3.6888795 0.70710678 0 0.70710678 0
3 2.55 -2.55 0 0 0 -1.0280232 -0.70898154 -0.921676 2.442347 -2.2537949 -2.2537949 -3.6888795 0.70710678 0 0.70710678 0
-2.55 2.7 -3 0 0 0 -1.1343705 -0.77987969 -0.56718523 2.442347 -2.2537949 -2.2537949 -3.6888795 1 0 0 0
-2.55 2.7 3 0 0 0 -0.56718523 -0.95712508 -1.1343705 2.442347 -2.2537949 -2.2537949 -3.6888795 1 0 0 0
-3 2.7 -2.55 0 0 0 -0.88622693 -0.99257416 -0.63808339 2.442347 -2.2537949 -2.2537949 -3.6888795 0.70710678 0 0.70710678 0
3 2.7 -2.55 0 0 0 -1.0280232 -0.70898154 -0.921676 2.442347 -2.2537949 -2.2537949 -3.6888795 0.70710678 0 0.70710678 0
-2.55 2.85 -3 0 0 0 -1.1343705 -0.77987969 -0.56718523 2.442347 -2.2537949 -2.2537949 -3.6888795 1 0 0 0
-2.55 2.85 3 0 0 0 -0.56718523 -0.95712508 -1.1343705 2.442347 -2.2537949 -2.2537949 -3.6888795 1 0 0 0
-3 2.85 -2.55 0 0 0 -0.88622693 -0.99257416 -0.63808339 2.442347 -2.2537949 -2.2537949 -3.6888795 0.70710678 0 0.70710678 0
3 2.85 -2.55 0 0 0 -1.0280232 -0.70898154 -0.921676 2.442347 -2.2537949 -2.2537949 -3.6888795 0.70710678 0 0.70710678 0
-2.55 3 -3 0 0 0 -1.1343705 -0.77987969 -0.56718523 2.442347 -2.2537949 -2.2537949 -3.6888795 1 0 0 0
-2.55 3 3 0 0 0 -0.56718523 -0.95712508 -1.1343705 2.442347 -2.2537949 -2.2537949 -3.6888795 1 0 0 0
-3 3 -2.55 0 0 0 -0.88622693 -0.99257416 -0.63808339 2.442347 -2.2537949 -2.2537949 -3.6888795 0.70710678 0 0.70710678 0
3 3 -2.55 0 0 0 -1.0280232 -0.70898154 -0.921676 2.442347 -2.2537949 -2.2537949 -3.6888795 0.70710678 0 0.70710678 0
-2.4 0 -3 0 0 0 -0.28359262 -0.20914955 -0.10492927 2.442347 -2.2537949 -2.2537949 -3.6888795 0.70710678 0.70710678 0 0
-2.4 3 -3 0 0 0 -1.0634723 -0.95712508 -0.70898154 2.442347 -2.2537949 -2.2537949 -3.6888795 0.70710678 0.70710678 0 0
-2.4 0 -2.85 0 0 0 -0.28359262 -0.20914955 -0.10492927 2.442347 -2.2537949 -2.2537949 -3.6888795 0.70710678 0.70710678 0 0
-2.4 3 -2.85 0 0 0 -1.0634723 -0.95712508 -0.70898154 2.442347 -2.2537949 -2.2537949 -3.6888795 0.70710678 0.70710678 0 0
-2.4 0 -2.7 0 0 0 -0.28359262 -0.20914955 -0.10492927 2.442347 -2.2537949 -2.2537949 -3.6888795 0.70710678 0.70710678 0 0
-2.4 3 -2.7 0 0 0 -1.0634723 -0.95712508 -0.70898154 2.442347 -2.2537949 -2.2537949 -3.6888795 0.70710678 0.70710678 0 0
-2.4 0 -2.55 0 0 0 -0.28359262 -0.20914955 -0.10492927 2.442347 -2.2537949 -2.2537949 -3.6888795 0.70710678 0.70710678 0 0
-2.4 3 -2.55 0 0 0 -1.0634723 -0.95712508 -0.70898154 2.442347 -2.2537949 -2.2537949 -3.6888795 0.70710678 0.70710678 0 0
-2.4 0 -2.4 0 0 0 -0.28359262 -0.20914955 -0.10492927 2.442347 -2.2537949 -2.2537949 -3.6888795 0.70710678 0.70710678 0 0
-2.4 3 -2.4 0 0 0 -1.0634723 -0.95712508 -0.70898154 2.442347 -2.2537949 -2.2537949 -3.6888795 0.70710678 0.70710678 0 0
-2.4 0 -2.25 0 0 0 -0.85077785 -0.80469405 -0.74017673 2.442347 -2.2537949 -2.2537949 -3.6888795 0.70710678 0.70710678 0 0
-2.4 3 -2.25 0 0 0 -1.0634723 -0.95712508 -0.70898154 2.442347 -2.2537949 -2.2537949 -3.6888795 0.70710678 0.70710678 0 0
-2.4 0 -2.1 0 0 0 -0.85077785 -0.80469405 -0.74017673 2.442347 -2.2537949 -2.2537949 -3.6888795 0.70710678 0.70710678 0 0
-2.4 3 -2.1 0 0 0 -1.0634723 -0.95712508 -0.70898154 2.442347 -2.2537949 -2.2537949 -3.6888795 0.70710678 0.70710678 0 0
-2.4 0 -1.95 0 0 0 -0.85077785 -0.80469405 -0.74017673 2.442347 -2.2537949 -2.2537949 -3.6888795 0.70710678 0.70710678 0 0
-2.4 3 -1.95 0 0 0 -1.0634723 -0.95712508 -0.70898154 2.442347 -2.2537949 -2.2537949 -3.6888795 0.70710678 0.70710678 0 0
-2.4 0 -1.8 0 0 0 -0.85077785 -0.80469405 -0.74017673 2.442347 -2.2537949 -2.2537949 -3.6888795 0.70710678 0.70710678 0 0
-2.4 3 -1.8 0 0 0 -1.0634723 -0.95712508 -0.70898154 2.442347 -2.2537949 -2.2537949 -3.6888795 0.70710678 0.70710678 0 0
-2.4 0 -1.65 0 0 0 -0.85077785 -0.80469405 -0.74017673 2.442347 -2.2537949 -2.2537949 -3.6888795 0.70710678 0.70710678 0 0
-2.4 3 -1.65 0 0 0 -1.0634723 -0.95712508 -0.70898154 2.442347 -2.2537949 -2.2537949 -3.6888795 0.70710678 0.70710678 0 0
-2.4 0 -1.5 0 0 0 -0.28359262 -0.20914955 -0.10492927 2.442347 -2.2537949 -2.2537949 -3.6888795 0.70710678 0.70710678 0 0
-2.4 3 -1.5 0 0 0 -1.0634723 -0.95712508 -0.70898154 2.442347 -2.2537949 -2.2537949 -3.6888795 0.70710678 0.70710678 0 0
-2.4 0 -1.35 0 0 0 -0.28359262 -0.20914955 -0.10492927 2.442347 -2.2537949 -2.2537949 -3.6888795 0.70710678 0.70710678 0 0
-2.4 3 -1.35 0 0 0 -1.0634723 -0.95712508 -0.70898154 2.442347 -2.2537949 -2.2537949 -3.6888795 0.70710678 0.70710678 0 0
-2.4 0 -1.2 0 0 0 -0.28359262 -0.20914955 -0.10492927 2.442347 -2.2537949 -2.2537949 -3.6888795 0.70710678 0.70710678 0 0
-2.4 3 -1.2 0 0 0 -1.0634723 -0.95712508 -0.70898154 2.442347 -2.2537949 -2.2537949 -3.6888795 0.70710678 0.70710678 0 0
-2.4 0 -1.05 0 0 0 -0.28359262 -0.20914955 -0.10492927 2.442347 -2.2537949 -2.2537949 -3.6888795 0.70710678 0.70710678 0 0
-2.4 3 -1.05 0 0 0 -1.0634723 -0.95712508 -0.70898154 2.442347 -2.2537949 -2.2537949 -3.6888795 0.70710678 0.70710678 0 0
-2.4 0 -0.9 0 0 0 -0.28359262 -0.20914955 -0.10492927 2.442347 -2.2537949 -2.2537949 -3.6888795 0.70710678 0.70710678 0 0
-2.4 3 -0.9 0 0 0 -1.0634723 -0.95712508 -0.70898154 2.442347 -2.2537949 -2.2537949 -3.6888795 0.70710678 0.70710678 0 0
-2.4 0 -0.75 0 0 0 -0.85077785 -0.80469405 -0.74017673 2.442347 -2.2537949 -2.2537949 -3.6888795 0.70710678 0.70710678 0 0
-2.4 3 -0.75 0 0 0 -1.0634723 -0.95712508 -0.70898154 2.442347 -2.2537949 -2.2537949 -3.6888795 0.70710678 0.70710678 0 0
-2.4 0 -0.6 0 0 0 -0.85077785 -0.80469405 -0.74017673 2.442347 -2.2537949 -2.2537949 -3.6888795 0.70710678 0.70710678 0 0
-2.4 3 -0.6 0 0 0 -1.0634723 -0.95712508 -0.70898154 2.442347 -2.2537949 -2.2537949 -3.6888795 0.70710678 0.70710678 0 0
-2.4 0 -0.45 0 0 0 -0.85077785 -0.80469405 -0.74017673 2.442347 -2.2537949 -2.2537949 -3.6888795 0.70710678 0.70710678 0 0
-2.4 3 -0.45 0 0 0 -1.0634723 -0.95712508 -0.70898154 2.442347 -2.2537949 -2.2537949 -3.6888795 0.70710678 0.70710678 0 0
-2.4 0 -0.3 0 0 0 -0.85077785 -0.80469405 -0.74017673 2.442347 -2.2537949 -2.2537949 -3.6888795 0.70710678 0.70710678 0 0
-2.4 3 -0.3 0 0 0 -1.0634723 -0.95712508 -0.70898154 2.442347 -2.2537949 -2.2537949 -3.6888795 0.70710678 0.70710678 0 0
-2.4 0 -0.15 0 0 0 -0.85077785 -0.80469405 -0.74017673 2.442347 -2.2537949 -2.2537949 -3.6888795 0.70710678 0.70710678 0 0
-2.4 3 -0.15 0 0 0 -1.0634723 -0.95712508 -0.70898154 2.442347 -2.2537949 -2.2537949 -3.6888795 0.70710678 0.70710678 0 0
-2.4 0 0 0 0 0 -0.28359262 -0.20914955 -0.10492927 2.442347 -2.2537949 -2.2537949 -3.6888795 0.70710678 0.70710678 0 0
-2.4 3 0 0 0 0 -1.0634723 -0.95712508 -0.70898154 2.442347 -2.2537949 -2.2537949 -3.6888795 0.70710678 0.70710678 0 0
-2.4 0 0.15 0 0 0 -0.28359262 -0.20914955 -0.10492927 2.442347 -2.2537949 -2.2537949 -3.6888795 0.70710678 0.70710678 0 0
-2.4 3 0.15 0 0 0 -1.0634723 -0.95712508 -0.70898154 2.442347 -2.2537949 -2.2537949 -3.6888795 0.70710678 0.70710678 0 0
-2.4 0 0.3 0 0 0 -0.28359262 -0.20914955 -0.10492927 2.442347 -2.2537949 -2.2537949 -3.6888795 0.70710678 0.70710678 0 0
-2.4 3 0.3 0 0 0 -1.0634723 -0.95712508 -0.70898154 2.442347 -2.2537949 -2.2537949 -3.6888795 0.70710678 0.70710678 0 0
-2.4 0 0.45 0 0 0 -0.28359262 -0.20914955 -0.10492927 2.442347 -2.2537949 -2.2537949 -3.6888795 0.70710678 0.70710678 0 0
-2.4 3 0.45 0 0 0 -1.0634723 -0.95712508 -0.70898154 2.442347 -2.2537949 -2.2537949 -3.6888795 0.70710678 0.70710678 0 0
-2.4 0 0.6 0 0 0 -0.28359262 -0.20914955 -0.10492927 2.442347 -2.2537949 -2.2537949 -3.6888795 0.70710678 0.70710678 0 0
-2.4 3 0.6 0 0 0 -1.0634723 -0.95712508 -0.70898154 2.442347 -2.2537949 -2.2537949 -3.6888795 0.70710678 0.70710678 0 0
-2.4 0 0.75 0 0 0 -0.85077785 -0.80469405 -0.74017673 2.442347 -2.2537949 -2.2537949 -3.6888795 0.70710678 0.70710678 0 0
-2.4 3 0.75 0 0 0 -1.0634723 -0.95712508 -0.70898154 2.442347 -2.2537949 -2.2537949 -3.6888795 0.70710678 0.70710678 0 0
-2.4 0 0.9 0 0 0 -0.85077785 -0.80469405 -0.74017673 2.442347 -2.2537949 -2.2537949 -3.6888795 0.70710678 0.70710678 0 0
-2.4 3 0.9 0 0 0 -1.0634723 -0.95712508 -0.70898154 2.442347 -2.2537949 -2.2537949 -3.6888795 0.70710678 0.70710678 0 0
-2.4 0 1.05 0 0 0 -0.85077785 -0.80469405 -0.74017673 2.442347 -2.2537949 -2.2537949 -3.6888795 0.70710678 0.70710678 0 0
-2.4 3 1.05 0 0 0 -1.0634723 -0.95712508 -0.70898154 2.442347 -2.2537949 -2.2537949 -3.6888795 0.70710678 0.70710678 0 0
-2.4 0 1.2 0 0 0 -0.85077785 -0.80469405 -0.74017673 2.442347 -2.2537949 -2.2537949 -3.6888795 0.70710678 0.70710678 0 0
-2.4 3 1.2 0 0 0 -1.0634723 -0.95712508 -0.70898154 2.442347 -2.2537949 -2.2537949 -3.6888795 0.70710678 0.70710678 0 0
-2.4 0 1.35 0 0 0 -0.85077785 -0.80469405 -0.74017673 2.442347 -2.2537949 -2.2537949 -3.6888795 0.70710678 0.70710678 0 0
-2.4 3 1.35 0 0 0 -1.0634723 -0.95712508 -0.70898154 2.442347 -2.2537949 -2.2537949 -3.6888795 0.70710678 0.70710678 0 0
-2.4 0 1.5 0 0 0 -0.28359262 -0.20914955 -0.10492927 2.442347 -2.2537949 -2.2537949 -3.6888795 0.70710678 0.70710678 0 0
-2.4 3 1.5 0 0 0 -1.0634723 -0.95712508 -0.70898154 2.442347 -2.2537949 -2.2537949 -3.6888795 0.70710678 0.70710678 0 0
-2.4 0 1.65 0 0 0 -0.28359262 -0.20914955 -0.10492927 2.442347 -2.2537949 -2.2537949 -3.6888795 0.70710678 0.70710678 0 0
-2.4 3 1.65 0 0 0 -1.0634723 -0.95712508 -0.70898154 2.442347 -2.2537949 -2.2537949 -3.6888795 0.70710678 0.70710678 0 0
-2.4 0 1.8 0 0 0 -0.28359262 -0.20914955 -0.10492927 2.442347 -2.2537949 -2.2537949 -3.6888795 0.70710678 0.70710678 0 0
-2.4 3 1.8 0 0 0 -1.0634723 -0.95712508 -0.70898154 2.442347 -2.2537949 -2.2537949 -3.6888795 0.70710678 0.70710678 0 0
-2.4 0 1.95 0 0 0 -0.28359262 -0.20914955 -0.10492927 2.442347 -2.2537949 -2.2537949 -3.6888795 0.70710678 0.70710678 0 0
-2.4 3 1.95 0 0 0 -1.0634723 -0.95712508 -0.70898154 2.442347 -2.2537949 -2.2537949 -3.6888795 0.70710678 0.70710678 0 0
-2.4 0 2.1 0 0 0 -0.28359262 -0.20914955 -0.10492927 2.442347 -2.2537949 -2.2537949 -3.6888795 0.70710678 0.70710678 0 0
-2.4 3 2.1 0 0 0 -1.0634723 -0.95712508 -0.70898154 2.442347 -2.2537949 -2.2537949 -3.6888795 0.70710678 0.70710678 0 0
-2.4 0 2.25 0 0 0 -0.85077785 -0.80469405 -0.74017673 2.442347 -2.2537949 -2.2537949 -3.6888795 0.70710678 0.70710678 0 0
-2.4 3 2.25 0 0 0 -1.0634723 -0.95712508 -0.70898154 2.442347 -2.2537949 -2.2537949 -3.6888795 0.70710678 0.70710678 0 0
-2.4 0 2.4 0 0 0 -0.85077785 -0.80469405 -0.74017673 2.442347 -2.2537949 -2.2537949 -3.6888795 0.70710678 0.70710678 0 0
-2.4 3 2.4 0 0 0 -1.0634723 -0.95712508 -0.70898154 2.442347 -2.2537949 -2.2537949 -3.6888795 0.70710678 0.70710678 0 0
-2.4 0 2.55 0 0 0 -0.85077785 -0.80469405 -0.74017673 2.442347 -2.2537949 -2.2537949 -3.6888795 0.70710678 0.70710678 0 0
-2.4 3 2.55 0 0 0 -1.0634723 -0.95712508 -0.70898154 2.442347 -2.2537949 -2.2537949 -3.6888795 0.70710678 0.70710678 0 0
-2.4 0 2.7 0 0 0 -0.85077785 -0.80469405 -0.74017673 2.442347 -2.2537949 -2.2537949 -3.6888795 0.70710678 0.70710678 0 0
-2.4 3 2.7 0 0 0 -1.0634723 -0.95712508 -0.70898154 2.442347 -2.2537949 -2.2537949 -3.6888795 0.70710678 0.70710678 0 0
-2.4 0 2.85 0 0 0 -0.85077785 -0.80469405 -0.74017673 2.442347 -2.2537949 -2.2537949 -3.6888795 0.70710678 0.70710678 0 0
-2.4 3 2.85 0 0 0 -1.0634723 -0.95712508 -0.70898154 2.442347 -2.2537949 -2.2537949 -3.6888795 0.70710678 0.70710678 0 0
-2.4 0 3 0 0 0 -0.28359262 -0.20914955 -0.10492927 2.442347 -2.2537949 -2.2537949 -3.6888795 0.70710678 0.70710678 0 0
-2.4 3 3 0 0 0 -1.0634723 -0.95712508 -0.70898154 2.442347 -2.2537949 -2.2537949 -3.6888795 0.70710678 0.70710678 0 0
-2.4 0 -3 0 0 0 -1.1343705 -0.77987969 -0.56718523 2.442347 -2.2537949 -2.2537949 -3.6888795 1 0 0 0
-2.4 0 3 0 0 0 -0.56718523 -0.95712508 -1.1343705 2.442347 -2.2537949 -2.2537949 -3.6888795 1 0 0 0
-3 0 -2.4 0 0 0 -0.88622693 -0.99257416 -0.63808339 2.442347 -2.2537949 -2.2537949 -3.6888795 0.70710678 0 0.70710678 0
3 0 -2.4 0 0 0 -1.0280232 -0.70898154 -0.921676 2.442347 -2.2537949 -2.2537949 -3.6888795 0.70710678 0 0.70710678 0
-2.4 0.15 -3 0 0 0 -1.1343705 -0.77987969 -0.56718523 2.442347 -2.2537949 -2.2537949 -3.6888795 1 0 0 0
-2.4 0.15 3 0 0 0 -0.56718523 -0.95712508 -1.1343705 2.442347 -2.2537949 -2.2537949 -3.6888795 1 0 0 0
-3 0.15 -2.4 0 0 0 -0.88622693 -0.99257416 -0.63808339 2.442347 -2.2537949 -2.2537949 -3.6888795 0.70710678 0 0.70710678 0
3 0.15 -2.4 0 0 0 -1.0280232 -0.70898154 -0.921676 2.442347 -2.2537949 -2.2537949 -3.6888795 0.70710678 0 0.70710678 0
-2.4 0.3 -3 0 0 0 -1.1343705 -0.77987969 -0.56718523 2.442347 -2.2537949 -2.2537949 -3.6888795 1 0 0 0
-2.4 0.3 3 0 0 0 -0.56718523 -0.95712508 -1.1343705 2.442347 -2.2537949 -2.2537949 -3.6888795 1 0 0 0
-3 0.3 -2.4 0 0 0 -0.88622693 -0.99257416 -0.63808339 2.442347 -2.2537949 -2.2537949 -3.6888795 0.70710678 0 0.70710678 0
3 0.3 -2.4 0 0 0 -1.0280232 -0.70898154 -0.921676 2.442347 -2.2537949 -2.2537949 -3.6888795 0.70710678 0 0.70710678 0
-2.4 0.45 -3 0 0 0 -1.1343705 -0.77987969 -0.56718523 2.442347 -2.2537949 -2.2537949 -3.6888795 1 0 0 0
-2.4 0.45 3 0 0 0 -0.56718523 -0.95712508 -1.1343705 2.442347 -2.2537949 -2.2537949 -3.6888795 1 0 0 0
-3 0.45 -2.4 0 0 0 -0.88622693 -0.99257416 -0.63808339 2.442347 -2.2537949 -2.2537949 -3.6888795 0.70710678 0 0.70710678 0
3 0.45 -2.4 0 0 0 -1.0280232 -0.70898154 -0.921676 2.442347 -2.2537949 -2.2537949 -3.6888795 0.70710678 0 0.70710678 0
-2.4 0.6 -3 0 0 0 -1.1343705 -0.77987969 -0.56718523 2.442347 -2.2537949 -2.2537949 -3.6888795 1 0 0 0
-2.4 0.6 3 0 0 0 -0.56718523 -0.95712508 -1.1343705 2.442347 -2.2537949 -2.2537949 -3.6888795 1 0 0 0
-3 0.6 -2.4 0 0 0 -0.88622693 -0.99257416 -0.63808339 2.442347 -2.2537949 -2.2537949 -3.6888795 0.70710678 0 0.70710678 0
3 0.6 -2.4 0 0 0 -1.0280232 -0.70898154 -0.921676 2.442347 -2.2537949 -2.2537949 -3.6888795 0.70710678 0 0.70710678 0
-2.4 0.75 -3 0 0 0 -1.1343705 -0.77987969 -0.56718523 2.442347 -2.2537949 -2.2537949 -3.6888795 1 0 0 0
-2.4 0.75 3 0 0 0 -0.56718523 -0.95712508 -1.1343705 2.442347 -2.2537949 -2.2537949 -3.6888795 1 0 0 0
-3 0.75 -2.4 0 0 0 -0.88622693 -0.99257416 -0.63808339 2.442347 -2.2537949 -2.2537949 -3.6888795 0.70710678 0 0.70710678 0
3 0.75 -2.4 0 0 0 -1.0280232 -0.70898154 -0.921676 2.442347 -2.2537949 -2.2537949 -3.6888795 0.70710678 0 0.70710678 0
-2.4 0.9 -3 0 0 0 -1.1343705 -0.77987969 -0.56718523 2.442347 -2.2537949 -2.2537949 -3.6888795 1 0 0 0
-2.4 0.9 3 0 0 0 -0.56718523 -0.95712508 -1.1343705 2.442347 -2.2537949 -2.2537949 -3.6888795 1 0 0 0
-3 0.9 -2.4 0 0 0 -0.88622693 -0.99257416 -0.63808339 2.442347 -2.2537949 -2.2537949 -3.6888795 0.70710678 0 0.70710678 0
3 0.9 -2.4 0 0 0 -1.0280232 -0.70898154 -0.921676 2.442347 -2.2537949 -2.2537949 -3.6888795 0.70710678 0 0.70710678 0
-2.4 1.05 -3 0 0 0 -1.1343705 -0.77987969 -0.56718523 2.442347 -2.2537949 -2.2537949 -3.6888795 1 0 0 0
-2.4 1.05 3 0 0 0 -0.56718523 -0.95712508 -1.1343705 2.442347 -2.2537949 -2.2537949 -3.6888795 1 0 0 0
-3 1.05 -2.4 0 0 0 -0.88622693 -0.99257416 -0.63808339 2.442347 -2.2537949 -2.2537949 -3.6888795 0.70710678 0 0.70710678 0
3 1.05 -2.4 0 0 0 -1.0280232 -0.70898154 -0.921676 2.442347 -2.2537949 -2.2537949 -3.6888795 0.70710678 0 0.70710678 0
-2.4 1.2 -3 0 0 0 -1.1343705 -0.77987969 -0.56718523 2.442347 -2.2537949 -2.2537949 -3.6888795 1 0 0 0
-2.4 1.2 3 0 0 0 -0.56718523 -0.95712508 -1.1343705 2.442347 -2.2537949 -2.2537949 -3.6888795 1 0 0 0
-3 1.2 -2.4 0 0 0 -0.88622693 -0.99257416 -0.63808339 2.442347 -2.2537949 -2.2537949 -3.6888795 0.70710678 0 0.70710678 0
3 1.2 -2.4 0 0 0 -1.0280232 -0.70898154 -0.921676 2.442347 -2.2537949 -2.2537949 -3.6888795 0.70710678 0 0.70710678 0
-2.4 1.35 -3 0 0 0 -1.1343705 -0.77987969 -0.56718523 2.442347 -2.2537949 -2.2537949 -3.6888795 1 0 0 0
-2.4 1.35 3 0 0 0 -0.56718523 -0.95712508 -1.1343705 2.442347 -2.2537949 -2.2537949 -3.6888795 1 0 0 0
-3 1.35 -2.4 0 0 0 -0.88622693 -0.99257416 -0.63808339 2.442347 -2.2537949 -2.2537949 -3.6888795 0.70710678 0 0.70710678 0
3 1.35 -2.4 0 0 0 -1.0280232 -0.70898154 -0.921676 2.442347 -2.2537949 -2.2537949 -3.6888795 0.70710678 0 0.70710678 0
-2.4 1.5 -3 0 0 0 -1.1343705 -0.77987969 -0.56718523 2.442347 -2.2537949 -2.2537949 -3.6888795 1 0 0 0
-2.4 1.5 3 0 0 0 -0.56718523 -0.95712508 -1.1343705 2.442347 -2.2537949 -2.2537949 -3.6888795 1 0 0 0
-3 1.5 -2.4 0 0 0 -0.88622693 -0.99257416 -0.63808339 2.442347 -2.2537949 -2.2537949 -3.6888795 0.70710678 0 0.70710678 0
3 1.5 -2.4 0 0 0 -1.0280232 -0.70898154 -0.921676 2.442347 -2.2537949 -2.2537949 -3.6888795 0.70710678 0 0.70710678 0
-2.4 1.65 -3 0 0 0 -1.1343705 -0.77987969 -0.56718523 2.442347 -2.2537949 -2.2537949 -3.6888795 1 0 0 0
-2.4 1.65 3 0 0 0 -0.56718523 -0.95712508 -1.1343705 2.442347 -2.2537949 -2.2537949 -3.6888795 1 0 0 0
-3 1.65 -2.4 0 0 0 -0.88622693 -0.99257416 -0.63808339 2.442347 -2.2537949 -2.2537949 -3.6888795 0.70710678 0 0.70710678 0
3 1.65 -2.4 0 0 0 -1.0280232 -0.70898154 -0.921676 2.442347 -2.2537949 -2.2537949 -3.6888795 0.70710678 0 0.70710678 0
-2.4 1.8 -3 0 0 0 -1.1343705 -0.77987969 -0.56718523 2.442347 -2.2537949 -2.2537949 -3.6888795 1 0 0 0
-2.4 1.8 3 0 0 0 -0.56718523 -0.95712508 -1.1343705 2.442347 -2.2537949 -2.2537949 -3.6888795 1 0 0 0
-3 1.8 -2.4 0 0 0 -0.88622693 -0.99257416 -0.63808339 2.442347 -2.2537949 -2.2537949 -3.6888795 0.70710678 0 0.70710678 0
3 1.8 -2.4 0 0 0 -1.0280232 -0.70898154 -0.921676 2.442347 -2.2537949 -2.2537949 -3.6888795 0.70710678 0 0.70710678 0
-2.4 1.95 -3 0 0 0 -1.1343705 -0.77987969 -0.56718523 2.442347 -2.2537949 -2.2537949 -3.6888795 1 0 0 0
-2.4 1.95 3 0 0 0 -0.56718523 -0.95712508 -1.1343705 2.442347 -2.2537949 -2.2537949 -3.6888795 1 0 0 0
-3 1.95 -2.4 0 0 0 -0.88622693 -0.99257416 -0.63808339 2.442347 -2.2537949 -2.2537949 -3.6888795 0.70710678 0 0.70710678 0
3 1.95 -2.4 0 0 0 -1.0280232 -0.70898154 -0.921676 2.442347 -2.2537949 -2.2537949 -3.6888795 0.70710678 0 0.70710678 0
-2.4 2.1 -3 0 0 0 -1.1343705 -0.77987969 -0.56718523 2.442347 -2.2537949 -2.2537949 -3.6888795 1 0 0 0
-2.4 2.1 3 0 0 0 -0.56718523 -0.95712508 -1.1343705 2.442347 -2.2537949 -2.2537949 -3.6888795 1 0 0 0
-3 2.1 -2.4 0 0 0 -0.88622693 -0.99257416 -0.63808339 2.442347 -2.2537949 -2.2537949 -3.6888795 0.70710678 0 0.70710678 0
3 2.1 -2.4 0 0 0 -1.0280232 -0.70898154 -0.921676 2.442347 -2.2537949 -2.2537949 -3.6888795 0.70710678 0 0.70710678 0
-2.4 2.25 -3 0 0 0 -1.1343705 -0.77987969 -0.56718523 2.442347 -2.2537949 -2.2537949 -3.6888795 1 0 0 0
-2.4 2.25 3 0 0 0 -0.56718523 -0.95712508 -1.1343705 2.442347 -2.2537949 -2.2537949 -3.6888795 1 0 0 0
-3 2.25 -2.4 0 0 0 -0.88622693 -0.99257416 -0.63808339 2.442347 -2.2537949 -2.2537949 -3.6888795 0.70710678 0 0.70710678 0
3 2.25 -2.4 0 0 0 -1.0280232 -0.70898154 -0.921676 2.442347 -2.2537949 -2.2537949 -3.6888795 0.70710678 0 0.70710678 0
-2.4 2.4 -3 0 0 0 -1.1343705 -0.77987969 -0.56718523 2.442347 -2.2537949 -2.2537949 -3.6888795 1 0 0 0
-2.4 2.4 3 0 0 0 -0.56718523 -0.95712508 -1.1343705 2.442347 -2.2537949 -2.2537949 -3.6888795 1 0 0 0
-3 2.4 -2.4 0 0 0 -0.88622693 -0.99257416 -0.63808339 2.442347 -2.2537949 -2.2537949 -3.6888795 0.70710678 0 0.70710678 0
3 2.4 -2.4 0 0 0 -1.0280232 -0.70898154 -0.921676 2.442347 -2.2537949 -2.2537949 -3.6888795 0.70710678 0 0.70710678 0
-2.4 2.55 -3 0 0 0 -1.1343705 -0.77987969 -0.56718523 2.442347 -2.2537949 -2.2537949 -3.6888795 1 0 0 0
-2.4 2.55 3 0 0 0 -0.56718523 -0.95712508 -1.1343705 2.442347 -2.2537949 -2.2537949 -3.6888795 1 0 0 0
-3 2.55 -2.4 0 0 0 -0.88622693 -0.99257416 -0.63808339 2.442347 -2.2537949 -2.2537949 -3.6888795 0.70710678 0 0.70710678 0
3 2.55 -2.4 0 0 0 -1.0280232 -0.70898154 -0.921676 2.442347 -2.2537949 -2.2537949 -3.6888795 0.70710678 0 0.70710678 0
-2.4 2.7 -3 0 0 0 -1.1343705 -0.77987969 -0.56718523 2.442347 -2.2537949 -2.2537949 -3.6888795 1 0 0 0
-2.4 2.7 3 0 0 0 -0.56718523 -0.95712508 -1.1343705 2.442347 -2.2537949 -2.2537949 -3.6888795 1 0 0 0
-3 2.7 -2.4 0 0 0 -0.88622693 -0.99257416 -0.63808339 2.442347 -2.2537949 -2.2537949 -3.6888795 0.70710678 0 0.70710678 0
3 2.7 -2.4 0 0 0 -1.0280232 -0.70898154 -0.921676 2.442347 -2.2537949 -2.2537949 -3.6888795 0.70710678 0 0.70710678 0
-2.4 2.85 -3 0 0 0 -1.1343705 -0.77987969 -0.56718523 2.442347 -2.2537949 -2.2537949 -3.6888795 1 0 0 0
-2.4 2.85 3 0 0 0 -0.56718523 -0.95712508 -1.1343705 2.442347 -2.2537949 -2.2537949 -3.6888795 1 0 0 0
-3 2.85 -2.4 0 0 0 -0.88622693 -0.99257416 -0.63808339 2.442347 -2.2537949 -2.2537949 -3.6888795 0.70710678 0 0.70710678 0
3 2.85 -2.4 0 0 0 -1.0280232 -0.70898154 -0.921676 2.442347 -2.2537949 -2.2537949 -3.6888795 0.70710678 0 0.70710678 0
-2.4 3 -3 0 0 0 -1.1343705 -0.77987969 -0.56718523 2.442347 -2.2537949 -2.2537949 -3.6888795 1 0 0 0
-2.4 3 3 0 0 0 -0.56718523 -0.95712508 -1.1343705 2.442347 -2.2537949 -2.2537949 -3.6888795 1 0 0 0
-3 3 -2.4 0 0 0 -0.88622693 -0.99257416 -0.63808339 2.442347 -2.2537949 -2.2537949 -3.6888795 0.70710678 0 0.70710678 0
3 3 -2.4 0 0 0 -1.0280232 -0.70898154 -0.921676 2.442347 -2.2537949 -2.2537949 -3.6888795 0.70710678 0 0.70710678 0
-2.25 0 -3 0 0 0 -0.85077785 -0.80469405 -0.74017673 2.442347 -2.2537949 -2.2537949 -3.6888795 0.70710678 0.70710678 0 0
-2.25 3 -3 0 0 0 -1.0634723 -0.95712508 -0.70898154 2.442347 -2.2537949 -2.2537949 -3.6888795 0.70710678 0.70710678 0 0
-2.25 0 -2.85 0 0 0 -0.85077785 -0.80469405 -0.74017673 2.442347 -2.2537949 -2.2537949 -3.6888795 0.70710678 0.70710678 0 0
-2.25 3 -2.85 0 0 0 -1.0634723 -0.95712508 -0.70898154 2.442347 -2.2537949 -2.2537949 -3.6888795 0.70710678 0.70710678 0 0
-2.25 0 -2.7 0 0 0 -0.85077785 -0.80469405 -0.74017673 2.442347 -2.2537949 -2.2537949 -3.6888795 0.70710678 0.70710678 0 0
-2.25 3 -2.7 0 0 0 -1.0634723 -0.95712508 -0.70898154 2.442347 -2.2537949 -2.2537949 -3.6888795 0.70710678 0.70710678 0 0
-2.25 0 -2.55 0 0 0 -0.85077785 -0.80469405 -0.74017673 2.442347 -2.2537949 -2.2537949 -3.6888795 0.70710678 0.70710678 0 0
-2.25 3 -2.55 0 0 0 -1.0634723 -0.95712508 -0.70898154 2.442347 -2.2537949 -2.2537949 -3.6888795 0.70710678 0.70710678 0 0
-2.25 0 -2.4 0 0 0 -0.85077785 -0.80469405 -0.74017673 2.442347 -2.2537949 -2.2537949 -3.6888795 0.70710678 0.70710678 0 0
-2.25 3 -2.4 0 0 0 -1.0634723 -0.95712508 -0.70898154 2.442347 -2.2537949 -2.2537949 -3.6888795 0.70710678 0.70710678 0 0
-2.25 0 -2.25 0 0 0 -0.28359262 -0.20914955 -0.10492927 2.442347 -2.2537949 -2.2537949 -3.6888795 0.70710678 0.70710678 0 0
-2.25 3 -2.25 0 0 0 -1.0634723 -0.95712508 -0.70898154 2.442347 -2.2537949 -2.2537949 -3.6888795 0.70710678 0.70710678 0 0
-2.25 0 -2.1 0 0 0 -0.28359262 -0.20914955 -0.10492927 2.442347 -2.2537949 -2.2537949 -3.6888795 0.70710678 0.70710678 0 0
-2.25 3 -2.1 0 0 0 -1.0634723 -0.95712508 -0.70898154 2.442347 -2.2537949 -2.2537949 -3.6888795 0.70710678 0.70710678 0 0
-2.25 0 -1.95 0 0 0 -0.28359262 -0.20914955 -0.10492927 2.442347 -2.2537949 -2.2537949 -3.6888795 0.70710678 0.70710678 0 0
-2.25 3 -1.95 0 0 0 -1.0634723 -0.95712508 -0.70898154 2.442347 -2.2537949 -2.2537949 -3.6888795 0.70710678 0.70710678 0 0
-2.25 0 -1.8 0 0 0 -0.28359262 -0.20914955 -0.10492927 2.442347 -2.2537949 -2.2537949 -3.6888795 0.70710678 0.70710678 0 0
-2.25 3 -1.8 0 0 0 -1.0634723 -0.95712508 -0.70898154 2.442347 -2.2537949 -2.2537949 -3.6888795 0.70710678 0.70710678 0 0
-2.25 0 -1.65 0 0 0 -0.28359262 -0.20914955 -0.10492927 2.442347 -2.2537949 -2.2537949 -3.6888795 0.70710678 0.70710678 0 0
-2.25 3 -1.65 0 0 0 -1.0634723 -0.95712508 -0.70898154 2.442347 -2.2537949 -2.2537949 -3.6888795 0.70710678 0.70710678 0 0
-2.25 0 -1.5 0 0 0 -0.85077785 -0.80469405 -0.74017673 2.442347 -2.2537949 -2.2537949 -3.6888795 0.70710678 0.70710678 0 0
-2.25 3 -1.5 0 0 0 -1.0634723 -0.95712508 -0.70898154 2.442347 -2.2537949 -2.2537949 -3.6888795 0.70710678 0.70710678 0 0
-2.25 0 -1.35 0 0 0 -0.85077785 -0.80469405 -0.74017673 2.442347 -2.2537949 -2.2537949 -3.6888795 0.70710678 0.70710678 0 0
-2.25 3 -1.35 0 0 0 -1.0634723 -0.95712508 -0.70898154 2.442347 -2.2537949 -2.2537949 -3.6888795 0.70710678 0.70710678 0 0
-2.25 0 -1.2 0 0 0 -0.85077785 -0.80469405 -0.74017673 2.442347 -2.2537949 -2.2537949 -3.6888795 0.70710678 0.70710678 0 0
-2.25 3 -1.2 0 0 0 -1.0634723 -0.95712508 -0.70898154 2.442347 -2.2537949 -2.2537949 -3.6888795 0.70710678 0.70710678 0 0
-2.25 0 -1.05 0 0 0 -0.85077785 -0.80469405 -0.74017673 2.442347 -2.2537949 -2.2537949 -3.6888795 0.70710678 0.70710678 0 0
-2.25 3 -1.05 0 0 0 -1.0634723 -0.95712508 -0.70898154 2.442347 -2.2537949 -2.2537949 -3.6888795 0.70710678 0.70710678 0 0
-2.25 0 -0.9 0 0 0 -0.85077785 -0.80469405 -0.74017673 2.442347 -2.2537949 -2.2537949 -3.6888795 0.70710678 0.70710678 0 0
-2.25 3 -0.9 0 0 0 -1.0634723 -0.95712508 -0.70898154 2.442347 -2.2537949 -2.2537949 -3.6888795 0.70710678 0.70710678 0 0
-2.25 0 -0.75 0 0 0 -0.28359262 -0.20914955 -0.10492927 2.442347 -2.2537949 -2.2537949 -3.6888795 0.70710678 0.70710678 0 0
-2.25 3 -0.75 0 0 0 -1.0634723 -0.95712508 -0.70898154 2.442347 -2.2537949 -2.2537949 -3.6888795 0.70710678 0.70710678 0 0
-2.25 0 -0.6 0 0 0 -0.28359262 -0.20914955 -0.10492927 2.442347 -2.2537949 -2.2537949 -3.6888795 0.70710678 0.70710678 0 0
-2.25 3 -0.6 0 0 0 -1.0634723 -0.95712508 -0.70898154 2.442347 -2.2537949 -2.2537949 -3.6888795 0.70710678 0.70710678 0 0
-2.25 0 -0.45 0 0 0 -0.28359262 -0.20914955 -0.10492927 2.442347 -2.2537949 -2.2537949 -3.6888795 0.70710678 0.70710678 0 0
-2.25 3 -0.45 0 0 0 -1.0634723 -0.95712508 -0.70898154 2.442347 -2.2537949 -2.2537949 -3.6888795 0.70710678 0.70710678 0 0
-2.25 0 -0.3 0 0 0 -0.28359262 -0.20914955 -0.10492927 2.442347 -2.2537949 -2.2537949 -3.6888795 0.70710678 0.70710678 0 0
-2.25 3 -0.3 0 0 0 -1.0634723 -0.95712508 -0.70898154 2.442347 -2.2537949 -2.2537949 -3.6888795 0.70710678 0.70710678 0 0
-2.25 0 -0.15 0 0 0 -0.28359262 -0.20914955 -0.10492927 2.442347 -2.2537949 -2.2537949 -3.6888795 0.70710678 0.70710678 0 0
-2.25 3 -0.15 0 0 0 -1.0634723 -0.95712508 -0.70898154 2.442347 -2.2537949 -2.2537949 -3.6888795 0.70710678 0.70710678 0 0
-2.25 0 0 0 0 0 -0.85077785 -0.80469405 -0.74017673 2.442347 -2.2537949 -2.2537949 -3.6888795 0.70710678 0.70710678 0 0
-2.25 3 0 0 0 0 -1.0634723 -0.95712508 -0.70898154 2.442347 -2.2537949 -2.2537949 -3.6888795 0.70710678 0.70710678 0 0
-2.25 0 0.15 0 0 0 -0.85077785 -0.80469405 -0.74017673 2.442347 -2.2537949 -2.2537949 -3.6888795 0.70710678 0.70710678 0 0
-2.25 3 0.15 0 0 0 -1.0634723 -0.95712508 -0.70898154 2.442347 -2.2537949 -2.2537949 -3.6888795 0.70710678 0.70710678 0 0
-2.25 0 0.3 0 0 0 -0.85077785 -0.80469405 -0.74017673 2.442347 -2.2537949 -2.2537949 -3.6888795 0.70710678 0.70710678 0 0
-2.25 3 0.3 0 0 0 -1.0634723 -0.95712508 -0.70898154 2.442347 -2.2537949 -2.2537949 -3.6888795 0.70710678 0.70710678 0 0
-2.25 0 0.45 0 0 0 -0.85077785 -0.80469405 -0.74017673 2.442347 -2.2537949 -2.2537949 -3.6888795 0.70710678 0.70710678 0 0
-2.25 3 0.45 0 0 0 -1.0634723 -0.95712508 -0.70898154 2.442347 -2.2537949 -2.2537949 -3.6888795 0.70710678 0.70710678 0 0
-2.25 0 0.6 0 0 0 -0.85077785 -0.80469405 -0.74017673 2.442347 -2.2537949 -2.2537949 -3.6888795 0.70710678 0.70710678 0 0
-2.25 3 0.6 0 0 0 -1.0634723 -0.95712508 -0.70898154 2.442347 -2.2537949 -2.2537949 -3.6888795 0.70710678 0.70710678 0 0
-2.25 0 0.75 0 0 0 -0.28359262 -0.20914955 -0.10492927 2.442347 -2.2537949 -2.2537949 -3.6888795 0.70710678 0.70710678 0 0
-2.25 3 0.75 0 0 0 -1.0634723 -0.95712508 -0.70898154 2.442347 -2.2537949 -2.2537949 -3.6888795 0.70710678 0.70710678 0 0
-2.25 0 0.9 0 0 0 -0.28359262 -0.20914955 -0.10492927 2.442347 -2.2537949 -2.2537949 -3.6888795 0.70710678 0.70710678 0 0
-2.25 3 0.9 0 0 0 -1.0634723 -0.95712508 -0.70898154 2.442347 -2.2537949 -2.2537949 -3.6888795 0.70710678 0.70710678 0 0
-2.25 0 1.05 0 0 0 -0.28359262 -0.20914955 -0.10492927 2.442347 -2.2537949 -2.2537949 -3.6888795 0.70710678 0.70710678 0 0
-2.25 3 1.05 0 0 0 -1.0634723 -0.95712508 -0.70898154 2.442347 -2.2537949 -2.2537949 -3.6888795 0.70710678 0.70710678 0 0
-2.25 0 1.2 0 0 0 -0.28359262 -0.20914955 -0.10492927 2.442347 -2.2537949 -2.2537949 -3.6888795 0.70710678 0.70710678 0 0
-2.25 3 1.2 0 0 0 -1.0634723 -0.95712508 -0.70898154 2.442347 -2.2537949 -2.2537949 -3.6888795 0.70710678 0.70710678 0 0
-2.25 0 1.35 0 0 0 -0.28359262 -0.20914955 -0.10492927 2.442347 -2.2537949 -2.2537949 -3.6888795 0.70710678 0.70710678 0 0
-2.25 3 1.35 0 0 0 -1.0634723 -0.95712508 -0.70898154 2.442347 -2.2537949 -2.2537949 -3.6888795 0.70710678 0.70710678 0 0
-2.25 0 1.5 0 0 0 -0.85077785 -0.80469405 -0.74017673 2.442347 -2.2537949 -2.2537949 -3.6888795 0.70710678 0.70710678 0 0
-2.25 3 1.5 0 0 0 -1.0634723 -0.95712508 -0.70898154 2.442347 -2.2537949 -2.2537949 -3.6888795 0.70710678 0.70710678 0 0
-2.25 0 1.65 0 0 0 -0.85077785 -0.80469405 -0.74017673 2.442347 -2.2537949 -2.2537949 -3.6888795 0.70710678 0.70710678 0 0
-2.25 3 1.65 0 0 0 -1.0634723 -0.95712508 -0.70898154 2.442347 -2.2537949 -2.2537949 -3.6888795 0.70710678 0.70710678 0 0
-2.25 0 1.8 0 0 0 -0.85077785 -0.80469405 -0.74017673 2.442347 -2.2537949 -2.2537949 -3.6888795 0.70710678 0.70710678 0 0
-2.25 3 1.8 0 0 0 -1.0634723 -0.95712508 -0.70898154 2.442347 -2.2537949 -2.2537949 -3.6888795 0.70710678 0.70710678 0 0
-2.25 0 1.95 0 0 0 -0.85077785 -0.80469405 -0.74017673 2.442347 -2.2537949 -2.2537949 -3.6888795 0.70710678 0.70710678 0 0
-2.25 3 1.95 0 0 0 -1.0634723 -0.95712508 -0.70898154 2.442347 -2.2537949 -2.2537949 -3.6888795 0.70710678 0.70710678 0 0
-2.25 0 2.1 0 0 0 -0.85077785 -0.80469405 -0.74017673 2.442347 -2.2537949 -2.2537949 -3.6888795 0.70710678 0.70710678 0 0
-2.25 3 2.1 0 0 0 -1.0634723 -0.95712508 -0.70898154 2.442347 -2.2537949 -2.2537949 -3.6888795 0.70710678 0.70710678 0 0
-2.25 0 2.25 0 0 0 -0.28359262 -0.20914955 -0.10492927 2.442347 -2.2537949 -2.2537949 -3.6888795 0.70710678 0.70710678 0 0
-2.25 3 2.25 0 0 0 -1.0634723 -0.95712508 -0.70898154 2.442347 -2.2537949 -2.2537949 -3.6888795 0.70710678 0.70710678 0 0
-2.25 0 2.4 0 0 0 -0.28359262 -0.20914955 -0.10492927 2.442347 -2.2537949 -2.2537949 -3.6888795 0.70710678 0.70710678 0 0
-2.25 3 2.4 0 0 0 -1.0634723 -0.95712508 -0.70898154 2.442347 -2.2537949 -2.2537949 -3.6888795 0.70710678 0.70710678 0 0
-2.25 0 2.55 0 0 0 -0.28359262 -0.20914955 -0.10492927 2.442347 -2.2537949 -2.2537949 -3.6888795 0.70710678 0.70710678 0 0
-2.25 3 2.55 0 0 0 -1.0634723 -0.95712508 -0.70898154 2.442347 -2.2537949 -2.2537949 -3.6888795 0.70710678 0.70710678 0 0
-2.25 0 2.7 0 0 0 -0.28359262 -0.20914955 -0.10492927 2.442347 -2.2537949 -2.2537949 -3.6888795 0.70710678 0.70710678 0 0
-2.25 3 2.7 0 0 0 -1.0634723 -0.95712508 -0.70898154 2.442347 -2.2537949 -2.2537949 -3.6888795 0.70710678 0.70710678 0 0
-2.25 0 2.85 0 0 0 -0.28359262 -0.20914955 -0.10492927 2.442347 -2.2537949 -2.2537949 -3.6888795 0.70710678 0.70710678 0 0
-2.25 3 2.85 0 0 0 -1.0634723 -0.95712508 -0.70898154 2.442347 -2.2537949 -2.2537949 -3.6888795 0.70710678 0.70710678 0 0
-2.25 0 3 0 0 0 -0.85077785 -0.80469405 -0.74017673 2.442347 -2.2537949 -2.2537949 -3.6888795 0.70710678 0.70710678 0 0
-2.25 3 3 0 0 0 -1.0634723 -0.95712508 -0.70898154 2.442347 -2.2537949 -2.2537949 -3.6888795 0.70710678 0.70710678 0 0
-2.25 0 -3 0 0 0 -1.1343705 -0.77987969 -0.56718523 2.442347 -2.2537949 -2.2537949 -3.6888795 1 0 0 0
-2.25 0 3 0 0 0 -0.56718523 -0.95712508 -1.1343705 2.442347 -2.2537949 -2.2537949 -3.6888795 1 0 0 0
-3 0 -2.25 0 0 0 -0.88622693 -0.99257416 -0.63808339 2.442347 -2.2537949 -2.2537949 -3.6888795 0.70710678 0 0.70710678 0
3 0 -2.25 0 0 0 -1.0280232 -0.70898154 -0.921676 2.442347 -2.2537949 -2.2537949 -3.6888795 0.70710678 0 0.70710678 0
-2.25 0.15 -3 0 0 0 -1.1343705 -0.77987969 -0.56718523 2.442347 -2.2537949 -2.2537949 -3.6888795 1 0 0 0
-2.25 0.15 3 0 0 0 -0.56718523 -0.95712508 -1.1343705 2.442347 -2.2537949 -2.2537949 -3.6888795 1 0 0 0
-3 0.15 -2.25 0 0 0 -0.88622693 -0.99257416 -0.63808339 2.442347 -2.2537949 -2.2537949 -3.6888795 0.70710678 0 0.70710678 0
3 0.15 -2.25 0 0 0 -1.0280232 -0.70898154 -0.921676 2.442347 -2.2537949 -2.2537949 -3.6888795 0.70710678 0 0.70710678 0
-2.25 0.3 -3 0 0 0 -1.1343705 -0.77987969 -0.56718523 2.442347 -2.2537949 -2.2537949 -3.6888795 1 0 0 0
-2.25 0.3 3 0 0 0 -0.56718523 -0.95712508 -1.1343705 2.442347 -2.2537949 -2.2537949 -3.6888795 1 0 0 0
-3 0.3 -2.25 0 0 0 -0.88622693 -0.99257416 -0.63808339 2.442347 -2.2537949 -2.2537949 -3.6888795 0.70710678 0 0.70710678 0
3 0.3 -2.25 0 0 0 -1.0280232 -0.70898154 -0.921676 2.442347 -2.2537949 -2.2537949 -3.6888795 0.70710678 0 0.70710678 0
-2.25 0.45 -3 0 0 0 -1.1343705 -0.77987969 -0.56718523 2.442347 -2.2537949 -2.2537949 -3.6888795 1 0 0 0
-2.25 0.45 3 0 0 0 -0.56718523 -0.95712508 -1.1343705 2.442347 -2.2537949 -2.2537949 -3.6888795 1 0 0 0
-3 0.45 -2.25 0 0 0 -0.88622693 -0.99257416 -0.63808339 2.442347 -2.2537949 -2.2537949 -3.6888795 0.70710678 0 0.70710678 0
3 0.45 -2.25 0 0 0 -1.0280232 -0.70898154 -0.921676 2.442347 -2.2537949 -2.2537949 -3.6888795 0.70710678 0 0.70710678 0
-2.25 0.6 -3 0 0 0 -1.1343705 -0.77987969 -0.56718523 2.442347 -2.2537949 -2.2537949 -3.6888795 1 0 0 0
-2.25 0.6 3 0 0 0 -0.56718523 -0.95712508 -1.1343705 2.442347 -2.2537949 -2.2537949 -3.6888795 1 0 0 0
-3 0.6 -2.25 0 0 0 -0.88622693 -0.99257416 -0.63808339 2.442347 -2.2537949 -2.2537949 -3.6888795 0.70710678 0 0.70710678 0
3 0.6 -2.25 0 0 0 -1.0280232 -0.70898154 -0.921676 2.442347 -2.2537949 -2.2537949 -3.6888795 0.70710678 0 0.70710678 0
-2.25 0.75 -3 0 0 0 -1.1343705 -0.77987969 -0.56718523 2.442347 -2.2537949 -2.2537949 -3.6888795 1 0 0 0
-2.25 0.75 3 0 0 0 -0.56718523 -0.95712508 -1.1343705 2.442347 -2.2537949 -2.2537949 -3.6888795 1 0 0 0
-3 0.75 -2.25 0 0 0 -0.88622693 -0.99257416 -0.63808339 2.442347 -2.2537949 -2.2537949 -3.6888795 0.70710678 0 0.70710678 0
3 0.75 -2.25 0 0 0 -1.0280232 -0.70898154 -0.921676 2.442347 -2.2537949 -2.2537949 -3.6888795 0.70710678 0 0.70710678 0
-2.25 0.9 -3 0 0 0 -1.1343705 -0.77987969 -0.56718523 2.442347 -2.2537949 -2.2537949 -3.6888795 1 0 0 0
-2.25 0.9 3 0 0 0 -0.56718523 -0.95712508 -1.1343705 2.442347 -2.2537949 -2.2537949 -3.6888795 1 0 0 0
-3 0.9 -2.25 0 0 0 -0.88622693 -0.99257416 -0.63808339 2.442347 -2.2537949 -2.2537949 -3.6888795 0.70710678 0 0.70710678 0
3 0.9 -2.25 0 0 0 -1.0280232 -0.70898154 -0.921676 2.442347 -2.2537949 -2.2537949 -3.6888795 0.70710678 0 0.70710678 0
-2.25 1.05 -3 0 0 0 -1.1343705 -0.77987969 -0.56718523 2.442347 -2.2537949 -2.2537949 -3.6888795 1 0 0 0
-2.25 1.05 3 0 0 0 -0.56718523 -0.95712508 -1.1343705 2.442347 -2.2537949 -2.2537949 -3.6888795 1 0 0 0
-3 1.05 -2.25 0 0 0 -0.88622693 -0.99257416 -0.63808339 2.442347 -2.2537949 -2.2537949 -3.6888795 0.70710678 0 0.70710678 0
3 1.05 -2.25 0 0 0 -1.0280232 -0.70898154 -0.921676 2.442347 -2.2537949 -2.2537949 -3.6888795 0.70710678 0 0.70710678 0
-2.25 1.2 -3 0 0 0 -1.1343705 -0.77987969 -0.56718523 2.442347 -2.2537949 -2.2537949 -3.6888795 1 0 0 0
-2.25 1.2 3 0 0 0 -0.56718523 -0.95712508 -1.1343705 2.442347 -2.2537949 -2.2537949 -3.6888795 1 0 0 0
-3 1.2 -2.25 0 0 0 -0.88622693 -0.99257416 -0.63808339 2.442347 -2.2537949 -2.2537949 -3.6888795 0.70710678 0 0.70710678 0
3 1.2 -2.25 0 0 0 -1.0280232 -0.70898154 -0.921676 2.442347 -2.2537949 -2.2537949 -3.6888795 0.70710678 0 0.70710678 0
-2.25 1.35 -3 0 0 0 -1.1343705 -0.77987969 -0.56718523 2.442347 -2.2537949 -2.2537949 -3.6888795 1 0 0 0
-2.25 1.35 3 0 0 0 -0.56718523 -0.95712508 -1.1343705 2.442347 -2.2537949 -2.2537949 -3.6888795 1 0 0 0
-3 1.35 -2.25 0 0 0 -0.88622693 -0.99257416 -0.63808339 2.442347 -2.2537949 -2.2537949 -3.6888795 0.70710678 0 0.70710678 0
3 1.35 -2.25 0 0 0 -1.0280232 -0.70898154 -0.921676 2.442347 -2.2537949 -2.2537949 -3.6888795 0.70710678 0 0.70710678 0
-2.25 1.5 -3 0 0 0 -1.1343705 -0.77987969 -0.56718523 2.442347 -2.2537949 -2.2537949 -3.6888795 1 0 0 0
-2.25 1.5 3 0 0 0 -0.56718523 -0.95712508 -1.1343705 2.442347 -2.2537949 -2.2537949 -3.6888795 1 0 0 0
-3 1.5 -2.25 0 0 0 -0.88622693 -0.99257416 -0.63808339 2.442347 -2.2537949 -2.2537949 -3.6888795 0.70710678 0 0.70710678 0
3 1.5 -2.25 0 0 0 -1.0280232 -0.70898154 -0.921676 2.442347 -2.2537949 -2.2537949 -3.6888795 0.70710678 0 0.70710678 0
-2.25 1.65 -3 0 0 0 -1.1343705 -0.77987969 -0.56718523 2.442347 -2.2537949 -2.2537949 -3.6888795 1 0 0 0
-2.25 1.65 3 0 0 0 -0.56718523 -0.95712508 -1.1343705 2.442347 -2.2537949 -2.2537949 -3.6888795 1 0 0 0
-3 1.65 -2.25 0 0 0 -0.88622693 -0.99257416 -0.63808339 2.442347 -2.2537949 -2.2537949 -3.6888795 0.70710678 0 0.70710678 0
3 1.65 -2.25 0 0 0 -1.0280232 -0.70898154 -0.921676 2.442347 -2.2537949 -2.2537949 -3.6888795 0.70710678 0 0.70710678 0
-2.25 1.8 -3 0 0 0 -1.1343705 -0.77987969 -0.56718523 2.442347 -2.2537949 -2.2537949 -3.6888795 1 0 0 0
-2.25 1.8 3 0 0 0 -0.56718523 -0.95712508 -1.1343705 2.442347 -2.2537949 -2.2537949 -3.6888795 1 0 0 0
-3 1.8 -2.25 0 0 0 -0.88622693 -0.99257416 -0.63808339 2.442347 -2.2537949 -2.2537949 -3.6888795 0.70710678 0 0.70710678 0
3 1.8 -2.25 0 0 0 -1.0280232 -0.70898154 -0.921676 2.442347 -2.2537949 -2.2537949 -3.6888795 0.70710678 0 0.70710678 0
-2.25 1.95 -3 0 0 0 -1.1343705 -0.77987969 -0.56718523 2.442347 -2.2537949 -2.2537949 -3.6888795 1 0 0 0
-2.25 1.95 3 0 0 0 -0.56718523 -0.95712508 -1.1343705 2.442347 -2.2537949 -2.2537949 -3.6888795 1 0 0 0
-3 1.95 -2.25 0 0 0 -0.88622693 -0.99257416 -0.63808339 2.442347 -2.2537949 -2.2537949 -3.6888795 0.70710678 0 0.70710678 0
3 1.95 -2.25 0 0 0 -1.0280232 -0.70898154 -0.921676 2.442347 -2.2537949 -2.2537949 -3.6888795 0.70710678 0 0.70710678 0
-2.25 2.1 -3 0 0 0 -1.1343705 -0.77987969 -0.56718523 2.442347 -2.2537949 -2.2537949 -3.6888795 1 0 0 0
-2.25 2.1 3 0 0 0 -0.56718523 -0.95712508 -1.1343705 2.442347 -2.2537949 -2.2537949 -3.6888795 1 0 0 0
-3 2.1 -2.25 0 0 0 -0.88622693 -0.99257416 -0.63808339 2.442347 -2.2537949 -2.2537949 -3.6888795 0.70710678 0 0.70710678 0
3 2.1 -2.25 0 0 0 -1.0280232 -0.70898154 -0.921676 2.442347 -2.2537949 -2.2537949 -3.6888795 0.70710678 0 0.70710678 0
-2.25 2.25 -3 0 0 0 -1.1343705 -0.77987969 -0.56718523 2.442347 -2.2537949 -2.2537949 -3.6888795 1 0 0 0
-2.25 2.25 3 0 0 0 -0.56718523 -0.95712508 -1.1343705 2.442347 -2.2537949 -2.2537949 -3.6888795 1 0 0 0
-3 2.25 -2.25 0 0 0 -0.88622693 -0.99257416 -0.63808339 2.442347 -2.2537949 -2.2537949 -3.6888795 0.70710678 0 0.70710678 0
3 2.25 -2.25 0 0 0 -1.0280232 -0.70898154 -0.921676 2.442347 -2.2537949 -2.2537949 -3.6888795 0.70710678 0 0.70710678 0
-2.25 2.4 -3 0 0 0 -1.1343705 -0.77987969 -0.56718523 2.442347 -2.2537949 -2.2537949 -3.6888795 1 0 0 0
-2.25 2.4 3 0 0 0 -0.56718523 -0.95712508 -1.1343705 2.442347 -2.2537949 -2.2537949 -3.6888795 1 0 0 0
-3 2.4 -2.25 0 0 0 -0.88622693 -0.99257416 -0.63808339 2.442347 -2.2537949 -2.2537949 -3.6888795 0.70710678 0 0.70710678 0
3 2.4 -2.25 0 0 0 -1.0280232 -0.70898154 -0.921676 2.442347 -2.2537949 -2.2537949 -3.6888795 0.70710678 0 0.70710678 0
-2.25 2.55 -3 0 0 0 -1.1343705 -0.77987969 -0.56718523 2.442347 -2.2537949 -2.2537949 -3.6888795 1 0 0 0
-2.25 2.55 3 0 0 0 -0.56718523 -0.95712508 -1.1343705 2.442347 -2.2537949 -2.2537949 -3.6888795 1 0 0 0
-3 2.55 -2.25 0 0 0 -0.88622693 -0.99257416 -0.63808339 2.442347 -2.2537949 -2.2537949 -3.6888795 0.70710678 0 0.70710678 0
3 2.55 -2.25 0 0 0 -1.0280232 -0.70898154 -0.921676 2.442347 -2.2537949 -2.2537949 -3.6888795 0.70710678 0 0.70710678 0
-2.25 2.7 -3 0 0 0 -1.1343705 -0.77987969 -0.56718523 2.442347 -2.2537949 -2.2537949 -3.6888795 1 0 0 0
-2.25 2.7 3 0 0 0 -0.56718523 -0.95712508 -1.1343705 2.442347 -2.2537949 -2.2537949 -3.6888795 1 0 0 0
-3 2.7 -2.25 0 0 0 -0.88622693 -0.99257416 -0.63808339 2.442347 -2.2537949 -2.2537949 -3.6888795 0.70710678 0 0.70710678 0
3 2.7 -2.25 0 0 0 -1.0280232 -0.70898154 -0.921676 2.442347 -2.2537949 -2.2537949 -3.6888795 0.70710678 0 0.70710678 0
-2.25 2.85 -3 0 0 0 -1.1343705 -0.77987969 -0.56718523 2.442347 -2.2537949 -2.2537949 -3.6888795 1 0 0 0
-2.25 2.85 3 0 0 0 -0.56718523 -0.95712508 -1.1343705 2.442347 -2.2537949 -2.2537949 -3.6888795 1 0 0 0
-3 2.85 -2.25 0 0 0 -0.88622693 -0.99257416 -0.63808339 2.442347 -2.2537949 -2.2537949 -3.6888795 0.70710678 0 0.70710678 0
3 2.85 -2.25 0 0 0 -1.0280232 -0.70898154 -0.921676 2.442347 -2.2537949 -2.2537949 -3.6888795 0.70710678 0 0.70710678 0
-2.25 3 -3 0 0 0 -1.1343705 -0.77987969 -0.56718523 2.442347 -2.2537949 -2.2537949 -3.6888795 1 0 0 0
-2.25 3 3 0 0 0 -0.56718523 -0.95712508 -1.1343705 2.442347 -2.2537949 -2.2537949 -3.6888795 1 0 0 0
-3 3 -2.25 0 0 0 -0.88622693 -0.99257416 -0.63808339 2.442347 -2.2537949 -2.2537949 -3.6888795 0.70710678 0 0.70710678 0
3 3 -2.25 0 0 0 -1.0280232 -0.70898154 -0.921676 2.442347 -2.2537949 -2.2537949 -3.6888795 0.70710678 0 0.70710678 0
-2.1 0 -3 0 0 0 -0.85077785 -0.80469405 -0.74017673 2.442347 -2.2537949 -2.2537949 -3.6888795 0.70710678 0.70710678 0 0
-2.1 3 -3 0 0 0 -1.0634723 -0.95712508 -0.70898154 2.442347 -2.2537949 -2.2537949 -3.6888795 0.70710678 0.70710678 0 0
-2.1 0 -2.85 0 0 0 -0.85077785 -0.80469405 -0.74017673 2.442347 -2.2537949 -2.2537949 -3.6888795 0.70710678 0.70710678 0 0
-2.1 3 -2.85 0 0 0 -1.0634723 -0.95712508 -0.70898154 2.442347 -2.2537949 -2.2537949 -3.6888795 0.70710678 0.70710678 0 0
-2.1 0 -2.7 0 0 0 -0.85077785 -0.80469405 -0.74017673 2.442347 -2.2537949 -2.2537949 -3.6888795 0.70710678 0.70710678 0 0
-2.1 3 -2.7 0 0 0 -1.0634723 -0.95712508 -0.70898154 2.442347 -2.2537949 -2.2537949 -3.6888795 0.70710678 0.70710678 0 0
-2.1 0 -2.55 0 0 0 -0.85077785 -0.80469405 -0.74017673 2.442347 -2.2537949 -2.2537949 -3.6888795 0.70710678 0.70710678 0 0
-2.1 3 -2.55 0 0 0 -1.0634723 -0.95712508 -0.70898154 2.442347 -2.2537949 -2.2537949 -3.6888795 0.70710678 0.70710678 0 0
-2.1 0 -2.4 0 0 0 -0.85077785 -0.80469405 -0.74017673 2.442347 -2.2537949 -2.2537949 -3.6888795 0.70710678 0.70710678 0 0
-2.1 3 -2.4 0 0 0 -1.0634723 -0.95712508 -0.70898154 2.442347 -2.2537949 -2.2537949 -3.6888795 0.70710678 0.70710678 0 0
-2.1 0 -2.25 0 0 0 -0.28359262 -0.20914955 -0.10492927 2.442347 -2.2537949 -2.2537949 -3.6888795 0.70710678 0.70710678 0 0
-2.1 3 -2.25 0 0 0 -1.0634723 -0.95712508 -0.70898154 2.442347 -2.2537949 -2.2537949 -3.6888795 0.70710678 0.70710678 0 0
-2.1 0 -2.1 0 0 0 -0.28359262 -0.20914955 -0.10492927 2.442347 -2.2537949 -2.2537949 -3.6888795 0.70710678 0.70710678 0 0
-2.1 3 -2.1 0 0 0 -1.0634723 -0.95712508 -0.70898154 2.442347 -2.2537949 -2.2537949 -3.6888795 0.70710678 0.70710678 0 0
-2.1 0 -1.95 0 0 0 -0.28359262 -0.20914955 -0.10492927 2.442347 -2.2537949 -2.2537949 -3.6888795 0.70710678 0.70710678 0 0
-2.1 3 -1.95 0 0 0 -1.0634723 -0.95712508 -0.70898154 2.442347 -2.2537949 -2.2537949 -3.6888795 0.70710678 0.70710678 0 0
-2.1 0 -1.8 0 0 0 -0.28359262 -0.20914955 -0.10492927 2.442347 -2.2537949 -2.2537949 -3.6888795 0.70710678 0.70710678 0 0
-2.1 3 -1.8 0 0 0 -1.0634723 -0.95712508 -0.70898154 2.442347 -2.2537949 -2.2537949 -3.6888795 0.70710678 0.70710678 0 0
-2.1 0 -1.65 0 0 0 -0.28359262 -0.20914955 -0.10492927 2.442347 -2.2537949 -2.2537949 -3.6888795 0.70710678 0.70710678 0 0
-2.1 3 -1.65 0 0 0 -1.0634723 -0.95712508 -0.70898154 2.442347 -2.2537949 -2.2537949 -3.6888795 0.70710678 0.70710678 0 0
-2.1 0 -1.5 0 0 0 -0.85077785 -0.80469405 -0.74017673 2.442347 -2.2537949 -2.2537949 -3.6888795 0.70710678 0.70710678 0 0
-2.1 3 -1.5 0 0 0 -1.0634723 -0.95712508 -0.70898154 2.442347 -2.2537949 -2.2537949 -3.6888795 0.70710678 0.70710678 0 0
-2.1 0 -1.35 0 0 0 -0.85077785 -0.80469405 -0.74017673 2.442347 -2.2537949 -2.2537949 -3.6888795 0.70710678 0.70710678 0 0
-2.1 3 -1.35 0 0 0 -1.0634723 -0.95712508 -0.70898154 2.442347 -2.2537949 -2.2537949 -3.6888795 0.70710678 0.70710678 0 0
-2.1 0 -1.2 0 0 0 -0.85077785 -0.80469405 -0.74017673 2.442347 -2.2537949 -2.2537949 -3.6888795 0.70710678 0.70710678 0 0
-2.1 3 -1.2 0 0 0 -1.0634723 -0.95712508 -0.70898154 2.442347 -2.2537949 -2.2537949 -3.6888795 0.70710678 0.70710678 0 0
-2.1 0 -1.05 0 0 0 -0.85077785 -0.80469405 -0.74017673 2.442347 -2.2537949 -2.2537949 -3.6888795 0.70710678 0.70710678 0 0
-2.1 3 -1.05 0 0 0 -1.0634723 -0.95712508 -0.70898154 2.442347 -2.2537949 -2.2537949 -3.6888795 0.70710678 0.70710678 0 0
-2.1 0 -0.9 0 0 0 -0.85077785 -0.80469405 -0.74017673 2.442347 -2.2537949 -2.2537949 -3.6888795 0.70710678 0.70710678 0 0
-2.1 3 -0.9 0 0 0 -1.0634723 -0.95712508 -0.70898154 2.442347 -2.2537949 -2.2537949 -3.6888795 0.70710678 0.70710678 0 0
-2.1 0 -0.75 0 0 0 -0.28359262 -0.20914955 -0.10492927 2.442347 -2.2537949 -2.2537949 -3.6888795 0.70710678 0.70710678 0 0
-2.1 3 -0.75 0 0 0 -1.0634723 -0.95712508 -0.70898154 2.442347 -2.2537949 -2.2537949 -3.6888795 0.70710678 0.70710678 0 0
-2.1 0 -0.6 0 0 0 -0.28359262 -0.20914955 -0.10492927 2.442347 -2.2537949 -2.2537949 -3.6888795 0.70710678 0.70710678 0 0
-2.1 3 -0.6 0 0 0 -1.0634723 -0.95712508 -0.70898154 2.442347 -2.2537949 -2.2537949 -3.6888795 0.70710678 0.70710678 0 0
-2.1 0 -0.45 0 0 0 -0.28359262 -0.20914955 -0.10492927 2.442347 -2.2537949 -2.2537949 -3.6888795 0.70710678 0.70710678 0 0
-2.1 3 -0.45 0 0 0 -1.0634723 -0.95712508 -0.70898154 2.442347 -2.2537949 -2.2537949 -3.6888795 0.70710678 0.70710678 0 0
-2.1 0 -0.3 0 0 0 -0.28359262 -0.20914955 -0.10492927 2.442347 -2.2537949 -2.2537949 -3.6888795 0.70710678 0.70710678 0 0
-2.1 3 -0.3 0 0 0 -1.0634723 -0.95712508 -0.70898154 2.442347 -2.2537949 -2.2537949 -3.6888795 0.70710678 0.70710678 0 0
-2.1 0 -0.15 0 0 0 -0.28359262 -0.20914955 -0.10492927 2.442347 -2.2537949 -2.2537949 -3.6888795 0.70710678 0.70710678 0 0
-2.1 3 -0.15 0 0 0 -1.0634723 -0.95712508 -0.70898154 2.442347 -2.2537949 -2.2537949 -3.6888795 0.70710678 0.70710678 0 0
-2.1 0 0 0 0 0 -0.85077785 -0.80469405 -0.74017673 2.442347 -2.2537949 -2.2537949 -3.6888795 0.70710678 0.70710678 0 0
-2.1 3 0 0 0 0 -1.0634723 -0.95712508 -0.70898154 2.442347 -2.2537949 -2.2537949 -3.6888795 0.70710678 0.70710678 0 0
-2.1 0 0.15 0 0 0 -0.85077785 -0.80469405 -0.74017673 2.442347 -2.2537949 -2.2537949 -3.6888795 0.70710678 0.70710678 0 0
-2.1 3 0.15 0 0 0 -1.0634723 -0.95712508 -0.70898154 2.442347 -2.2537949 -2.2537949 -3.6888795 0.70710678 0.70710678 0 0
-2.1 0 0.3 0 0 0 -0.85077785 -0.80469405 -0.74017673 2.442347 -2.2537949 -2.2537949 -3.6888795 0.70710678 0.70710678 0 0
-2.1 3 0.3 0 0 0 -1.0634723 -0.95712508 -0.70898154 2.442347 -2.2537949 -2.2537949 -3.6888795 0.70710678 0.70710678 0 0
-2.1 0 0.45 0 0 0 -0.85077785 -0.80469405 -0.74017673 2.442347 -2.2537949 -2.2537949 -3.6888795 0.70710678 0.70710678 0 0
-2.1 3 0.45 0 0 0 -1.0634723 -0.95712508 -0.70898154 2.442347 -2.2537949 -2.2537949 -3.6888795 0.70710678 0.70710678 0 0
-2.1 0 0.6 0 0 0 -0.85077785 -0.80469405 -0.74017673 2.442347 -2.2537949 -2.2537949 -3.6888795 0.70710678 0.70710678 0 0
-2.1 3 0.6 0 0 0 -1.0634723 -0.95712508 -0.70898154 2.442347 -2.2537949 -2.2537949 -3.6888795 0.70710678 0.70710678 0 0
-2.1 0 0.75 0 0 0 -0.28359262 -0.20914955 -0.10492927 2.442347 -2.2537949 -2.2537949 -3.6888795 0.70710678 0.70710678 0 0
-2.1 3 0.75 0 0 0 -1.0634723 -0.95712508 -0.70898154 2.442347 -2.2537949 -2.2537949 -3.6888795 0.70710678 0.70710678 0 0
-2.1 0 0.9 0 0 0 -0.28359262 -0.20914955 -0.10492927 2.442347 -2.2537949 -2.2537949 -3.6888795 0.70710678 0.70710678 0 0
-2.1 3 0.9 0 0 0 -1.0634723 -0.95712508 -0.70898154 2.442347 -2.2537949 -2.2537949 -3.6888795 0.70710678 0.70710678 0 0
-2.1 0 1.05 0 0 0 -0.28359262 -0.20914955 -0.10492927 2.442347 -2.2537949 -2.2537949 -3.6888795 0.70710678 0.70710678 0 0
-2.1 3 1.05 0 0 0 -1.0634723 -0.95712508 -0.70898154 2.442347 -2.2537949 -2.2537949 -3.6888795 0.70710678 0.70710678 0 0
-2.1 0 1.2 0 0 0 -0.28359262 -0.20914955 -0.10492927 2.442347 -2.2537949 -2.2537949 -3.6888795 0.70710678 0.70710678 0 0
-2.1 3 1.2 0 0 0 -1.0634723 -0.95712508 -0.70898154 2.442347 -2.2537949 -2.2537949 -3.6888795 0.70710678 0.70710678 0 0
-2.1 0 1.35 0 0 0 -0.28359262 -0.20914955 -0.10492927 2.442347 -2.2537949 -2.2537949 -3.6888795 0.70710678 0.70710678 0 0
-2.1 3 1.35 0 0 0 -1.0634723 -0.95712508 -0.70898154 2.442347 -2.2537949 -2.2537949 -3.6888795 0.70710678 0.70710678 0 0
-2.1 0 1.5 0 0 0 -0.85077785 -0.80469405 -0.74017673 2.442347 -2.2537949 -2.2537949 -3.6888795 0.70710678 0.70710678 0 0
-2.1 3 1.5 0 0 0 -1.0634723 -0.95712508 -0.70898154 2.442347 -2.2537949 -2.2537949 -3.6888795 0.70710678 0.70710678 0 0
-2.1 0 1.65 0 0 0 -0.85077785 -0.80469405 -0.74017673 2.442347 -2.2537949 -2.2537949 -3.6888795 0.70710678 0.70710678 0 0
-2.1 3 1.65 0 0 0 -1.0634723 -0.95712508 -0.70898154 2.442347 -2.2537949 -2.2537949 -3.6888795 0.70710678 0.70710678 0 0
-2.1 0 1.8 0 0 0 -0.85077785 -0.80469405 -0.74017673 2.442347 -2.2537949 -2.2537949 -3.6888795 0.70710678 0.70710678 0 0
-2.1 3 1.8 0 0 0 -1.0634723 -0.95712508 -0.70898154 2.442347 -2.2537949 -2.2537949 -3.6888795 0.70710678 0.70710678 0 0
-2.1 0 1.95 0 0 0 -0.85077785 -0.80469405 -0.74017673 2.442347 -2.2537949 -2.2537949 -3.6888795 0.70710678 0.70710678 0 0
-2.1 3 1.95 0 0 0 -1.0634723 -0.95712508 -0.70898154 2.442347 -2.2537949 -2.2537949 -3.6888795 0.70710678 0.70710678 0 0
-2.1 0 2.1 0 0 0 -0.85077785 -0.80469405 -0.74017673 2.442347 -2.2537949 -2.2537949 -3.6888795 0.70710678 0.70710678 0 0
-2.1 3 2.1 0 0 0 -1.0634723 -0.95712508 -0.70898154 2.442347 -2.2537949 -2.2537949 -3.6888795 0.70710678 0.70710678 0 0
-2.1 0 2.25 0 0 0 -0.28359262 -0.20914955 -0.10492927 2.442347 -2.2537949 -2.2537949 -3.6888795 0.70710678 0.70710678 0 0
-2.1 3 2.25 0 0 0 -1.0634723 -0.95712508 -0.70898154 2.442347 -2.2537949 -2.2537949 -3.6888795 0.70710678 0.70710678 0 0
-2.1 0 2.4 0 0 0 -0.28359262 -0.20914955 -0.10492927 2.442347 -2.2537949 -2.2537949 -3.6888795 0.70710678 0.70710678 0 0
-2.1 3 2.4 0 0 0 -1.0634723 -0.95712508 -0.70898154 2.442347 -2.2537949 -2.2537949 -3.6888795 0.70710678 0.70710678 0 0
-2.1 0 2.55 0 0 0 -0.28359262 -0.20914955 -0.10492927 2.442347 -2.2537949 -2.2537949 -3.6888795 0.70710678 0.70710678 0 0
-2.1 3 2.55 0 0 0 -1.0634723 -0.95712508 -0.70898154 2.442347 -2.2537949 -2.2537949 -3.6888795 0.70710678 0.70710678 0 0
-2.1 0 2.7 0 0 0 -0.28359262 -0.20914955 -0.10492927 2.442347 -2.2537949 -2.2537949 -3.6888795 0.70710678 0.70710678 0 0
-2.1 3 2.7 0 0 0 -1.0634723 -0.95712508 -0.70898154 2.442347 -2.2537949 -2.2537949 -3.6888795 0.70710678 0.70710678 0 0
-2.1 0 2.85 0 0 0 -0.28359262 -0.20914955 -0.10492927 2.442347 -2.2537949 -2.2537949 -3.6888795 0.70710678 0.70710678 0 0
-2.1 3 2.85 0 0 0 -1.0634723 -0.95712508 -0.70898154 2.442347 -2.2537949 -2.2537949 -3.6888795 0.70710678 0.70710678 0 0
-2.1 0 3 0 0 0 -0.85077785 -0.80469405 -0.74017673 2.442347 -2.2537949 -2.2537949 -3.6888795 0.70710678 0.70710678 0 0
-2.1 3 3 0 0 0 -1.0634723 -0.95712508 -0.70898154 2.442347 -2.2537949 -2.2537949 -3.6888795 0.70710678 0.70710678 0 0
-2.1 0 -3 0 0 0 -1.1343705 -0.77987969 -0.56718523 2.442347 -2.2537949 -2.2537949 -3.6888795 1 0 0 0
-2.1 0 3 0 0 0 -0.56718523 -0.95712508 -1.1343705 2.442347 -2.2537949 -2.2537949 -3.6888795 1 0 0 0
-3 0 -2.1 0 0 0 -0.88622693 -0.99257416 -0.63808339 2.442347 -2.2537949 -2.2537949 -3.6888795 0.70710678 0 0.70710678 0
3 0 -2.1 0 0 0 -1.0280232 -0.70898154 -0.921676 2.442347 -2.2537949 -2.2537949 -3.6888795 0.70710678 0 0.70710678 0
-2.1 0.15 -3 0 0 0 -1.1343705 -0.77987969 -0.56718523 2.442347 -2.2537949 -2.2537949 -3.6888795 1 0 0 0
-2.1 0.15 3 0 0 0 -0.56718523 -0.95712508 -1.1343705 2.442347 -2.2537949 -2.2537949 -3.6888795 1 0 0 0
-3 0.15 -2.1 0 0 0 -0.88622693 -0.99257416 -0.63808339 2.442347 -2.2537949 -2.2537949 -3.6888795 0.70710678 0 0.70710678 0
3 0.15 -2.1 0 0 0 -1.0280232 -0.70898154 -0.921676 2.442347 -2.2537949 -2.2537949 -3.6888795 0.70710678 0 0.70710678 0
-2.1 0.3 -3 0 0 0 -1.1343705 -0.77987969 -0.56718523 2.442347 -2.2537949 -2.2537949 -3.6888795 1 0 0 0
-2.1 0.3 3 0 0 0 -0.56718523 -0.95712508 -1.1343705 2.442347 -2.2537949 -2.2537949 -3.6888795 1 0 0 0
-3 0.3 -2.1 0 0 0 -0.88622693 -0.99257416 -0.63808339 2.442347 -2.2537949 -2.2537949 -3.6888795 0.70710678 0 0.70710678 0
3 0.3 -2.1 0 0 0 -1.0280232 -0.70898154 -0.921676 2.442347 -2.2537949 -2.2537949 -3.6888795 0.70710678 0 0.70710678 0
-2.1 0.45 -3 0 0 0 -1.1343705 -0.77987969 -0.56718523 2.442347 -2.2537949 -2.2537949 -3.6888795 1 0 0 0
-2.1 0.45 3 0 0 0 -0.56718523 -0.95712508 -1.1343705 2.442347 -2.2537949 -2.2537949 -3.6888795 1 0 0 0
-3 0.45 -2.1 0 0 0 -0.88622693 -0.99257416 -0.63808339 2.442347 -2.2537949 -2.2537949 -3.6888795 0.70710678 0 0.70710678 0
3 0.45 -2.1 0 0 0 -1.0280232 -0.70898154 -0.921676 2.442347 -2.2537949 -2.2537949 -3.6888795 0.70710678 0 0.70710678 0
-2.1 0.6 -3 0 0 0 -1.1343705 -0.77987969 -0.56718523 2.442347 -2.2537949 -2.2537949 -3.6888795 1 0 0 0
-2.1 0.6 3 0 0 0 -0.56718523 -0.95712508 -1.1343705 2.442347 -2.2537949 -2.2537949 -3.6888795 1 0 0 0
-3 0.6 -2.1 0 0 0 -0.88622693 -0.99257416 -0.63808339 2.442347 -2.2537949 -2.2537949 -3.6888795 0.70710678 0 0.70710678 0
3 0.6 -2.1 0 0 0 -1.0280232 -0.70898154 -0.921676 2.442347 -2.2537949 -2.2537949 -3.6888795 0.70710678 0 0.70710678 0
-2.1 0.75 -3 0 0 0 -1.1343705 -0.77987969 -0.56718523 2.442347 -2.2537949 -2.2537949 -3.6888795 1 0 0 0
-2.1 0.75 3 0 0 0 -0.56718523 -0.95712508 -1.1343705 2.442347 -2.2537949 -2.2537949 -3.6888795 1 0 0 0
-3 0.75 -2.1 0 0 0 -0.88622693 -0.99257416 -0.63808339 2.442347 -2.2537949 -2.2537949 -3.6888795 0.70710678 0 0.70710678 0
3 0.75 -2.1 0 0 0 -1.0280232 -0.70898154 -0.921676 2.442347 -2.2537949 -2.2537949 -3.6888795 0.70710678 0 0.70710678 0
-2.1 0.9 -3 0 0 0 -1.1343705 -0.77987969 -0.56718523 2.442347 -2.2537949 -2.2537949 -3.6888795 1 0 0 0
-2.1 0.9 3 0 0 0 -0.56718523 -0.95712508 -1.1343705 2.442347 -2.2537949 -2.2537949 -3.6888795 1 0 0 0
-3 0.9 -2.1 0 0 0 -0.88622693 -0.99257416 -0.63808339 2.442347 -2.2537949 -2.2537949 -3.6888795 0.70710678 0 0.70710678 0
3 0.9 -2.1 0 0 0 -1.0280232 -0.70898154 -0.921676 2.442347 -2.2537949 -2.2537949 -3.6888795 0.70710678 0 0.70710678 0
-2.1 1.05 -3 0 0 0 -1.1343705 -0.77987969 -0.56718523 2.442347 -2.2537949 -2.2537949 -3.6888795 1 0 0 0
-2.1 1.05 3 0 0 0 -0.56718523 -0.95712508 -1.1343705 2.442347 -2.2537949 -2.2537949 -3.6888795 1 0 0 0
-3 1.05 -2.1 0 0 0 -0.88622693 -0.99257416 -0.63808339 2.442347 -2.2537949 -2.2537949 -3.6888795 0.70710678 0 0.70710678 0
3 1.05 -2.1 0 0 0 -1.0280232 -0.70898154 -0.921676 2.442347 -2.2537949 -2.2537949 -3.6888795 0.70710678 0 0.70710678 0
-2.1 1.2 -3 0 0 0 -1.1343705 -0.77987969 -0.56718523 2.442347 -2.2537949 -2.2537949 -3.6888795 1 0 0 0
-2.1 1.2 3 0 0 0 -0.56718523 -0.95712508 -1.1343705 2.442347 -2.2537949 -2.2537949 -3.6888795 1 0 0 0
-3 1.2 -2.1 0 0 0 -0.88622693 -0.99257416 -0.63808339 2.442347 -2.2537949 -2.2537949 -3.6888795 0.70710678 0 0.70710678 0
3 1.2 -2.1 0 0 0 -1.0280232 -0.70898154 -0.921676 2.442347 -2.2537949 -2.2537949 -3.6888795 0.70710678 0 0.70710678 0
-2.1 1.35 -3 0 0 0 -1.1343705 -0.77987969 -0.56718523 2.442347 -2.2537949 -2.2537949 -3.6888795 1 0 0 0
-2.1 1.35 3 0 0 0 -0.56718523 -0.95712508 -1.1343705 2.442347 -2.2537949 -2.2537949 -3.6888795 1 0 0 0
-3 1.35 -2.1 0 0 0 -0.88622693 -0.99257416 -0.63808339 2.442347 -2.2537949 -2.2537949 -3.6888795 0.70710678 0 0.70710678 0
3 1.35 -2.1 0 0 0 -1.0280232 -0.70898154 -0.921676 2.442347 -2.2537949 -2.2537949 -3.6888795 0.70710678 0 0.70710678 0
-2.1 1.5 -3 0 0 0 -1.1343705 -0.77987969 -0.56718523 2.442347 -2.2537949 -2.2537949 -3.6888795 1 0 0 0
-2.1 1.5 3 0 0 0 -0.56718523 -0.95712508 -1.1343705 2.442347 -2.2537949 -2.2537949 -3.6888795 1 0 0 0
-3 1.5 -2.1 0 0 0 -0.88622693 -0.99257416 -0.63808339 2.442347 -2.2537949 -2.2537949 -3.6888795 0.70710678 0 0.70710678 0
3 1.5 -2.1 0 0 0 -1.0280232 -0.70898154 -0.921676 2.442347 -2.2537949 -2.2537949 -3.6888795 0.70710678 0 0.70710678 0
-2.1 1.65 -3 0 0 0 -1.1343705 -0.77987969 -0.56718523 2.442347 -2.2537949 -2.2537949 -3.6888795 1 0 0 0
-2.1 1.65 3 0 0 0 -0.56718523 -0.95712508 -1.1343705 2.442347 -2.2537949 -2.2537949 -3.6888795 1 0 0 0
-3 1.65 -2.1 0 0 0 -0.88622693 -0.99257416 -0.63808339 2.442347 -2.2537949 -2.2537949 -3.6888795 0.70710678 0 0.70710678 0
3 1.65 -2.1 0 0 0 -1.0280232 -0.70898154 -0.921676 2.442347 -2.2537949 -2.2537949 -3.6888795 0.70710678 0 0.70710678 0
-2.1 1.8 -3 0 0 0 -1.1343705 -0.77987969 -0.56718523 2.442347 -2.2537949 -2.2537949 -3.6888795 1 0 0 0
-2.1 1.8 3 0 0 0 -0.56718523 -0.95712508 -1.1343705 2.442347 -2.2537949 -2.2537949 -3.6888795 1 0 0 0
-3 1.8 -2.1 0 0 0 -0.88622693 -0.99257416 -0.63808339 2.442347 -2.2537949 -2.2537949 -3.6888795 0.70710678 0 0.70710678 0
3 1.8 -2.1 0 0 0 -1.0280232 -0.70898154 -0.921676 2.442347 -2.2537949 -2.2537949 -3.6888795 0.70710678 0 0.70710678 0
-2.1 1.95 -3 0 0 0 -1.1343705 -0.77987969 -0.56718523 2.442347 -2.2537949 -2.2537949 -3.6888795 1 0 0 0
-2.1 1.95 3 0 0 0 -0.56718523 -0.95712508 -1.1343705 2.442347 -2.2537949 -2.2537949 -3.6888795 1 0 0 0
-3 1.95 -2.1 0 0 0 -0.88622693 -0.99257416 -0.63808339 2.442347 -2.2537949 -2.2537949 -3.6888795 0.70710678 0 0.70710678 0
3 1.95 -2.1 0 0 0 -1.0280232 -0.70898154 -0.921676 2.442347 -2.2537949 -2.2537949 -3.6888795 0.70710678 0 0.70710678 0
-2.1 2.1 -3 0 0 0 -1.1343705 -0.77987969 -0.56718523 2.442347 -2.2537949 -2.2537949 -3.6888795 1 0 0 0
-2.1 2.1 3 0 0 0 -0.56718523 -0.95712508 -1.1343705 2.442347 -2.2537949 -2.2537949 -3.6888795 1 0 0 0
-3 2.1 -2.1 0 0 0 -0.88622693 -0.99257416 -0.63808339 2.442347 -2.2537949 -2.2537949 -3.6888795 0.70710678 0 0.70710678 0
3 2.1 -2.1 0 0 0 -1.0280232 -0.70898154 -0.921676 2.442347 -2.2537949 -2.2537949 -3.6888795 0.70710678 0 0.70710678 0
-2.1 2.25 -3 0 0 0 -1.1343705 -0.77987969 -0.56718523 2.442347 -2.2537949 -2.2537949 -3.6888795 1 0 0 0
-2.1 2.25 3 0 0 0 -0.56718523 -0.95712508 -1.1343705 2.442347 -2.2537949 -2.2537949 -3.6888795 1 0 0 0
-3 2.25 -2.1 0 0 0 -0.88622693 -0.99257416 -0.63808339 2.442347 -2.2537949 -2.2537949 -3.6888795 0.70710678 0 0.70710678 0
3 2.25 -2.1 0 0 0 -1.0280232 -0.70898154 -0.921676 2.442347 -2.2537949 -2.2537949 -3.6888795 0.70710678 0 0.70710678 0
-2.1 2.4 -3 0 0 0 -1.1343705 -0.77987969 -0.56718523 2.442347 -2.2537949 -2.2537949 -3.6888795 1 0 0 0
-2.1 2.4 3 0 0 0 -0.56718523 -0.95712508 -1.1343705 2.442347 -2.2537949 -2.2537949 -3.6888795 1 0 0 0
-3 2.4 -2.1 0 0 0 -0.88622693 -0.99257416 -0.63808339 2.442347 -2.2537949 -2.2537949 -3.6888795 0.70710678 0 0.70710678 0
3 2.4 -2.1 0 0 0 -1.0280232 -0.70898154 -0.921676 2.442347 -2.2537949 -2.2537949 -3.6888795 0.70710678 0 0.70710678 0
-2.1 2.55 -3 0 0 0 -1.1343705 -0.77987969 -0.56718523 2.442347 -2.2537949 -2.2537949 -3.6888795 1 0 0 0
-2.1 2.55 3 0 0 0 -0.56718523 -0.95712508 -1.1343705 2.442347 -2.2537949 -2.2537949 -3.6888795 1 0 0 0
-3 2.55 -2.1 0 0 0 -0.88622693 -0.99257416 -0.63808339 2.442347 -2.2537949 -2.2537949 -3.6888795 0.70710678 0 0.70710678 0
3 2.55 -2.1 0 0 0 -1.0280232 -0.70898154 -0.921676 2.442347 -2.2537949 -2.2537949 -3.6888795 0.70710678 0 0.70710678 0
-2.1 2.7 -3 0 0 0 -1.1343705 -0.77987969 -0.56718523 2.442347 -2.2537949 -2.2537949 -3.6888795 1 0 0 0
-2.1 2.7 3 0 0 0 -0.56718523 -0.95712508 -1.1343705 2.442347 -2.2537949 -2.2537949 -3.6888795 1 0 0 0
-3 2.7 -2.1 0 0 0 -0.88622693 -0.99257416 -0.63808339 2.442347 -2.2537949 -2.2537949 -3.6888795 0.70710678 0 0.70710678 0
3 2.7 -2.1 0 0 0 -1.0280232 -0.70898154 -0.921676 2.442347 -2.2537949 -2.2537949 -3.6888795 0.70710678 0 0.70710678 0
-2.1 2.85 -3 0 0 0 -1.1343705 -0.77987969 -0.56718523 2.442347 -2.2537949 -2.2537949 -3.6888795 1 0 0 0
-2.1 2.85 3 0 0 0 -0.56718523 -0.95712508 -1.1343705 2.442347 -2.2537949 -2.2537949 -3.6888795 1 0 0 0
-3 2.85 -2.1 0 0 0 -0.88622693 -0.99257416 -0.63808339 2.442347 -2.2537949 -2.2537949 -3.6888795 0.70710678 0 0.70710678 0
3 2.85 -2.1 0 0 0 -1.0280232 -0.70898154 -0.921676 2.442347 -2.2537949 -2.2537949 -3.6888795 0.70710678 0 0.70710678 0
-2.1 3 -3 0 0 0 -1.1343705 -0.77987969 -0.56718523 2.442347 -2.2537949 -2.2537949 -3.6888795 1 0 0 0
-2.1 3 3 0 0 0 -0.56718523 -0.95712508 -1.1343705 2.442347 -2.2537949 -2.2537949 -3.6888795 1 0 0 0
-3 3 -2.1 0 0 0 -0.88622693 -0.99257416 -0.63808339 2.442347 -2.2537949 -2.2537949 -3.6888795 0.70710678 0 0.70710678 0
3 3 -2.1 0 0 0 -1.0280232 -0.70898154 -0.921676 2.442347 -2.2537949 -2.2537949 -3.6888795 0.70710678 0 0.70710678 0
-1.95 0 -3 0 0 0 -0.85077785 -0.80469405 -0.74017673 2.442347 -2.2537949 -2.2537949 -3.6888795 0.70710678 0.70710678 0 0
-1.95 3 -3 0 0 0 -1.0634723 -0.95712508 -0.70898154 2.442347 -2.2537949 -2.2537949 -3.6888795 0.70710678 0.70710678 0 0
-1.95 0 -2.85 0 0 0 -0.85077785 -0.80469405 -0.74017673 2.442347 -2.2537949 -2.2537949 -3.6888795 0.70710678 0.70710678 0 0
-1.95 3 -2.85 0 0 0 -1.0634723 -0.95712508 -0.70898154 2.442347 -2.2537949 -2.2537949 -3.6888795 0.70710678 0.70710678 0 0
-1.95 0 -2.7 0 0 0 -0.85077785 -0.80469405 -0.74017673 2.442347 -2.2537949 -2.2537949 -3.6888795 0.70710678 0.70710678 0 0
-1.95 3 -2.7 0 0 0 -1.0634723 -0.95712508 -0.70898154 2.442347 -2.2537949 -2.2537949 -3.6888795 0.70710678 0.70710678 0 0
-1.95 0 -2.55 0 0 0 -0.85077785 -0.80469405 -0.74017673 2.442347 -2.2537949 -2.2537949 -3.6888795 0.70710678 0.70710678 0 0
-1.95 3 -2.55 0 0 0 -1.0634723 -0.95712508 -0.70898154 2.442347 -2.2537949 -2.2537949 -3.6888795 0.70710678 0.70710678 0 0
-1.95 0 -2.4 0 0 0 -0.85077785 -0.80469405 -0.74017673 2.442347 -2.2537949 -2.2537949 -3.6888795 0.70710678 0.70710678 0 0
-1.95 3 -2.4 0 0 0 -1.0634723 -0.95712508 -0.70898154 2.442347 -2.2537949 -2.2537949 -3.6888795 0.70710678 0.70710678 0 0
-1.95 0 -2.25 0 0 0 -0.28359262 -0.20914955 -0.10492927 2.442347 -2.2537949 -2.2537949 -3.6888795 0.70710678 0.70710678 0 0
-1.95 3 -2.25 0 0 0 -1.0634723 -0.95712508 -0.70898154 2.442347 -2.2537949 -2.2537949 -3.6888795 0.70710678 0.70710678 0 0
-1.95 0 -2.1 0 0 0 -0.28359262 -0.20914955 -0.10492927 2.442347 -2.2537949 -2.2537949 -3.6888795 0.70710678 0.70710678 0 0
-1.95 3 -2.1 0 0 0 -1.0634723 -0.95712508 -0.70898154 2.442347 -2.2537949 -2.2537949 -3.6888795 0.70710678 0.70710678 0 0
-1.95 0 -1.95 0 0 0 -0.28359262 -0.20914955 -0.10492927 2.442347 -2.2537949 -2.2537949 -3.6888795 0.70710678 0.70710678 0 0
-1.95 3 -1.95 0 0 0 -1.0634723 -0.95712508 -0.70898154 2.442347 -2.2537949 -2.2537949 -3.6888795 0.70710678 0.70710678 0 0
-1.95 0 -1.8 0 0 0 -0.28359262 -0.20914955 -0.10492927 2.442347 -2.2537949 -2.2537949 -3.6888795 0.70710678 0.70710678 0 0
-1.95 3 -1.8 0 0 0 -1.0634723 -0.95712508 -0.70898154 2.442347 -2.2537949 -2.2537949 -3.6888795 0.70710678 0.70710678 0 0
-1.95 0 -1.65 0 0 0 -0.28359262 -0.20914955 -0.10492927 2.442347 -2.2537949 -2.2537949 -3.6888795 0.70710678 0.70710678 0 0
-1.95 3 -1.65 0 0 0 -1.0634723 -0.95712508 -0.70898154 2.442347 -2.2537949 -2.2537949 -3.6888795 0.70710678 0.70710678 0 0
-1.95 0 -1.5 0 0 0 -0.85077785 -0.80469405 -0.74017673 2.442347 -2.2537949 -2.2537949 -3.6888795 0.70710678 0.70710678 0 0
-1.95 3 -1.5 0 0 0 -1.0634723 -0.95712508 -0.70898154 2.442347 -2.2537949 -2.2537949 -3.6888795 0.70710678 0.70710678 0 0
-1.95 0 -1.35 0 0 0 -0.85077785 -0.80469405 -0.74017673 2.442347 -2.2537949 -2.2537949 -3.6888795 0.70710678 0.70710678 0 0
-1.95 3 -1.35 0 0 0 -1.0634723 -0.95712508 -0.70898154 2.442347 -2.2537949 -2.2537949 -3.6888795 0.70710678 0.70710678 0 0
-1.95 0 -1.2 0 0 0 -0.85077785 -0.80469405 -0.74017673 2.442347 -2.2537949 -2.2537949 -3.6888795 0.70710678 0.70710678 0 0
-1.95 3 -1.2 0 0 0 -1.0634723 -0.95712508 -0.70898154 2.442347 -2.2537949 -2.2537949 -3.6888795 0.70710678 0.70710678 0 0
-1.95 0 -1.05 0 0 0 -0.85077785 -0.80469405 -0.74017673 2.442347 -2.2537949 -2.2537949 -3.6888795 0.70710678 0.70710678 0 0
-1.95 3 -1.05 0 0 0 -1.0634723 -0.95712508 -0.70898154 2.442347 -2.2537949 -2.2537949 -3.6888795 0.70710678 0.70710678 0 0
-1.95 0 -0.9 0 0 0 -0.85077785 -0.80469405 -0.74017673 2.442347 -2.2537949 -2.2537949 -3.6888795 0.70710678 0.70710678 0 0
-1.95 3 -0.9 0 0 0 -1.0634723 -0.95712508 -0.70898154 2.442347 -2.2537949 -2.2537949 -3.6888795 0.70710678 0.70710678 0 0
-1.95 0 -0.75 0 0 0 -0.28359262 -0.20914955 -0.10492927 2.442347 -2.2537949 -2.2537949 -3.6888795 0.70710678 0.70710678 0 0
-1.95 3 -0.75 0 0 0 -1.0634723 -0.95712508 -0.70898154 2.442347 -2.2537949 -2.2537949 -3.6888795 0.70710678 0.70710678 0 0
-1.95 0 -0.6 0 0 0 -0.28359262 -0.20914955 -0.10492927 2.442347 -2.2537949 -2.2537949 -3.6888795 0.70710678 0.70710678 0 0
-1.95 3 -0.6 0 0 0 -1.0634723 -0.95712508 -0.70898154 2.442347 -2.2537949 -2.2537949 -3.6888795 0.70710678 0.70710678 0 0
-1.95 0 -0.45 0 0 0 -0.28359262 -0.20914955 -0.10492927 2.442347 -2.2537949 -2.2537949 -3.6888795 0.70710678 0.70710678 0 0
-1.95 3 -0.45 0 0 0 -1.0634723 -0.95712508 -0.70898154 2.442347 -2.2537949 -2.2537949 -3.6888795 0.70710678 0.70710678 0 0
-1.95 0 -0.3 0 0 0 -0.28359262 -0.20914955 -0.10492927 2.442347 -2.2537949 -2.2537949 -3.6888795 0.70710678 0.70710678 0 0
-1.95 3 -0.3 0 0 0 -1.0634723 -0.95712508 -0.70898154 2.442347 -2.2537949 -2.2537949 -3.6888795 0.70710678 0.70710678 0 0
-1.95 0 -0.15 0 0 0 -0.28359262 -0.20914955 -0.10492927 2.442347 -2.2537949 -2.2537949 -3.6888795 0.70710678 0.70710678 0 0
-1.95 3 -0.15 0 0 0 -1.0634723 -0.95712508 -0.70898154 2.442347 -2.2537949 -2.2537949 -3.6888795 0.70710678 0.70710678 0 0
-1.95 0 0 0 0 0 -0.85077785 -0.80469405 -0.74017673 2.442347 -2.2537949 -2.2537949 -3.6888795 0.70710678 0.70710678 0 0
-1.95 3 0 0 0 0 -1.0634723 -0.95712508 -0.70898154 2.442347 -2.2537949 -2.2537949 -3.6888795 0.70710678 0.70710678 0 0
-1.95 0 0.15 0 0 0 -0.85077785 -0.80469405 -0.74017673 2.442347 -2.2537949 -2.2537949 -3.6888795 0.70710678 0.70710678 0 0
-1.95 3 0.15 0 0 0 -1.0634723 -0.95712508 -0.70898154 2.442347 -2.2537949 -2.2537949 -3.6888795 0.70710678 0.70710678 0 0
-1.95 0 0.3 0 0 0 -0.85077785 -0.80469405 -0.74017673 2.442347 -2.2537949 -2.2537949 -3.6888795 0.70710678 0.70710678 0 0
-1.95 3 0.3 0 0 0 -1.0634723 -0.95712508 -0.70898154 2.442347 -2.2537949 -2.2537949 -3.6888795 0.70710678 0.70710678 0 0
-1.95 0 0.45 0 0 0 -0.85077785 -0.80469405 -0.74017673 2.442347 -2.2537949 -2.2537949 -3.6888795 0.70710678 0.70710678 0 0
-1.95 3 0.45 0 0 0 -1.0634723 -0.95712508 -0.70898154 2.442347 -2.2537949 -2.2537949 -3.6888795 0.70710678 0.70710678 0 0
-1.95 0 0.6 0 0 0 -0.85077785 -0.80469405 -0.74017673 2.442347 -2.2537949 -2.2537949 -3.6888795 0.70710678 0.70710678 0 0
-1.95 3 0.6 0 0 0 -1.0634723 -0.95712508 -0.70898154 2.442347 -2.2537949 -2.2537949 -3.6888795 0.70710678 0.70710678 0 0
-1.95 0 0.75 0 0 0 -0.28359262 -0.20914955 -0.10492927 2.442347 -2.2537949 -2.2537949 -3.6888795 0.70710678 0.70710678 0 0
-1.95 3 0.75 0 0 0 -1.0634723 -0.95712508 -0.70898154 2.442347 -2.2537949 -2.2537949 -3.6888795 0.70710678 0.70710678 0 0
-1.95 0 0.9 0 0 0 -0.28359262 -0.20914955 -0.10492927 2.442347 -2.2537949 -2.2537949 -3.6888795 0.70710678 0.70710678 0 0
-1.95 3 0.9 0 0 0 -1.0634723 -0.95712508 -0.70898154 2.442347 -2.2537949 -2.2537949 -3.6888795 0.70710678 0.70710678 0 0
-1.95 0 1.05 0 0 0 -0.28359262 -0.20914955 -0.10492927 2.442347 -2.2537949 -2.2537949 -3.6888795 0.70710678 0.70710678 0 0
-1.95 3 1.05 0 0 0 -1.0634723 -0.95712508 -0.70898154 2.442347 -2.2537949 -2.2537949 -3.6888795 0.70710678 0.70710678 0 0
-1.95 0 1.2 0 0 0 -0.28359262 -0.20914955 -0.10492927 2.442347 -2.2537949 -2.2537949 -3.6888795 0.70710678 0.70710678 0 0
-1.95 3 1.2 0 0 0 -1.0634723 -0.95712508 -0.70898154 2.442347 -2.2537949 -2.2537949 -3.6888795 0.70710678 0.70710678 0 0
-1.95 0 1.35 0 0 0 -0.28359262 -0.20914955 -0.10492927 2.442347 -2.2537949 -2.2537949 -3.6888795 0.70710678 0.70710678 0 0
-1.95 3 1.35 0 0 0 -1.0634723 -0.95712508 -0.70898154 2.442347 -2.2537949 -2.2537949 -3.6888795 0.70710678 0.70710678 0 0
-1.95 0 1.5 0 0 0 -0.85077785 -0.80469405 -0.74017673 2.442347 -2.2537949 -2.2537949 -3.6888795 0.70710678 0.70710678 0 0
-1.95 3 1.5 0 0 0 -1.0634723 -0.95712508 -0.70898154 2.442347 -2.2537949 -2.2537949 -3.6888795 0.70710678 0.70710678 0 0
-1.95 0 1.65 0 0 0 -0.85077785 -0.80469405 -0.74017673 2.442347 -2.2537949 -2.2537949 -3.6888795 0.70710678 0.70710678 0 0
-1.95 3 1.65 0 0 0 -1.0634723 -0.95712508 -0.70898154 2.442347 -2.2537949 -2.2537949 -3.6888795 0.70710678 0.70710678 0 0
-1.95 0 1.8 0 0 0 -0.85077785 -0.80469405 -0.74017673 2.442347 -2.2537949 -2.2537949 -3.6888795 0.70710678 0.70710678 0 0
-1.95 3 1.8 0 0 0 -1.0634723 -0.95712508 -0.70898154 2.442347 -2.2537949 -2.2537949 -3.6888795 0.70710678 0.70710678 0 0
-1.95 0 1.95 0 0 0 -0.85077785 -0.80469405 -0.74017673 2.442347 -2.2537949 -2.2537949 -3.6888795 0.70710678 0.70710678 0 0
-1.95 3 1.95 0 0 0 -1.0634723 -0.95712508 -0.70898154 2.442347 -2.2537949 -2.2537949 -3.6888795 0.70710678 0.70710678 0 0
-1.95 0 2.1 0 0 0 -0.85077785 -0.80469405 -0.74017673 2.442347 -2.2537949 -2.2537949 -3.6888795 0.70710678 0.70710678 0 0
-1.95 3 2.1 0 0 0 -1.0634723 -0.95712508 -0.70898154 2.442347 -2.2537949 -2.2537949 -3.6888795 0.70710678 0.70710678 0 0
-1.95 0 2.25 0 0 0 -0.28359262 -0.20914955 -0.10492927 2.442347 -2.2537949 -2.2537949 -3.6888795 0.70710678 0.70710678 0 0
-1.95 3 2.25 0 0 0 -1.0634723 -0.95712508 -0.70898154 2.442347 -2.2537949 -2.2537949 -3.6888795 0.70710678 0.70710678 0 0
-1.95 0 2.4 0 0 0 -0.28359262 -0.20914955 -0.10492927 2.442347 -2.2537949 -2.2537949 -3.6888795 0.70710678 0.70710678 0 0
-1.95 3 2.4 0 0 0 -1.0634723 -0.95712508 -0.70898154 2.442347 -2.2537949 -2.2537949 -3.6888795 0.70710678 0.70710678 0 0
-1.95 0 2.55 0 0 0 -0.28359262 -0.20914955 -0.10492927 2.442347 -2.2537949 -2.2537949 -3.6888795 0.70710678 0.70710678 0 0
-1.95 3 2.55 0 0 0 -1.0634723 -0.95712508 -0.70898154 2.442347 -2.2537949 -2.2537949 -3.6888795 0.70710678 0.70710678 0 0
-1.95 0 2.7 0 0 0 -0.28359262 -0.20914955 -0.10492927 2.442347 -2.2537949 -2.2537949 -3.6888795 0.70710678 0.70710678 0 0
-1.95 3 2.7 0 0 0 -1.0634723 -0.95712508 -0.70898154 2.442347 -2.2537949 -2.2537949 -3.6888795 0.70710678 0.70710678 0 0
-1.95 0 2.85 0 0 0 -0.28359262 -0.20914955 -0.10492927 2.442347 -2.2537949 -2.2537949 -3.6888795 0.70710678 0.70710678 0 0
-1.95 3 2.85 0 0 0 -1.0634723 -0.95712508 -0.70898154 2.442347 -2.2537949 -2.2537949 -3.6888795 0.70710678 0.70710678 0 0
-1.95 0 3 0 0 0 -0.85077785 -0.80469405 -0.74017673 2.442347 -2.2537949 -2.2537949 -3.6888795 0.70710678 0.70710678 0 0
-1.95 3 3 0 0 0 -1.0634723 -0.95712508 -0.70898154 2.442347 -2.2537949 -2.2537949 -3.6888795 0.70710678 0.70710678 0 0
-1.95 0 -3 0 0 0 -1.1343705 -0.77987969 -0.56718523 2.442347 -2.2537949 -2.2537949 -3.6888795 1 0 0 0
-1.95 0 3 0 0 0 -0.56718523 -0.95712508 -1.1343705 2.442347 -2.2537949 -2.2537949 -3.6888795 1 0 0 0
-3 0 -1.95 0 0 0 -0.88622693 -0.99257416 -0.63808339 2.442347 -2.2537949 -2.2537949 -3.6888795 0.70710678 0 0.70710678 0
3 0 -1.95 0 0 0 -1.0280232 -0.70898154 -0.921676 2.442347 -2.2537949 -2.2537949 -3.6888795 0.70710678 0 0.70710678 0
-1.95 0.15 -3 0 0 0 -1.1343705 -0.77987969 -0.56718523 2.442347 -2.2537949 -2.2537949 -3.6888795 1 0 0 0
-1.95 0.15 3 0 0 0 -0.56718523 -0.95712508 -1.1343705 2.442347 -2.2537949 -2.2537949 -3.6888795 1 0 0 0
-3 0.15 -1.95 0 0 0 -0.88622693 -0.99257416 -0.63808339 2.442347 -2.2537949 -2.2537949 -3.6888795 0.70710678 0 0.70710678 0
3 0.15 -1.95 0 0 0 -1.0280232 -0.70898154 -0.921676 2.442347 -2.2537949 -2.2537949 -3.6888795 0.70710678 0 0.70710678 0
-1.95 0.3 -3 0 0 0 -1.1343705 -0.77987969 -0.56718523 2.442347 -2.2537949 -2.2537949 -3.6888795 1 0 0 0
-1.95 0.3 3 0 0 0 -0.56718523 -0.95712508 -1.1343705 2.442347 -2.2537949 -2.2537949 -3.6888795 1 0 0 0
-3 0.3 -1.95 0 0 0 -0.88622693 -0.99257416 -0.63808339 2.442347 -2.2537949 -2.2537949 -3.6888795 0.70710678 0 0.70710678 0
3 0.3 -1.95 0 0 0 -1.0280232 -0.70898154 -0.921676 2.442347 -2.2537949 -2.2537949 -3.6888795 0.70710678 0 0.70710678 0
-1.95 0.45 -3 0 0 0 -1.1343705 -0.77987969 -0.56718523 2.442347 -2.2537949 -2.2537949 -3.6888795 1 0 0 0
-1.95 0.45 3 0 0 0 -0.56718523 -0.95712508 -1.1343705 2.442347 -2.2537949 -2.2537949 -3.6888795 1 0 0 0
-3 0.45 -1.95 0 0 0 -0.88622693 -0.99257416 -0.63808339 2.442347 -2.2537949 -2.2537949 -3.6888795 0.70710678 0 0.70710678 0
3 0.45 -1.95 0 0 0 -1.0280232 -0.70898154 -0.921676 2.442347 -2.2537949 -2.2537949 -3.6888795 0.70710678 0 0.70710678 0
-1.95 0.6 -3 0 0 0 -1.1343705 -0.77987969 -0.56718523 2.442347 -2.2537949 -2.2537949 -3.6888795 1 0 0 0
-1.95 0.6 3 0 0 0 -0.56718523 -0.95712508 -1.1343705 2.442347 -2.2537949 -2.2537949 -3.6888795 1 0 0 0
-3 0.6 -1.95 0 0 0 -0.88622693 -0.99257416 -0.63808339 2.442347 -2.2537949 -2.2537949 -3.6888795 0.70710678 0 0.70710678 0
3 0.6 -1.95 0 0 0 -1.0280232 -0.70898154 -0.921676 2.442347 -2.2537949 -2.2537949 -3.6888795 0.70710678 0 0.70710678 0
-1.95 0.75 -3 0 0 0 -1.1343705 -0.77987969 -0.56718523 2.442347 -2.2537949 -2.2537949 -3.6888795 1 0 0 0
-1.95 0.75 3 0 0 0 -0.56718523 -0.95712508 -1.1343705 2.442347 -2.2537949 -2.2537949 -3.6888795 1 0 0 0
-3 0.75 -1.95 0 0 0 -0.88622693 -0.99257416 -0.63808339 2.442347 -2.2537949 -2.2537949 -3.6888795 0.70710678 0 0.70710678 0
3 0.75 -1.95 0 0 0 -1.0280232 -0.70898154 -0.921676 2.442347 -2.2537949 -2.2537949 -3.6888795 0.70710678 0 0.70710678 0
-1.95 0.9 -3 0 0 0 -1.1343705 -0.77987969 -0.56718523 2.442347 -2.2537949 -2.2537949 -3.6888795 1 0 0 0
-1.95 0.9 3 0 0 0 -0.56718523 -0.95712508 -1.1343705 2.442347 -2.2537949 -2.2537949 -3.6888795 1 0 0 0
-3 0.9 -1.95 0 0 0 -0.88622693 -0.99257416 -0.63808339 2.442347 -2.2537949 -2.2537949 -3.6888795 0.70710678 0 0.70710678 0
3 0.9 -1.95 0 0 0 -1.0280232 -0.70898154 -0.921676 2.442347 -2.2537949 -2.2537949 -3.6888795 0.70710678 0 0.70710678 0
-1.95 1.05 -3 0 0 0 -1.1343705 -0.77987969 -0.56718523 2.442347 -2.2537949 -2.2537949 -3.6888795 1 0 0 0
-1.95 1.05 3 0 0 0 -0.56718523 -0.95712508 -1.1343705 2.442347 -2.2537949 -2.2537949 -3.6888795 1 0 0 0
-3 1.05 -1.95 0 0 0 -0.88622693 -0.99257416 -0.63808339 2.442347 -2.2537949 -2.2537949 -3.6888795 0.70710678 0 0.70710678 0
3 1.05 -1.95 0 0 0 -1.0280232 -0.70898154 -0.921676 2.442347 -2.2537949 -2.2537949 -3.6888795 0.70710678 0 0.70710678 0
-1.95 1.2 -3 0 0 0 -1.1343705 -0.77987969 -0.56718523 2.442347 -2.2537949 -2.2537949 -3.6888795 1 0 0 0
-1.95 1.2 3 0 0 0 -0.56718523 -0.95712508 -1.1343705 2.442347 -2.2537949 -2.2537949 -3.6888795 1 0 0 0
-3 1.2 -1.95 0 0 0 -0.88622693 -0.99257416 -0.63808339 2.442347 -2.2537949 -2.2537949 -3.6888795 0.70710678 0 0.70710678 0
3 1.2 -1.95 0 0 0 -1.0280232 -0.70898154 -0.921676 2.442347 -2.2537949 -2.2537949 -3.6888795 0.70710678 0 0.70710678 0
-1.95 1.35 -3 0 0 0 -1.1343705 -0.77987969 -0.56718523 2.442347 -2.2537949 -2.2537949 -3.6888795 1 0 0 0
-1.95 1.35 3 0 0 0 -0.56718523 -0.95712508 -1.1343705 2.442347 -2.2537949 -2.2537949 -3.6888795 1 0 0 0
-3 1.35 -1.95 0 0 0 -0.88622693 -0.99257416 -0.63808339 2.442347 -2.2537949 -2.2537949 -3.6888795 0.70710678 0 0.70710678 0
3 1.35 -1.95 0 0 0 -1.0280232 -0.70898154 -0.921676 2.442347 -2.2537949 -2.2537949 -3.6888795 0.70710678 0 0.70710678 0
-1.95 1.5 -3 0 0 0 -1.1343705 -0.77987969 -0.56718523 2.442347 -2.2537949 -2.2537949 -3.6888795 1 0 0 0
-1.95 1.5 3 0 0 0 -0.56718523 -0.95712508 -1.1343705 2.442347 -2.2537949 -2.2537949 -3.6888795 1 0 0 0
-3 1.5 -1.95 0 0 0 -0.88622693 -0.99257416 -0.63808339 2.442347 -2.2537949 -2.2537949 -3.6888795 0.70710678 0 0.70710678 0
3 1.5 -1.95 0 0 0 -1.0280232 -0.70898154 -0.921676 2.442347 -2.2537949 -2.2537949 -3.6888795 0.70710678 0 0.70710678 0
-1.95 1.65 -3 0 0 0 -1.1343705 -0.77987969 -0.56718523 2.442347 -2.2537949 -2.2537949 -3.6888795 1 0 0 0
-1.95 1.65 3 0 0 0 -0.56718523 -0.95712508 -1.1343705 2.442347 -2.2537949 -2.2537949 -3.6888795 1 0 0 0
-3 1.65 -1.95 0 0 0 -0.88622693 -0.99257416 -0.63808339 2.442347 -2.2537949 -2.2537949 -3.6888795 0.70710678 0 0.70710678 0
3 1.65 -1.95 0 0 0 -1.0280232 -0.70898154 -0.921676 2.442347 -2.2537949 -2.2537949 -3.6888795 0.70710678 0 0.70710678 0
-1.95 1.8 -3 0 0 0 -1.1343705 -0.77987969 -0.56718523 2.442347 -2.2537949 -2.2537949 -3.6888795 1 0 0 0
-1.95 1.8 3 0 0 0 -0.56718523 -0.95712508 -1.1343705 2.442347 -2.2537949 -2.2537949 -3.6888795 1 0 0 0
-3 1.8 -1.95 0 0 0 -0.88622693 -0.99257416 -0.63808339 2.442347 -2.2537949 -2.2537949 -3.6888795 0.70710678 0 0.70710678 0
3 1.8 -1.95 0 0 0 -1.0280232 -0.70898154 -0.921676 2.442347 -2.2537949 -2.2537949 -3.6888795 0.70710678 0 0.70710678 0
-1.95 1.95 -3 0 0 0 -1.1343705 -0.77987969 -0.56718523 2.442347 -2.2537949 -2.2537949 -3.6888795 1 0 0 0
-1.95 1.95 3 0 0 0 -0.56718523 -0.95712508 -1.1343705 2.442347 -2.2537949 -2.2537949 -3.6888795 1 0 0 0
-3 1.95 -1.95 0 0 0 -0.88622693 -0.99257416 -0.63808339 2.442347 -2.2537949 -2.2537949 -3.6888795 0.70710678 0 0.70710678 0
3 1.95 -1.95 0 0 0 -1.0280232 -0.70898154 -0.921676 2.442347 -2.2537949 -2.2537949 -3.6888795 0.70710678 0 0.70710678 0
-1.95 2.1 -3 0 0 0 -1.1343705 -0.77987969 -0.56718523 2.442347 -2.2537949 -2.2537949 -3.6888795 1 0 0 0
-1.95 2.1 3 0 0 0 -0.56718523 -0.95712508 -1.1343705 2.442347 -2.2537949 -2.2537949 -3.6888795 1 0 0 0
-3 2.1 -1.95 0 0 0 -0.88622693 -0.99257416 -0.63808339 2.442347 -2.2537949 -2.2537949 -3.6888795 0.70710678 0 0.70710678 0
3 2.1 -1.95 0 0 0 -1.0280232 -0.70898154 -0.921676 2.442347 -2.2537949 -2.2537949 -3.6888795 0.70710678 0 0.70710678 0
-1.95 2.25 -3 0 0 0 -1.1343705 -0.77987969 -0.56718523 2.442347 -2.2537949 -2.2537949 -3.6888795 1 0 0 0
-1.95 2.25 3 0 0 0 -0.56718523 -0.95712508 -1.1343705 2.442347 -2.2537949 -2.2537949 -3.6888795 1 0 0 0
-3 2.25 -1.95 0 0 0 -0.88622693 -0.99257416 -0.63808339 2.442347 -2.2537949 -2.2537949 -3.6888795 0.70710678 0 0.70710678 0
3 2.25 -1.95 0 0 0 -1.0280232 -0.70898154 -0.921676 2.442347 -2.2537949 -2.2537949 -3.6888795 0.70710678 0 0.70710678 0
-1.95 2.4 -3 0 0 0 -1.1343705 -0.77987969 -0.56718523 2.442347 -2.2537949 -2.2537949 -3.6888795 1 0 0 0
-1.95 2.4 3 0 0 0 -0.56718523 -0.95712508 -1.1343705 2.442347 -2.2537949 -2.2537949 -3.6888795 1 0 0 0
-3 2.4 -1.95 0 0 0 -0.88622693 -0.99257416 -0.63808339 2.442347 -2.2537949 -2.2537949 -3.6888795 0.70710678 0 0.70710678 0
3 2.4 -1.95 0 0 0 -1.0280232 -0.70898154 -0.921676 2.442347 -2.2537949 -2.2537949 -3.6888795 0.70710678 0 0.70710678 0
-1.95 2.55 -3 0 0 0 -1.1343705 -0.77987969 -0.56718523 2.442347 -2.2537949 -2.2537949 -3.6888795 1 0 0 0
-1.95 2.55 3 0 0 0 -0.56718523 -0.95712508 -1.1343705 2.442347 -2.2537949 -2.2537949 -3.6888795 1 0 0 0
-3 2.55 -1.95 0 0 0 -0.88622693 -0.99257416 -0.63808339 2.442347 -2.2537949 -2.2537949 -3.6888795 0.70710678 0 0.70710678 0
3 2.55 -1.95 0 0 0 -1.0280232 -0.70898154 -0.921676 2.442347 -2.2537949 -2.2537949 -3.6888795 0.70710678 0 0.70710678 0
-1.95 2.7 -3 0 0 0 -1.1343705 -0.77987969 -0.56718523 2.442347 -2.2537949 -2.2537949 -3.6888795 1 0 0 0
-1.95 2.7 3 0 0 0 -0.56718523 -0.95712508 -1.1343705 2.442347 -2.2537949 -2.2537949 -3.6888795 1 0 0 0
-3 2.7 -1.95 0 0 0 -0.88622693 -0.99257416 -0.63808339 2.442347 -2.2537949 -2.2537949 -3.6888795 0.70710678 0 0.70710678 0
3 2.7 -1.95 0 0 0 -1.0280232 -0.70898154 -0.921676 2.442347 -2.2537949 -2.2537949 -3.6888795 0.70710678 0 0.70710678 0
-1.95 2.85 -3 0 0 0 -1.1343705 -0.77987969 -0.56718523 2.442347 -2.2537949 -2.2537949 -3.6888795 1 0 0 0
-1.95 2.85 3 0 0 0 -0.56718523 -0.95712508 -1.1343705 2.442347 -2.2537949 -2.2537949 -3.6888795 1 0 0 0
-3 2.85 -1.95 0 0 0 -0.88622693 -0.99257416 -0.63808339 2.442347 -2.2537949 -2.2537949 -3.6888795 0.70710678 0 0.70710678 0
3 2.85 -1.95 0 0 0 -1.0280232 -0.70898154 -0.921676 2.442347 -2.2537949 -2.2537949 -3.6888795 0.70710678 0 0.70710678 0
-1.95 3 -3 0 0 0 -1.1343705 -0.77987969 -0.56718523 2.442347 -2.2537949 -2.2537949 -3.6888795 1 0 0 0
-1.95 3 3 0 0 0 -0.56718523 -0.95712508 -1.1343705 2.442347 -2.2537949 -2.2537949 -3.6888795 1 0 0 0
-3 3 -1.95 0 0 0 -0.88622693 -0.99257416 -0.63808339 2.442347 -2.2537949 -2.2537949 -3.6888795 0.70710678 0 0.70710678 0
3 3 -1.95 0 0 0 -1.0280232 -0.70898154 -0.921676 2.442347 -2.2537949 -2.2537949 -3.6888795 0.70710678 0 0.70710678 0
-1.8 0 -3 0 0 0 -0.85077785 -0.80469405 -0.74017673 2.442347 -2.2537949 -2.2537949 -3.6888795 0.70710678 0.70710678 0 0
-1.8 3 -3 0 0 0 -1.0634723 -0.95712508 -0.70898154 2.442347 -2.2537949 -2.2537949 -3.6888795 0.70710678 0.70710678 0 0
-1.8 0 -2.85 0 0 0 -0.85077785 -0.80469405 -0.74017673 2.442347 -2.2537949 -2.2537949 -3.6888795 0.70710678 0.70710678 0 0
-1.8 3 -2.85 0 0 0 -1.0634723 -0.95712508 -0.70898154 2.442347 -2.2537949 -2.2537949 -3.6888795 0.70710678 0.70710678 0 0
-1.8 0 -2.7 0 0 0 -0.85077785 -0.80469405 -0.74017673 2.442347 -2.2537949 -2.2537949 -3.6888795 0.70710678 0.70710678 0 0
-1.8 3 -2.7 0 0 0 -1.0634723 -0.95712508 -0.70898154 2.442347 -2.2537949 -2.2537949 -3.6888795 0.70710678 0.70710678 0 0
-1.8 0 -2.55 0 0 0 -0.85077785 -0.80469405 -0.74017673 2.442347 -2.2537949 -2.2537949 -3.6888795 0.70710678 0.70710678 0 0
-1.8 3 -2.55 0 0 0 -1.0634723 -0.95712508 -0.70898154 2.442347 -2.2537949 -2.2537949 -3.6888795 0.70710678 0.70710678 0 0
-1.8 0 -2.4 0 0 0 -0.85077785 -0.80469405 -0.74017673 2.442347 -2.2537949 -2.2537949 -3.6888795 0.70710678 0.70710678 0 0
-1.8 3 -2.4 0 0 0 -1.0634723 -0.95712508 -0.70898154 2.442347 -2.2537949 -2.2537949 -3.6888795 0.70710678 0.70710678 0 0
-1.8 0 -2.25 0 0 0 -0.28359262 -0.20914955 -0.10492927 2.442347 -2.2537949 -2.2537949 -3.6888795 0.70710678 0.70710678 0 0
-1.8 3 -2.25 0 0 0 -1.0634723 -0.95712508 -0.70898154 2.442347 -2.2537949 -2.2537949 -3.6888795 0.70710678 0.70710678 0 0
-1.8 0 -2.1 0 0 0 -0.28359262 -0.20914955 -0.10492927 2.442347 -2.2537949 -2.2537949 -3.6888795 0.70710678 0.70710678 0 0
-1.8 3 -2.1 0 0 0 -1.0634723 -0.95712508 -0.70898154 2.442347 -2.2537949 -2.2537949 -3.6888795 0.70710678 0.70710678 0 0
-1.8 0 -1.95 0 0 0 -0.28359262 -0.20914955 -0.10492927 2.442347 -2.2537949 -2.2537949 -3.6888795 0.70710678 0.70710678 0 0
-1.8 3 -1.95 0 0 0 -1.0634723 -0.95712508 -0.70898154 2.442347 -2.2537949 -2.2537949 -3.6888795 0.70710678 0.70710678 0 0
-1.8 0 -1.8 0 0 0 -0.28359262 -0.20914955 -0.10492927 2.442347 -2.2537949 -2.2537949 -3.6888795 0.70710678 0.70710678 0 0
-1.8 3 -1.8 0 0 0 -1.0634723 -0.95712508 -0.70898154 2.442347 -2.2537949 -2.2537949 -3.6888795 0.70710678 0.70710678 0 0
-1.8 0 -1.65 0 0 0 -0.28359262 -0.20914955 -0.10492927 2.442347 -2.2537949 -2.2537949 -3.6888795 0.70710678 0.70710678 0 0
-1.8 3 -1.65 0 0 0 -1.0634723 -0.95712508 -0.70898154 2.442347 -2.2537949 -2.2537949 -3.6888795 0.70710678 0.70710678 0 0
-1.8 0 -1.5 0 0 0 -0.85077785 -0.80469405 -0.74017673 2.442347 -2.2537949 -2.2537949 -3.6888795 0.70710678 0.70710678 0 0
-1.8 3 -1.5 0 0 0 -1.0634723 -0.95712508 -0.70898154 2.442347 -2.2537949 -2.2537949 -3.6888795 0.70710678 0.70710678 0 0
-1.8 0 -1.35 0 0 0 -0.85077785 -0.80469405 -0.74017673 2.442347 -2.2537949 -2.2537949 -3.6888795 0.70710678 0.70710678 0 0
-1.8 3 -1.35 0 0 0 -1.0634723 -0.95712508 -0.70898154 2.442347 -2.2537949 -2.2537949 -3.6888795 0.70710678 0.70710678 0 0
-1.8 0 -1.2 0 0 0 -0.85077785 -0.80469405 -0.74017673 2.442347 -2.2537949 -2.2537949 -3.6888795 0.70710678 0.70710678 0 0
-1.8 3 -1.2 0 0 0 -1.0634723 -0.95712508 -0.70898154 2.442347 -2.2537949 -2.2537949 -3.6888795 0.70710678 0.70710678 0 0
-1.8 0 -1.05 0 0 0 -0.85077785 -0.80469405 -0.74017673 2.442347 -2.2537949 -2.2537949 -3.6888795 0.70710678 0.70710678 0 0
-1.8 3 -1.05 0 0 0 -1.0634723 -0.95712508 -0.70898154 2.442347 -2.2537949 -2.2537949 -3.6888795 0.70710678 0.70710678 0 0
-1.8 0 -0.9 0 0 0 -0.85077785 -0.80469405 -0.74017673 2.442347 -2.2537949 -2.2537949 -3.6888795 0.70710678 0.70710678 0 0
-1.8 3 -0.9 0 0 0 -1.0634723 -0.95712508 -0.70898154 2.442347 -2.2537949 -2.2537949 -3.6888795 0.70710678 0.70710678 0 0
-1.8 0 -0.75 0 0 0 -0.28359262 -0.20914955 -0.10492927 2.442347 -2.2537949 -2.2537949 -3.6888795 0.70710678 0.70710678 0 0
-1.8 3 -0.75 0 0 0 -1.0634723 -0.95712508 -0.70898154 2.442347 -2.2537949 -2.2537949 -3.6888795 0.70710678 0.70710678 0 0
-1.8 0 -0.6 0 0 0 -0.28359262 -0.20914955 -0.10492927 2.442347 -2.2537949 -2.2537949 -3.6888795 0.70710678 0.70710678 0 0
-1.8 3 -0.6 0 0 0 -1.0634723 -0.95712508 -0.70898154 2.442347 -2.2537949 -2.2537949 -3.6888795 0.70710678 0.70710678 0 0
-1.8 0 -0.45 0 0 0 -0.28359262 -0.20914955 -0.10492927 2.442347 -2.2537949 -2.2537949 -3.6888795 0.70710678 0.70710678 0 0
-1.8 3 -0.45 0 0 0 -1.0634723 -0.95712508 -0.70898154 2.442347 -2.2537949 -2.2537949 -3.6888795 0.70710678 0.70710678 0 0
-1.8 0 -0.3 0 0 0 -0.28359262 -0.20914955 -0.10492927 2.442347 -2.2537949 -2.2537949 -3.6888795 0.70710678 0.70710678 0 0
-1.8 3 -0.3 0 0 0 -1.0634723 -0.95712508 -0.70898154 2.442347 -2.2537949 -2.2537949 -3.6888795 0.70710678 0.70710678 0 0
-1.8 0 -0.15 0 0 0 -0.28359262 -0.20914955 -0.10492927 2.442347 -2.2537949 -2.2537949 -3.6888795 0.70710678 0.70710678 0 0
-1.8 3 -0.15 0 0 0 -1.0634723 -0.95712508 -0.70898154 2.442347 -2.2537949 -2.2537949 -3.6888795 0.70710678 0.70710678 0 0
-1.8 0 0 0 0 0 -0.85077785 -0.80469405 -0.74017673 2.442347 -2.2537949 -2.2537949 -3.6888795 0.70710678 0.70710678 0 0
-1.8 3 0 0 0 0 -1.0634723 -0.95712508 -0.70898154 2.442347 -2.2537949 -2.2537949 -3.6888795 0.70710678 0.70710678 0 0
-1.8 0 0.15 0 0 0 -0.85077785 -0.80469405 -0.74017673 2.442347 -2.2537949 -2.2537949 -3.6888795 0.70710678 0.70710678 0 0
-1.8 3 0.15 0 0 0 -1.0634723 -0.95712508 -0.70898154 2.442347 -2.2537949 -2.2537949 -3.6888795 0.70710678 0.70710678 0 0
-1.8 0 0.3 0 0 0 -0.85077785 -0.80469405 -0.74017673 2.442347 -2.2537949 -2.2537949 -3.6888795 0.70710678 0.70710678 0 0
-1.8 3 0.3 0 0 0 -1.0634723 -0.95712508 -0.70898154 2.442347 -2.2537949 -2.2537949 -3.6888795 0.70710678 0.70710678 0 0
-1.8 0 0.45 0 0 0 -0.85077785 -0.80469405 -0.74017673 2.442347 -2.2537949 -2.2537949 -3.6888795 0.70710678 0.70710678 0 0
-1.8 3 0.45 0 0 0 -1.0634723 -0.95712508 -0.70898154 2.442347 -2.2537949 -2.2537949 -3.6888795 0.70710678 0.70710678 0 0
-1.8 0 0.6 0 0 0 -0.85077785 -0.80469405 -0.74017673 2.442347 -2.2537949 -2.2537949 -3.6888795 0.70710678 0.70710678 0 0
-1.8 3 0.6 0 0 0 -1.0634723 -0.95712508 -0.70898154 2.442347 -2.2537949 -2.2537949 -3.6888795 0.70710678 0.70710678 0 0
-1.8 0 0.75 0 0 0 -0.28359262 -0.20914955 -0.10492927 2.442347 -2.2537949 -2.2537949 -3.6888795 0.70710678 0.70710678 0 0
-1.8 3 0.75 0 0 0 -1.0634723 -0.95712508 -0.70898154 2.442347 -2.2537949 -2.2537949 -3.6888795 0.70710678 0.70710678 0 0
-1.8 0 0.9 0 0 0 -0.28359262 -0.20914955 -0.10492927 2.442347 -2.2537949 -2.2537949 -3.6888795 0.70710678 0.70710678 0 0
-1.8 3 0.9 0 0 0 -1.0634723 -0.95712508 -0.70898154 2.442347 -2.2537949 -2.2537949 -3.6888795 0.70710678 0.70710678 0 0
-1.8 0 1.05 0 0 0 -0.28359262 -0.20914955 -0.10492927 2.442347 -2.2537949 -2.2537949 -3.6888795 0.70710678 0.70710678 0 0
-1.8 3 1.05 0 0 0 -1.0634723 -0.95712508 -0.70898154 2.442347 -2.2537949 -2.2537949 -3.6888795 0.70710678 0.70710678 0 0
-1.8 0 1.2 0 0 0 -0.28359262 -0.20914955 -0.10492927 2.442347 -2.2537949 -2.2537949 -3.6888795 0.70710678 0.70710678 0 0
-1.8 3 1.2 0 0 0 -1.0634723 -0.95712508 -0.70898154 2.442347 -2.2537949 -2.2537949 -3.6888795 0.70710678 0.70710678 0 0
-1.8 0 1.35 0 0 0 -0.28359262 -0.20914955 -0.10492927 2.442347 -2.2537949 -2.2537949 -3.6888795 0.70710678 0.70710678 0 0
-1.8 3 1.35 0 0 0 -1.0634723 -0.95712508 -0.70898154 2.442347 -2.2537949 -2.2537949 -3.6888795 0.70710678 0.70710678 0 0
-1.8 0 1.5 0 0 0 -0.85077785 -0.80469405 -0.74017673 2.442347 -2.2537949 -2.2537949 -3.6888795 0.70710678 0.70710678 0 0
-1.8 3 1.5 0 0 0 -1.0634723 -0.95712508 -0.70898154 2.442347 -2.2537949 -2.2537949 -3.6888795 0.70710678 0.70710678 0 0
-1.8 0 1.65 0 0 0 -0.85077785 -0.80469405 -0.74017673 2.442347 -2.2537949 -2.2537949 -3.6888795 0.70710678 0.70710678 0 0
-1.8 3 1.65 0 0 0 -1.0634723 -0.95712508 -0.70898154 2.442347 -2.2537949 -2.2537949 -3.6888795 0.70710678 0.70710678 0 0
-1.8 0 1.8 0 0 0 -0.85077785 -0.80469405 -0.74017673 2.442347 -2.2537949 -2.2537949 -3.6888795 0.70710678 0.70710678 0 0
-1.8 3 1.8 0 0 0 -1.0634723 -0.95712508 -0.70898154 2.442347 -2.2537949 -2.2537949 -3.6888795 0.70710678 0.70710678 0 0
-1.8 0 1.95 0 0 0 -0.85077785 -0.80469405 -0.74017673 2.442347 -2.2537949 -2.2537949 -3.6888795 0.70710678 0.70710678 0 0
-1.8 3 1.95 0 0 0 -1.0634723 -0.95712508 -0.70898154 2.442347 -2.2537949 -2.2537949 -3.6888795 0.70710678 0.70710678 0 0
-1.8 0 2.1 0 0 0 -0.85077785 -0.80469405 -0.74017673 2.442347 -2.2537949 -2.2537949 -3.6888795 0.70710678 0.70710678 0 0
-1.8 3 2.1 0 0 0 -1.0634723 -0.95712508 -0.70898154 2.442347 -2.2537949 -2.2537949 -3.6888795 0.70710678 0.70710678 0 0
-1.8 0 2.25 0 0 0 -0.28359262 -0.20914955 -0.10492927 2.442347 -2.2537949 -2.2537949 -3.6888795 0.70710678 0.70710678 0 0
-1.8 3 2.25 0 0 0 -1.0634723 -0.95712508 -0.70898154 2.442347 -2.2537949 -2.2537949 -3.6888795 0.70710678 0.70710678 0 0
-1.8 0 2.4 0 0 0 -0.28359262 -0.20914955 -0.10492927 2.442347 -2.2537949 -2.2537949 -3.6888795 0.70710678 0.70710678 0 0
-1.8 3 2.4 0 0 0 -1.0634723 -0.95712508 -0.70898154 2.442347 -2.2537949 -2.2537949 -3.6888795 0.70710678 0.70710678 0 0
-1.8 0 2.55 0 0 0 -0.28359262 -0.20914955 -0.10492927 2.442347 -2.2537949 -2.2537949 -3.6888795 0.70710678 0.70710678 0 0
-1.8 3 2.55 0 0 0 -1.0634723 -0.95712508 -0.70898154 2.442347 -2.2537949 -2.2537949 -3.6888795 0.70710678 0.70710678 0 0
-1.8 0 2.7 0 0 0 -0.28359262 -0.20914955 -0.10492927 2.442347 -2.2537949 -2.2537949 -3.6888795 0.70710678 0.70710678 0 0
-1.8 3 2.7 0 0 0 -1.0634723 -0.95712508 -0.70898154 2.442347 -2.2537949 -2.2537949 -3.6888795 0.70710678 0.70710678 0 0
-1.8 0 2.85 0 0 0 -0.28359262 -0.20914955 -0.10492927 2.442347 -2.2537949 -2.2537949 -3.6888795 0.70710678 0.70710678 0 0
-1.8 3 2.85 0 0 0 -1.0634723 -0.95712508 -0.70898154 2.442347 -2.2537949 -2.2537949 -3.6888795 0.70710678 0.70710678 0 0
-1.8 0 3 0 0 0 -0.85077785 -0.80469405 -0.74017673 2.442347 -2.2537949 -2.2537949 -3.6888795 0.70710678 0.70710678 0 0
-1.8 3 3 0 0 0 -1.0634723 -0.95712508 -0.70898154 2.442347 -2.2537949 -2.2537949 -3.6888795 0.70710678 0.70710678 0 0
-1.8 0 -3 0 0 0 -1.1343705 -0.77987969 -0.56718523 2.442347 -2.2537949 -2.2537949 -3.6888795 1 0 0 0
-1.8 0 3 0 0 0 -0.56718523 -0.95712508 -1.1343705 2.442347 -2.2537949 -2.2537949 -3.6888795 1 0 0 0
-3 0 -1.8 0 0 0 -0.88622693 -0.99257416 -0.63808339 2.442347 -2.2537949 -2.2537949 -3.6888795 0.70710678 0 0.70710678 0
3 0 -1.8 0 0 0 -1.0280232 -0.70898154 -0.921676 2.442347 -2.2537949 -2.2537949 -3.6888795 0.70710678 0 0.70710678 0
-1.8 0.15 -3 0 0 0 -1.1343705 -0.77987969 -0.56718523 2.442347 -2.2537949 -2.2537949 -3.6888795 1 0 0 0
-1.8 0.15 3 0 0 0 -0.56718523 -0.95712508 -1.1343705 2.442347 -2.2537949 -2.2537949 -3.6888795 1 0 0 0
-3 0.15 -1.8 0 0 0 -0.88622693 -0.99257416 -0.63808339 2.442347 -2.2537949 -2.2537949 -3.6888795 0.70710678 0 0.70710678 0
3 0.15 -1.8 0 0 0 -1.0280232 -0.70898154 -0.921676 2.442347 -2.2537949 -2.2537949 -3.6888795 0.70710678 0 0.70710678 0
-1.8 0.3 -3 0 0 0 -1.1343705 -0.77987969 -0.56718523 2.442347 -2.2537949 -2.2537949 -3.6888795 1 0 0 0
-1.8 0.3 3 0 0 0 -0.56718523 -0.95712508 -1.1343705 2.442347 -2.2537949 -2.2537949 -3.6888795 1 0 0 0
-3 0.3 -1.8 0 0 0 -0.88622693 -0.99257416 -0.63808339 2.442347 -2.2537949 -2.2537949 -3.6888795 0.70710678 0 0.70710678 0
3 0.3 -1.8 0 0 0 -1.0280232 -0.70898154 -0.921676 2.442347 -2.2537949 -2.2537949 -3.6888795 0.70710678 0 0.70710678 0
-1.8 0.45 -3 0 0 0 -1.1343705 -0.77987969 -0.56718523 2.442347 -2.2537949 -2.2537949 -3.6888795 1 0 0 0
-1.8 0.45 3 0 0 0 -0.56718523 -0.95712508 -1.1343705 2.442347 -2.2537949 -2.2537949 -3.6888795 1 0 0 0
-3 0.45 -1.8 0 0 0 -0.88622693 -0.99257416 -0.63808339 2.442347 -2.2537949 -2.2537949 -3.6888795 0.70710678 0 0.70710678 0
3 0.45 -1.8 0 0 0 -1.0280232 -0.70898154 -0.921676 2.442347 -2.2537949 -2.2537949 -3.6888795 0.70710678 0 0.70710678 0
-1.8 0.6 -3 0 0 0 -1.1343705 -0.77987969 -0.56718523 2.442347 -2.2537949 -2.2537949 -3.6888795 1 0 0 0
-1.8 0.6 3 0 0 0 -0.56718523 -0.95712508 -1.1343705 2.442347 -2.2537949 -2.2537949 -3.6888795 1 0 0 0
-3 0.6 -1.8 0 0 0 -0.88622693 -0.99257416 -0.63808339 2.442347 -2.2537949 -2.2537949 -3.6888795 0.70710678 0 0.70710678 0
3 0.6 -1.8 0 0 0 -1.0280232 -0.70898154 -0.921676 2.442347 -2.2537949 -2.2537949 -3.6888795 0.70710678 0 0.70710678 0
-1.8 0.75 -3 0 0 0 -1.1343705 -0.77987969 -0.56718523 2.442347 -2.2537949 -2.2537949 -3.6888795 1 0 0 0
-1.8 0.75 3 0 0 0 -0.56718523 -0.95712508 -1.1343705 2.442347 -2.2537949 -2.2537949 -3.6888795 1 0 0 0
-3 0.75 -1.8 0 0 0 -0.88622693 -0.99257416 -0.63808339 2.442347 -2.2537949 -2.2537949 -3.6888795 0.70710678 0 0.70710678 0
3 0.75 -1.8 0 0 0 -1.0280232 -0.70898154 -0.921676 2.442347 -2.2537949 -2.2537949 -3.6888795 0.70710678 0 0.70710678 0
-1.8 0.9 -3 0 0 0 -1.1343705 -0.77987969 -0.56718523 2.442347 -2.2537949 -2.2537949 -3.6888795 1 0 0 0
-1.8 0.9 3 0 0 0 -0.56718523 -0.95712508 -1.1343705 2.442347 -2.2537949 -2.2537949 -3.6888795 1 0 0 0
-3 0.9 -1.8 0 0 0 -0.88622693 -0.99257416 -0.63808339 2.442347 -2.2537949 -2.2537949 -3.6888795 0.70710678 0 0.70710678 0
3 0.9 -1.8 0 0 0 -1.0280232 -0.70898154 -0.921676 2.442347 -2.2537949 -2.2537949 -3.6888795 0.70710678 0 0.70710678 0
-1.8 1.05 -3 0 0 0 -1.1343705 -0.77987969 -0.56718523 2.442347 -2.2537949 -2.2537949 -3.6888795 1 0 0 0
-1.8 1.05 3 0 0 0 -0.56718523 -0.95712508 -1.1343705 2.442347 -2.2537949 -2.2537949 -3.6888795 1 0 0 0
-3 1.05 -1.8 0 0 0 -0.88622693 -0.99257416 -0.63808339 2.442347 -2.2537949 -2.2537949 -3.6888795 0.70710678 0 0.70710678 0
3 1.05 -1.8 0 0 0 -1.0280232 -0.70898154 -0.921676 2.442347 -2.2537949 -2.2537949 -3.6888795 0.70710678 0 0.70710678 0
-1.8 1.2 -3 0 0 0 -1.1343705 -0.77987969 -0.56718523 2.442347 -2.2537949 -2.2537949 -3.6888795 1 0 0 0
-1.8 1.2 3 0 0 0 -0.56718523 -0.95712508 -1.1343705 2.442347 -2.2537949 -2.2537949 -3.6888795 1 0 0 0
-3 1.2 -1.8 0 0 0 -0.88622693 -0.99257416 -0.63808339 2.442347 -2.2537949 -2.2537949 -3.6888795 0.70710678 0 0.70710678 0
3 1.2 -1.8 0 0 0 -1.0280232 -0.70898154 -0.921676 2.442347 -2.2537949 -2.2537949 -3.6888795 0.70710678 0 0.70710678 0
-1.8 1.35 -3 0 0 0 -1.1343705 -0.77987969 -0.56718523 2.442347 -2.2537949 -2.2537949 -3.6888795 1 0 0 0
-1.8 1.35 3 0 0 0 -0.56718523 -0.95712508 -1.1343705 2.442347 -2.2537949 -2.2537949 -3.6888795 1 0 0 0
-3 1.35 -1.8 0 0 0 -0.88622693 -0.99257416 -0.63808339 2.442347 -2.2537949 -2.2537949 -3.6888795 0.70710678 0 0.70710678 0
3 1.35 -1.8 0 0 0 -1.0280232 -0.70898154 -0.921676 2.442347 -2.2537949 -2.2537949 -3.6888795 0.70710678 0 0.70710678 0
-1.8 1.5 -3 0 0 0 -1.1343705 -0.77987969 -0.56718523 2.442347 -2.2537949 -2.2537949 -3.6888795 1 0 0 0
-1.8 1.5 3 0 0 0 -0.56718523 -0.95712508 -1.1343705 2.442347 -2.2537949 -2.2537949 -3.6888795 1 0 0 0
-3 1.5 -1.8 0 0 0 -0.88622693 -0.99257416 -0.63808339 2.442347 -2.2537949 -2.2537949 -3.6888795 0.70710678 0 0.70710678 0
3 1.5 -1.8 0 0 0 -1.0280232 -0.70898154 -0.921676 2.442347 -2.2537949 -2.2537949 -3.6888795 0.70710678 0 0.70710678 0
-1.8 1.65 -3 0 0 0 -1.1343705 -0.77987969 -0.56718523 2.442347 -2.2537949 -2.2537949 -3.6888795 1 0 0 0
-1.8 1.65 3 0 0 0 -0.56718523 -0.95712508 -1.1343705 2.442347 -2.2537949 -2.2537949 -3.6888795 1 0 0 0
-3 1.65 -1.8 0 0 0 -0.88622693 -0.99257416 -0.63808339 2.442347 -2.2537949 -2.2537949 -3.6888795 0.70710678 0 0.70710678 0
3 1.65 -1.8 0 0 0 -1.0280232 -0.70898154 -0.921676 2.442347 -2.2537949 -2.2537949 -3.6888795 0.70710678 0 0.70710678 0
-1.8 1.8 -3 0 0 0 -1.1343705 -0.77987969 -0.56718523 2.442347 -2.2537949 -2.2537949 -3.6888795 1 0 0 0
-1.8 1.8 3 0 0 0 -0.56718523 -0.95712508 -1.1343705 2.442347 -2.2537949 -2.2537949 -3.6888795 1 0 0 0
-3 1.8 -1.8 0 0 0 -0.88622693 -0.99257416 -0.63808339 2.442347 -2.2537949 -2.2537949 -3.6888795 0.70710678 0 0.70710678 0
3 1.8 -1.8 0 0 0 -1.0280232 -0.70898154 -0.921676 2.442347 -2.2537949 -2.2537949 -3.6888795 0.70710678 0 0.70710678 0
-1.8 1.95 -3 0 0 0 -1.1343705 -0.77987969 -0.56718523 2.442347 -2.2537949 -2.2537949 -3.6888795 1 0 0 0
-1.8 1.95 3 0 0 0 -0.56718523 -0.95712508 -1.1343705 2.442347 -2.2537949 -2.2537949 -3.6888795 1 0 0 0
-3 1.95 -1.8 0 0 0 -0.88622693 -0.99257416 -0.63808339 2.442347 -2.2537949 -2.2537949 -3.6888795 0.70710678 0 0.70710678 0
3 1.95 -1.8 0 0 0 -1.0280232 -0.70898154 -0.921676 2.442347 -2.2537949 -2.2537949 -3.6888795 0.70710678 0 0.70710678 0
-1.8 2.1 -3 0 0 0 -1.1343705 -0.77987969 -0.56718523 2.442347 -2.2537949 -2.2537949 -3.6888795 1 0 0 0
-1.8 2.1 3 0 0 0 -0.56718523 -0.95712508 -1.1343705 2.442347 -2.2537949 -2.2537949 -3.6888795 1 0 0 0
-3 2.1 -1.8 0 0 0 -0.88622693 -0.99257416 -0.63808339 2.442347 -2.2537949 -2.2537949 -3.6888795 0.70710678 0 0.70710678 0
3 2.1 -1.8 0 0 0 -1.0280232 -0.70898154 -0.921676 2.442347 -2.2537949 -2.2537949 -3.6888795 0.70710678 0 0.70710678 0
-1.8 2.25 -3 0 0 0 -1.1343705 -0.77987969 -0.56718523 2.442347 -2.2537949 -2.2537949 -3.6888795 1 0 0 0
-1.8 2.25 3 0 0 0 -0.56718523 -0.95712508 -1.1343705 2.442347 -2.2537949 -2.2537949 -3.6888795 1 0 0 0
-3 2.25 -1.8 0 0 0 -0.88622693 -0.99257416 -0.63808339 2.442347 -2.2537949 -2.2537949 -3.6888795 0.70710678 0 0.70710678 0
3 2.25 -1.8 0 0 0 -1.0280232 -0.70898154 -0.921676 2.442347 -2.2537949 -2.2537949 -3.6888795 0.70710678 0 0.70710678 0
-1.8 2.4 -3 0 0 0 -1.1343705 -0.77987969 -0.56718523 2.442347 -2.2537949 -2.2537949 -3.6888795 1 0 0 0
-1.8 2.4 3 0 0 0 -0.56718523 -0.95712508 -1.1343705 2.442347 -2.2537949 -2.2537949 -3.6888795 1 0 0 0
-3 2.4 -1.8 0 0 0 -0.88622693 -0.99257416 -0.63808339 2.442347 -2.2537949 -2.2537949 -3.6888795 0.70710678 0 0.70710678 0
3 2.4 -1.8 0 0 0 -1.0280232 -0.70898154 -0.921676 2.442347 -2.2537949 -2.2537949 -3.6888795 0.70710678 0 0.70710678 0
-1.8 2.55 -3 0 0 0 -1.1343705 -0.77987969 -0.56718523 2.442347 -2.2537949 -2.2537949 -3.6888795 1 0 0 0
-1.8 2.55 3 0 0 0 -0.56718523 -0.95712508 -1.1343705 2.442347 -2.2537949 -2.2537949 -3.6888795 1 0 0 0
-3 2.55 -1.8 0 0 0 -0.88622693 -0.99257416 -0.63808339 2.442347 -2.2537949 -2.2537949 -3.6888795 0.70710678 0 0.70710678 0
3 2.55 -1.8 0 0 0 -1.0280232 -0.70898154 -0.921676 2.442347 -2.2537949 -2.2537949 -3.6888795 0.70710678 0 0.70710678 0
-1.8 2.7 -3 0 0 0 -1.1343705 -0.77987969 -0.56718523 2.442347 -2.2537949 -2.2537949 -3.6888795 1 0 0 0
-1.8 2.7 3 0 0 0 -0.56718523 -0.95712508 -1.1343705 2.442347 -2.2537949 -2.2537949 -3.6888795 1 0 0 0
-3 2.7 -1.8 0 0 0 -0.88622693 -0.99257416 -0.63808339 2.442347 -2.2537949 -2.2537949 -3.6888795 0.70710678 0 0.70710678 0
3 2.7 -1.8 0 0 0 -1.0280232 -0.70898154 -0.921676 2.442347 -2.2537949 -2.2537949 -3.6888795 0.70710678 0 0.70710678 0
-1.8 2.85 -3 0 0 0 -1.1343705 -0.77987969 -0.56718523 2.442347 -2.2537949 -2.2537949 -3.6888795 1 0 0 0
-1.8 2.85 3 0 0 0 -0.56718523 -0.95712508 -1.1343705 2.442347 -2.2537949 -2.2537949 -3.6888795 1 0 0 0
-3 2.85 -1.8 0 0 0 -0.88622693 -0.99257416 -0.63808339 2.442347 -2.2537949 -2.2537949 -3.6888795 0.70710678 0 0.70710678 0
3 2.85 -1.8 0 0 0 -1.0280232 -0.70898154 -0.921676 2.442347 -2.2537949 -2.2537949 -3.6888795 0.70710678 0 0.70710678 0
-1.8 3 -3 0 0 0 -1.1343705 -0.77987969 -0.56718523 2.442347 -2.2537949 -2.2537949 -3.6888795 1 0 0 0
-1.8 3 3 0 0 0 -0.56718523 -0.95712508 -1.1343705 2.442347 -2.2537949 -2.2537949 -3.6888795 1 0 0 0
-3 3 -1.8 0 0 0 -0.88622693 -0.99257416 -0.63808339 2.442347 -2.2537949 -2.2537949 -3.6888795 0.70710678 0 0.70710678 0
3 3 -1.8 0 0 0 -1.0280232 -0.70898154 -0.921676 2.442347 -2.2537949 -2.2537949 -3.6888795 0.70710678 0 0.70710678 0
-1.65 0 -3 0 0 0 -0.85077785 -0.80469405 -0.74017673 2.442347 -2.2537949 -2.2537949 -3.6888795 0.70710678 0.70710678 0 0
-1.65 3 -3 0 0 0 -1.0634723 -0.95712508 -0.70898154 2.442347 -2.2537949 -2.2537949 -3.6888795 0.70710678 0.70710678 0 0
-1.65 0 -2.85 0 0 0 -0.85077785 -0.80469405 -0.74017673 2.442347 -2.2537949 -2.2537949 -3.6888795 0.70710678 0.70710678 0 0
-1.65 3 -2.85 0 0 0 -1.0634723 -0.95712508 -0.70898154 2.442347 -2.2537949 -2.2537949 -3.6888795 0.70710678 0.70710678 0 0
-1.65 0 -2.7 0 0 0 -0.85077785 -0.80469405 -0.74017673 2.442347 -2.2537949 -2.2537949 -3.6888795 0.70710678 0.70710678 0 0
-1.65 3 -2.7 0 0 0 -1.0634723 -0.95712508 -0.70898154 2.442347 -2.2537949 -2.2537949 -3.6888795 0.70710678 0.70710678 0 0
-1.65 0 -2.55 0 0 0 -0.85077785 -0.80469405 -0.74017673 2.442347 -2.2537949 -2.2537949 -3.6888795 0.70710678 0.70710678 0 0
-1.65 3 -2.55 0 0 0 -1.0634723 -0.95712508 -0.70898154 2.442347 -2.2537949 -2.2537949 -3.6888795 0.70710678 0.70710678 0 0
-1.65 0 -2.4 0 0 0 -0.85077785 -0.80469405 -0.74017673 2.442347 -2.2537949 -2.2537949 -3.6888795 0.70710678 0.70710678 0 0
-1.65 3 -2.4 0 0 0 -1.0634723 -0.95712508 -0.70898154 2.442347 -2.2537949 -2.2537949 -3.6888795 0.70710678 0.70710678 0 0
-1.65 0 -2.25 0 0 0 -0.28359262 -0.20914955 -0.10492927 2.442347 -2.2537949 -2.2537949 -3.6888795 0.70710678 0.70710678 0 0
-1.65 3 -2.25 0 0 0 -1.0634723 -0.95712508 -0.70898154 2.442347 -2.2537949 -2.2537949 -3.6888795 0.70710678 0.70710678 0 0
-1.65 0 -2.1 0 0 0 -0.28359262 -0.20914955 -0.10492927 2.442347 -2.2537949 -2.2537949 -3.6888795 0.70710678 0.70710678 0 0
-1.65 3 -2.1 0 0 0 -1.0634723 -0.95712508 -0.70898154 2.442347 -2.2537949 -2.2537949 -3.6888795 0.70710678 0.70710678 0 0
-1.65 0 -1.95 0 0 0 -0.28359262 -0.20914955 -0.10492927 2.442347 -2.2537949 -2.2537949 -3.6888795 0.70710678 0.70710678 0 0
-1.65 3 -1.95 0 0 0 -1.0634723 -0.95712508 -0.70898154 2.442347 -2.2537949 -2.2537949 -3.6888795 0.70710678 0.70710678 0 0
-1.65 0 -1.8 0 0 0 -0.28359262 -0.20914955 -0.10492927 2.442347 -2.2537949 -2.2537949 -3.6888795 0.70710678 0.70710678 0 0
-1.65 3 -1.8 0 0 0 -1.0634723 -0.95712508 -0.70898154 2.442347 -2.2537949 -2.2537949 -3.6888795 0.70710678 0.70710678 0 0
-1.65 0 -1.65 0 0 0 -0.28359262 -0.20914955 -0.10492927 2.442347 -2.2537949 -2.2537949 -3.6888795 0.70710678 0.70710678 0 0
-1.65 3 -1.65 0 0 0 -1.0634723 -0.95712508 -0.70898154 2.442347 -2.2537949 -2.2537949 -3.6888795 0.70710678 0.70710678 0 0
-1.65 0 -1.5 0 0 0 -0.85077785 -0.80469405 -0.74017673 2.442347 -2.2537949 -2.2537949 -3.6888795 0.70710678 0.70710678 0 0
-1.65 3 -1.5 0 0 0 -1.0634723 -0.95712508 -0.70898154 2.442347 -2.2537949 -2.2537949 -3.6888795 0.70710678 0.70710678 0 0
-1.65 0 -1.35 0 0 0 -0.85077785 -0.80469405 -0.74017673 2.442347 -2.2537949 -2.2537949 -3.6888795 0.70710678 0.70710678 0 0
-1.65 3 -1.35 0 0 0 -1.0634723 -0.95712508 -0.70898154 2.442347 -2.2537949 -2.2537949 -3.6888795 0.70710678 0.70710678 0 0
-1.65 0 -1.2 0 0 0 -0.85077785 -0.80469405 -0.74017673 2.442347 -2.2537949 -2.2537949 -3.6888795 0.70710678 0.70710678 0 0
-1.65 3 -1.2 0 0 0 -1.0634723 -0.95712508 -0.70898154 2.442347 -2.2537949 -2.2537949 -3.6888795 0.70710678 0.70710678 0 0
-1.65 0 -1.05 0 0 0 -0.85077785 -0.80469405 -0.74017673 2.442347 -2.2537949 -2.2537949 -3.6888795 0.70710678 0.70710678 0 0
-1.65 3 -1.05 0 0 0 -1.0634723 -0.95712508 -0.70898154 2.442347 -2.2537949 -2.2537949 -3.6888795 0.70710678 0.70710678 0 0
-1.65 0 -0.9 0 0 0 -0.85077785 -0.80469405 -0.74017673 2.442347 -2.2537949 -2.2537949 -3.6888795 0.70710678 0.70710678 0 0
-1.65 3 -0.9 0 0 0 -1.0634723 -0.95712508 -0.70898154 2.442347 -2.2537949 -2.2537949 -3.6888795 0.70710678 0.70710678 0 0
-1.65 0 -0.75 0 0 0 -0.28359262 -0.20914955 -0.10492927 2.442347 -2.2537949 -2.2537949 -3.6888795 0.70710678 0.70710678 0 0
-1.65 3 -0.75 0 0 0 -1.0634723 -0.95712508 -0.70898154 2.442347 -2.2537949 -2.2537949 -3.6888795 0.70710678 0.70710678 0 0
-1.65 0 -0.6 0 0 0 -0.28359262 -0.20914955 -0.10492927 2.442347 -2.2537949 -2.2537949 -3.6888795 0.70710678 0.70710678 0 0
-1.65 3 -0.6 0 0 0 -1.0634723 -0.95712508 -0.70898154 2.442347 -2.2537949 -2.2537949 -3.6888795 0.70710678 0.70710678 0 0
-1.65 0 -0.45 0 0 0 -0.28359262 -0.20914955 -0.10492927 2.442347 -2.2537949 -2.2537949 -3.6888795 0.70710678 0.70710678 0 0
-1.65 3 -0.45 0 0 0 -1.0634723 -0.95712508 -0.70898154 2.442347 -2.2537949 -2.2537949 -3.6888795 0.70710678 0.70710678 0 0
-1.65 0 -0.3 0 0 0 -0.28359262 -0.20914955 -0.10492927 2.442347 -2.2537949 -2.2537949 -3.6888795 0.70710678 0.70710678 0 0
-1.65 3 -0.3 0 0 0 -1.0634723 -0.95712508 -0.70898154 2.442347 -2.2537949 -2.2537949 -3.6888795 0.70710678 0.70710678 0 0
-1.65 0 -0.15 0 0 0 -0.28359262 -0.20914955 -0.10492927 2.442347 -2.2537949 -2.2537949 -3.6888795 0.70710678 0.70710678 0 0
-1.65 3 -0.15 0 0 0 -1.0634723 -0.95712508 -0.70898154 2.442347 -2.2537949 -2.2537949 -3.6888795 0.70710678 0.70710678 0 0
-1.65 0 0 0 0 0 -0.85077785 -0.80469405 -0.74017673 2.442347 -2.2537949 -2.2537949 -3.6888795 0.70710678 0.70710678 0 0
-1.65 3 0 0 0 0 -1.0634723 -0.95712508 -0.70898154 2.442347 -2.2537949 -2.2537949 -3.6888795 0.70710678 0.70710678 0 0
-1.65 0 0.15 0 0 0 -0.85077785 -0.80469405 -0.74017673 2.442347 -2.2537949 -2.2537949 -3.6888795 0.70710678 0.70710678 0 0
-1.65 3 0.15 0 0 0 -1.0634723 -0.95712508 -0.70898154 2.442347 -2.2537949 -2.2537949 -3.6888795 0.70710678 0.70710678 0 0
-1.65 0 0.3 0 0 0 -0.85077785 -0.80469405 -0.74017673 2.442347 -2.2537949 -2.2537949 -3.6888795 0.70710678 0.70710678 0 0
-1.65 3 0.3 0 0 0 -1.0634723 -0.95712508 -0.70898154 2.442347 -2.2537949 -2.2537949 -3.6888795 0.70710678 0.70710678 0 0
-1.65 0 0.45 0 0 0 -0.85077785 -0.80469405 -0.74017673 2.442347 -2.2537949 -2.2537949 -3.6888795 0.70710678 0.70710678 0 0
-1.65 3 0.45 0 0 0 -1.0634723 -0.95712508 -0.70898154 2.442347 -2.2537949 -2.2537949 -3.6888795 0.70710678 0.70710678 0 0
-1.65 0 0.6 0 0 0 -0.85077785 -0.80469405 -0.74017673 2.442347 -2.2537949 -2.2537949 -3.6888795 0.70710678 0.70710678 0 0
-1.65 3 0.6 0 0 0 -1.0634723 -0.95712508 -0.70898154 2.442347 -2.2537949 -2.2537949 -3.6888795 0.70710678 0.70710678 0 0
-1.65 0 0.75 0 0 0 -0.28359262 -0.20914955 -0.10492927 2.442347 -2.2537949 -2.2537949 -3.6888795 0.70710678 0.70710678 0 0
-1.65 3 0.75 0 0 0 -1.0634723 -0.95712508 -0.70898154 2.442347 -2.2537949 -2.2537949 -3.6888795 0.70710678 0.70710678 0 0
-1.65 0 0.9 0 0 0 -0.28359262 -0.20914955 -0.10492927 2.442347 -2.2537949 -2.2537949 -3.6888795 0.70710678 0.70710678 0 0
-1.65 3 0.9 0 0 0 -1.0634723 -0.95712508 -0.70898154 2.442347 -2.2537949 -2.2537949 -3.6888795 0.70710678 0.70710678 0 0
-1.65 0 1.05 0 0 0 -0.28359262 -0.20914955 -0.10492927 2.442347 -2.2537949 -2.2537949 -3.6888795 0.70710678 0.70710678 0 0
-1.65 3 1.05 0 0 0 -1.0634723 -0.95712508 -0.70898154 2.442347 -2.2537949 -2.2537949 -3.6888795 0.70710678 0.70710678 0 0
-1.65 0 1.2 0 0 0 -0.28359262 -0.20914955 -0.10492927 2.442347 -2.2537949 -2.2537949 -3.6888795 0.70710678 0.70710678 0 0
-1.65 3 1.2 0 0 0 -1.0634723 -0.95712508 -0.70898154 2.442347 -2.2537949 -2.2537949 -3.6888795 0.70710678 0.70710678 0 0
-1.65 0 1.35 0 0 0 -0.28359262 -0.20914955 -0.10492927 2.442347 -2.2537949 -2.2537949 -3.6888795 0.70710678 0.70710678 0 0
-1.65 3 1.35 0 0 0 -1.0634723 -0.95712508 -0.70898154 2.442347 -2.2537949 -2.2537949 -3.6888795 0.70710678 0.70710678 0 0
-1.65 0 1.5 0 0 0 -0.85077785 -0.80469405 -0.74017673 2.442347 -2.2537949 -2.2537949 -3.6888795 0.70710678 0.70710678 0 0
-1.65 3 1.5 0 0 0 -1.0634723 -0.95712508 -0.70898154 2.442347 -2.2537949 -2.2537949 -3.6888795 0.70710678 0.70710678 0 0
-1.65 0 1.65 0 0 0 -0.85077785 -0.80469405 -0.74017673 2.442347 -2.2537949 -2.2537949 -3.6888795 0.70710678 0.70710678 0 0
-1.65 3 1.65 0 0 0 -1.0634723 -0.95712508 -0.70898154 2.442347 -2.2537949 -2.2537949 -3.6888795 0.70710678 0.70710678 0 0
-1.65 0 1.8 0 0 0 -0.85077785 -0.80469405 -0.74017673 2.442347 -2.2537949 -2.2537949 -3.6888795 0.70710678 0.70710678 0 0
-1.65 3 1.8 0 0 0 -1.0634723 -0.95712508 -0.70898154 2.442347 -2.2537949 -2.2537949 -3.6888795 0.70710678 0.70710678 0 0
-1.65 0 1.95 0 0 0 -0.85077785 -0.80469405 -0.74017673 2.442347 -2.2537949 -2.2537949 -3.6888795 0.70710678 0.70710678 0 0
-1.65 3 1.95 0 0 0 -1.0634723 -0.95712508 -0.70898154 2.442347 -2.2537949 -2.2537949 -3.6888795 0.70710678 0.70710678 0 0
-1.65 0 2.1 0 0 0 -0.85077785 -0.80469405 -0.74017673 2.442347 -2.2537949 -2.2537949 -3.6888795 0.70710678 0.70710678 0 0
-1.65 3 2.1 0 0 0 -1.0634723 -0.95712508 -0.70898154 2.442347 -2.2537949 -2.2537949 -3.6888795 0.70710678 0.70710678 0 0
-1.65 0 2.25 0 0 0 -0.28359262 -0.20914955 -0.10492927 2.442347 -2.2537949 -2.2537949 -3.6888795 0.70710678 0.70710678 0 0
-1.65 3 2.25 0 0 0 -1.0634723 -0.95712508 -0.70898154 2.442347 -2.2537949 -2.2537949 -3.6888795 0.70710678 0.70710678 0 0
-1.65 0 2.4 0 0 0 -0.28359262 -0.20914955 -0.10492927 2.442347 -2.2537949 -2.2537949 -3.6888795 0.70710678 0.70710678 0 0
-1.65 3 2.4 0 0 0 -1.0634723 -0.95712508 -0.70898154 2.442347 -2.2537949 -2.2537949 -3.6888795 0.70710678 0.70710678 0 0
-1.65 0 2.55 0 0 0 -0.28359262 -0.20914955 -0.10492927 2.442347 -2.2537949 -2.2537949 -3.6888795 0.70710678 0.70710678 0 0
-1.65 3 2.55 0 0 0 -1.0634723 -0.95712508 -0.70898154 2.442347 -2.2537949 -2.2537949 -3.6888795 0.70710678 0.70710678 0 0
-1.65 0 2.7 0 0 0 -0.28359262 -0.20914955 -0.10492927 2.442347 -2.2537949 -2.2537949 -3.6888795 0.70710678 0.70710678 0 0
-1.65 3 2.7 0 0 0 -1.0634723 -0.95712508 -0.70898154 2.442347 -2.2537949 -2.2537949 -3.6888795 0.70710678 0.70710678 0 0
-1.65 0 2.85 0 0 0 -0.28359262 -0.20914955 -0.10492927 2.442347 -2.2537949 -2.2537949 -3.6888795 0.70710678 0.70710678 0 0
-1.65 3 2.85 0 0 0 -1.0634723 -0.95712508 -0.70898154 2.442347 -2.2537949 -2.2537949 -3.6888795 0.70710678 0.70710678 0 0
-1.65 0 3 0 0 0 -0.85077785 -0.80469405 -0.74017673 2.442347 -2.2537949 -2.2537949 -3.6888795 0.70710678 0.70710678 0 0
-1.65 3 3 0 0 0 -1.0634723 -0.95712508 -0.70898154 2.442347 -2.2537949 -2.2537949 -3.6888795 0.70710678 0.70710678 0 0
-1.65 0 -3 0 0 0 -1.1343705 -0.77987969 -0.56718523 2.442347 -2.2537949 -2.2537949 -3.6888795 1 0 0 0
-1.65 0 3 0 0 0 -0.56718523 -0.95712508 -1.1343705 2.442347 -2.2537949 -2.2537949 -3.6888795 1 0 0 0
-3 0 -1.65 0 0 0 -0.88622693 -0.99257416 -0.63808339 2.442347 -2.2537949 -2.2537949 -3.6888795 0.70710678 0 0.70710678 0
3 0 -1.65 0 0 0 -1.0280232 -0.70898154 -0.921676 2.442347 -2.2537949 -2.2537949 -3.6888795 0.70710678 0 0.70710678 0
-1.65 0.15 -3 0 0 0 -1.1343705 -0.77987969 -0.56718523 2.442347 -2.2537949 -2.2537949 -3.6888795 1 0 0 0
-1.65 0.15 3 0 0 0 -0.56718523 -0.95712508 -1.1343705 2.442347 -2.2537949 -2.2537949 -3.6888795 1 0 0 0
-3 0.15 -1.65 0 0 0 -0.88622693 -0.99257416 -0.63808339 2.442347 -2.2537949 -2.2537949 -3.6888795 0.70710678 0 0.70710678 0
3 0.15 -1.65 0 0 0 -1.0280232 -0.70898154 -0.921676 2.442347 -2.2537949 -2.2537949 -3.6888795 0.70710678 0 0.70710678 0
-1.65 0.3 -3 0 0 0 -1.1343705 -0.77987969 -0.56718523 2.442347 -2.2537949 -2.2537949 -3.6888795 1 0 0 0
-1.65 0.3 3 0 0 0 -0.56718523 -0.95712508 -1.1343705 2.442347 -2.2537949 -2.2537949 -3.6888795 1 0 0 0
-3 0.3 -1.65 0 0 0 -0.88622693 -0.99257416 -0.63808339 2.442347 -2.2537949 -2.2537949 -3.6888795 0.70710678 0 0.70710678 0
3 0.3 -1.65 0 0 0 -1.0280232 -0.70898154 -0.921676 2.442347 -2.2537949 -2.2537949 -3.6888795 0.70710678 0 0.70710678 0
-1.65 0.45 -3 0 0 0 -1.1343705 -0.77987969 -0.56718523 2.442347 -2.2537949 -2.2537949 -3.6888795 1 0 0 0
-1.65 0.45 3 0 0 0 -0.56718523 -0.95712508 -1.1343705 2.442347 -2.2537949 -2.2537949 -3.6888795 1 0 0 0
-3 0.45 -1.65 0 0 0 -0.88622693 -0.99257416 -0.63808339 2.442347 -2.2537949 -2.2537949 -3.6888795 0.70710678 0 0.70710678 0
3 0.45 -1.65 0 0 0 -1.0280232 -0.70898154 -0.921676 2.442347 -2.2537949 -2.2537949 -3.6888795 0.70710678 0 0.70710678 0
-1.65 0.6 -3 0 0 0 -1.1343705 -0.77987969 -0.56718523 2.442347 -2.2537949 -2.2537949 -3.6888795 1 0 0 0
-1.65 0.6 3 0 0 0 -0.56718523 -0.95712508 -1.1343705 2.442347 -2.2537949 -2.2537949 -3.6888795 1 0 0 0
-3 0.6 -1.65 0 0 0 -0.88622693 -0.99257416 -0.63808339 2.442347 -2.2537949 -2.2537949 -3.6888795 0.70710678 0 0.70710678 0
3 0.6 -1.65 0 0 0 -1.0280232 -0.70898154 -0.921676 2.442347 -2.2537949 -2.2537949 -3.6888795 0.70710678 0 0.70710678 0
-1.65 0.75 -3 0 0 0 -1.1343705 -0.77987969 -0.56718523 2.442347 -2.2537949 -2.2537949 -3.6888795 1 0 0 0
-1.65 0.75 3 0 0 0 -0.56718523 -0.95712508 -1.1343705 2.442347 -2.2537949 -2.2537949 -3.6888795 1 0 0 0
-3 0.75 -1.65 0 0 0 -0.88622693 -0.99257416 -0.63808339 2.442347 -2.2537949 -2.2537949 -3.6888795 0.70710678 0 0.70710678 0
3 0.75 -1.65 0 0 0 -1.0280232 -0.70898154 -0.921676 2.442347 -2.2537949 -2.2537949 -3.6888795 0.70710678 0 0.70710678 0
-1.65 0.9 -3 0 0 0 -1.1343705 -0.77987969 -0.56718523 2.442347 -2.2537949 -2.2537949 -3.6888795 1 0 0 0
-1.65 0.9 3 0 0 0 -0.56718523 -0.95712508 -1.1343705 2.442347 -2.2537949 -2.2537949 -3.6888795 1 0 0 0
-3 0.9 -1.65 0 0 0 -0.88622693 -0.99257416 -0.63808339 2.442347 -2.2537949 -2.2537949 -3.6888795 0.70710678 0 0.70710678 0
3 0.9 -1.65 0 0 0 -1.0280232 -0.70898154 -0.921676 2.442347 -2.2537949 -2.2537949 -3.6888795 0.70710678 0 0.70710678 0
-1.65 1.05 -3 0 0 0 -1.1343705 -0.77987969 -0.56718523 2.442347 -2.2537949 -2.2537949 -3.6888795 1 0 0 0
-1.65 1.05 3 0 0 0 -0.56718523 -0.95712508 -1.1343705 2.442347 -2.2537949 -2.2537949 -3.6888795 1 0 0 0
-3 1.05 -1.65 0 0 0 -0.88622693 -0.99257416 -0.63808339 2.442347 -2.2537949 -2.2537949 -3.6888795 0.70710678 0 0.70710678 0
3 1.05 -1.65 0 0 0 -1.0280232 -0.70898154 -0.921676 2.442347 -2.2537949 -2.2537949 -3.6888795 0.70710678 0 0.70710678 0
-1.65 1.2 -3 0 0 0 -1.1343705 -0.77987969 -0.56718523 2.442347 -2.2537949 -2.2537949 -3.6888795 1 0 0 0
-1.65 1.2 3 0 0 0 -0.56718523 -0.95712508 -1.1343705 2.442347 -2.2537949 -2.2537949 -3.6888795 1 0 0 0
-3 1.2 -1.65 0 0 0 -0.88622693 -0.99257416 -0.63808339 2.442347 -2.2537949 -2.2537949 -3.6888795 0.70710678 0 0.70710678 0
3 1.2 -1.65 0 0 0 -1.0280232 -0.70898154 -0.921676 2.442347 -2.2537949 -2.2537949 -3.6888795 0.70710678 0 0.70710678 0
-1.65 1.35 -3 0 0 0 -1.1343705 -0.77987969 -0.56718523 2.442347 -2.2537949 -2.2537949 -3.6888795 1 0 0 0
-1.65 1.35 3 0 0 0 -0.56718523 -0.95712508 -1.1343705 2.442347 -2.2537949 -2.2537949 -3.6888795 1 0 0 0
-3 1.35 -1.65 0 0 0 -0.88622693 -0.99257416 -0.63808339 2.442347 -2.2537949 -2.2537949 -3.6888795 0.70710678 0 0.70710678 0
3 1.35 -1.65 0 0 0 -1.0280232 -0.70898154 -0.921676 2.442347 -2.2537949 -2.2537949 -3.6888795 0.70710678 0 0.70710678 0
-1.65 1.5 -3 0 0 0 -1.1343705 -0.77987969 -0.56718523 2.442347 -2.2537949 -2.2537949 -3.6888795 1 0 0 0
-1.65 1.5 3 0 0 0 -0.56718523 -0.95712508 -1.1343705 2.442347 -2.2537949 -2.2537949 -3.6888795 1 0 0 0
-3 1.5 -1.65 0 0 0 -0.88622693 -0.99257416 -0.63808339 2.442347 -2.2537949 -2.2537949 -3.6888795 0.70710678 0 0.70710678 0
3 1.5 -1.65 0 0 0 -1.0280232 -0.70898154 -0.921676 2.442347 -2.2537949 -2.2537949 -3.6888795 0.70710678 0 0.70710678 0
-1.65 1.65 -3 0 0 0 -1.1343705 -0.77987969 -0.56718523 2.442347 -2.2537949 -2.2537949 -3.6888795 1 0 0 0
-1.65 1.65 3 0 0 0 -0.56718523 -0.95712508 -1.1343705 2.442347 -2.2537949 -2.2537949 -3.6888795 1 0 0 0
-3 1.65 -1.65 0 0 0 -0.88622693 -0.99257416 -0.63808339 2.442347 -2.2537949 -2.2537949 -3.6888795 0.70710678 0 0.70710678 0
3 1.65 -1.65 0 0 0 -1.0280232 -0.70898154 -0.921676 2.442347 -2.2537949 -2.2537949 -3.6888795 0.70710678 0 0.70710678 0
-1.65 1.8 -3 0 0 0 -1.1343705 -0.77987969 -0.56718523 2.442347 -2.2537949 -2.2537949 -3.6888795 1 0 0 0
-1.65 1.8 3 0 0 0 -0.56718523 -0.95712508 -1.1343705 2.442347 -2.2537949 -2.2537949 -3.6888795 1 0 0 0
-3 1.8 -1.65 0 0 0 -0.88622693 -0.99257416 -0.63808339 2.442347 -2.2537949 -2.2537949 -3.6888795 0.70710678 0 0.70710678 0
3 1.8 -1.65 0 0 0 -1.0280232 -0.70898154 -0.921676 2.442347 -2.2537949 -2.2537949 -3.6888795 0.70710678 0 0.70710678 0
-1.65 1.95 -3 0 0 0 -1.1343705 -0.77987969 -0.56718523 2.442347 -2.2537949 -2.2537949 -3.6888795 1 0 0 0
-1.65 1.95 3 0 0 0 -0.56718523 -0.95712508 -1.1343705 2.442347 -2.2537949 -2.2537949 -3.6888795 1 0 0 0
-3 1.95 -1.65 0 0 0 -0.88622693 -0.99257416 -0.63808339 2.442347 -2.2537949 -2.2537949 -3.6888795 0.70710678 0 0.70710678 0
3 1.95 -1.65 0 0 0 -1.0280232 -0.70898154 -0.921676 2.442347 -2.2537949 -2.2537949 -3.6888795 0.70710678 0 0.70710678 0
-1.65 2.1 -3 0 0 0 -1.1343705 -0.77987969 -0.56718523 2.442347 -2.2537949 -2.2537949 -3.6888795 1 0 0 0
-1.65 2.1 3 0 0 0 -0.56718523 -0.95712508 -1.1343705 2.442347 -2.2537949 -2.2537949 -3.6888795 1 0 0 0
-3 2.1 -1.65 0 0 0 -0.88622693 -0.99257416 -0.63808339 2.442347 -2.2537949 -2.2537949 -3.6888795 0.70710678 0 0.70710678 0
3 2.1 -1.65 0 0 0 -1.0280232 -0.70898154 -0.921676 2.442347 -2.2537949 -2.2537949 -3.6888795 0.70710678 0 0.70710678 0
-1.65 2.25 -3 0 0 0 -1.1343705 -0.77987969 -0.56718523 2.442347 -2.2537949 -2.2537949 -3.6888795 1 0 0 0
-1.65 2.25 3 0 0 0 -0.56718523 -0.95712508 -1.1343705 2.442347 -2.2537949 -2.2537949 -3.6888795 1 0 0 0
-3 2.25 -1.65 0 0 0 -0.88622693 -0.99257416 -0.63808339 2.442347 -2.2537949 -2.2537949 -3.6888795 0.70710678 0 0.70710678 0
3 2.25 -1.65 0 0 0 -1.0280232 -0.70898154 -0.921676 2.442347 -2.2537949 -2.2537949 -3.6888795 0.70710678 0 0.70710678 0
-1.65 2.4 -3 0 0 0 -1.1343705 -0.77987969 -0.56718523 2.442347 -2.2537949 -2.2537949 -3.6888795 1 0 0 0
-1.65 2.4 3 0 0 0 -0.56718523 -0.95712508 -1.1343705 2.442347 -2.2537949 -2.2537949 -3.6888795 1 0 0 0
-3 2.4 -1.65 0 0 0 -0.88622693 -0.99257416 -0.63808339 2.442347 -2.2537949 -2.2537949 -3.6888795 0.70710678 0 0.70710678 0
3 2.4 -1.65 0 0 0 -1.0280232 -0.70898154 -0.921676 2.442347 -2.2537949 -2.2537949 -3.6888795 0.70710678 0 0.70710678 0
-1.65 2.55 -3 0 0 0 -1.1343705 -0.77987969 -0.56718523 2.442347 -2.2537949 -2.2537949 -3.6888795 1 0 0 0
-1.65 2.55 3 0 0 0 -0.56718523 -0.95712508 -1.1343705 2.442347 -2.2537949 -2.2537949 -3.6888795 1 0 0 0
-3 2.55 -1.65 0 0 0 -0.88622693 -0.99257416 -0.63808339 2.442347 -2.2537949 -2.2537949 -3.6888795 0.70710678 0 0.70710678 0
3 2.55 -1.65 0 0 0 -1.0280232 -0.70898154 -0.921676 2.442347 -2.2537949 -2.2537949 -3.6888795 0.70710678 0 0.70710678 0
-1.65 2.7 -3 0 0 0 -1.1343705 -0.77987969 -0.56718523 2.442347 -2.2537949 -2.2537949 -3.6888795 1 0 0 0
-1.65 2.7 3 0 0 0 -0.56718523 -0.95712508 -1.1343705 2.442347 -2.2537949 -2.2537949 -3.6888795 1 0 0 0
-3 2.7 -1.65 0 0 0 -0.88622693 -0.99257416 -0.63808339 2.442347 -2.2537949 -2.2537949 -3.6888795 0.70710678 0 0.70710678 0
3 2.7 -1.65 0 0 0 -1.0280232 -0.70898154 -0.921676 2.442347 -2.2537949 -2.2537949 -3.6888795 0.70710678 0 0.70710678 0
-1.65 2.85 -3 0 0 0 -1.1343705 -0.77987969 -0.56718523 2.442347 -2.2537949 -2.2537949 -3.6888795 1 0 0 0
-1.65 2.85 3 0 0 0 -0.56718523 -0.95712508 -1.1343705 2.442347 -2.2537949 -2.2537949 -3.6888795 1 0 0 0
-3 2.85 -1.65 0 0 0 -0.88622693 -0.99257416 -0.63808339 2.442347 -2.2537949 -2.2537949 -3.6888795 0.70710678 0 0.70710678 0
3 2.85 -1.65 0 0 0 -1.0280232 -0.70898154 -0.921676 2.442347 -2.2537949 -2.2537949 -3.6888795 0.70710678 0 0.70710678 0
-1.65 3 -3 0 0 0 -1.1343705 -0.77987969 -0.56718523 2.442347 -2.2537949 -2.2537949 -3.6888795 1 0 0 0
-1.65 3 3 0 0 0 -0.56718523 -0.95712508 -1.1343705 2.442347 -2.2537949 -2.2537949 -3.6888795 1 0 0 0
-3 3 -1.65 0 0 0 -0.88622693 -0.99257416 -0.63808339 2.442347 -2.2537949 -2.2537949 -3.6888795 0.70710678 0 0.70710678 0
3 3 -1.65 0 0 0 -1.0280232 -0.70898154 -0.921676 2.442347 -2.2537949 -2.2537949 -3.6888795 0.70710678 0 0.70710678 0
-1.5 0 -3 0 0 0 -0.28359262 -0.20914955 -0.10492927 2.442347 -2.2537949 -2.2537949 -3.6888795 0.70710678 0.70710678 0 0
-1.5 3 -3 0 0 0 -1.0634723 -0.95712508 -0.70898154 2.442347 -2.2537949 -2.2537949 -3.6888795 0.70710678 0.70710678 0 0
-1.5 0 -2.85 0 0 0 -0.28359262 -0.20914955 -0.10492927 2.442347 -2.2537949 -2.2537949 -3.6888795 0.70710678 0.70710678 0 0
-1.5 3 -2.85 0 0 0 -1.0634723 -0.95712508 -0.70898154 2.442347 -2.2537949 -2.2537949 -3.6888795 0.70710678 0.70710678 0 0
-1.5 0 -2.7 0 0 0 -0.28359262 -0.20914955 -0.10492927 2.442347 -2.2537949 -2.2537949 -3.6888795 0.70710678 0.70710678 0 0
-1.5 3 -2.7 0 0 0 -1.0634723 -0.95712508 -0.70898154 2.442347 -2.2537949 -2.2537949 -3.6888795 0.70710678 0.70710678 0 0
-1.5 0 -2.55 0 0 0 -0.28359262 -0.20914955 -0.10492927 2.442347 -2.2537949 -2.2537949 -3.6888795 0.70710678 0.70710678 0 0
-1.5 3 -2.55 0 0 0 -1.0634723 -0.95712508 -0.70898154 2.442347 -2.2537949 -2.2537949 -3.6888795 0.70710678 0.70710678 0 0
-1.5 0 -2.4 0 0 0 -0.28359262 -0.20914955 -0.10492927 2.442347 -2.2537949 -2.2537949 -3.6888795 0.70710678 0.70710678 0 0
-1.5 3 -2.4 0 0 0 -1.0634723 -0.95712508 -0.70898154 2.442347 -2.2537949 -2.2537949 -3.6888795 0.70710678 0.70710678 0 0
-1.5 0 -2.25 0 0 0 -0.85077785 -0.80469405 -0.74017673 2.442347 -2.2537949 -2.2537949 -3.6888795 0.70710678 0.70710678 0 0
-1.5 3 -2.25 0 0 0 -1.0634723 -0.95712508 -0.70898154 2.442347 -2.2537949 -2.2537949 -3.6888795 0.70710678 0.70710678 0 0
-1.5 0 -2.1 0 0 0 -0.85077785 -0.80469405 -0.74017673 2.442347 -2.2537949 -2.2537949 -3.6888795 0.70710678 0.70710678 0 0
-1.5 3 -2.1 0 0 0 -1.0634723 -0.95712508 -0.70898154 2.442347 -2.2537949 -2.2537949 -3.6888795 0.70710678 0.70710678 0 0
-1.5 0 -1.95 0 0 0 -0.85077785 -0.80469405 -0.74017673 2.442347 -2.2537949 -2.2537949 -3.6888795 0.70710678 0.70710678 0 0
-1.5 3 -1.95 0 0 0 -1.0634723 -0.95712508 -0.70898154 2.442347 -2.2537949 -2.2537949 -3.6888795 0.70710678 0.70710678 0 0
-1.5 0 -1.8 0 0 0 -0.85077785 -0.80469405 -0.74017673 2.442347 -2.2537949 -2.2537949 -3.6888795 0.70710678 0.70710678 0 0
-1.5 3 -1.8 0 0 0 -1.0634723 -0.95712508 -0.70898154 2.442347 -2.2537949 -2.2537949 -3.6888795 0.70710678 0.70710678 0 0
-1.5 0 -1.65 0 0 0 -0.85077785 -0.80469405 -0.74017673 2.442347 -2.2537949 -2.2537949 -3.6888795 0.70710678 0.70710678 0 0
-1.5 3 -1.65 0 0 0 -1.0634723 -0.95712508 -0.70898154 2.442347 -2.2537949 -2.2537949 -3.6888795 0.70710678 0.70710678 0 0
-1.5 0 -1.5 0 0 0 -0.28359262 -0.20914955 -0.10492927 2.442347 -2.2537949 -2.2537949 -3.6888795 0.70710678 0.70710678 0 0
-1.5 3 -1.5 0 0 0 -1.0634723 -0.95712508 -0.70898154 2.442347 -2.2537949 -2.2537949 -3.6888795 0.70710678 0.70710678 0 0
-1.5 0 -1.35 0 0 0 -0.28359262 -0.20914955 -0.10492927 2.442347 -2.2537949 -2.2537949 -3.6888795 0.70710678 0.70710678 0 0
-1.5 3 -1.35 0 0 0 -1.0634723 -0.95712508 -0.70898154 2.442347 -2.2537949 -2.2537949 -3.6888795 0.70710678 0.70710678 0 0
-1.5 0 -1.2 0 0 0 -0.28359262 -0.20914955 -0.10492927 2.442347 -2.2537949 -2.2537949 -3.6888795 0.70710678 0.70710678 0 0
-1.5 3 -1.2 0 0 0 -1.0634723 -0.95712508 -0.70898154 2.442347 -2.2537949 -2.2537949 -3.6888795 0.70710678 0.70710678 0 0
-1.5 0 -1.05 0 0 0 -0.28359262 -0.20914955 -0.10492927 2.442347 -2.2537949 -2.2537949 -3.6888795 0.70710678 0.70710678 0 0
-1.5 3 -1.05 0 0 0 -1.0634723 -0.95712508 -0.70898154 2.442347 -2.2537949 -2.2537949 -3.6888795 0.70710678 0.70710678 0 0
-1.5 0 -0.9 0 0 0 -0.28359262 -0.20914955 -0.10492927 2.442347 -2.2537949 -2.2537949 -3.6888795 0.70710678 0.70710678 0 0
-1.5 3 -0.9 0 0 0 -1.0634723 -0.95712508 -0.70898154 2.442347 -2.2537949 -2.2537949 -3.6888795 0.70710678 0.70710678 0 0
-1.5 0 -0.75 0 0 0 -0.85077785 -0.80469405 -0.74017673 2.442347 -2.2537949 -2.2537949 -3.6888795 0.70710678 0.70710678 0 0
-1.5 3 -0.75 0 0 0 -1.0634723 -0.95712508 -0.70898154 2.442347 -2.2537949 -2.2537949 -3.6888795 0.70710678 0.70710678 0 0
-1.5 0 -0.6 0 0 0 -0.85077785 -0.80469405 -0.74017673 2.442347 -2.2537949 -2.2537949 -3.6888795 0.70710678 0.70710678 0 0
-1.5 3 -0.6 0 0 0 -1.0634723 -0.95712508 -0.70898154 2.442347 -2.2537949 -2.2537949 -3.6888795 0.70710678 0.70710678 0 0
-1.5 0 -0.45 0 0 0 -0.85077785 -0.80469405 -0.74017673 2.442347 -2.2537949 -2.2537949 -3.6888795 0.70710678 0.70710678 0 0
-1.5 3 -0.45 0 0 0 -1.0634723 -0.95712508 -0.70898154 2.442347 -2.2537949 -2.2537949 -3.6888795 0.70710678 0.70710678 0 0
-1.5 0 -0.3 0 0 0 -0.85077785 -0.80469405 -0.74017673 2.442347 -2.2537949 -2.2537949 -3.6888795 0.70710678 0.70710678 0 0
-1.5 3 -0.3 0 0 0 -1.0634723 -0.95712508 -0.70898154 2.442347 -2.2537949 -2.2537949 -3.6888795 0.70710678 0.70710678 0 0
-1.5 0 -0.15 0 0 0 -0.85077785 -0.80469405 -0.74017673 2.442347 -2.2537949 -2.2537949 -3.6888795 0.70710678 0.70710678 0 0
-1.5 3 -0.15 0 0 0 -1.0634723 -0.95712508 -0.70898154 2.442347 -2.2537949 -2.2537949 -3.6888795 0.70710678 0.70710678 0 0
-1.5 0 0 0 0 0 -0.28359262 -0.20914955 -0.10492927 2.442347 -2.2537949 -2.2537949 -3.6888795 0.70710678 0.70710678 0 0
-1.5 3 0 0 0 0 -1.0634723 -0.95712508 -0.70898154 2.442347 -2.2537949 -2.2537949 -3.6888795 0.70710678 0.70710678 0 0
-1.5 0 0.15 0 0 0 -0.28359262 -0.20914955 -0.10492927 2.442347 -2.2537949 -2.2537949 -3.6888795 0.70710678 0.70710678 0 0
-1.5 3 0.15 0 0 0 -1.0634723 -0.95712508 -0.70898154 2.442347 -2.2537949 -2.2537949 -3.6888795 0.70710678 0.70710678 0 0
-1.5 0 0.3 0 0 0 -0.28359262 -0.20914955 -0.10492927 2.442347 -2.2537949 -2.2537949 -3.6888795 0.70710678 0.70710678 0 0
-1.5 3 0.3 0 0 0 -1.0634723 -0.95712508 -0.70898154 2.442347 -2.2537949 -2.2537949 -3.6888795 0.70710678 0.70710678 0 0
-1.5 0 0.45 0 0 0 -0.28359262 -0.20914955 -0.10492927 2.442347 -2.2537949 -2.2537949 -3.6888795 0.70710678 0.70710678 0 0
-1.5 3 0.45 0 0 0 -1.0634723 -0.95712508 -0.70898154 2.442347 -2.2537949 -2.2537949 -3.6888795 0.70710678 0.70710678 0 0
-1.5 0 0.6 0 0 0 -0.28359262 -0.20914955 -0.10492927 2.442347 -2.2537949 -2.2537949 -3.6888795 0.70710678 0.70710678 0 0
-1.5 3 0.6 0 0 0 -1.0634723 -0.95712508 -0.70898154 2.442347 -2.2537949 -2.2537949 -3.6888795 0.70710678 0.70710678 0 0
-1.5 0 0.75 0 0 0 -0.85077785 -0.80469405 -0.74017673 2.442347 -2.2537949 -2.2537949 -3.6888795 0.70710678 0.70710678 0 0
-1.5 3 0.75 0 0 0 -1.0634723 -0.95712508 -0.70898154 2.442347 -2.2537949 -2.2537949 -3.6888795 0.70710678 0.70710678 0 0
-1.5 0 0.9 0 0 0 -0.85077785 -0.80469405 -0.74017673 2.442347 -2.2537949 -2.2537949 -3.6888795 0.70710678 0.70710678 0 0
-1.5 3 0.9 0 0 0 -1.0634723 -0.95712508 -0.70898154 2.442347 -2.2537949 -2.2537949 -3.6888795 0.70710678 0.70710678 0 0
-1.5 0 1.05 0 0 0 -0.85077785 -0.80469405 -0.74017673 2.442347 -2.2537949 -2.2537949 -3.6888795 0.70710678 0.70710678 0 0
-1.5 3 1.05 0 0 0 -1.0634723 -0.95712508 -0.70898154 2.442347 -2.2537949 -2.2537949 -3.6888795 0.70710678 0.70710678 0 0
-1.5 0 1.2 0 0 0 -0.85077785 -0.80469405 -0.74017673 2.442347 -2.2537949 -2.2537949 -3.6888795 0.70710678 0.70710678 0 0
-1.5 3 1.2 0 0 0 -1.0634723 -0.95712508 -0.70898154 2.442347 -2.2537949 -2.2537949 -3.6888795 0.70710678 0.70710678 0 0
-1.5 0 1.35 0 0 0 -0.85077785 -0.80469405 -0.74017673 2.442347 -2.2537949 -2.2537949 -3.6888795 0.70710678 0.70710678 0 0
-1.5 3 1.35 0 0 0 -1.0634723 -0.95712508 -0.70898154 2.442347 -2.2537949 -2.2537949 -3.6888795 0.70710678 0.70710678 0 0
-1.5 0 1.5 0 0 0 -0.28359262 -0.20914955 -0.10492927 2.442347 -2.2537949 -2.2537949 -3.6888795 0.70710678 0.70710678 0 0
-1.5 3 1.5 0 0 0 -1.0634723 -0.95712508 -0.70898154 2.442347 -2.2537949 -2.2537949 -3.6888795 0.70710678 0.70710678 0 0
-1.5 0 1.65 0 0 0 -0.28359262 -0.20914955 -0.10492927 2.442347 -2.2537949 -2.2537949 -3.6888795 0.70710678 0.70710678 0 0
-1.5 3 1.65 0 0 0 -1.0634723 -0.95712508 -0.70898154 2.442347 -2.2537949 -2.2537949 -3.6888795 0.70710678 0.70710678 0 0
-1.5 0 1.8 0 0 0 -0.28359262 -0.20914955 -0.10492927 2.442347 -2.2537949 -2.2537949 -3.6888795 0.70710678 0.70710678 0 0
-1.5 3 1.8 0 0 0 -1.0634723 -0.95712508 -0.70898154 2.442347 -2.2537949 -2.2537949 -3.6888795 0.70710678 0.70710678 0 0
-1.5 0 1.95 0 0 0 -0.28359262 -0.20914955 -0.10492927 2.442347 -2.2537949 -2.2537949 -3.6888795 0.70710678 0.70710678 0 0
-1.5 3 1.95 0 0 0 -1.0634723 -0.95712508 -0.70898154 2.442347 -2.2537949 -2.2537949 -3.6888795 0.70710678 0.70710678 0 0
-1.5 0 2.1 0 0 0 -0.28359262 -0.20914955 -0.10492927 2.442347 -2.2537949 -2.2537949 -3.6888795 0.70710678 0.70710678 0 0
-1.5 3 2.1 0 0 0 -1.0634723 -0.95712508 -0.70898154 2.442347 -2.2537949 -2.2537949 -3.6888795 0.70710678 0.70710678 0 0
-1.5 0 2.25 0 0 0 -0.85077785 -0.80469405 -0.74017673 2.442347 -2.2537949 -2.2537949 -3.6888795 0.70710678 0.70710678 0 0
-1.5 3 2.25 0 0 0 -1.0634723 -0.95712508 -0.70898154 2.442347 -2.2537949 -2.2537949 -3.6888795 0.70710678 0.70710678 0 0
-1.5 0 2.4 0 0 0 -0.85077785 -0.80469405 -0.74017673 2.442347 -2.2537949 -2.2537949 -3.6888795 0.70710678 0.70710678 0 0
-1.5 3 2.4 0 0 0 -1.0634723 -0.95712508 -0.70898154 2.442347 -2.2537949 -2.2537949 -3.6888795 0.70710678 0.70710678 0 0
-1.5 0 2.55 0 0 0 -0.85077785 -0.80469405 -0.74017673 2.442347 -2.2537949 -2.2537949 -3.6888795 0.70710678 0.70710678 0 0
-1.5 3 2.55 0 0 0 -1.0634723 -0.95712508 -0.70898154 2.442347 -2.2537949 -2.2537949 -3.6888795 0.70710678 0.70710678 0 0
-1.5 0 2.7 0 0 0 -0.85077785 -0.80469405 -0.74017673 2.442347 -2.2537949 -2.2537949 -3.6888795 0.70710678 0.70710678 0 0
-1.5 3 2.7 0 0 0 -1.0634723 -0.95712508 -0.70898154 2.442347 -2.2537949 -2.2537949 -3.6888795 0.70710678 0.70710678 0 0
-1.5 0 2.85 0 0 0 -0.85077785 -0.80469405 -0.74017673 2.442347 -2.2537949 -2.2537949 -3.6888795 0.70710678 0.70710678 0 0
-1.5 3 2.85 0 0 0 -1.0634723 -0.95712508 -0.70898154 2.442347 -2.2537949 -2.2537949 -3.6888795 0.70710678 0.70710678 0 0
-1.5 0 3 0 0 0 -0.28359262 -0.20914955 -0.10492927 2.442347 -2.2537949 -2.2537949 -3.6888795 0.70710678 0.70710678 0 0
-1.5 3 3 0 0 0 -1.0634723 -0.95712508 -0.70898154 2.442347 -2.2537949 -2.2537949 -3.6888795 0.70710678 0.70710678 0 0
-1.5 0 -3 0 0 0 -1.1343705 -0.77987969 -0.56718523 2.442347 -2.2537949 -2.2537949 -3.6888795 1 0 0 0
-1.5 0 3 0 0 0 -0.56718523 -0.95712508 -1.1343705 2.442347 -2.2537949 -2.2537949 -3.6888795 1 0 0 0
-3 0 -1.5 0 0 0 -0.88622693 -0.99257416 -0.63808339 2.442347 -2.2537949 -2.2537949 -3.6888795 0.70710678 0 0.70710678 0
3 0 -1.5 0 0 0 -1.0280232 -0.70898154 -0.921676 2.442347 -2.2537949 -2.2537949 -3.6888795 0.70710678 0 0.70710678 0
-1.5 0.15 -3 0 0 0 -1.1343705 -0.77987969 -0.56718523 2.442347 -2.2537949 -2.2537949 -3.6888795 1 0 0 0
-1.5 0.15 3 0 0 0 -0.56718523 -0.95712508 -1.1343705 2.442347 -2.2537949 -2.2537949 -3.6888795 1 0 0 0
-3 0.15 -1.5 0 0 0 -0.88622693 -0.99257416 -0.63808339 2.442347 -2.2537949 -2.2537949 -3.6888795 0.70710678 0 0.70710678 0
3 0.15 -1.5 0 0 0 -1.0280232 -0.70898154 -0.921676 2.442347 -2.2537949 -2.2537949 -3.6888795 0.70710678 0 0.70710678 0
-1.5 0.3 -3 0 0 0 -1.1343705 -0.77987969 -0.56718523 2.442347 -2.2537949 -2.2537949 -3.6888795 1 0 0 0
-1.5 0.3 3 0 0 0 -0.56718523 -0.95712508 -1.1343705 2.442347 -2.2537949 -2.2537949 -3.6888795 1 0 0 0
-3 0.3 -1.5 0 0 0 -0.88622693 -0.99257416 -0.63808339 2.442347 -2.2537949 -2.2537949 -3.6888795 0.70710678 0 0.70710678 0
3 0.3 -1.5 0 0 0 -1.0280232 -0.70898154 -0.921676 2.442347 -2.2537949 -2.2537949 -3.6888795 0.70710678 0 0.70710678 0
-1.5 0.45 -3 0 0 0 -1.1343705 -0.77987969 -0.56718523 2.442347 -2.2537949 -2.2537949 -3.6888795 1 0 0 0
-1.5 0.45 3 0 0 0 -0.56718523 -0.95712508 -1.1343705 2.442347 -2.2537949 -2.2537949 -3.6888795 1 0 0 0
-3 0.45 -1.5 0 0 0 -0.88622693 -0.99257416 -0.63808339 2.442347 -2.2537949 -2.2537949 -3.6888795 0.70710678 0 0.70710678 0
3 0.45 -1.5 0 0 0 -1.0280232 -0.70898154 -0.921676 2.442347 -2.2537949 -2.2537949 -3.6888795 0.70710678 0 0.70710678 0
-1.5 0.6 -3 0 0 0 -1.1343705 -0.77987969 -0.56718523 2.442347 -2.2537949 -2.2537949 -3.6888795 1 0 0 0
-1.5 0.6 3 0 0 0 -0.56718523 -0.95712508 -1.1343705 2.442347 -2.2537949 -2.2537949 -3.6888795 1 0 0 0
-3 0.6 -1.5 0 0 0 -0.88622693 -0.99257416 -0.63808339 2.442347 -2.2537949 -2.2537949 -3.6888795 0.70710678 0 0.70710678 0
3 0.6 -1.5 0 0 0 -1.0280232 -0.70898154 -0.921676 2.442347 -2.2537949 -2.2537949 -3.6888795 0.70710678 0 0.70710678 0
-1.5 0.75 -3 0 0 0 -1.1343705 -0.77987969 -0.56718523 2.442347 -2.2537949 -2.2537949 -3.6888795 1 0 0 0
-1.5 0.75 3 0 0 0 -0.56718523 -0.95712508 -1.1343705 2.442347 -2.2537949 -2.2537949 -3.6888795 1 0 0 0
-3 0.75 -1.5 0 0 0 -0.88622693 -0.99257416 -0.63808339 2.442347 -2.2537949 -2.2537949 -3.6888795 0.70710678 0 0.70710678 0
3 0.75 -1.5 0 0 0 -1.0280232 -0.70898154 -0.921676 2.442347 -2.2537949 -2.2537949 -3.6888795 0.70710678 0 0.70710678 0
-1.5 0.9 -3 0 0 0 -1.1343705 -0.77987969 -0.56718523 2.442347 -2.2537949 -2.2537949 -3.6888795 1 0 0 0
-1.5 0.9 3 0 0 0 -0.56718523 -0.95712508 -1.1343705 2.442347 -2.2537949 -2.2537949 -3.6888795 1 0 0 0
-3 0.9 -1.5 0 0 0 -0.88622693 -0.99257416 -0.63808339 2.442347 -2.2537949 -2.2537949 -3.6888795 0.70710678 0 0.70710678 0
3 0.9 -1.5 0 0 0 -1.0280232 -0.70898154 -0.921676 2.442347 -2.2537949 -2.2537949 -3.6888795 0.70710678 0 0.70710678 0
-1.5 1.05 -3 0 0 0 -1.1343705 -0.77987969 -0.56718523 2.442347 -2.2537949 -2.2537949 -3.6888795 1 0 0 0
-1.5 1.05 3 0 0 0 -0.56718523 -0.95712508 -1.1343705 2.442347 -2.2537949 -2.2537949 -3.6888795 1 0 0 0
-3 1.05 -1.5 0 0 0 -0.88622693 -0.99257416 -0.63808339 2.442347 -2.2537949 -2.2537949 -3.6888795 0.70710678 0 0.70710678 0
3 1.05 -1.5 0 0 0 -1.0280232 -0.70898154 -0.921676 2.442347 -2.2537949 -2.2537949 -3.6888795 0.70710678 0 0.70710678 0
-1.5 1.2 -3 0 0 0 -1.1343705 -0.77987969 -0.56718523 2.442347 -2.2537949 -2.2537949 -3.6888795 1 0 0 0
-1.5 1.2 3 0 0 0 -0.56718523 -0.95712508 -1.1343705 2.442347 -2.2537949 -2.2537949 -3.6888795 1 0 0 0
-3 1.2 -1.5 0 0 0 -0.88622693 -0.99257416 -0.63808339 2.442347 -2.2537949 -2.2537949 -3.6888795 0.70710678 0 0.70710678 0
3 1.2 -1.5 0 0 0 -1.0280232 -0.70898154 -0.921676 2.442347 -2.2537949 -2.2537949 -3.6888795 0.70710678 0 0.70710678 0
-1.5 1.35 -3 0 0 0 -1.1343705 -0.77987969 -0.56718523 2.442347 -2.2537949 -2.2537949 -3.6888795 1 0 0 0
-1.5 1.35 3 0 0 0 -0.56718523 -0.95712508 -1.1343705 2.442347 -2.2537949 -2.2537949 -3.6888795 1 0 0 0
-3 1.35 -1.5 0 0 0 -0.88622693 -0.99257416 -0.63808339 2.442347 -2.2537949 -2.2537949 -3.6888795 0.70710678 0 0.70710678 0
3 1.35 -1.5 0 0 0 -1.0280232 -0.70898154 -0.921676 2.442347 -2.2537949 -2.2537949 -3.6888795 0.70710678 0 0.70710678 0
-1.5 1.5 -3 0 0 0 -1.1343705 -0.77987969 -0.56718523 2.442347 -2.2537949 -2.2537949 -3.6888795 1 0 0 0
-1.5 1.5 3 0 0 0 -0.56718523 -0.95712508 -1.1343705 2.442347 -2.2537949 -2.2537949 -3.6888795 1 0 0 0
-3 1.5 -1.5 0 0 0 -0.88622693 -0.99257416 -0.63808339 2.442347 -2.2537949 -2.2537949 -3.6888795 0.70710678 0 0.70710678 0
3 1.5 -1.5 0 0 0 -1.0280232 -0.70898154 -0.921676 2.442347 -2.2537949 -2.2537949 -3.6888795 0.70710678 0 0.70710678 0
-1.5 1.65 -3 0 0 0 -1.1343705 -0.77987969 -0.56718523 2.442347 -2.2537949 -2.2537949 -3.6888795 1 0 0 0
-1.5 1.65 3 0 0 0 -0.56718523 -0.95712508 -1.1343705 2.442347 -2.2537949 -2.2537949 -3.6888795 1 0 0 0
-3 1.65 -1.5 0 0 0 -0.88622693 -0.99257416 -0.63808339 2.442347 -2.2537949 -2.2537949 -3.6888795 0.70710678 0 0.70710678 0
3 1.65 -1.5 0 0 0 -1.0280232 -0.70898154 -0.921676 2.442347 -2.2537949 -2.2537949 -3.6888795 0.70710678 0 0.70710678 0
-1.5 1.8 -3 0 0 0 -1.1343705 -0.77987969 -0.56718523 2.442347 -2.2537949 -2.2537949 -3.6888795 1 0 0 0
-1.5 1.8 3 0 0 0 -0.56718523 -0.95712508 -1.1343705 2.442347 -2.2537949 -2.2537949 -3.6888795 1 0 0 0
-3 1.8 -1.5 0 0 0 -0.88622693 -0.99257416 -0.63808339 2.442347 -2.2537949 -2.2537949 -3.6888795 0.70710678 0 0.70710678 0
3 1.8 -1.5 0 0 0 -1.0280232 -0.70898154 -0.921676 2.442347 -2.2537949 -2.2537949 -3.6888795 0.70710678 0 0.70710678 0
-1.5 1.95 -3 0 0 0 -1.1343705 -0.77987969 -0.56718523 2.442347 -2.2537949 -2.2537949 -3.6888795 1 0 0 0
-1.5 1.95 3 0 0 0 -0.56718523 -0.95712508 -1.1343705 2.442347 -2.2537949 -2.2537949 -3.6888795 1 0 0 0
-3 1.95 -1.5 0 0 0 -0.88622693 -0.99257416 -0.63808339 2.442347 -2.2537949 -2.2537949 -3.6888795 0.70710678 0 0.70710678 0
3 1.95 -1.5 0 0 0 -1.0280232 -0.70898154 -0.921676 2.442347 -2.2537949 -2.2537949 -3.6888795 0.70710678 0 0.70710678 0
-1.5 2.1 -3 0 0 0 -1.1343705 -0.77987969 -0.56718523 2.442347 -2.2537949 -2.2537949 -3.6888795 1 0 0 0
-1.5 2.1 3 0 0 0 -0.56718523 -0.95712508 -1.1343705 2.442347 -2.2537949 -2.2537949 -3.6888795 1 0 0 0
-3 2.1 -1.5 0 0 0 -0.88622693 -0.99257416 -0.63808339 2.442347 -2.2537949 -2.2537949 -3.6888795 0.70710678 0 0.70710678 0
3 2.1 -1.5 0 0 0 -1.0280232 -0.70898154 -0.921676 2.442347 -2.2537949 -2.2537949 -3.6888795 0.70710678 0 0.70710678 0
-1.5 2.25 -3 0 0 0 -1.1343705 -0.77987969 -0.56718523 2.442347 -2.2537949 -2.2537949 -3.6888795 1 0 0 0
-1.5 2.25 3 0 0 0 -0.56718523 -0.95712508 -1.1343705 2.442347 -2.2537949 -2.2537949 -3.6888795 1 0 0 0
-3 2.25 -1.5 0 0 0 -0.88622693 -0.99257416 -0.63808339 2.442347 -2.2537949 -2.2537949 -3.6888795 0.70710678 0 0.70710678 0
3 2.25 -1.5 0 0 0 -1.0280232 -0.70898154 -0.921676 2.442347 -2.2537949 -2.2537949 -3.6888795 0.70710678 0 0.70710678 0
-1.5 2.4 -3 0 0 0 -1.1343705 -0.77987969 -0.56718523 2.442347 -2.2537949 -2.2537949 -3.6888795 1 0 0 0
-1.5 2.4 3 0 0 0 -0.56718523 -0.95712508 -1.1343705 2.442347 -2.2537949 -2.2537949 -3.6888795 1 0 0 0
-3 2.4 -1.5 0 0 0 -0.88622693 -0.99257416 -0.63808339 2.442347 -2.2537949 -2.2537949 -3.6888795 0.70710678 0 0.70710678 0
3 2.4 -1.5 0 0 0 -1.0280232 -0.70898154 -0.921676 2.442347 -2.2537949 -2.2537949 -3.6888795 0.70710678 0 0.70710678 0
-1.5 2.55 -3 0 0 0 -1.1343705 -0.77987969 -0.56718523 2.442347 -2.2537949 -2.2537949 -3.6888795 1 0 0 0
-1.5 2.55 3 0 0 0 -0.56718523 -0.95712508 -1.1343705 2.442347 -2.2537949 -2.2537949 -3.6888795 1 0 0 0
-3 2.55 -1.5 0 0 0 -0.88622693 -0.99257416 -0.63808339 2.442347 -2.2537949 -2.2537949 -3.6888795 0.70710678 0 0.70710678 0
3 2.55 -1.5 0 0 0 -1.0280232 -0.70898154 -0.921676 2.442347 -2.2537949 -2.2537949 -3.6888795 0.70710678 0 0.70710678 0
-1.5 2.7 -3 0 0 0 -1.1343705 -0.77987969 -0.56718523 2.442347 -2.2537949 -2.2537949 -3.6888795 1 0 0 0
-1.5 2.7 3 0 0 0 -0.56718523 -0.95712508 -1.1343705 2.442347 -2.2537949 -2.2537949 -3.6888795 1 0 0 0
-3 2.7 -1.5 0 0 0 -0.88622693 -0.99257416 -0.63808339 2.442347 -2.2537949 -2.2537949 -3.6888795 0.70710678 0 0.70710678 0
3 2.7 -1.5 0 0 0 -1.0280232 -0.70898154 -0.921676 2.442347 -2.2537949 -2.2537949 -3.6888795 0.70710678 0 0.70710678 0
-1.5 2.85 -3 0 0 0 -1.1343705 -0.77987969 -0.56718523 2.442347 -2.2537949 -2.2537949 -3.6888795 1 0 0 0
-1.5 2.85 3 0 0 0 -0.56718523 -0.95712508 -1.1343705 2.442347 -2.2537949 -2.2537949 -3.6888795 1 0 0 0
-3 2.85 -1.5 0 0 0 -0.88622693 -0.99257416 -0.63808339 2.442347 -2.2537949 -2.2537949 -3.6888795 0.70710678 0 0.70710678 0
3 2.85 -1.5 0 0 0 -1.0280232 -0.70898154 -0.921676 2.442347 -2.2537949 -2.2537949 -3.6888795 0.70710678 0 0.70710678 0
-1.5 3 -3 0 0 0 -1.1343705 -0.77987969 -0.56718523 2.442347 -2.2537949 -2.2537949 -3.6888795 1 0 0 0
-1.5 3 3 0 0 0 -0.56718523 -0.95712508 -1.1343705 2.442347 -2.2537949 -2.2537949 -3.6888795 1 0 0 0
-3 3 -1.5 0 0 0 -0.88622693 -0.99257416 -0.63808339 2.442347 -2.2537949 -2.2537949 -3.6888795 0.70710678 0 0.70710678 0
3 3 -1.5 0 0 0 -1.0280232 -0.70898154 -0.921676 2.442347 -2.2537949 -2.2537949 -3.6888795 0.70710678 0 0.70710678 0
-1.35 0 -3 0 0 0 -0.28359262 -0.20914955 -0.10492927 2.442347 -2.2537949 -2.2537949 -3.6888795 0.70710678 0.70710678 0 0
-1.35 3 -3 0 0 0 -1.0634723 -0.95712508 -0.70898154 2.442347 -2.2537949 -2.2537949 -3.6888795 0.70710678 0.70710678 0 0
-1.35 0 -2.85 0 0 0 -0.28359262 -0.20914955 -0.10492927 2.442347 -2.2537949 -2.2537949 -3.6888795 0.70710678 0.70710678 0 0
-1.35 3 -2.85 0 0 0 -1.0634723 -0.95712508 -0.70898154 2.442347 -2.2537949 -2.2537949 -3.6888795 0.70710678 0.70710678 0 0
-1.35 0 -2.7 0 0 0 -0.28359262 -0.20914955 -0.10492927 2.442347 -2.2537949 -2.2537949 -3.6888795 0.70710678 0.70710678 0 0
-1.35 3 -2.7 0 0 0 -1.0634723 -0.95712508 -0.70898154 2.442347 -2.2537949 -2.2537949 -3.6888795 0.70710678 0.70710678 0 0
-1.35 0 -2.55 0 0 0 -0.28359262 -0.20914955 -0.10492927 2.442347 -2.2537949 -2.2537949 -3.6888795 0.70710678 0.70710678 0 0
-1.35 3 -2.55 0 0 0 -1.0634723 -0.95712508 -0.70898154 2.442347 -2.2537949 -2.2537949 -3.6888795 0.70710678 0.70710678 0 0
-1.35 0 -2.4 0 0 0 -0.28359262 -0.20914955 -0.10492927 2.442347 -2.2537949 -2.2537949 -3.6888795 0.70710678 0.70710678 0 0
-1.35 3 -2.4 0 0 0 -1.0634723 -0.95712508 -0.70898154 2.442347 -2.2537949 -2.2537949 -3.6888795 0.70710678 0.70710678 0 0
-1.35 0 -2.25 0 0 0 -0.85077785 -0.80469405 -0.74017673 2.442347 -2.2537949 -2.2537949 -3.6888795 0.70710678 0.70710678 0 0
-1.35 3 -2.25 0 0 0 -1.0634723 -0.95712508 -0.70898154 2.442347 -2.2537949 -2.2537949 -3.6888795 0.70710678 0.70710678 0 0
-1.35 0 -2.1 0 0 0 -0.85077785 -0.80469405 -0.74017673 2.442347 -2.2537949 -2.2537949 -3.6888795 0.70710678 0.70710678 0 0
-1.35 3 -2.1 0 0 0 -1.0634723 -0.95712508 -0.70898154 2.442347 -2.2537949 -2.2537949 -3.6888795 0.70710678 0.70710678 0 0
-1.35 0 -1.95 0 0 0 -0.85077785 -0.80469405 -0.74017673 2.442347 -2.2537949 -2.2537949 -3.6888795 0.70710678 0.70710678 0 0
-1.35 3 -1.95 0 0 0 -1.0634723 -0.95712508 -0.70898154 2.442347 -2.2537949 -2.2537949 -3.6888795 0.70710678 0.70710678 0 0
-1.35 0 -1.8 0 0 0 -0.85077785 -0.80469405 -0.74017673 2.442347 -2.2537949 -2.2537949 -3.6888795 0.70710678 0.70710678 0 0
-1.35 3 -1.8 0 0 0 -1.0634723 -0.95712508 -0.70898154 2.442347 -2.2537949 -2.2537949 -3.6888795 0.70710678 0.70710678 0 0
-1.35 0 -1.65 0 0 0 -0.85077785 -0.80469405 -0.74017673 2.442347 -2.2537949 -2.2537949 -3.6888795 0.70710678 0.70710678 0 0
-1.35 3 -1.65 0 0 0 -1.0634723 -0.95712508 -0.70898154 2.442347 -2.2537949 -2.2537949 -3.6888795 0.70710678 0.70710678 0 0
-1.35 0 -1.5 0 0 0 -0.28359262 -0.20914955 -0.10492927 2.442347 -2.2537949 -2.2537949 -3.6888795 0.70710678 0.70710678 0 0
-1.35 3 -1.5 0 0 0 -1.0634723 -0.95712508 -0.70898154 2.442347 -2.2537949 -2.2537949 -3.6888795 0.70710678 0.70710678 0 0
-1.35 0 -1.35 0 0 0 -0.28359262 -0.20914955 -0.10492927 2.442347 -2.2537949 -2.2537949 -3.6888795 0.70710678 0.70710678 0 0
-1.35 3 -1.35 0 0 0 -1.0634723 -0.95712508 -0.70898154 2.442347 -2.2537949 -2.2537949 -3.6888795 0.70710678 0.70710678 0 0
-1.35 0 -1.2 0 0 0 -0.28359262 -0.20914955 -0.10492927 2.442347 -2.2537949 -2.2537949 -3.6888795 0.70710678 0.70710678 0 0
-1.35 3 -1.2 0 0 0 -1.0634723 -0.95712508 -0.70898154 2.442347 -2.2537949 -2.2537949 -3.6888795 0.70710678 0.70710678 0 0
-1.35 0 -1.05 0 0 0 -0.28359262 -0.20914955 -0.10492927 2.442347 -2.2537949 -2.2537949 -3.6888795 0.70710678 0.70710678 0 0
-1.35 3 -1.05 0 0 0 -1.0634723 -0.95712508 -0.70898154 2.442347 -2.2537949 -2.2537949 -3.6888795 0.70710678 0.70710678 0 0
-1.35 0 -0.9 0 0 0 -0.28359262 -0.20914955 -0.10492927 2.442347 -2.2537949 -2.2537949 -3.6888795 0.70710678 0.70710678 0 0
-1.35 3 -0.9 0 0 0 -1.0634723 -0.95712508 -0.70898154 2.442347 -2.2537949 -2.2537949 -3.6888795 0.70710678 0.70710678 0 0
-1.35 0 -0.75 0 0 0 -0.85077785 -0.80469405 -0.74017673 2.442347 -2.2537949 -2.2537949 -3.6888795 0.70710678 0.70710678 0 0
-1.35 3 -0.75 0 0 0 -1.0634723 -0.95712508 -0.70898154 2.442347 -2.2537949 -2.2537949 -3.6888795 0.70710678 0.70710678 0 0
-1.35 0 -0.6 0 0 0 -0.85077785 -0.80469405 -0.74017673 2.442347 -2.2537949 -2.2537949 -3.6888795 0.70710678 0.70710678 0 0
-1.35 3 -0.6 0 0 0 -1.0634723 -0.95712508 -0.70898154 2.442347 -2.2537949 -2.2537949 -3.6888795 0.70710678 0.70710678 0 0
-1.35 0 -0.45 0 0 0 -0.85077785 -0.80469405 -0.74017673 2.442347 -2.2537949 -2.2537949 -3.6888795 0.70710678 0.70710678 0 0
-1.35 3 -0.45 0 0 0 -1.0634723 -0.95712508 -0.70898154 2.442347 -2.2537949 -2.2537949 -3.6888795 0.70710678 0.70710678 0 0
-1.35 0 -0.3 0 0 0 -0.85077785 -0.80469405 -0.74017673 2.442347 -2.2537949 -2.2537949 -3.6888795 0.70710678 0.70710678 0 0
-1.35 3 -0.3 0 0 0 -1.0634723 -0.95712508 -0.70898154 2.442347 -2.2537949 -2.2537949 -3.6888795 0.70710678 0.70710678 0 0
-1.35 0 -0.15 0 0 0 -0.85077785 -0.80469405 -0.74017673 2.442347 -2.2537949 -2.2537949 -3.6888795 0.70710678 0.70710678 0 0
-1.35 3 -0.15 0 0 0 -1.0634723 -0.95712508 -0.70898154 2.442347 -2.2537949 -2.2537949 -3.6888795 0.70710678 0.70710678 0 0
-1.35 0 0 0 0 0 -0.28359262 -0.20914955 -0.10492927 2.442347 -2.2537949 -2.2537949 -3.6888795 0.70710678 0.70710678 0 0
-1.35 3 0 0 0 0 -1.0634723 -0.95712508 -0.70898154 2.442347 -2.2537949 -2.2537949 -3.6888795 0.70710678 0.70710678 0 0
-1.35 0 0.15 0 0 0 -0.28359262 -0.20914955 -0.10492927 2.442347 -2.2537949 -2.2537949 -3.6888795 0.70710678 0.70710678 0 0
-1.35 3 0.15 0 0 0 -1.0634723 -0.95712508 -0.70898154 2.442347 -2.2537949 -2.2537949 -3.6888795 0.70710678 0.70710678 0 0
-1.35 0 0.3 0 0 0 -0.28359262 -0.20914955 -0.10492927 2.442347 -2.2537949 -2.2537949 -3.6888795 0.70710678 0.70710678 0 0
-1.35 3 0.3 0 0 0 -1.0634723 -0.95712508 -0.70898154 2.442347 -2.2537949 -2.2537949 -3.6888795 0.70710678 0.70710678 0 0
-1.35 0 0.45 0 0 0 -0.28359262 -0.20914955 -0.10492927 2.442347 -2.2537949 -2.2537949 -3.6888795 0.70710678 0.70710678 0 0
-1.35 3 0.45 0 0 0 -1.0634723 -0.95712508 -0.70898154 2.442347 -2.2537949 -2.2537949 -3.6888795 0.70710678 0.70710678 0 0
-1.35 0 0.6 0 0 0 -0.28359262 -0.20914955 -0.10492927 2.442347 -2.2537949 -2.2537949 -3.6888795 0.70710678 0.70710678 0 0
-1.35 3 0.6 0 0 0 -1.0634723 -0.95712508 -0.70898154 2.442347 -2.2537949 -2.2537949 -3.6888795 0.70710678 0.70710678 0 0
-1.35 0 0.75 0 0 0 -0.85077785 -0.80469405 -0.74017673 2.442347 -2.2537949 -2.2537949 -3.6888795 0.70710678 0.70710678 0 0
-1.35 3 0.75 0 0 0 -1.0634723 -0.95712508 -0.70898154 2.442347 -2.2537949 -2.2537949 -3.6888795 0.70710678 0.70710678 0 0
-1.35 0 0.9 0 0 0 -0.85077785 -0.80469405 -0.74017673 2.442347 -2.2537949 -2.2537949 -3.6888795 0.70710678 0.70710678 0 0
-1.35 3 0.9 0 0 0 -1.0634723 -0.95712508 -0.70898154 2.442347 -2.2537949 -2.2537949 -3.6888795 0.70710678 0.70710678 0 0
-1.35 0 1.05 0 0 0 -0.85077785 -0.80469405 -0.74017673 2.442347 -2.2537949 -2.2537949 -3.6888795 0.70710678 0.70710678 0 0
-1.35 3 1.05 0 0 0 -1.0634723 -0.95712508 -0.70898154 2.442347 -2.2537949 -2.2537949 -3.6888795 0.70710678 0.70710678 0 0
-1.35 0 1.2 0 0 0 -0.85077785 -0.80469405 -0.74017673 2.442347 -2.2537949 -2.2537949 -3.6888795 0.70710678 0.70710678 0 0
-1.35 3 1.2 0 0 0 -1.0634723 -0.95712508 -0.70898154 2.442347 -2.2537949 -2.2537949 -3.6888795 0.70710678 0.70710678 0 0
-1.35 0 1.35 0 0 0 -0.85077785 -0.80469405 -0.74017673 2.442347 -2.2537949 -2.2537949 -3.6888795 0.70710678 0.70710678 0 0
-1.35 3 1.35 0 0 0 -1.0634723 -0.95712508 -0.70898154 2.442347 -2.2537949 -2.2537949 -3.6888795 0.70710678 0.70710678 0 0
-1.35 0 1.5 0 0 0 -0.28359262 -0.20914955 -0.10492927 2.442347 -2.2537949 -2.2537949 -3.6888795 0.70710678 0.70710678 0 0
-1.35 3 1.5 0 0 0 -1.0634723 -0.95712508 -0.70898154 2.442347 -2.2537949 -2.2537949 -3.6888795 0.70710678 0.70710678 0 0
-1.35 0 1.65 0 0 0 -0.28359262 -0.20914955 -0.10492927 2.442347 -2.2537949 -2.2537949 -3.6888795 0.70710678 0.70710678 0 0
-1.35 3 1.65 0 0 0 -1.0634723 -0.95712508 -0.70898154 2.442347 -2.2537949 -2.2537949 -3.6888795 0.70710678 0.70710678 0 0
-1.35 0 1.8 0 0 0 -0.28359262 -0.20914955 -0.10492927 2.442347 -2.2537949 -2.2537949 -3.6888795 0.70710678 0.70710678 0 0
-1.35 3 1.8 0 0 0 -1.0634723 -0.95712508 -0.70898154 2.442347 -2.2537949 -2.2537949 -3.6888795 0.70710678 0.70710678 0 0
-1.35 0 1.95 0 0 0 -0.28359262 -0.20914955 -0.10492927 2.442347 -2.2537949 -2.2537949 -3.6888795 0.70710678 0.70710678 0 0
-1.35 3 1.95 0 0 0 -1.0634723 -0.95712508 -0.70898154 2.442347 -2.2537949 -2.2537949 -3.6888795 0.70710678 0.70710678 0 0
-1.35 0 2.1 0 0 0 -0.28359262 -0.20914955 -0.10492927 2.442347 -2.2537949 -2.2537949 -3.6888795 0.70710678 0.70710678 0 0
-1.35 3 2.1 0 0 0 -1.0634723 -0.95712508 -0.70898154 2.442347 -2.2537949 -2.2537949 -3.6888795 0.70710678 0.70710678 0 0
-1.35 0 2.25 0 0 0 -0.85077785 -0.80469405 -0.74017673 2.442347 -2.2537949 -2.2537949 -3.6888795 0.70710678 0.70710678 0 0
-1.35 3 2.25 0 0 0 -1.0634723 -0.95712508 -0.70898154 2.442347 -2.2537949 -2.2537949 -3.6888795 0.70710678 0.70710678 0 0
-1.35 0 2.4 0 0 0 -0.85077785 -0.80469405 -0.74017673 2.442347 -2.2537949 -2.2537949 -3.6888795 0.70710678 0.70710678 0 0
-1.35 3 2.4 0 0 0 -1.0634723 -0.95712508 -0.70898154 2.442347 -2.2537949 -2.2537949 -3.6888795 0.70710678 0.70710678 0 0
-1.35 0 2.55 0 0 0 -0.85077785 -0.80469405 -0.74017673 2.442347 -2.2537949 -2.2537949 -3.6888795 0.70710678 0.70710678 0 0
-1.35 3 2.55 0 0 0 -1.0634723 -0.95712508 -0.70898154 2.442347 -2.2537949 -2.2537949 -3.6888795 0.70710678 0.70710678 0 0
-1.35 0 2.7 0 0 0 -0.85077785 -0.80469405 -0.74017673 2.442347 -2.2537949 -2.2537949 -3.6888795 0.70710678 0.70710678 0 0
-1.35 3 2.7 0 0 0 -1.0634723 -0.95712508 -0.70898154 2.442347 -2.2537949 -2.2537949 -3.6888795 0.70710678 0.70710678 0 0
-1.35 0 2.85 0 0 0 -0.85077785 -0.80469405 -0.74017673 2.442347 -2.2537949 -2.2537949 -3.6888795 0.70710678 0.70710678 0 0
-1.35 3 2.85 0 0 0 -1.0634723 -0.95712508 -0.70898154 2.442347 -2.2537949 -2.2537949 -3.6888795 0.70710678 0.70710678 0 0
-1.35 0 3 0 0 0 -0.28359262 -0.20914955 -0.10492927 2.442347 -2.2537949 -2.2537949 -3.6888795 0.70710678 0.70710678 0 0
-1.35 3 3 0 0 0 -1.0634723 -0.95712508 -0.70898154 2.442347 -2.2537949 -2.2537949 -3.6888795 0.70710678 0.70710678 0 0
-1.35 0 -3 0 0 0 -1.1343705 -0.77987969 -0.56718523 2.442347 -2.2537949 -2.2537949 -3.6888795 1 0 0 0
-1.35 0 3 0 0 0 -0.56718523 -0.95712508 -1.1343705 2.442347 -2.2537949 -2.2537949 -3.6888795 1 0 0 0
-3 0 -1.35 0 0 0 -0.88622693 -0.99257416 -0.63808339 2.442347 -2.2537949 -2.2537949 -3.6888795 0.70710678 0 0.70710678 0
3 0 -1.35 0 0 0 -1.0280232 -0.70898154 -0.921676 2.442347 -2.2537949 -2.2537949 -3.6888795 0.70710678 0 0.70710678 0
-1.35 0.15 -3 0 0 0 -1.1343705 -0.77987969 -0.56718523 2.442347 -2.2537949 -2.2537949 -3.6888795 1 0 0 0
-1.35 0.15 3 0 0 0 -0.56718523 -0.95712508 -1.1343705 2.442347 -2.2537949 -2.2537949 -3.6888795 1 0 0 0
-3 0.15 -1.35 0 0 0 -0.88622693 -0.99257416 -0.63808339 2.442347 -2.2537949 -2.2537949 -3.6888795 0.70710678 0 0.70710678 0
3 0.15 -1.35 0 0 0 -1.0280232 -0.70898154 -0.921676 2.442347 -2.2537949 -2.2537949 -3.6888795 0.70710678 0 0.70710678 0
-1.35 0.3 -3 0 0 0 -1.1343705 -0.77987969 -0.56718523 2.442347 -2.2537949 -2.2537949 -3.6888795 1 0 0 0
-1.35 0.3 3 0 0 0 -0.56718523 -0.95712508 -1.1343705 2.442347 -2.2537949 -2.2537949 -3.6888795 1 0 0 0
-3 0.3 -1.35 0 0 0 -0.88622693 -0.99257416 -0.63808339 2.442347 -2.2537949 -2.2537949 -3.6888795 0.70710678 0 0.70710678 0
3 0.3 -1.35 0 0 0 -1.0280232 -0.70898154 -0.921676 2.442347 -2.2537949 -2.2537949 -3.6888795 0.70710678 0 0.70710678 0
-1.35 0.45 -3 0 0 0 -1.1343705 -0.77987969 -0.56718523 2.442347 -2.2537949 -2.2537949 -3.6888795 1 0 0 0
-1.35 0.45 3 0 0 0 -0.56718523 -0.95712508 -1.1343705 2.442347 -2.2537949 -2.2537949 -3.6888795 1 0 0 0
-3 0.45 -1.35 0 0 0 -0.88622693 -0.99257416 -0.63808339 2.442347 -2.2537949 -2.2537949 -3.6888795 0.70710678 0 0.70710678 0
3 0.45 -1.35 0 0 0 -1.0280232 -0.70898154 -0.921676 2.442347 -2.2537949 -2.2537949 -3.6888795 0.70710678 0 0.70710678 0
-1.35 0.6 -3 0 0 0 -1.1343705 -0.77987969 -0.56718523 2.442347 -2.2537949 -2.2537949 -3.6888795 1 0 0 0
-1.35 0.6 3 0 0 0 -0.56718523 -0.95712508 -1.1343705 2.442347 -2.2537949 -2.2537949 -3.6888795 1 0 0 0
-3 0.6 -1.35 0 0 0 -0.88622693 -0.99257416 -0.63808339 2.442347 -2.2537949 -2.2537949 -3.6888795 0.70710678 0 0.70710678 0
3 0.6 -1.35 0 0 0 -1.0280232 -0.70898154 -0.921676 2.442347 -2.2537949 -2.2537949 -3.6888795 0.70710678 0 0.70710678 0
-1.35 0.75 -3 0 0 0 -1.1343705 -0.77987969 -0.56718523 2.442347 -2.2537949 -2.2537949 -3.6888795 1 0 0 0
-1.35 0.75 3 0 0 0 -0.56718523 -0.95712508 -1.1343705 2.442347 -2.2537949 -2.2537949 -3.6888795 1 0 0 0
-3 0.75 -1.35 0 0 0 -0.88622693 -0.99257416 -0.63808339 2.442347 -2.2537949 -2.2537949 -3.6888795 0.70710678 0 0.70710678 0
3 0.75 -1.35 0 0 0 -1.0280232 -0.70898154 -0.921676 2.442347 -2.2537949 -2.2537949 -3.6888795 0.70710678 0 0.70710678 0
-1.35 0.9 -3 0 0 0 -1.1343705 -0.77987969 -0.56718523 2.442347 -2.2537949 -2.2537949 -3.6888795 1 0 0 0
-1.35 0.9 3 0 0 0 -0.56718523 -0.95712508 -1.1343705 2.442347 -2.2537949 -2.2537949 -3.6888795 1 0 0 0
-3 0.9 -1.35 0 0 0 -0.88622693 -0.99257416 -0.63808339 2.442347 -2.2537949 -2.2537949 -3.6888795 0.70710678 0 0.70710678 0
3 0.9 -1.35 0 0 0 -1.0280232 -0.70898154 -0.921676 2.442347 -2.2537949 -2.2537949 -3.6888795 0.70710678 0 0.70710678 0
-1.35 1.05 -3 0 0 0 -1.1343705 -0.77987969 -0.56718523 2.442347 -2.2537949 -2.2537949 -3.6888795 1 0 0 0
-1.35 1.05 3 0 0 0 -0.56718523 -0.95712508 -1.1343705 2.442347 -2.2537949 -2.2537949 -3.6888795 1 0 0 0
-3 1.05 -1.35 0 0 0 -0.88622693 -0.99257416 -0.63808339 2.442347 -2.2537949 -2.2537949 -3.6888795 0.70710678 0 0.70710678 0
3 1.05 -1.35 0 0 0 -1.0280232 -0.70898154 -0.921676 2.442347 -2.2537949 -2.2537949 -3.6888795 0.70710678 0 0.70710678 0
-1.35 1.2 -3 0 0 0 -1.1343705 -0.77987969 -0.56718523 2.442347 -2.2537949 -2.2537949 -3.6888795 1 0 0 0
-1.35 1.2 3 0 0 0 -0.56718523 -0.95712508 -1.1343705 2.442347 -2.2537949 -2.2537949 -3.6888795 1 0 0 0
-3 1.2 -1.35 0 0 0 -0.88622693 -0.99257416 -0.63808339 2.442347 -2.2537949 -2.2537949 -3.6888795 0.70710678 0 0.70710678 0
3 1.2 -1.35 0 0 0 -1.0280232 -0.70898154 -0.921676 2.442347 -2.2537949 -2.2537949 -3.6888795 0.70710678 0 0.70710678 0
-1.35 1.35 -3 0 0 0 -1.1343705 -0.77987969 -0.56718523 2.442347 -2.2537949 -2.2537949 -3.6888795 1 0 0 0
-1.35 1.35 3 0 0 0 -0.56718523 -0.95712508 -1.1343705 2.442347 -2.2537949 -2.2537949 -3.6888795 1 0 0 0
-3 1.35 -1.35 0 0 0 -0.88622693 -0.99257416 -0.63808339 2.442347 -2.2537949 -2.2537949 -3.6888795 0.70710678 0 0.70710678 0
3 1.35 -1.35 0 0 0 -1.0280232 -0.70898154 -0.921676 2.442347 -2.2537949 -2.2537949 -3.6888795 0.70710678 0 0.70710678 0
-1.35 1.5 -3 0 0 0 -1.1343705 -0.77987969 -0.56718523 2.442347 -2.2537949 -2.2537949 -3.6888795 1 0 0 0
-1.35 1.5 3 0 0 0 -0.56718523 -0.95712508 -1.1343705 2.442347 -2.2537949 -2.2537949 -3.6888795 1 0 0 0
-3 1.5 -1.35 0 0 0 -0.88622693 -0.99257416 -0.63808339 2.442347 -2.2537949 -2.2537949 -3.6888795 0.70710678 0 0.70710678 0
3 1.5 -1.35 0 0 0 -1.0280232 -0.70898154 -0.921676 2.442347 -2.2537949 -2.2537949 -3.6888795 0.70710678 0 0.70710678 0
-1.35 1.65 -3 0 0 0 -1.1343705 -0.77987969 -0.56718523 2.442347 -2.2537949 -2.2537949 -3.6888795 1 0 0 0
-1.35 1.65 3 0 0 0 -0.56718523 -0.95712508 -1.1343705 2.442347 -2.2537949 -2.2537949 -3.6888795 1 0 0 0
-3 1.65 -1.35 0 0 0 -0.88622693 -0.99257416 -0.63808339 2.442347 -2.2537949 -2.2537949 -3.6888795 0.70710678 0 0.70710678 0
3 1.65 -1.35 0 0 0 -1.0280232 -0.70898154 -0.921676 2.442347 -2.2537949 -2.2537949 -3.6888795 0.70710678 0 0.70710678 0
-1.35 1.8 -3 0 0 0 -1.1343705 -0.77987969 -0.56718523 2.442347 -2.2537949 -2.2537949 -3.6888795 1 0 0 0
-1.35 1.8 3 0 0 0 -0.56718523 -0.95712508 -1.1343705 2.442347 -2.2537949 -2.2537949 -3.6888795 1 0 0 0
-3 1.8 -1.35 0 0 0 -0.88622693 -0.99257416 -0.63808339 2.442347 -2.2537949 -2.2537949 -3.6888795 0.70710678 0 0.70710678 0
3 1.8 -1.35 0 0 0 -1.0280232 -0.70898154 -0.921676 2.442347 -2.2537949 -2.2537949 -3.6888795 0.70710678 0 0.70710678 0
-1.35 1.95 -3 0 0 0 -1.1343705 -0.77987969 -0.56718523 2.442347 -2.2537949 -2.2537949 -3.6888795 1 0 0 0
-1.35 1.95 3 0 0 0 -0.56718523 -0.95712508 -1.1343705 2.442347 -2.2537949 -2.2537949 -3.6888795 1 0 0 0
-3 1.95 -1.35 0 0 0 -0.88622693 -0.99257416 -0.63808339 2.442347 -2.2537949 -2.2537949 -3.6888795 0.70710678 0 0.70710678 0
3 1.95 -1.35 0 0 0 -1.0280232 -0.70898154 -0.921676 2.442347 -2.2537949 -2.2537949 -3.6888795 0.70710678 0 0.70710678 0
-1.35 2.1 -3 0 0 0 -1.1343705 -0.77987969 -0.56718523 2.442347 -2.2537949 -2.2537949 -3.6888795 1 0 0 0
-1.35 2.1 3 0 0 0 -0.56718523 -0.95712508 -1.1343705 2.442347 -2.2537949 -2.2537949 -3.6888795 1 0 0 0
-3 2.1 -1.35 0 0 0 -0.88622693 -0.99257416 -0.63808339 2.442347 -2.2537949 -2.2537949 -3.6888795 0.70710678 0 0.70710678 0
3 2.1 -1.35 0 0 0 -1.0280232 -0.70898154 -0.921676 2.442347 -2.2537949 -2.2537949 -3.6888795 0.70710678 0 0.70710678 0
-1.35 2.25 -3 0 0 0 -1.1343705 -0.77987969 -0.56718523 2.442347 -2.2537949 -2.2537949 -3.6888795 1 0 0 0
-1.35 2.25 3 0 0 0 -0.56718523 -0.95712508 -1.1343705 2.442347 -2.2537949 -2.2537949 -3.6888795 1 0 0 0
-3 2.25 -1.35 0 0 0 -0.88622693 -0.99257416 -0.63808339 2.442347 -2.2537949 -2.2537949 -3.6888795 0.70710678 0 0.70710678 0
3 2.25 -1.35 0 0 0 -1.0280232 -0.70898154 -0.921676 2.442347 -2.2537949 -2.2537949 -3.6888795 0.70710678 0 0.70710678 0
-1.35 2.4 -3 0 0 0 -1.1343705 -0.77987969 -0.56718523 2.442347 -2.2537949 -2.2537949 -3.6888795 1 0 0 0
-1.35 2.4 3 0 0 0 -0.56718523 -0.95712508 -1.1343705 2.442347 -2.2537949 -2.2537949 -3.6888795 1 0 0 0
-3 2.4 -1.35 0 0 0 -0.88622693 -0.99257416 -0.63808339 2.442347 -2.2537949 -2.2537949 -3.6888795 0.70710678 0 0.70710678 0
3 2.4 -1.35 0 0 0 -1.0280232 -0.70898154 -0.921676 2.442347 -2.2537949 -2.2537949 -3.6888795 0.70710678 0 0.70710678 0
-1.35 2.55 -3 0 0 0 -1.1343705 -0.77987969 -0.56718523 2.442347 -2.2537949 -2.2537949 -3.6888795 1 0 0 0
-1.35 2.55 3 0 0 0 -0.56718523 -0.95712508 -1.1343705 2.442347 -2.2537949 -2.2537949 -3.6888795 1 0 0 0
-3 2.55 -1.35 0 0 0 -0.88622693 -0.99257416 -0.63808339 2.442347 -2.2537949 -2.2537949 -3.6888795 0.70710678 0 0.70710678 0
3 2.55 -1.35 0 0 0 -1.0280232 -0.70898154 -0.921676 2.442347 -2.2537949 -2.2537949 -3.6888795 0.70710678 0 0.70710678 0
-1.35 2.7 -3 0 0 0 -1.1343705 -0.77987969 -0.56718523 2.442347 -2.2537949 -2.2537949 -3.6888795 1 0 0 0
-1.35 2.7 3 0 0 0 -0.56718523 -0.95712508 -1.1343705 2.442347 -2.2537949 -2.2537949 -3.6888795 1 0 0 0
-3 2.7 -1.35 0 0 0 -0.88622693 -0.99257416 -0.63808339 2.442347 -2.2537949 -2.2537949 -3.6888795 0.70710678 0 0.70710678 0
3 2.7 -1.35 0 0 0 -1.0280232 -0.70898154 -0.921676 2.442347 -2.2537949 -2.2537949 -3.6888795 0.70710678 0 0.70710678 0
-1.35 2.85 -3 0 0 0 -1.1343705 -0.77987969 -0.56718523 2.442347 -2.2537949 -2.2537949 -3.6888795 1 0 0 0
-1.35 2.85 3 0 0 0 -0.56718523 -0.95712508 -1.1343705 2.442347 -2.2537949 -2.2537949 -3.6888795 1 0 0 0
-3 2.85 -1.35 0 0 0 -0.88622693 -0.99257416 -0.63808339 2.442347 -2.2537949 -2.2537949 -3.6888795 0.70710678 0 0.70710678 0
3 2.85 -1.35 0 0 0 -1.0280232 -0.70898154 -0.921676 2.442347 -2.2537949 -2.2537949 -3.6888795 0.70710678 0 0.70710678 0
-1.35 3 -3 0 0 0 -1.1343705 -0.77987969 -0.56718523 2.442347 -2.2537949 -2.2537949 -3.6888795 1 0 0 0
-1.35 3 3 0 0 0 -0.56718523 -0.95712508 -1.1343705 2.442347 -2.2537949 -2.2537949 -3.6888795 1 0 0 0
-3 3 -1.35 0 0 0 -0.88622693 -0.99257416 -0.63808339 2.442347 -2.2537949 -2.2537949 -3.6888795 0.70710678 0 0.70710678 0
3 3 -1.35 0 0 0 -1.0280232 -0.70898154 -0.921676 2.442347 -2.2537949 -2.2537949 -3.6888795 0.70710678 0 0.70710678 0
-1.2 0 -3 0 0 0 -0.28359262 -0.20914955 -0.10492927 2.442347 -2.2537949 -2.2537949 -3.6888795 0.70710678 0.70710678 0 0
-1.2 3 -3 0 0 0 -1.0634723 -0.95712508 -0.70898154 2.442347 -2.2537949 -2.2537949 -3.6888795 0.70710678 0.70710678 0 0
-1.2 0 -2.85 0 0 0 -0.28359262 -0.20914955 -0.10492927 2.442347 -2.2537949 -2.2537949 -3.6888795 0.70710678 0.70710678 0 0
-1.2 3 -2.85 0 0 0 -1.0634723 -0.95712508 -0.70898154 2.442347 -2.2537949 -2.2537949 -3.6888795 0.70710678 0.70710678 0 0
-1.2 0 -2.7 0 0 0 -0.28359262 -0.20914955 -0.10492927 2.442347 -2.2537949 -2.2537949 -3.6888795 0.70710678 0.70710678 0 0
-1.2 3 -2.7 0 0 0 -1.0634723 -0.95712508 -0.70898154 2.442347 -2.2537949 -2.2537949 -3.6888795 0.70710678 0.70710678 0 0
-1.2 0 -2.55 0 0 0 -0.28359262 -0.20914955 -0.10492927 2.442347 -2.2537949 -2.2537949 -3.6888795 0.70710678 0.70710678 0 0
-1.2 3 -2.55 0 0 0 -1.0634723 -0.95712508 -0.70898154 2.442347 -2.2537949 -2.2537949 -3.6888795 0.70710678 0.70710678 0 0
-1.2 0 -2.4 0 0 0 -0.28359262 -0.20914955 -0.10492927 2.442347 -2.2537949 -2.2537949 -3.6888795 0.70710678 0.70710678 0 0
-1.2 3 -2.4 0 0 0 -1.0634723 -0.95712508 -0.70898154 2.442347 -2.2537949 -2.2537949 -3.6888795 0.70710678 0.70710678 0 0
-1.2 0 -2.25 0 0 0 -0.85077785 -0.80469405 -0.74017673 2.442347 -2.2537949 -2.2537949 -3.6888795 0.70710678 0.70710678 0 0
-1.2 3 -2.25 0 0 0 -1.0634723 -0.95712508 -0.70898154 2.442347 -2.2537949 -2.2537949 -3.6888795 0.70710678 0.70710678 0 0
-1.2 0 -2.1 0 0 0 -0.85077785 -0.80469405 -0.74017673 2.442347 -2.2537949 -2.2537949 -3.6888795 0.70710678 0.70710678 0 0
-1.2 3 -2.1 0 0 0 -1.0634723 -0.95712508 -0.70898154 2.442347 -2.2537949 -2.2537949 -3.6888795 0.70710678 0.70710678 0 0
-1.2 0 -1.95 0 0 0 -0.85077785 -0.80469405 -0.74017673 2.442347 -2.2537949 -2.2537949 -3.6888795 0.70710678 0.70710678 0 0
-1.2 3 -1.95 0 0 0 -1.0634723 -0.95712508 -0.70898154 2.442347 -2.2537949 -2.2537949 -3.6888795 0.70710678 0.70710678 0 0
-1.2 0 -1.8 0 0 0 -0.85077785 -0.80469405 -0.74017673 2.442347 -2.2537949 -2.2537949 -3.6888795 0.70710678 0.70710678 0 0
-1.2 3 -1.8 0 0 0 -1.0634723 -0.95712508 -0.70898154 2.442347 -2.2537949 -2.2537949 -3.6888795 0.70710678 0.70710678 0 0
-1.2 0 -1.65 0 0 0 -0.85077785 -0.80469405 -0.74017673 2.442347 -2.2537949 -2.2537949 -3.6888795 0.70710678 0.70710678 0 0
-1.2 3 -1.65 0 0 0 -1.0634723 -0.95712508 -0.70898154 2.442347 -2.2537949 -2.2537949 -3.6888795 0.70710678 0.70710678 0 0
-1.2 0 -1.5 0 0 0 -0.28359262 -0.20914955 -0.10492927 2.442347 -2.2537949 -2.2537949 -3.6888795 0.70710678 0.70710678 0 0
-1.2 3 -1.5 0 0 0 -1.0634723 -0.95712508 -0.70898154 2.442347 -2.2537949 -2.2537949 -3.6888795 0.70710678 0.70710678 0 0
-1.2 0 -1.35 0 0 0 -0.28359262 -0.20914955 -0.10492927 2.442347 -2.2537949 -2.2537949 -3.6888795 0.70710678 0.70710678 0 0
-1.2 3 -1.35 0 0 0 -1.0634723 -0.95712508 -0.70898154 2.442347 -2.2537949 -2.2537949 -3.6888795 0.70710678 0.70710678 0 0
-1.2 0 -1.2 0 0 0 -0.28359262 -0.20914955 -0.10492927 2.442347 -2.2537949 -2.2537949 -3.6888795 0.70710678 0.70710678 0 0
-1.2 3 -1.2 0 0 0 -1.0634723 -0.95712508 -0.70898154 2.442347 -2.2537949 -2.2537949 -3.6888795 0.70710678 0.70710678 0 0
-1.2 0 -1.05 0 0 0 -0.28359262 -0.20914955 -0.10492927 2.442347 -2.2537949 -2.2537949 -3.6888795 0.70710678 0.70710678 0 0
-1.2 3 -1.05 0 0 0 -1.0634723 -0.95712508 -0.70898154 2.442347 -2.2537949 -2.2537949 -3.6888795 0.70710678 0.70710678 0 0
-1.2 0 -0.9 0 0 0 -0.28359262 -0.20914955 -0.10492927 2.442347 -2.2537949 -2.2537949 -3.6888795 0.70710678 0.70710678 0 0
-1.2 3 -0.9 0 0 0 -1.0634723 -0.95712508 -0.70898154 2.442347 -2.2537949 -2.2537949 -3.6888795 0.70710678 0.70710678 0 0
-1.2 0 -0.75 0 0 0 -0.85077785 -0.80469405 -0.74017673 2.442347 -2.2537949 -2.2537949 -3.6888795 0.70710678 0.70710678 0 0
-1.2 3 -0.75 0 0 0 -1.0634723 -0.95712508 -0.70898154 2.442347 -2.2537949 -2.2537949 -3.6888795 0.70710678 0.70710678 0 0
-1.2 0 -0.6 0 0 0 -0.85077785 -0.80469405 -0.74017673 2.442347 -2.2537949 -2.2537949 -3.6888795 0.70710678 0.70710678 0 0
-1.2 3 -0.6 0 0 0 -1.0634723 -0.95712508 -0.70898154 2.442347 -2.2537949 -2.2537949 -3.6888795 0.70710678 0.70710678 0 0
-1.2 0 -0.45 0 0 0 -0.85077785 -0.80469405 -0.74017673 2.442347 -2.2537949 -2.2537949 -3.6888795 0.70710678 0.70710678 0 0
-1.2 3 -0.45 0 0 0 -1.0634723 -0.95712508 -0.70898154 2.442347 -2.2537949 -2.2537949 -3.6888795 0.70710678 0.70710678 0 0
-1.2 0 -0.3 0 0 0 -0.85077785 -0.80469405 -0.74017673 2.442347 -2.2537949 -2.2537949 -3.6888795 0.70710678 0.70710678 0 0
-1.2 3 -0.3 0 0 0 -1.0634723 -0.95712508 -0.70898154 2.442347 -2.2537949 -2.2537949 -3.6888795 0.70710678 0.70710678 0 0
-1.2 0 -0.15 0 0 0 -0.85077785 -0.80469405 -0.74017673 2.442347 -2.2537949 -2.2537949 -3.6888795 0.70710678 0.70710678 0 0
-1.2 3 -0.15 0 0 0 -1.0634723 -0.95712508 -0.70898154 2.442347 -2.2537949 -2.2537949 -3.6888795 0.70710678 0.70710678 0 0
-1.2 0 0 0 0 0 -0.28359262 -0.20914955 -0.10492927 2.442347 -2.2537949 -2.2537949 -3.6888795 0.70710678 0.70710678 0 0
-1.2 3 0 0 0 0 -1.0634723 -0.95712508 -0.70898154 2.442347 -2.2537949 -2.2537949 -3.6888795 0.70710678 0.70710678 0 0
-1.2 0 0.15 0 0 0 -0.28359262 -0.20914955 -0.10492927 2.442347 -2.2537949 -2.2537949 -3.6888795 0.70710678 0.70710678 0 0
-1.2 3 0.15 0 0 0 -1.0634723 -0.95712508 -0.70898154 2.442347 -2.2537949 -2.2537949 -3.6888795 0.70710678 0.70710678 0 0
-1.2 0 0.3 0 0 0 -0.28359262 -0.20914955 -0.10492927 2.442347 -2.2537949 -2.2537949 -3.6888795 0.70710678 0.70710678 0 0
-1.2 3 0.3 0 0 0 -1.0634723 -0.95712508 -0.70898154 2.442347 -2.2537949 -2.2537949 -3.6888795 0.70710678 0.70710678 0 0
-1.2 0 0.45 0 0 0 -0.28359262 -0.20914955 -0.10492927 2.442347 -2.2537949 -2.2537949 -3.6888795 0.70710678 0.70710678 0 0
-1.2 3 0.45 0 0 0 -1.0634723 -0.95712508 -0.70898154 2.442347 -2.2537949 -2.2537949 -3.6888795 0.70710678 0.70710678 0 0
-1.2 0 0.6 0 0 0 -0.28359262 -0.20914955 -0.10492927 2.442347 -2.2537949 -2.2537949 -3.6888795 0.70710678 0.70710678 0 0
-1.2 3 0.6 0 0 0 -1.0634723 -0.95712508 -0.70898154 2.442347 -2.2537949 -2.2537949 -3.6888795 0.70710678 0.70710678 0 0
-1.2 0 0.75 0 0 0 -0.85077785 -0.80469405 -0.74017673 2.442347 -2.2537949 -2.2537949 -3.6888795 0.70710678 0.70710678 0 0
-1.2 3 0.75 0 0 0 -1.0634723 -0.95712508 -0.70898154 2.442347 -2.2537949 -2.2537949 -3.6888795 0.70710678 0.70710678 0 0
-1.2 0 0.9 0 0 0 -0.85077785 -0.80469405 -0.74017673 2.442347 -2.2537949 -2.2537949 -3.6888795 0.70710678 0.70710678 0 0
-1.2 3 0.9 0 0 0 -1.0634723 -0.95712508 -0.70898154 2.442347 -2.2537949 -2.2537949 -3.6888795 0.70710678 0.70710678 0 0
-1.2 0 1.05 0 0 0 -0.85077785 -0.80469405 -0.74017673 2.442347 -2.2537949 -2.2537949 -3.6888795 0.70710678 0.70710678 0 0
-1.2 3 1.05 0 0 0 -1.0634723 -0.95712508 -0.70898154 2.442347 -2.2537949 -2.2537949 -3.6888795 0.70710678 0.70710678 0 0
-1.2 0 1.2 0 0 0 -0.85077785 -0.80469405 -0.74017673 2.442347 -2.2537949 -2.2537949 -3.6888795 0.70710678 0.70710678 0 0
-1.2 3 1.2 0 0 0 -1.0634723 -0.95712508 -0.70898154 2.442347 -2.2537949 -2.2537949 -3.6888795 0.70710678 0.70710678 0 0
-1.2 0 1.35 0 0 0 -0.85077785 -0.80469405 -0.74017673 2.442347 -2.2537949 -2.2537949 -3.6888795 0.70710678 0.70710678 0 0
-1.2 3 1.35 0 0 0 -1.0634723 -0.95712508 -0.70898154 2.442347 -2.2537949 -2.2537949 -3.6888795 0.70710678 0.70710678 0 0
-1.2 0 1.5 0 0 0 -0.28359262 -0.20914955 -0.10492927 2.442347 -2.2537949 -2.2537949 -3.6888795 0.70710678 0.70710678 0 0
-1.2 3 1.5 0 0 0 -1.0634723 -0.95712508 -0.70898154 2.442347 -2.2537949 -2.2537949 -3.6888795 0.70710678 0.70710678 0 0
-1.2 0 1.65 0 0 0 -0.28359262 -0.20914955 -0.10492927 2.442347 -2.2537949 -2.2537949 -3.6888795 0.70710678 0.70710678 0 0
-1.2 3 1.65 0 0 0 -1.0634723 -0.95712508 -0.70898154 2.442347 -2.2537949 -2.2537949 -3.6888795 0.70710678 0.70710678 0 0
-1.2 0 1.8 0 0 0 -0.28359262 -0.20914955 -0.10492927 2.442347 -2.2537949 -2.2537949 -3.6888795 0.70710678 0.70710678 0 0
-1.2 3 1.8 0 0 0 -1.0634723 -0.95712508 -0.70898154 2.442347 -2.2537949 -2.2537949 -3.6888795 0.70710678 0.70710678 0 0
-1.2 0 1.95 0 0 0 -0.28359262 -0.20914955 -0.10492927 2.442347 -2.2537949 -2.2537949 -3.6888795 0.70710678 0.70710678 0 0
-1.2 3 1.95 0 0 0 -1.0634723 -0.95712508 -0.70898154 2.442347 -2.2537949 -2.2537949 -3.6888795 0.70710678 0.70710678 0 0
-1.2 0 2.1 0 0 0 -0.28359262 -0.20914955 -0.10492927 2.442347 -2.2537949 -2.2537949 -3.6888795 0.70710678 0.70710678 0 0
-1.2 3 2.1 0 0 0 -1.0634723 -0.95712508 -0.70898154 2.442347 -2.2537949 -2.2537949 -3.6888795 0.70710678 0.70710678 0 0
-1.2 0 2.25 0 0 0 -0.85077785 -0.80469405 -0.74017673 2.442347 -2.2537949 -2.2537949 -3.6888795 0.70710678 0.70710678 0 0
-1.2 3 2.25 0 0 0 -1.0634723 -0.95712508 -0.70898154 2.442347 -2.2537949 -2.2537949 -3.6888795 0.70710678 0.70710678 0 0
-1.2 0 2.4 0 0 0 -0.85077785 -0.80469405 -0.74017673 2.442347 -2.2537949 -2.2537949 -3.6888795 0.70710678 0.70710678 0 0
-1.2 3 2.4 0 0 0 -1.0634723 -0.95712508 -0.70898154 2.442347 -2.2537949 -2.2537949 -3.6888795 0.70710678 0.70710678 0 0
-1.2 0 2.55 0 0 0 -0.85077785 -0.80469405 -0.74017673 2.442347 -2.2537949 -2.2537949 -3.6888795 0.70710678 0.70710678 0 0
-1.2 3 2.55 0 0 0 -1.0634723 -0.95712508 -0.70898154 2.442347 -2.2537949 -2.2537949 -3.6888795 0.70710678 0.70710678 0 0
-1.2 0 2.7 0 0 0 -0.85077785 -0.80469405 -0.74017673 2.442347 -2.2537949 -2.2537949 -3.6888795 0.70710678 0.70710678 0 0
-1.2 3 2.7 0 0 0 -1.0634723 -0.95712508 -0.70898154 2.442347 -2.2537949 -2.2537949 -3.6888795 0.70710678 0.70710678 0 0
-1.2 0 2.85 0 0 0 -0.85077785 -0.80469405 -0.74017673 2.442347 -2.2537949 -2.2537949 -3.6888795 0.70710678 0.70710678 0 0
-1.2 3 2.85 0 0 0 -1.0634723 -0.95712508 -0.70898154 2.442347 -2.2537949 -2.2537949 -3.6888795 0.70710678 0.70710678 0 0
-1.2 0 3 0 0 0 -0.28359262 -0.20914955 -0.10492927 2.442347 -2.2537949 -2.2537949 -3.6888795 0.70710678 0.70710678 0 0
-1.2 3 3 0 0 0 -1.0634723 -0.95712508 -0.70898154 2.442347 -2.2537949 -2.2537949 -3.6888795 0.70710678 0.70710678 0 0
-1.2 0 -3 0 0 0 -1.1343705 -0.77987969 -0.56718523 2.442347 -2.2537949 -2.2537949 -3.6888795 1 0 0 0
-1.2 0 3 0 0 0 -0.56718523 -0.95712508 -1.1343705 2.442347 -2.2537949 -2.2537949 -3.6888795 1 0 0 0
-3 0 -1.2 0 0 0 -0.88622693 -0.99257416 -0.63808339 2.442347 -2.2537949 -2.2537949 -3.6888795 0.70710678 0 0.70710678 0
3 0 -1.2 0 0 0 -1.0280232 -0.70898154 -0.921676 2.442347 -2.2537949 -2.2537949 -3.6888795 0.70710678 0 0.70710678 0
-1.2 0.15 -3 0 0 0 -1.1343705 -0.77987969 -0.56718523 2.442347 -2.2537949 -2.2537949 -3.6888795 1 0 0 0
-1.2 0.15 3 0 0 0 -0.56718523 -0.95712508 -1.1343705 2.442347 -2.2537949 -2.2537949 -3.6888795 1 0 0 0
-3 0.15 -1.2 0 0 0 -0.88622693 -0.99257416 -0.63808339 2.442347 -2.2537949 -2.2537949 -3.6888795 0.70710678 0 0.70710678 0
3 0.15 -1.2 0 0 0 -1.0280232 -0.70898154 -0.921676 2.442347 -2.2537949 -2.2537949 -3.6888795 0.70710678 0 0.70710678 0
-1.2 0.3 -3 0 0 0 -1.1343705 -0.77987969 -0.56718523 2.442347 -2.2537949 -2.2537949 -3.6888795 1 0 0 0
-1.2 0.3 3 0 0 0 -0.56718523 -0.95712508 -1.1343705 2.442347 -2.2537949 -2.2537949 -3.6888795 1 0 0 0
-3 0.3 -1.2 0 0 0 -0.88622693 -0.99257416 -0.63808339 2.442347 -2.2537949 -2.2537949 -3.6888795 0.70710678 0 0.70710678 0
3 0.3 -1.2 0 0 0 -1.0280232 -0.70898154 -0.921676 2.442347 -2.2537949 -2.2537949 -3.6888795 0.70710678 0 0.70710678 0
-1.2 0.45 -3 0 0 0 -1.1343705 -0.77987969 -0.56718523 2.442347 -2.2537949 -2.2537949 -3.6888795 1 0 0 0
-1.2 0.45 3 0 0 0 -0.56718523 -0.95712508 -1.1343705 2.442347 -2.2537949 -2.2537949 -3.6888795 1 0 0 0
-3 0.45 -1.2 0 0 0 -0.88622693 -0.99257416 -0.63808339 2.442347 -2.2537949 -2.2537949 -3.6888795 0.70710678 0 0.70710678 0
3 0.45 -1.2 0 0 0 -1.0280232 -0.70898154 -0.921676 2.442347 -2.2537949 -2.2537949 -3.6888795 0.70710678 0 0.70710678 0
-1.2 0.6 -3 0 0 0 -1.1343705 -0.77987969 -0.56718523 2.442347 -2.2537949 -2.2537949 -3.6888795 1 0 0 0
-1.2 0.6 3 0 0 0 -0.56718523 -0.95712508 -1.1343705 2.442347 -2.2537949 -2.2537949 -3.6888795 1 0 0 0
-3 0.6 -1.2 0 0 0 -0.88622693 -0.99257416 -0.63808339 2.442347 -2.2537949 -2.2537949 -3.6888795 0.70710678 0 0.70710678 0
3 0.6 -1.2 0 0 0 -1.0280232 -0.70898154 -0.921676 2.442347 -2.2537949 -2.2537949 -3.6888795 0.70710678 0 0.70710678 0
-1.2 0.75 -3 0 0 0 -1.1343705 -0.77987969 -0.56718523 2.442347 -2.2537949 -2.2537949 -3.6888795 1 0 0 0
-1.2 0.75 3 0 0 0 -0.56718523 -0.95712508 -1.1343705 2.442347 -2.2537949 -2.2537949 -3.6888795 1 0 0 0
-3 0.75 -1.2 0 0 0 -0.88622693 -0.99257416 -0.63808339 2.442347 -2.2537949 -2.2537949 -3.6888795 0.70710678 0 0.70710678 0
3 0.75 -1.2 0 0 0 -1.0280232 -0.70898154 -0.921676 2.442347 -2.2537949 -2.2537949 -3.6888795 0.70710678 0 0.70710678 0
-1.2 0.9 -3 0 0 0 -1.1343705 -0.77987969 -0.56718523 2.442347 -2.2537949 -2.2537949 -3.6888795 1 0 0 0
-1.2 0.9 3 0 0 0 -0.56718523 -0.95712508 -1.1343705 2.442347 -2.2537949 -2.2537949 -3.6888795 1 0 0 0
-3 0.9 -1.2 0 0 0 -0.88622693 -0.99257416 -0.63808339 2.442347 -2.2537949 -2.2537949 -3.6888795 0.70710678 0 0.70710678 0
3 0.9 -1.2 0 0 0 -1.0280232 -0.70898154 -0.921676 2.442347 -2.2537949 -2.2537949 -3.6888795 0.70710678 0 0.70710678 0
-1.2 1.05 -3 0 0 0 -1.1343705 -0.77987969 -0.56718523 2.442347 -2.2537949 -2.2537949 -3.6888795 1 0 0 0
-1.2 1.05 3 0 0 0 -0.56718523 -0.95712508 -1.1343705 2.442347 -2.2537949 -2.2537949 -3.6888795 1 0 0 0
-3 1.05 -1.2 0 0 0 -0.88622693 -0.99257416 -0.63808339 2.442347 -2.2537949 -2.2537949 -3.6888795 0.70710678 0 0.70710678 0
3 1.05 -1.2 0 0 0 -1.0280232 -0.70898154 -0.921676 2.442347 -2.2537949 -2.2537949 -3.6888795 0.70710678 0 0.70710678 0
-1.2 1.2 -3 0 0 0 -1.1343705 -0.77987969 -0.56718523 2.442347 -2.2537949 -2.2537949 -3.6888795 1 0 0 0
-1.2 1.2 3 0 0 0 -0.56718523 -0.95712508 -1.1343705 2.442347 -2.2537949 -2.2537949 -3.6888795 1 0 0 0
-3 1.2 -1.2 0 0 0 -0.88622693 -0.99257416 -0.63808339 2.442347 -2.2537949 -2.2537949 -3.6888795 0.70710678 0 0.70710678 0
3 1.2 -1.2 0 0 0 -1.0280232 -0.70898154 -0.921676 2.442347 -2.2537949 -2.2537949 -3.6888795 0.70710678 0 0.70710678 0
-1.2 1.35 -3 0 0 0 -1.1343705 -0.77987969 -0.56718523 2.442347 -2.2537949 -2.2537949 -3.6888795 1 0 0 0
-1.2 1.35 3 0 0 0 -0.56718523 -0.95712508 -1.1343705 2.442347 -2.2537949 -2.2537949 -3.6888795 1 0 0 0
-3 1.35 -1.2 0 0 0 -0.88622693 -0.99257416 -0.63808339 2.442347 -2.2537949 -2.2537949 -3.6888795 0.70710678 0 0.70710678 0
3 1.35 -1.2 0 0 0 -1.0280232 -0.70898154 -0.921676 2.442347 -2.2537949 -2.2537949 -3.6888795 0.70710678 0 0.70710678 0
-1.2 1.5 -3 0 0 0 -1.1343705 -0.77987969 -0.56718523 2.442347 -2.2537949 -2.2537949 -3.6888795 1 0 0 0
-1.2 1.5 3 0 0 0 -0.56718523 -0.95712508 -1.1343705 2.442347 -2.2537949 -2.2537949 -3.6888795 1 0 0 0
-3 1.5 -1.2 0 0 0 -0.88622693 -0.99257416 -0.63808339 2.442347 -2.2537949 -2.2537949 -3.6888795 0.70710678 0 0.70710678 0
3 1.5 -1.2 0 0 0 -1.0280232 -0.70898154 -0.921676 2.442347 -2.2537949 -2.2537949 -3.6888795 0.70710678 0 0.70710678 0
-1.2 1.65 -3 0 0 0 -1.1343705 -0.77987969 -0.56718523 2.442347 -2.2537949 -2.2537949 -3.6888795 1 0 0 0
-1.2 1.65 3 0 0 0 -0.56718523 -0.95712508 -1.1343705 2.442347 -2.2537949 -2.2537949 -3.6888795 1 0 0 0
-3 1.65 -1.2 0 0 0 -0.88622693 -0.99257416 -0.63808339 2.442347 -2.2537949 -2.2537949 -3.6888795 0.70710678 0 0.70710678 0
3 1.65 -1.2 0 0 0 -1.0280232 -0.70898154 -0.921676 2.442347 -2.2537949 -2.2537949 -3.6888795 0.70710678 0 0.70710678 0
-1.2 1.8 -3 0 0 0 -1.1343705 -0.77987969 -0.56718523 2.442347 -2.2537949 -2.2537949 -3.6888795 1 0 0 0
-1.2 1.8 3 0 0 0 -0.56718523 -0.95712508 -1.1343705 2.442347 -2.2537949 -2.2537949 -3.6888795 1 0 0 0
-3 1.8 -1.2 0 0 0 -0.88622693 -0.99257416 -0.63808339 2.442347 -2.2537949 -2.2537949 -3.6888795 0.70710678 0 0.70710678 0
3 1.8 -1.2 0 0 0 -1.0280232 -0.70898154 -0.921676 2.442347 -2.2537949 -2.2537949 -3.6888795 0.70710678 0 0.70710678 0
-1.2 1.95 -3 0 0 0 -1.1343705 -0.77987969 -0.56718523 2.442347 -2.2537949 -2.2537949 -3.6888795 1 0 0 0
-1.2 1.95 3 0 0 0 -0.56718523 -0.95712508 -1.1343705 2.442347 -2.2537949 -2.2537949 -3.6888795 1 0 0 0
-3 1.95 -1.2 0 0 0 -0.88622693 -0.99257416 -0.63808339 2.442347 -2.2537949 -2.2537949 -3.6888795 0.70710678 0 0.70710678 0
3 1.95 -1.2 0 0 0 -1.0280232 -0.70898154 -0.921676 2.442347 -2.2537949 -2.2537949 -3.6888795 0.70710678 0 0.70710678 0
-1.2 2.1 -3 0 0 0 -1.1343705 -0.77987969 -0.56718523 2.442347 -2.2537949 -2.2537949 -3.6888795 1 0 0 0
-1.2 2.1 3 0 0 0 -0.56718523 -0.95712508 -1.1343705 2.442347 -2.2537949 -2.2537949 -3.6888795 1 0 0 0
-3 2.1 -1.2 0 0 0 -0.88622693 -0.99257416 -0.63808339 2.442347 -2.2537949 -2.2537949 -3.6888795 0.70710678 0 0.70710678 0
3 2.1 -1.2 0 0 0 -1.0280232 -0.70898154 -0.921676 2.442347 -2.2537949 -2.2537949 -3.6888795 0.70710678 0 0.70710678 0
-1.2 2.25 -3 0 0 0 -1.1343705 -0.77987969 -0.56718523 2.442347 -2.2537949 -2.2537949 -3.6888795 1 0 0 0
-1.2 2.25 3 0 0 0 -0.56718523 -0.95712508 -1.1343705 2.442347 -2.2537949 -2.2537949 -3.6888795 1 0 0 0
-3 2.25 -1.2 0 0 0 -0.88622693 -0.99257416 -0.63808339 2.442347 -2.2537949 -2.2537949 -3.6888795 0.70710678 0 0.70710678 0
3 2.25 -1.2 0 0 0 -1.0280232 -0.70898154 -0.921676 2.442347 -2.2537949 -2.2537949 -3.6888795 0.70710678 0 0.70710678 0
-1.2 2.4 -3 0 0 0 -1.1343705 -0.77987969 -0.56718523 2.442347 -2.2537949 -2.2537949 -3.6888795 1 0 0 0
-1.2 2.4 3 0 0 0 -0.56718523 -0.95712508 -1.1343705 2.442347 -2.2537949 -2.2537949 -3.6888795 1 0 0 0
-3 2.4 -1.2 0 0 0 -0.88622693 -0.99257416 -0.63808339 2.442347 -2.2537949 -2.2537949 -3.6888795 0.70710678 0 0.70710678 0
3 2.4 -1.2 0 0 0 -1.0280232 -0.70898154 -0.921676 2.442347 -2.2537949 -2.2537949 -3.6888795 0.70710678 0 0.70710678 0
-1.2 2.55 -3 0 0 0 -1.1343705 -0.77987969 -0.56718523 2.442347 -2.2537949 -2.2537949 -3.6888795 1 0 0 0
-1.2 2.55 3 0 0 0 -0.56718523 -0.95712508 -1.1343705 2.442347 -2.2537949 -2.2537949 -3.6888795 1 0 0 0
-3 2.55 -1.2 0 0 0 -0.88622693 -0.99257416 -0.63808339 2.442347 -2.2537949 -2.2537949 -3.6888795 0.70710678 0 0.70710678 0
3 2.55 -1.2 0 0 0 -1.0280232 -0.70898154 -0.921676 2.442347 -2.2537949 -2.2537949 -3.6888795 0.70710678 0 0.70710678 0
-1.2 2.7 -3 0 0 0 -1.1343705 -0.77987969 -0.56718523 2.442347 -2.2537949 -2.2537949 -3.6888795 1 0 0 0
-1.2 2.7 3 0 0 0 -0.56718523 -0.95712508 -1.1343705 2.442347 -2.2537949 -2.2537949 -3.6888795 1 0 0 0
-3 2.7 -1.2 0 0 0 -0.88622693 -0.99257416 -0.63808339 2.442347 -2.2537949 -2.2537949 -3.6888795 0.70710678 0 0.70710678 0
3 2.7 -1.2 0 0 0 -1.0280232 -0.70898154 -0.921676 2.442347 -2.2537949 -2.2537949 -3.6888795 0.70710678 0 0.70710678 0
-1.2 2.85 -3 0 0 0 -1.1343705 -0.77987969 -0.56718523 2.442347 -2.2537949 -2.2537949 -3.6888795 1 0 0 0
-1.2 2.85 3 0 0 0 -0.56718523 -0.95712508 -1.1343705 2.442347 -2.2537949 -2.2537949 -3.6888795 1 0 0 0
-3 2.85 -1.2 0 0 0 -0.88622693 -0.99257416 -0.63808339 2.442347 -2.2537949 -2.2537949 -3.6888795 0.70710678 0 0.70710678 0
3 2.85 -1.2 0 0 0 -1.0280232 -0.70898154 -0.921676 2.442347 -2.2537949 -2.2537949 -3.6888795 0.70710678 0 0.70710678 0
-1.2 3 -3 0 0 0 -1.1343705 -0.77987969 -0.56718523 2.442347 -2.2537949 -2.2537949 -3.6888795 1 0 0 0
-1.2 3 3 0 0 0 -0.56718523 -0.95712508 -1.1343705 2.442347 -2.2537949 -2.2537949 -3.6888795 1 0 0 0
-3 3 -1.2 0 0 0 -0.88622693 -0.99257416 -0.63808339 2.442347 -2.2537949 -2.2537949 -3.6888795 0.70710678 0 0.70710678 0
3 3 -1.2 0 0 0 -1.0280232 -0.70898154 -0.921676 2.442347 -2.2537949 -2.2537949 -3.6888795 0.70710678 0 0.70710678 0
-1.05 0 -3 0 0 0 -0.28359262 -0.20914955 -0.10492927 2.442347 -2.2537949 -2.2537949 -3.6888795 0.70710678 0.70710678 0 0
-1.05 3 -3 0 0 0 -1.0634723 -0.95712508 -0.70898154 2.442347 -2.2537949 -2.2537949 -3.6888795 0.70710678 0.70710678 0 0
-1.05 0 -2.85 0 0 0 -0.28359262 -0.20914955 -0.10492927 2.442347 -2.2537949 -2.2537949 -3.6888795 0.70710678 0.70710678 0 0
-1.05 3 -2.85 0 0 0 -1.0634723 -0.95712508 -0.70898154 2.442347 -2.2537949 -2.2537949 -3.6888795 0.70710678 0.70710678 0 0
-1.05 0 -2.7 0 0 0 -0.28359262 -0.20914955 -0.10492927 2.442347 -2.2537949 -2.2537949 -3.6888795 0.70710678 0.70710678 0 0
-1.05 3 -2.7 0 0 0 -1.0634723 -0.95712508 -0.70898154 2.442347 -2.2537949 -2.2537949 -3.6888795 0.70710678 0.70710678 0 0
-1.05 0 -2.55 0 0 0 -0.28359262 -0.20914955 -0.10492927 2.442347 -2.2537949 -2.2537949 -3.6888795 0.70710678 0.70710678 0 0
-1.05 3 -2.55 0 0 0 -1.0634723 -0.95712508 -0.70898154 2.442347 -2.2537949 -2.2537949 -3.6888795 0.70710678 0.70710678 0 0
-1.05 0 -2.4 0 0 0 -0.28359262 -0.20914955 -0.10492927 2.442347 -2.2537949 -2.2537949 -3.6888795 0.70710678 0.70710678 0 0
-1.05 3 -2.4 0 0 0 -1.0634723 -0.95712508 -0.70898154 2.442347 -2.2537949 -2.2537949 -3.6888795 0.70710678 0.70710678 0 0
-1.05 0 -2.25 0 0 0 -0.85077785 -0.80469405 -0.74017673 2.442347 -2.2537949 -2.2537949 -3.6888795 0.70710678 0.70710678 0 0
-1.05 3 -2.25 0 0 0 -1.0634723 -0.95712508 -0.70898154 2.442347 -2.2537949 -2.2537949 -3.6888795 0.70710678 0.70710678 0 0
-1.05 0 -2.1 0 0 0 -0.85077785 -0.80469405 -0.74017673 2.442347 -2.2537949 -2.2537949 -3.6888795 0.70710678 0.70710678 0 0
-1.05 3 -2.1 0 0 0 -1.0634723 -0.95712508 -0.70898154 2.442347 -2.2537949 -2.2537949 -3.6888795 0.70710678 0.70710678 0 0
-1.05 0 -1.95 0 0 0 -0.85077785 -0.80469405 -0.74017673 2.442347 -2.2537949 -2.2537949 -3.6888795 0.70710678 0.70710678 0 0
-1.05 3 -1.95 0 0 0 -1.0634723 -0.95712508 -0.70898154 2.442347 -2.2537949 -2.2537949 -3.6888795 0.70710678 0.70710678 0 0
-1.05 0 -1.8 0 0 0 -0.85077785 -0.80469405 -0.74017673 2.442347 -2.2537949 -2.2537949 -3.6888795 0.70710678 0.70710678 0 0
-1.05 3 -1.8 0 0 0 -1.0634723 -0.95712508 -0.70898154 2.442347 -2.2537949 -2.2537949 -3.6888795 0.70710678 0.70710678 0 0
-1.05 0 -1.65 0 0 0 -0.85077785 -0.80469405 -0.74017673 2.442347 -2.2537949 -2.2537949 -3.6888795 0.70710678 0.70710678 0 0
-1.05 3 -1.65 0 0 0 -1.0634723 -0.95712508 -0.70898154 2.442347 -2.2537949 -2.2537949 -3.6888795 0.70710678 0.70710678 0 0
-1.05 0 -1.5 0 0 0 -0.28359262 -0.20914955 -0.10492927 2.442347 -2.2537949 -2.2537949 -3.6888795 0.70710678 0.70710678 0 0
-1.05 3 -1.5 0 0 0 -1.0634723 -0.95712508 -0.70898154 2.442347 -2.2537949 -2.2537949 -3.6888795 0.70710678 0.70710678 0 0
-1.05 0 -1.35 0 0 0 -0.28359262 -0.20914955 -0.10492927 2.442347 -2.2537949 -2.2537949 -3.6888795 0.70710678 0.70710678 0 0
-1.05 3 -1.35 0 0 0 -1.0634723 -0.95712508 -0.70898154 2.442347 -2.2537949 -2.2537949 -3.6888795 0.70710678 0.70710678 0 0
-1.05 0 -1.2 0 0 0 -0.28359262 -0.20914955 -0.10492927 2.442347 -2.2537949 -2.2537949 -3.6888795 0.70710678 0.70710678 0 0
-1.05 3 -1.2 0 0 0 -1.0634723 -0.95712508 -0.70898154 2.442347 -2.2537949 -2.2537949 -3.6888795 0.70710678 0.70710678 0 0
-1.05 0 -1.05 0 0 0 -0.28359262 -0.20914955 -0.10492927 2.442347 -2.2537949 -2.2537949 -3.6888795 0.70710678 0.70710678 0 0
-1.05 3 -1.05 0 0 0 -1.0634723 -0.95712508 -0.70898154 2.442347 -2.2537949 -2.2537949 -3.6888795 0.70710678 0.70710678 0 0
-1.05 0 -0.9 0 0 0 -0.28359262 -0.20914955 -0.10492927 2.442347 -2.2537949 -2.2537949 -3.6888795 0.70710678 0.70710678 0 0
-1.05 3 -0.9 0 0 0 -1.0634723 -0.95712508 -0.70898154 2.442347 -2.2537949 -2.2537949 -3.6888795 0.70710678 0.70710678 0 0
-1.05 0 -0.75 0 0 0 -0.85077785 -0.80469405 -0.74017673 2.442347 -2.2537949 -2.2537949 -3.6888795 0.70710678 0.70710678 0 0
-1.05 3 -0.75 0 0 0 -1.0634723 -0.95712508 -0.70898154 2.442347 -2.2537949 -2.2537949 -3.6888795 0.70710678 0.70710678 0 0
-1.05 0 -0.6 0 0 0 -0.85077785 -0.80469405 -0.74017673 2.442347 -2.2537949 -2.2537949 -3.6888795 0.70710678 0.70710678 0 0
-1.05 3 -0.6 0 0 0 -1.0634723 -0.95712508 -0.70898154 2.442347 -2.2537949 -2.2537949 -3.6888795 0.70710678 0.70710678 0 0
-1.05 0 -0.45 0 0 0 -0.85077785 -0.80469405 -0.74017673 2.442347 -2.2537949 -2.2537949 -3.6888795 0.70710678 0.70710678 0 0
-1.05 3 -0.45 0 0 0 -1.0634723 -0.95712508 -0.70898154 2.442347 -2.2537949 -2.2537949 -3.6888795 0.70710678 0.70710678 0 0
-1.05 0 -0.3 0 0 0 -0.85077785 -0.80469405 -0.74017673 2.442347 -2.2537949 -2.2537949 -3.6888795 0.70710678 0.70710678 0 0
-1.05 3 -0.3 0 0 0 -1.0634723 -0.95712508 -0.70898154 2.442347 -2.2537949 -2.2537949 -3.6888795 0.70710678 0.70710678 0 0
-1.05 0 -0.15 0 0 0 -0.85077785 -0.80469405 -0.74017673 2.442347 -2.2537949 -2.2537949 -3.6888795 0.70710678 0.70710678 0 0
-1.05 3 -0.15 0 0 0 -1.0634723 -0.95712508 -0.70898154 2.442347 -2.2537949 -2.2537949 -3.6888795 0.70710678 0.70710678 0 0
-1.05 0 0 0 0 0 -0.28359262 -0.20914955 -0.10492927 2.442347 -2.2537949 -2.2537949 -3.6888795 0.70710678 0.70710678 0 0
-1.05 3 0 0 0 0 -1.0634723 -0.95712508 -0.70898154 2.442347 -2.2537949 -2.2537949 -3.6888795 0.70710678 0.70710678 0 0
-1.05 0 0.15 0 0 0 -0.28359262 -0.20914955 -0.10492927 2.442347 -2.2537949 -2.2537949 -3.6888795 0.70710678 0.70710678 0 0
-1.05 3 0.15 0 0 0 -1.0634723 -0.95712508 -0.70898154 2.442347 -2.2537949 -2.2537949 -3.6888795 0.70710678 0.70710678 0 0
-1.05 0 0.3 0 0 0 -0.28359262 -0.20914955 -0.10492927 2.442347 -2.2537949 -2.2537949 -3.6888795 0.70710678 0.70710678 0 0
-1.05 3 0.3 0 0 0 -1.0634723 -0.95712508 -0.70898154 2.442347 -2.2537949 -2.2537949 -3.6888795 0.70710678 0.70710678 0 0
-1.05 0 0.45 0 0 0 -0.28359262 -0.20914955 -0.10492927 2.442347 -2.2537949 -2.2537949 -3.6888795 0.70710678 0.70710678 0 0
-1.05 3 0.45 0 0 0 -1.0634723 -0.95712508 -0.70898154 2.442347 -2.2537949 -2.2537949 -3.6888795 0.70710678 0.70710678 0 0
-1.05 0 0.6 0 0 0 -0.28359262 -0.20914955 -0.10492927 2.442347 -2.2537949 -2.2537949 -3.6888795 0.70710678 0.70710678 0 0
-1.05 3 0.6 0 0 0 -1.0634723 -0.95712508 -0.70898154 2.442347 -2.2537949 -2.2537949 -3.6888795 0.70710678 0.70710678 0 0
-1.05 0 0.75 0 0 0 -0.85077785 -0.80469405 -0.74017673 2.442347 -2.2537949 -2.2537949 -3.6888795 0.70710678 0.70710678 0 0
-1.05 3 0.75 0 0 0 -1.0634723 -0.95712508 -0.70898154 2.442347 -2.2537949 -2.2537949 -3.6888795 0.70710678 0.70710678 0 0
-1.05 0 0.9 0 0 0 -0.85077785 -0.80469405 -0.74017673 2.442347 -2.2537949 -2.2537949 -3.6888795 0.70710678 0.70710678 0 0
-1.05 3 0.9 0 0 0 -1.0634723 -0.95712508 -0.70898154 2.442347 -2.2537949 -2.2537949 -3.6888795 0.70710678 0.70710678 0 0
-1.05 0 1.05 0 0 0 -0.85077785 -0.80469405 -0.74017673 2.442347 -2.2537949 -2.2537949 -3.6888795 0.70710678 0.70710678 0 0
-1.05 3 1.05 0 0 0 -1.0634723 -0.95712508 -0.70898154 2.442347 -2.2537949 -2.2537949 -3.6888795 0.70710678 0.70710678 0 0
-1.05 0 1.2 0 0 0 -0.85077785 -0.80469405 -0.74017673 2.442347 -2.2537949 -2.2537949 -3.6888795 0.70710678 0.70710678 0 0
-1.05 3 1.2 0 0 0 -1.0634723 -0.95712508 -0.70898154 2.442347 -2.2537949 -2.2537949 -3.6888795 0.70710678 0.70710678 0 0
-1.05 0 1.35 0 0 0 -0.85077785 -0.80469405 -0.74017673 2.442347 -2.2537949 -2.2537949 -3.6888795 0.70710678 0.70710678 0 0
-1.05 3 1.35 0 0 0 -1.0634723 -0.95712508 -0.70898154 2.442347 -2.2537949 -2.2537949 -3.6888795 0.70710678 0.70710678 0 0
-1.05 0 1.5 0 0 0 -0.28359262 -0.20914955 -0.10492927 2.442347 -2.2537949 -2.2537949 -3.6888795 0.70710678 0.70710678 0 0
-1.05 3 1.5 0 0 0 -1.0634723 -0.95712508 -0.70898154 2.442347 -2.2537949 -2.2537949 -3.6888795 0.70710678 0.70710678 0 0
-1.05 0 1.65 0 0 0 -0.28359262 -0.20914955 -0.10492927 2.442347 -2.2537949 -2.2537949 -3.6888795 0.70710678 0.70710678 0 0
-1.05 3 1.65 0 0 0 -1.0634723 -0.95712508 -0.70898154 2.442347 -2.2537949 -2.2537949 -3.6888795 0.70710678 0.70710678 0 0
-1.05 0 1.8 0 0 0 -0.28359262 -0.20914955 -0.10492927 2.442347 -2.2537949 -2.2537949 -3.6888795 0.70710678 0.70710678 0 0
-1.05 3 1.8 0 0 0 -1.0634723 -0.95712508 -0.70898154 2.442347 -2.2537949 -2.2537949 -3.6888795 0.70710678 0.70710678 0 0
-1.05 0 1.95 0 0 0 -0.28359262 -0.20914955 -0.10492927 2.442347 -2.2537949 -2.2537949 -3.6888795 0.70710678 0.70710678 0 0
-1.05 3 1.95 0 0 0 -1.0634723 -0.95712508 -0.70898154 2.442347 -2.2537949 -2.2537949 -3.6888795 0.70710678 0.70710678 0 0
-1.05 0 2.1 0 0 0 -0.28359262 -0.20914955 -0.10492927 2.442347 -2.2537949 -2.2537949 -3.6888795 0.70710678 0.70710678 0 0
-1.05 3 2.1 0 0 0 -1.0634723 -0.95712508 -0.70898154 2.442347 -2.2537949 -2.2537949 -3.6888795 0.70710678 0.70710678 0 0
-1.05 0 2.25 0 0 0 -0.85077785 -0.80469405 -0.74017673 2.442347 -2.2537949 -2.2537949 -3.6888795 0.70710678 0.70710678 0 0
-1.05 3 2.25 0 0 0 -1.0634723 -0.95712508 -0.70898154 2.442347 -2.2537949 -2.2537949 -3.6888795 0.70710678 0.70710678 0 0
-1.05 0 2.4 0 0 0 -0.85077785 -0.80469405 -0.74017673 2.442347 -2.2537949 -2.2537949 -3.6888795 0.70710678 0.70710678 0 0
-1.05 3 2.4 0 0 0 -1.0634723 -0.95712508 -0.70898154 2.442347 -2.2537949 -2.2537949 -3.6888795 0.70710678 0.70710678 0 0
-1.05 0 2.55 0 0 0 -0.85077785 -0.80469405 -0.74017673 2.442347 -2.2537949 -2.2537949 -3.6888795 0.70710678 0.70710678 0 0
-1.05 3 2.55 0 0 0 -1.0634723 -0.95712508 -0.70898154 2.442347 -2.2537949 -2.2537949 -3.6888795 0.70710678 0.70710678 0 0
-1.05 0 2.7 0 0 0 -0.85077785 -0.80469405 -0.74017673 2.442347 -2.2537949 -2.2537949 -3.6888795 0.70710678 0.70710678 0 0
-1.05 3 2.7 0 0 0 -1.0634723 -0.95712508 -0.70898154 2.442347 -2.2537949 -2.2537949 -3.6888795 0.70710678 0.70710678 0 0
-1.05 0 2.85 0 0 0 -0.85077785 -0.80469405 -0.74017673 2.442347 -2.2537949 -2.2537949 -3.6888795 0.70710678 0.70710678 0 0
-1.05 3 2.85 0 0 0 -1.0634723 -0.95712508 -0.70898154 2.442347 -2.2537949 -2.2537949 -3.6888795 0.70710678 0.70710678 0 0
-1.05 0 3 0 0 0 -0.28359262 -0.20914955 -0.10492927 2.442347 -2.2537949 -2.2537949 -3.6888795 0.70710678 0.70710678 0 0
-1.05 3 3 0 0 0 -1.0634723 -0.95712508 -0.70898154 2.442347 -2.2537949 -2.2537949 -3.6888795 0.70710678 0.70710678 0 0
-1.05 0 -3 0 0 0 -1.1343705 -0.77987969 -0.56718523 2.442347 -2.2537949 -2.2537949 -3.6888795 1 0 0 0
-1.05 0 3 0 0 0 -0.56718523 -0.95712508 -1.1343705 2.442347 -2.2537949 -2.2537949 -3.6888795 1 0 0 0
-3 0 -1.05 0 0 0 -0.88622693 -0.99257416 -0.63808339 2.442347 -2.2537949 -2.2537949 -3.6888795 0.70710678 0 0.70710678 0
3 0 -1.05 0 0 0 -1.0280232 -0.70898154 -0.921676 2.442347 -2.2537949 -2.2537949 -3.6888795 0.70710678 0 0.70710678 0
-1.05 0.15 -3 0 0 0 -1.1343705 -0.77987969 -0.56718523 2.442347 -2.2537949 -2.2537949 -3.6888795 1 0 0 0
-1.05 0.15 3 0 0 0 -0.56718523 -0.95712508 -1.1343705 2.442347 -2.2537949 -2.2537949 -3.6888795 1 0 0 0
-3 0.15 -1.05 0 0 0 -0.88622693 -0.99257416 -0.63808339 2.442347 -2.2537949 -2.2537949 -3.6888795 0.70710678 0 0.70710678 0
3 0.15 -1.05 0 0 0 -1.0280232 -0.70898154 -0.921676 2.442347 -2.2537949 -2.2537949 -3.6888795 0.70710678 0 0.70710678 0
-1.05 0.3 -3 0 0 0 -1.1343705 -0.77987969 -0.56718523 2.442347 -2.2537949 -2.2537949 -3.6888795 1 0 0 0
-1.05 0.3 3 0 0 0 -0.56718523 -0.95712508 -1.1343705 2.442347 -2.2537949 -2.2537949 -3.6888795 1 0 0 0
-3 0.3 -1.05 0 0 0 -0.88622693 -0.99257416 -0.63808339 2.442347 -2.2537949 -2.2537949 -3.6888795 0.70710678 0 0.70710678 0
3 0.3 -1.05 0 0 0 -1.0280232 -0.70898154 -0.921676 2.442347 -2.2537949 -2.2537949 -3.6888795 0.70710678 0 0.70710678 0
-1.05 0.45 -3 0 0 0 -1.1343705 -0.77987969 -0.56718523 2.442347 -2.2537949 -2.2537949 -3.6888795 1 0 0 0
-1.05 0.45 3 0 0 0 -0.56718523 -0.95712508 -1.1343705 2.442347 -2.2537949 -2.2537949 -3.6888795 1 0 0 0
-3 0.45 -1.05 0 0 0 -0.88622693 -0.99257416 -0.63808339 2.442347 -2.2537949 -2.2537949 -3.6888795 0.70710678 0 0.70710678 0
3 0.45 -1.05 0 0 0 -1.0280232 -0.70898154 -0.921676 2.442347 -2.2537949 -2.2537949 -3.6888795 0.70710678 0 0.70710678 0
-1.05 0.6 -3 0 0 0 -1.1343705 -0.77987969 -0.56718523 2.442347 -2.2537949 -2.2537949 -3.6888795 1 0 0 0
-1.05 0.6 3 0 0 0 -0.56718523 -0.95712508 -1.1343705 2.442347 -2.2537949 -2.2537949 -3.6888795 1 0 0 0
-3 0.6 -1.05 0 0 0 -0.88622693 -0.99257416 -0.63808339 2.442347 -2.2537949 -2.2537949 -3.6888795 0.70710678 0 0.70710678 0
3 0.6 -1.05 0 0 0 -1.0280232 -0.70898154 -0.921676 2.442347 -2.2537949 -2.2537949 -3.6888795 0.70710678 0 0.70710678 0
-1.05 0.75 -3 0 0 0 -1.4888612 0.56718523 0.99257416 2.442347 -2.2537949 -2.2537949 -3.6888795 1 0 0 0
-1.05 0.75 3 0 0 0 1.4179631 -0.21269446 -1.3116158 2.442347 -2.2537949 -2.2537949 -3.6888795 1 0 0 0
-3 0.75 -1.05 0 0 0 -0.38993985 -0.88622693 0.460838 2.442347 -2.2537949 -2.2537949 -3.6888795 0.70710678 0 0.70710678 0
3 0.75 -1.05 0 0 0 -0.99257416 0.42538892 -0.38993985 2.442347 -2.2537949 -2.2537949 -3.6888795 0.70710678 0 0.70710678 0
-1.05 0.9 -3 0 0 0 -1.4888612 0.56718523 0.99257416 2.442347 -2.2537949 -2.2537949 -3.6888795 1 0 0 0
-1.05 0.9 3 0 0 0 1.4179631 -0.21269446 -1.3116158 2.442347 -2.2537949 -2.2537949 -3.6888795 1 0 0 0
-3 0.9 -1.05 0 0 0 -0.38993985 -0.88622693 0.460838 2.442347 -2.2537949 -2.2537949 -3.6888795 0.70710678 0 0.70710678 0
3 0.9 -1.05 0 0 0 -0.99257416 0.42538892 -0.38993985 2.442347 -2.2537949 -2.2537949 -3.6888795 0.70710678 0 0.70710678 0
-1.05 1.05 -3 0 0 0 -1.4888612 0.56718523 0.99257416 2.442347 -2.2537949 -2.2537949 -3.6888795 1 0 0 0
-1.05 1.05 3 0 0 0 1.4179631 -0.21269446 -1.3116158 2.442347 -2.2537949 -2.2537949 -3.6888795 1 0 0 0
-3 1.05 -1.05 0 0 0 -0.38993985 -0.88622693 0.460838 2.442347 -2.2537949 -2.2537949 -3.6888795 0.70710678 0 0.70710678 0
3 1.05 -1.05 0 0 0 -0.99257416 0.42538892 -0.38993985 2.442347 -2.2537949 -2.2537949 -3.6888795 0.70710678 0 0.70710678 0
-1.05 1.2 -3 0 0 0 -1.4888612 0.56718523 0.99257416 2.442347 -2.2537949 -2.2537949 -3.6888795 1 0 0 0
-1.05 1.2 3 0 0 0 1.4179631 -0.21269446 -1.3116158 2.442347 -2.2537949 -2.2537949 -3.6888795 1 0 0 0
-3 1.2 -1.05 0 0 0 -0.38993985 -0.88622693 0.460838 2.442347 -2.2537949 -2.2537949 -3.6888795 0.70710678 0 0.70710678 0
3 1.2 -1.05 0 0 0 -0.99257416 0.42538892 -0.38993985 2.442347 -2.2537949 -2.2537949 -3.6888795 0.70710678 0 0.70710678 0
-1.05 1.35 -3 0 0 0 -1.4888612 0.56718523 0.99257416 2.442347 -2.2537949 -2.2537949 -3.6888795 1 0 0 0
-1.05 1.35 3 0 0 0 1.4179631 -0.21269446 -1.3116158 2.442347 -2.2537949 -2.2537949 -3.6888795 1 0 0 0
-3 1.35 -1.05 0 0 0 -0.38993985 -0.88622693 0.460838 2.442347 -2.2537949 -2.2537949 -3.6888795 0.70710678 0 0.70710678 0
3 1.35 -1.05 0 0 0 -0.99257416 0.42538892 -0.38993985 2.442347 -2.2537949 -2.2537949 -3.6888795 0.70710678 0 0.70710678 0
-1.05 1.5 -3 0 0 0 -1.4888612 0.56718523 0.99257416 2.442347 -2.2537949 -2.2537949 -3.6888795 1 0 0 0
-1.05 1.5 3 0 0 0 1.4179631 -0.21269446 -1.3116158 2.442347 -2.2537949 -2.2537949 -3.6888795 1 0 0 0
-3 1.5 -1.05 0 0 0 -0.38993985 -0.88622693 0.460838 2.442347 -2.2537949 -2.2537949 -3.6888795 0.70710678 0 0.70710678 0
3 1.5 -1.05 0 0 0 -0.99257416 0.42538892 -0.38993985 2.442347 -2.2537949 -2.2537949 -3.6888795 0.70710678 0 0.70710678 0
-1.05 1.65 -3 0 0 0 -1.4888612 0.56718523 0.99257416 2.442347 -2.2537949 -2.2537949 -3.6888795 1 0 0 0
-1.05 1.65 3 0 0 0 1.4179631 -0.21269446 -1.3116158 2.442347 -2.2537949 -2.2537949 -3.6888795 1 0 0 0
-3 1.65 -1.05 0 0 0 -0.38993985 -0.88622693 0.460838 2.442347 -2.2537949 -2.2537949 -3.6888795 0.70710678 0 0.70710678 0
3 1.65 -1.05 0 0 0 -0.99257416 0.42538892 -0.38993985 2.442347 -2.2537949 -2.2537949 -3.6888795 0.70710678 0 0.70710678 0
-1.05 1.8 -3 0 0 0 -1.4888612 0.56718523 0.99257416 2.442347 -2.2537949 -2.2537949 -3.6888795 1 0 0 0
-1.05 1.8 3 0 0 0 1.4179631 -0.21269446 -1.3116158 2.442347 -2.2537949 -2.2537949 -3.6888795 1 0 0 0
-3 1.8 -1.05 0 0 0 -0.38993985 -0.88622693 0.460838 2.442347 -2.2537949 -2.2537949 -3.6888795 0.70710678 0 0.70710678 0
3 1.8 -1.05 0 0 0 -0.99257416 0.42538892 -0.38993985 2.442347 -2.2537949 -2.2537949 -3.6888795 0.70710678 0 0.70710678 0
-1.05 1.95 -3 0 0 0 -1.4888612 0.56718523 0.99257416 2.442347 -2.2537949 -2.2537949 -3.6888795 1 0 0 0
-1.05 1.95 3 0 0 0 1.4179631 -0.21269446 -1.3116158 2.442347 -2.2537949 -2.2537949 -3.6888795 1 0 0 0
-3 1.95 -1.05 0 0 0 -0.38993985 -0.88622693 0.460838 2.442347 -2.2537949 -2.2537949 -3.6888795 0.70710678 0 0.70710678 0
3 1.95 -1.05 0 0 0 -0.99257416 0.42538892 -0.38993985 2.442347 -2.2537949 -2.2537949 -3.6888795 0.70710678 0 0.70710678 0
-1.05 2.1 -3 0 0 0 -1.4888612 0.56718523 0.99257416 2.442347 -2.2537949 -2.2537949 -3.6888795 1 0 0 0
-1.05 2.1 3 0 0 0 1.4179631 -0.21269446 -1.3116158 2.442347 -2.2537949 -2.2537949 -3.6888795 1 0 0 0
-3 2.1 -1.05 0 0 0 -0.38993985 -0.88622693 0.460838 2.442347 -2.2537949 -2.2537949 -3.6888795 0.70710678 0 0.70710678 0
3 2.1 -1.05 0 0 0 -0.99257416 0.42538892 -0.38993985 2.442347 -2.2537949 -2.2537949 -3.6888795 0.70710678 0 0.70710678 0
-1.05 2.25 -3 0 0 0 -1.4888612 0.56718523 0.99257416 2.442347 -2.2537949 -2.2537949 -3.6888795 1 0 0 0
-1.05 2.25 3 0 0 0 1.4179631 -0.21269446 -1.3116158 2.442347 -2.2537949 -2.2537949 -3.6888795 1 0 0 0
-3 2.25 -1.05 0 0 0 -0.38993985 -0.88622693 0.460838 2.442347 -2.2537949 -2.2537949 -3.6888795 0.70710678 0 0.70710678 0
3 2.25 -1.05 0 0 0 -0.99257416 0.42538892 -0.38993985 2.442347 -2.2537949 -2.2537949 -3.6888795 0.70710678 0 0.70710678 0
-1.05 2.4 -3 0 0 0 -1.1343705 -0.77987969 -0.56718523 2.442347 -2.2537949 -2.2537949 -3.6888795 1 0 0 0
-1.05 2.4 3 0 0 0 -0.56718523 -0.95712508 -1.1343705 2.442347 -2.2537949 -2.2537949 -3.6888795 1 0 0 0
-3 2.4 -1.05 0 0 0 -0.88622693 -0.99257416 -0.63808339 2.442347 -2.2537949 -2.2537949 -3.6888795 0.70710678 0 0.70710678 0
3 2.4 -1.05 0 0 0 -1.0280232 -0.70898154 -0.921676 2.442347 -2.2537949 -2.2537949 -3.6888795 0.70710678 0 0.70710678 0
-1.05 2.55 -3 0 0 0 -1.1343705 -0.77987969 -0.56718523 2.442347 -2.2537949 -2.2537949 -3.6888795 1 0 0 0
-1.05 2.55 3 0 0 0 -0.56718523 -0.95712508 -1.1343705 2.442347 -2.2537949 -2.2537949 -3.6888795 1 0 0 0
-3 2.55 -1.05 0 0 0 -0.88622693 -0.99257416 -0.63808339 2.442347 -2.2537949 -2.2537949 -3.6888795 0.70710678 0 0.70710678 0
3 2.55 -1.05 0 0 0 -1.0280232 -0.70898154 -0.921676 2.442347 -2.2537949 -2.2537949 -3.6888795 0.70710678 0 0.70710678 0
-1.05 2.7 -3 0 0 0 -1.1343705 -0.77987969 -0.56718523 2.442347 -2.2537949 -2.2537949 -3.6888795 1 0 0 0
-1.05 2.7 3 0 0 0 -0.56718523 -0.95712508 -1.1343705 2.442347 -2.2537949 -2.2537949 -3.6888795 1 0 0 0
-3 2.7 -1.05 0 0 0 -0.88622693 -0.99257416 -0.63808339 2.442347 -2.2537949 -2.2537949 -3.6888795 0.70710678 0 0.70710678 0
3 2.7 -1.05 0 0 0 -1.0280232 -0.70898154 -0.921676 2.442347 -2.2537949 -2.2537949 -3.6888795 0.70710678 0 0.70710678 0
-1.05 2.85 -3 0 0 0 -1.1343705 -0.77987969 -0.56718523 2.442347 -2.2537949 -2.2537949 -3.6888795 1 0 0 0
-1.05 2.85 3 0 0 0 -0.56718523 -0.95712508 -1.1343705 2.442347 -2.2537949 -2.2537949 -3.6888795 1 0 0 0
-3 2.85 -1.05 0 0 0 -0.88622693 -0.99257416 -0.63808339 2.442347 -2.2537949 -2.2537949 -3.6888795 0.70710678 0 0.70710678 0
3 2.85 -1.05 0 0 0 -1.0280232 -0.70898154 -0.921676 2.442347 -2.2537949 -2.2537949 -3.6888795 0.70710678 0 0.70710678 0
-1.05 3 -3 0 0 0 -1.1343705 -0.77987969 -0.56718523 2.442347 -2.2537949 -2.2537949 -3.6888795 1 0 0 0
-1.05 3 3 0 0 0 -0.56718523 -0.95712508 -1.1343705 2.442347 -2.2537949 -2.2537949 -3.6888795 1 0 0 0
-3 3 -1.05 0 0 0 -0.88622693 -0.99257416 -0.63808339 2.442347 -2.2537949 -2.2537949 -3.6888795 0.70710678 0 0.70710678 0
3 3 -1.05 0 0 0 -1.0280232 -0.70898154 -0.921676 2.442347 -2.2537949 -2.2537949 -3.6888795 0.70710678 0 0.70710678 0
-0.9 0 -3 0 0 0 -0.28359262 -0.20914955 -0.10492927 2.442347 -2.2537949 -2.2537949 -3.6888795 0.70710678 0.70710678 0 0
-0.9 3 -3 0 0 0 -1.0634723 -0.95712508 -0.70898154 2.442347 -2.2537949 -2.2537949 -3.6888795 0.70710678 0.70710678 0 0
-0.9 0 -2.85 0 0 0 -0.28359262 -0.20914955 -0.10492927 2.442347 -2.2537949 -2.2537949 -3.6888795 0.70710678 0.70710678 0 0
-0.9 3 -2.85 0 0 0 -1.0634723 -0.95712508 -0.70898154 2.442347 -2.2537949 -2.2537949 -3.6888795 0.70710678 0.70710678 0 0
-0.9 0 -2.7 0 0 0 -0.28359262 -0.20914955 -0.10492927 2.442347 -2.2537949 -2.2537949 -3.6888795 0.70710678 0.70710678 0 0
-0.9 3 -2.7 0 0 0 -1.0634723 -0.95712508 -0.70898154 2.442347 -2.2537949 -2.2537949 -3.6888795 0.70710678 0.70710678 0 0
-0.9 0 -2.55 0 0 0 -0.28359262 -0.20914955 -0.10492927 2.442347 -2.2537949 -2.2537949 -3.6888795 0.70710678 0.70710678 0 0
-0.9 3 -2.55 0 0 0 -1.0634723 -0.95712508 -0.70898154 2.442347 -2.2537949 -2.2537949 -3.6888795 0.70710678 0.70710678 0 0
-0.9 0 -2.4 0 0 0 -0.28359262 -0.20914955 -0.10492927 2.442347 -2.2537949 -2.2537949 -3.6888795 0.70710678 0.70710678 0 0
-0.9 3 -2.4 0 0 0 -1.0634723 -0.95712508 -0.70898154 2.442347 -2.2537949 -2.2537949 -3.6888795 0.70710678 0.70710678 0 0
-0.9 0 -2.25 0 0 0 -0.85077785 -0.80469405 -0.74017673 2.442347 -2.2537949 -2.2537949 -3.6888795 0.70710678 0.70710678 0 0
-0.9 3 -2.25 0 0 0 -1.0634723 -0.95712508 -0.70898154 2.442347 -2.2537949 -2.2537949 -3.6888795 0.70710678 0.70710678 0 0
-0.9 0 -2.1 0 0 0 -0.85077785 -0.80469405 -0.74017673 2.442347 -2.2537949 -2.2537949 -3.6888795 0.70710678 0.70710678 0 0
-0.9 3 -2.1 0 0 0 -1.0634723 -0.95712508 -0.70898154 2.442347 -2.2537949 -2.2537949 -3.6888795 0.70710678 0.70710678 0 0
-0.9 0 -1.95 0 0 0 -0.85077785 -0.80469405 -0.74017673 2.442347 -2.2537949 -2.2537949 -3.6888795 0.70710678 0.70710678 0 0
-0.9 3 -1.95 0 0 0 -1.0634723 -0.95712508 -0.70898154 2.442347 -2.2537949 -2.2537949 -3.6888795 0.70710678 0.70710678 0 0
-0.9 0 -1.8 0 0 0 -0.85077785 -0.80469405 -0.74017673 2.442347 -2.2537949 -2.2537949 -3.6888795 0.70710678 0.70710678 0 0
-0.9 3 -1.8 0 0 0 -1.0634723 -0.95712508 -0.70898154 2.442347 -2.2537949 -2.2537949 -3.6888795 0.70710678 0.70710678 0 0
-0.9 0 -1.65 0 0 0 -0.85077785 -0.80469405 -0.74017673 2.442347 -2.2537949 -2.2537949 -3.6888795 0.70710678 0.70710678 0 0
-0.9 3 -1.65 0 0 0 -1.0634723 -0.95712508 -0.70898154 2.442347 -2.2537949 -2.2537949 -3.6888795 0.70710678 0.70710678 0 0
-0.9 0 -1.5 0 0 0 -0.28359262 -0.20914955 -0.10492927 2.442347 -2.2537949 -2.2537949 -3.6888795 0.70710678 0.70710678 0 0
-0.9 3 -1.5 0 0 0 -1.0634723 -0.95712508 -0.70898154 2.442347 -2.2537949 -2.2537949 -3.6888795 0.70710678 0.70710678 0 0
-0.9 0 -1.35 0 0 0 -0.28359262 -0.20914955 -0.10492927 2.442347 -2.2537949 -2.2537949 -3.6888795 0.70710678 0.70710678 0 0
-0.9 3 -1.35 0 0 0 -1.0634723 -0.95712508 -0.70898154 2.442347 -2.2537949 -2.2537949 -3.6888795 0.70710678 0.70710678 0 0
-0.9 0 -1.2 0 0 0 -0.28359262 -0.20914955 -0.10492927 2.442347 -2.2537949 -2.2537949 -3.6888795 0.70710678 0.70710678 0 0
-0.9 3 -1.2 0 0 0 -1.0634723 -0.95712508 -0.70898154 2.442347 -2.2537949 -2.2537949 -3.6888795 0.70710678 0.70710678 0 0
-0.9 0 -1.05 0 0 0 -0.28359262 -0.20914955 -0.10492927 2.442347 -2.2537949 -2.2537949 -3.6888795 0.70710678 0.70710678 0 0
-0.9 3 -1.05 0 0 0 -1.0634723 -0.95712508 -0.70898154 2.442347 -2.2537949 -2.2537949 -3.6888795 0.70710678 0.70710678 0 0
-0.9 0 -0.9 0 0 0 -0.28359262 -0.20914955 -0.10492927 2.442347 -2.2537949 -2.2537949 -3.6888795 0.70710678 0.70710678 0 0
-0.9 3 -0.9 0 0 0 -1.0634723 -0.95712508 -0.70898154 2.442347 -2.2537949 -2.2537949 -3.6888795 0.70710678 0.70710678 0 0
-0.9 0 -0.75 0 0 0 -0.85077785 -0.80469405 -0.74017673 2.442347 -2.2537949 -2.2537949 -3.6888795 0.70710678 0.70710678 0 0
-0.9 3 -0.75 0 0 0 -1.0634723 -0.95712508 -0.70898154 2.442347 -2.2537949 -2.2537949 -3.6888795 0.70710678 0.70710678 0 0
-0.9 0 -0.6 0 0 0 -0.85077785 -0.80469405 -0.74017673 2.442347 -2.2537949 -2.2537949 -3.6888795 0.70710678 0.70710678 0 0
-0.9 3 -0.6 0 0 0 -1.0634723 -0.95712508 -0.70898154 2.442347 -2.2537949 -2.2537949 -3.6888795 0.70710678 0.70710678 0 0
-0.9 0 -0.45 0 0 0 -0.85077785 -0.80469405 -0.74017673 2.442347 -2.2537949 -2.2537949 -3.6888795 0.70710678 0.70710678 0 0
-0.9 3 -0.45 0 0 0 -1.0634723 -0.95712508 -0.70898154 2.442347 -2.2537949 -2.2537949 -3.6888795 0.70710678 0.70710678 0 0
-0.9 0 -0.3 0 0 0 -0.85077785 -0.80469405 -0.74017673 2.442347 -2.2537949 -2.2537949 -3.6888795 0.70710678 0.70710678 0 0
-0.9 3 -0.3 0 0 0 -1.0634723 -0.95712508 -0.70898154 2.442347 -2.2537949 -2.2537949 -3.6888795 0.70710678 0.70710678 0 0
-0.9 0 -0.15 0 0 0 -0.85077785 -0.80469405 -0.74017673 2.442347 -2.2537949 -2.2537949 -3.6888795 0.70710678 0.70710678 0 0
-0.9 3 -0.15 0 0 0 -1.0634723 -0.95712508 -0.70898154 2.442347 -2.2537949 -2.2537949 -3.6888795 0.70710678 0.70710678 0 0
-0.9 0 0 0 0 0 -0.28359262 -0.20914955 -0.10492927 2.442347 -2.2537949 -2.2537949 -3.6888795 0.70710678 0.70710678 0 0
-0.9 3 0 0 0 0 -1.0634723 -0.95712508 -0.70898154 2.442347 -2.2537949 -2.2537949 -3.6888795 0.70710678 0.70710678 0 0
-0.9 0 0.15 0 0 0 -0.28359262 -0.20914955 -0.10492927 2.442347 -2.2537949 -2.2537949 -3.6888795 0.70710678 0.70710678 0 0
-0.9 3 0.15 0 0 0 -1.0634723 -0.95712508 -0.70898154 2.442347 -2.2537949 -2.2537949 -3.6888795 0.70710678 0.70710678 0 0
-0.9 0 0.3 0 0 0 -0.28359262 -0.20914955 -0.10492927 2.442347 -2.2537949 -2.2537949 -3.6888795 0.70710678 0.70710678 0 0
-0.9 3 0.3 0 0 0 -1.0634723 -0.95712508 -0.70898154 2.442347 -2.2537949 -2.2537949 -3.6888795 0.70710678 0.70710678 0 0
-0.9 0 0.45 0 0 0 -0.28359262 -0.20914955 -0.10492927 2.442347 -2.2537949 -2.2537949 -3.6888795 0.70710678 0.70710678 0 0
-0.9 3 0.45 0 0 0 -1.0634723 -0.95712508 -0.70898154 2.442347 -2.2537949 -2.2537949 -3.6888795 0.70710678 0.70710678 0 0
-0.9 0 0.6 0 0 0 -0.28359262 -0.20914955 -0.10492927 2.442347 -2.2537949 -2.2537949 -3.6888795 0.70710678 0.70710678 0 0
-0.9 3 0.6 0 0 0 -1.0634723 -0.95712508 -0.70898154 2.442347 -2.2537949 -2.2537949 -3.6888795 0.70710678 0.70710678 0 0
-0.9 0 0.75 0 0 0 -0.85077785 -0.80469405 -0.74017673 2.442347 -2.2537949 -2.2537949 -3.6888795 0.70710678 0.70710678 0 0
-0.9 3 0.75 0 0 0 -1.0634723 -0.95712508 -0.70898154 2.442347 -2.2537949 -2.2537949 -3.6888795 0.70710678 0.70710678 0 0
-0.9 0 0.9 0 0 0 -0.85077785 -0.80469405 -0.74017673 2.442347 -2.2537949 -2.2537949 -3.6888795 0.70710678 0.70710678 0 0
-0.9 3 0.9 0 0 0 -1.0634723 -0.95712508 -0.70898154 2.442347 -2.2537949 -2.2537949 -3.6888795 0.70710678 0.70710678 0 0
-0.9 0 1.05 0 0 0 -0.85077785 -0.80469405 -0.74017673 2.442347 -2.2537949 -2.2537949 -3.6888795 0.70710678 0.70710678 0 0
-0.9 3 1.05 0 0 0 -1.0634723 -0.95712508 -0.70898154 2.442347 -2.2537949 -2.2537949 -3.6888795 0.70710678 0.70710678 0 0
-0.9 0 1.2 0 0 0 -0.85077785 -0.80469405 -0.74017673 2.442347 -2.2537949 -2.2537949 -3.6888795 0.70710678 0.70710678 0 0
-0.9 3 1.2 0 0 0 -1.0634723 -0.95712508 -0.70898154 2.442347 -2.2537949 -2.2537949 -3.6888795 0.70710678 0.70710678 0 0
-0.9 0 1.35 0 0 0 -0.85077785 -0.80469405 -0.74017673 2.442347 -2.2537949 -2.2537949 -3.6888795 0.70710678 0.70710678 0 0
-0.9 3 1.35 0 0 0 -1.0634723 -0.95712508 -0.70898154 2.442347 -2.2537949 -2.2537949 -3.6888795 0.70710678 0.70710678 0 0
-0.9 0 1.5 0 0 0 -0.28359262 -0.20914955 -0.10492927 2.442347 -2.2537949 -2.2537949 -3.6888795 0.70710678 0.70710678 0 0
-0.9 3 1.5 0 0 0 -1.0634723 -0.95712508 -0.70898154 2.442347 -2.2537949 -2.2537949 -3.6888795 0.70710678 0.70710678 0 0
-0.9 0 1.65 0 0 0 -0.28359262 -0.20914955 -0.10492927 2.442347 -2.2537949 -2.2537949 -3.6888795 0.70710678 0.70710678 0 0
-0.9 3 1.65 0 0 0 -1.0634723 -0.95712508 -0.70898154 2.442347 -2.2537949 -2.2537949 -3.6888795 0.70710678 0.70710678 0 0
-0.9 0 1.8 0 0 0 -0.28359262 -0.20914955 -0.10492927 2.442347 -2.2537949 -2.2537949 -3.6888795 0.70710678 0.70710678 0 0
-0.9 3 1.8 0 0 0 -1.0634723 -0.95712508 -0.70898154 2.442347 -2.2537949 -2.2537949 -3.6888795 0.70710678 0.70710678 0 0
-0.9 0 1.95 0 0 0 -0.28359262 -0.20914955 -0.10492927 2.442347 -2.2537949 -2.2537949 -3.6888795 0.70710678 0.70710678 0 0
-0.9 3 1.95 0 0 0 -1.0634723 -0.95712508 -0.70898154 2.442347 -2.2537949 -2.2537949 -3.6888795 0.70710678 0.70710678 0 0
-0.9 0 2.1 0 0 0 -0.28359262 -0.20914955 -0.10492927 2.442347 -2.2537949 -2.2537949 -3.6888795 0.70710678 0.70710678 0 0
-0.9 3 2.1 0 0 0 -1.0634723 -0.95712508 -0.70898154 2.442347 -2.2537949 -2.2537949 -3.6888795 0.70710678 0.70710678 0 0
-0.9 0 2.25 0 0 0 -0.85077785 -0.80469405 -0.74017673 2.442347 -2.2537949 -2.2537949 -3.6888795 0.70710678 0.70710678 0 0
-0.9 3 2.25 0 0 0 -1.0634723 -0.95712508 -0.70898154 2.442347 -2.2537949 -2.2537949 -3.6888795 0.70710678 0.70710678 0 0
-0.9 0 2.4 0 0 0 -0.85077785 -0.80469405 -0.74017673 2.442347 -2.2537949 -2.2537949 -3.6888795 0.70710678 0.70710678 0 0
-0.9 3 2.4 0 0 0 -1.0634723 -0.95712508 -0.70898154 2.442347 -2.2537949 -2.2537949 -3.6888795 0.70710678 0.70710678 0 0
-0.9 0 2.55 0 0 0 -0.85077785 -0.80469405 -0.74017673 2.442347 -2.2537949 -2.2537949 -3.6888795 0.70710678 0.70710678 0 0
-0.9 3 2.55 0 0 0 -1.0634723 -0.95712508 -0.70898154 2.442347 -2.2537949 -2.2537949 -3.6888795 0.70710678 0.70710678 0 0
-0.9 0 2.7 0 0 0 -0.85077785 -0.80469405 -0.74017673 2.442347 -2.2537949 -2.2537949 -3.6888795 0.70710678 0.70710678 0 0
-0.9 3 2.7 0 0 0 -1.0634723 -0.95712508 -0.70898154 2.442347 -2.2537949 -2.2537949 -3.6888795 0.70710678 0.70710678 0 0
-0.9 0 2.85 0 0 0 -0.85077785 -0.80469405 -0.74017673 2.442347 -2.2537949 -2.2537949 -3.6888795 0.70710678 0.70710678 0 0
-0.9 3 2.85 0 0 0 -1.0634723 -0.95712508 -0.70898154 2.442347 -2.2537949 -2.2537949 -3.6888795 0.70710678 0.70710678 0 0
-0.9 0 3 0 0 0 -0.28359262 -0.20914955 -0.10492927 2.442347 -2.2537949 -2.2537949 -3.6888795 0.70710678 0.70710678 0 0
-0.9 3 3 0 0 0 -1.0634723 -0.95712508 -0.70898154 2.442347 -2.2537949 -2.2537949 -3.6888795 0.70710678 0.70710678 0 0
-0.9 0 -3 0 0 0 -1.1343705 -0.77987969 -0.56718523 2.442347 -2.2537949 -2.2537949 -3.6888795 1 0 0 0
-0.9 0 3 0 0 0 -0.56718523 -0.95712508 -1.1343705 2.442347 -2.2537949 -2.2537949 -3.6888795 1 0 0 0
-3 0 -0.9 0 0 0 -0.88622693 -0.99257416 -0.63808339 2.442347 -2.2537949 -2.2537949 -3.6888795 0.70710678 0 0.70710678 0
3 0 -0.9 0 0 0 -1.0280232 -0.70898154 -0.921676 2.442347 -2.2537949 -2.2537949 -3.6888795 0.70710678 0 0.70710678 0
-0.9 0.15 -3 0 0 0 -1.1343705 -0.77987969 -0.56718523 2.442347 -2.2537949 -2.2537949 -3.6888795 1 0 0 0
-0.9 0.15 3 0 0 0 -0.56718523 -0.95712508 -1.1343705 2.442347 -2.2537949 -2.2537949 -3.6888795 1 0 0 0
-3 0.15 -0.9 0 0 0 -0.88622693 -0.99257416 -0.63808339 2.442347 -2.2537949 -2.2537949 -3.6888795 0.70710678 0 0.70710678 0
3 0.15 -0.9 0 0 0 -1.0280232 -0.70898154 -0.921676 2.442347 -2.2537949 -2.2537949 -3.6888795 0.70710678 0 0.70710678 0
-0.9 0.3 -3 0 0 0 -1.1343705 -0.77987969 -0.56718523 2.442347 -2.2537949 -2.2537949 -3.6888795 1 0 0 0
-0.9 0.3 3 0 0 0 -0.56718523 -0.95712508 -1.1343705 2.442347 -2.2537949 -2.2537949 -3.6888795 1 0 0 0
-3 0.3 -0.9 0 0 0 -0.88622693 -0.99257416 -0.63808339 2.442347 -2.2537949 -2.2537949 -3.6888795 0.70710678 0 0.70710678 0
3 0.3 -0.9 0 0 0 -1.0280232 -0.70898154 -0.921676 2.442347 -2.2537949 -2.2537949 -3.6888795 0.70710678 0 0.70710678 0
-0.9 0.45 -3 0 0 0 -1.1343705 -0.77987969 -0.56718523 2.442347 -2.2537949 -2.2537949 -3.6888795 1 0 0 0
-0.9 0.45 3 0 0 0 -0.56718523 -0.95712508 -1.1343705 2.442347 -2.2537949 -2.2537949 -3.6888795 1 0 0 0
-3 0.45 -0.9 0 0 0 -0.88622693 -0.99257416 -0.63808339 2.442347 -2.2537949 -2.2537949 -3.6888795 0.70710678 0 0.70710678 0
3 0.45 -0.9 0 0 0 -1.0280232 -0.70898154 -0.921676 2.442347 -2.2537949 -2.2537949 -3.6888795 0.70710678 0 0.70710678 0
-0.9 0.6 -3 0 0 0 -1.1343705 -0.77987969 -0.56718523 2.442347 -2.2537949 -2.2537949 -3.6888795 1 0 0 0
-0.9 0.6 3 0 0 0 -0.56718523 -0.95712508 -1.1343705 2.442347 -2.2537949 -2.2537949 -3.6888795 1 0 0 0
-3 0.6 -0.9 0 0 0 -0.88622693 -0.99257416 -0.63808339 2.442347 -2.2537949 -2.2537949 -3.6888795 0.70710678 0 0.70710678 0
3 0.6 -0.9 0 0 0 -1.0280232 -0.70898154 -0.921676 2.442347 -2.2537949 -2.2537949 -3.6888795 0.70710678 0 0.70710678 0
-0.9 0.75 -3 0 0 0 -1.4888612 0.56718523 0.99257416 2.442347 -2.2537949 -2.2537949 -3.6888795 1 0 0 0
-0.9 0.75 3 0 0 0 1.4179631 -0.21269446 -1.3116158 2.442347 -2.2537949 -2.2537949 -3.6888795 1 0 0 0
-3 0.75 -0.9 0 0 0 -0.38993985 -0.88622693 0.460838 2.442347 -2.2537949 -2.2537949 -3.6888795 0.70710678 0 0.70710678 0
3 0.75 -0.9 0 0 0 -0.99257416 0.42538892 -0.38993985 2.442347 -2.2537949 -2.2537949 -3.6888795 0.70710678 0 0.70710678 0
-0.9 0.9 -3 0 0 0 -1.4888612 0.56718523 0.99257416 2.442347 -2.2537949 -2.2537949 -3.6888795 1 0 0 0
-0.9 0.9 3 0 0 0 1.4179631 -0.21269446 -1.3116158 2.442347 -2.2537949 -2.2537949 -3.6888795 1 0 0 0
-3 0.9 -0.9 0 0 0 -0.38993985 -0.88622693 0.460838 2.442347 -2.2537949 -2.2537949 -3.6888795 0.70710678 0 0.70710678 0
3 0.9 -0.9 0 0 0 -0.99257416 0.42538892 -0.38993985 2.442347 -2.2537949 -2.2537949 -3.6888795 0.70710678 0 0.70710678 0
-0.9 1.05 -3 0 0 0 -1.4888612 0.56718523 0.99257416 2.442347 -2.2537949 -2.2537949 -3.6888795 1 0 0 0
-0.9 1.05 3 0 0 0 1.4179631 -0.21269446 -1.3116158 2.442347 -2.2537949 -2.2537949 -3.6888795 1 0 0 0
-3 1.05 -0.9 0 0 0 -0.38993985 -0.88622693 0.460838 2.442347 -2.2537949 -2.2537949 -3.6888795 0.70710678 0 0.70710678 0
3 1.05 -0.9 0 0 0 -0.99257416 0.42538892 -0.38993985 2.442347 -2.2537949 -2.2537949 -3.6888795 0.70710678 0 0.70710678 0
-0.9 1.2 -3 0 0 0 -1.4888612 0.56718523 0.99257416 2.442347 -2.2537949 -2.2537949 -3.6888795 1 0 0 0
-0.9 1.2 3 0 0 0 1.4179631 -0.21269446 -1.3116158 2.442347 -2.2537949 -2.2537949 -3.6888795 1 0 0 0
-3 1.2 -0.9 0 0 0 -0.38993985 -0.88622693 0.460838 2.442347 -2.2537949 -2.2537949 -3.6888795 0.70710678 0 0.70710678 0
3 1.2 -0.9 0 0 0 -0.99257416 0.42538892 -0.38993985 2.442347 -2.2537949 -2.2537949 -3.6888795 0.70710678 0 0.70710678 0
-0.9 1.35 -3 0 0 0 -1.4888612 0.56718523 0.99257416 2.442347 -2.2537949 -2.2537949 -3.6888795 1 0 0 0
-0.9 1.35 3 0 0 0 1.4179631 -0.21269446 -1.3116158 2.442347 -2.2537949 -2.2537949 -3.6888795 1 0 0 0
-3 1.35 -0.9 0 0 0 -0.38993985 -0.88622693 0.460838 2.442347 -2.2537949 -2.2537949 -3.6888795 0.70710678 0 0.70710678 0
3 1.35 -0.9 0 0 0 -0.99257416 0.42538892 -0.38993985 2.442347 -2.2537949 -2.2537949 -3.6888795 0.70710678 0 0.70710678 0
-0.9 1.5 -3 0 0 0 -1.4888612 0.56718523 0.99257416 2.442347 -2.2537949 -2.2537949 -3.6888795 1 0 0 0
-0.9 1.5 3 0 0 0 1.4179631 -0.21269446 -1.3116158 2.442347 -2.2537949 -2.2537949 -3.6888795 1 0 0 0
-3 1.5 -0.9 0 0 0 -0.38993985 -0.88622693 0.460838 2.442347 -2.2537949 -2.2537949 -3.6888795 0.70710678 0 0.70710678 0
3 1.5 -0.9 0 0 0 -0.99257416 0.42538892 -0.38993985 2.442347 -2.2537949 -2.2537949 -3.6888795 0.70710678 0 0.70710678 0
-0.9 1.65 -3 0 0 0 -1.4888612 0.56718523 0.99257416 2.442347 -2.2537949 -2.2537949 -3.6888795 1 0 0 0
-0.9 1.65 3 0 0 0 1.4179631 -0.21269446 -1.3116158 2.442347 -2.2537949 -2.2537949 -3.6888795 1 0 0 0
-3 1.65 -0.9 0 0 0 -0.38993985 -0.88622693 0.460838 2.442347 -2.2537949 -2.2537949 -3.6888795 0.70710678 0 0.70710678 0
3 1.65 -0.9 0 0 0 -0.99257416 0.42538892 -0.38993985 2.442347 -2.2537949 -2.2537949 -3.6888795 0.70710678 0 0.70710678 0
-0.9 1.8 -3 0 0 0 -1.4888612 0.56718523 0.99257416 2.442347 -2.2537949 -2.2537949 -3.6888795 1 0 0 0
-0.9 1.8 3 0 0 0 1.4179631 -0.21269446 -1.3116158 2.442347 -2.2537949 -2.2537949 -3.6888795 1 0 0 0
-3 1.8 -0.9 0 0 0 -0.38993985 -0.88622693 0.460838 2.442347 -2.2537949 -2.2537949 -3.6888795 0.70710678 0 0.70710678 0
3 1.8 -0.9 0 0 0 -0.99257416 0.42538892 -0.38993985 2.442347 -2.2537949 -2.2537949 -3.6888795 0.70710678 0 0.70710678 0
-0.9 1.95 -3 0 0 0 -1.4888612 0.56718523 0.99257416 2.442347 -2.2537949 -2.2537949 -3.6888795 1 0 0 0
-0.9 1.95 3 0 0 0 1.4179631 -0.21269446 -1.3116158 2.442347 -2.2537949 -2.2537949 -3.6888795 1 0 0 0
-3 1.95 -0.9 0 0 0 -0.38993985 -0.88622693 0.460838 2.442347 -2.2537949 -2.2537949 -3.6888795 0.70710678 0 0.70710678 0
3 1.95 -0.9 0 0 0 -0.99257416 0.42538892 -0.38993985 2.442347 -2.2537949 -2.2537949 -3.6888795 0.70710678 0 0.70710678 0
-0.9 2.1 -3 0 0 0 -1.4888612 0.56718523 0.99257416 2.442347 -2.2537949 -2.2537949 -3.6888795 1 0 0 0
-0.9 2.1 3 0 0 0 1.4179631 -0.21269446 -1.3116158 2.442347 -2.2537949 -2.2537949 -3.6888795 1 0 0 0
-3 2.1 -0.9 0 0 0 -0.38993985 -0.88622693 0.460838 2.442347 -2.2537949 -2.2537949 -3.6888795 0.70710678 0 0.70710678 0
3 2.1 -0.9 0 0 0 -0.99257416 0.42538892 -0.38993985 2.442347 -2.2537949 -2.2537949 -3.6888795 0.70710678 0 0.70710678 0
-0.9 2.25 -3 0 0 0 -1.4888612 0.56718523 0.99257416 2.442347 -2.2537949 -2.2537949 -3.6888795 1 0 0 0
-0.9 2.25 3 0 0 0 1.4179631 -0.21269446 -1.3116158 2.442347 -2.2537949 -2.2537949 -3.6888795 1 0 0 0
-3 2.25 -0.9 0 0 0 -0.38993985 -0.88622693 0.460838 2.442347 -2.2537949 -2.2537949 -3.6888795 0.70710678 0 0.70710678 0
3 2.25 -0.9 0 0 0 -0.99257416 0.42538892 -0.38993985 2.442347 -2.2537949 -2.2537949 -3.6888795 0.70710678 0 0.70710678 0
-0.9 2.4 -3 0 0 0 -1.1343705 -0.77987969 -0.56718523 2.442347 -2.2537949 -2.2537949 -3.6888795 1 0 0 0
-0.9 2.4 3 0 0 0 -0.56718523 -0.95712508 -1.1343705 2.442347 -2.2537949 -2.2537949 -3.6888795 1 0 0 0
-3 2.4 -0.9 0 0 0 -0.88622693 -0.99257416 -0.63808339 2.442347 -2.2537949 -2.2537949 -3.6888795 0.70710678 0 0.70710678 0
3 2.4 -0.9 0 0 0 -1.0280232 -0.70898154 -0.921676 2.442347 -2.2537949 -2.2537949 -3.6888795 0.70710678 0 0.70710678 0
-0.9 2.55 -3 0 0 0 -1.1343705 -0.77987969 -0.56718523 2.442347 -2.2537949 -2.2537949 -3.6888795 1 0 0 0
-0.9 2.55 3 0 0 0 -0.56718523 -0.95712508 -1.1343705 2.442347 -2.2537949 -2.2537949 -3.6888795 1 0 0 0
-3 2.55 -0.9 0 0 0 -0.88622693 -0.99257416 -0.63808339 2.442347 -2.2537949 -2.2537949 -3.6888795 0.70710678 0 0.70710678 0
3 2.55 -0.9 0 0 0 -1.0280232 -0.70898154 -0.921676 2.442347 -2.2537949 -2.2537949 -3.6888795 0.70710678 0 0.70710678 0
-0.9 2.7 -3 0 0 0 -1.1343705 -0.77987969 -0.56718523 2.442347 -2.2537949 -2.2537949 -3.6888795 1 0 0 0
-0.9 2.7 3 0 0 0 -0.56718523 -0.95712508 -1.1343705 2.442347 -2.2537949 -2.2537949 -3.6888795 1 0 0 0
-3 2.7 -0.9 0 0 0 -0.88622693 -0.99257416 -0.63808339 2.442347 -2.2537949 -2.2537949 -3.6888795 0.70710678 0 0.70710678 0
3 2.7 -0.9 0 0 0 -1.0280232 -0.70898154 -0.921676 2.442347 -2.2537949 -2.2537949 -3.6888795 0.70710678 0 0.70710678 0
-0.9 2.85 -3 0 0 0 -1.1343705 -0.77987969 -0.56718523 2.442347 -2.2537949 -2.2537949 -3.6888795 1 0 0 0
-0.9 2.85 3 0 0 0 -0.56718523 -0.95712508 -1.1343705 2.442347 -2.2537949 -2.2537949 -3.6888795 1 0 0 0
-3 2.85 -0.9 0 0 0 -0.88622693 -0.99257416 -0.63808339 2.442347 -2.2537949 -2.2537949 -3.6888795 0.70710678 0 0.70710678 0
3 2.85 -0.9 0 0 0 -1.0280232 -0.70898154 -0.921676 2.442347 -2.2537949 -2.2537949 -3.6888795 0.70710678 0 0.70710678 0
-0.9 3 -3 0 0 0 -1.1343705 -0.77987969 -0.56718523 2.442347 -2.2537949 -2.2537949 -3.6888795 1 0 0 0
-0.9 3 3 0 0 0 -0.56718523 -0.95712508 -1.1343705 2.442347 -2.2537949 -2.2537949 -3.6888795 1 0 0 0
-3 3 -0.9 0 0 0 -0.88622693 -0.99257416 -0.63808339 2.442347 -2.2537949 -2.2537949 -3.6888795 0.70710678 0 0.70710678 0
3 3 -0.9 0 0 0 -1.0280232 -0.70898154 -0.921676 2.442347 -2.2537949 -2.2537949 -3.6888795 0.70710678 0 0.70710678 0
-0.75 0 -3 0 0 0 -0.85077785 -0.80469405 -0.74017673 2.442347 -2.2537949 -2.2537949 -3.6888795 0.70710678 0.70710678 0 0
-0.75 3 -3 0 0 0 -1.0634723 -0.95712508 -0.70898154 2.442347 -2.2537949 -2.2537949 -3.6888795 0.70710678 0.70710678 0 0
-0.75 0 -2.85 0 0 0 -0.85077785 -0.80469405 -0.74017673 2.442347 -2.2537949 -2.2537949 -3.6888795 0.70710678 0.70710678 0 0
-0.75 3 -2.85 0 0 0 -1.0634723 -0.95712508 -0.70898154 2.442347 -2.2537949 -2.2537949 -3.6888795 0.70710678 0.70710678 0 0
-0.75 0 -2.7 0 0 0 -0.85077785 -0.80469405 -0.74017673 2.442347 -2.2537949 -2.2537949 -3.6888795 0.70710678 0.70710678 0 0
-0.75 3 -2.7 0 0 0 -1.0634723 -0.95712508 -0.70898154 2.442347 -2.2537949 -2.2537949 -3.6888795 0.70710678 0.70710678 0 0
-0.75 0 -2.55 0 0 0 -0.85077785 -0.80469405 -0.74017673 2.442347 -2.2537949 -2.2537949 -3.6888795 0.70710678 0.70710678 0 0
-0.75 3 -2.55 0 0 0 -1.0634723 -0.95712508 -0.70898154 2.442347 -2.2537949 -2.2537949 -3.6888795 0.70710678 0.70710678 0 0
-0.75 0 -2.4 0 0 0 -0.85077785 -0.80469405 -0.74017673 2.442347 -2.2537949 -2.2537949 -3.6888795 0.70710678 0.70710678 0 0
-0.75 3 -2.4 0 0 0 -1.0634723 -0.95712508 -0.70898154 2.442347 -2.2537949 -2.2537949 -3.6888795 0.70710678 0.70710678 0 0
-0.75 0 -2.25 0 0 0 -0.28359262 -0.20914955 -0.10492927 2.442347 -2.2537949 -2.2537949 -3.6888795 0.70710678 0.70710678 0 0
-0.75 3 -2.25 0 0 0 -1.0634723 -0.95712508 -0.70898154 2.442347 -2.2537949 -2.2537949 -3.6888795 0.70710678 0.70710678 0 0
-0.75 0 -2.1 0 0 0 -0.28359262 -0.20914955 -0.10492927 2.442347 -2.2537949 -2.2537949 -3.6888795 0.70710678 0.70710678 0 0
-0.75 3 -2.1 0 0 0 -1.0634723 -0.95712508 -0.70898154 2.442347 -2.2537949 -2.2537949 -3.6888795 0.70710678 0.70710678 0 0
-0.75 0 -1.95 0 0 0 -0.28359262 -0.20914955 -0.10492927 2.442347 -2.2537949 -2.2537949 -3.6888795 0.70710678 0.70710678 0 0
-0.75 3 -1.95 0 0 0 -1.0634723 -0.95712508 -0.70898154 2.442347 -2.2537949 -2.2537949 -3.6888795 0.70710678 0.70710678 0 0
-0.75 0 -1.8 0 0 0 -0.28359262 -0.20914955 -0.10492927 2.442347 -2.2537949 -2.2537949 -3.6888795 0.70710678 0.70710678 0 0
-0.75 3 -1.8 0 0 0 -1.0634723 -0.95712508 -0.70898154 2.442347 -2.2537949 -2.2537949 -3.6888795 0.70710678 0.70710678 0 0
-0.75 0 -1.65 0 0 0 -0.28359262 -0.20914955 -0.10492927 2.442347 -2.2537949 -2.2537949 -3.6888795 0.70710678 0.70710678 0 0
-0.75 3 -1.65 0 0 0 -1.0634723 -0.95712508 -0.70898154 2.442347 -2.2537949 -2.2537949 -3.6888795 0.70710678 0.70710678 0 0
-0.75 0 -1.5 0 0 0 -0.85077785 -0.80469405 -0.74017673 2.442347 -2.2537949 -2.2537949 -3.6888795 0.70710678 0.70710678 0 0
-0.75 3 -1.5 0 0 0 -1.0634723 -0.95712508 -0.70898154 2.442347 -2.2537949 -2.2537949 -3.6888795 0.70710678 0.70710678 0 0
-0.75 0 -1.35 0 0 0 -0.85077785 -0.80469405 -0.74017673 2.442347 -2.2537949 -2.2537949 -3.6888795 0.70710678 0.70710678 0 0
-0.75 3 -1.35 0 0 0 -1.0634723 -0.95712508 -0.70898154 2.442347 -2.2537949 -2.2537949 -3.6888795 0.70710678 0.70710678 0 0
-0.75 0 -1.2 0 0 0 -0.85077785 -0.80469405 -0.74017673 2.442347 -2.2537949 -2.2537949 -3.6888795 0.70710678 0.70710678 0 0
-0.75 3 -1.2 0 0 0 -1.0634723 -0.95712508 -0.70898154 2.442347 -2.2537949 -2.2537949 -3.6888795 0.70710678 0.70710678 0 0
-0.75 0 -1.05 0 0 0 -0.85077785 -0.80469405 -0.74017673 2.442347 -2.2537949 -2.2537949 -3.6888795 0.70710678 0.70710678 0 0
-0.75 3 -1.05 0 0 0 -1.0634723 -0.95712508 -0.70898154 2.442347 -2.2537949 -2.2537949 -3.6888795 0.70710678 0.70710678 0 0
-0.75 0 -0.9 0 0 0 -0.85077785 -0.80469405 -0.74017673 2.442347 -2.2537949 -2.2537949 -3.6888795 0.70710678 0.70710678 0 0
-0.75 3 -0.9 0 0 0 -1.0634723 -0.95712508 -0.70898154 2.442347 -2.2537949 -2.2537949 -3.6888795 0.70710678 0.70710678 0 0
-0.75 0 -0.75 0 0 0 -0.28359262 -0.20914955 -0.10492927 2.442347 -2.2537949 -2.2537949 -3.6888795 0.70710678 0.70710678 0 0
-0.75 3 -0.75 0 0 0 -1.0634723 -0.95712508 -0.70898154 2.442347 -2.2537949 -2.2537949 -3.6888795 0.70710678 0.70710678 0 0
-0.75 0 -0.6 0 0 0 -0.28359262 -0.20914955 -0.10492927 2.442347 -2.2537949 -2.2537949 -3.6888795 0.70710678 0.70710678 0 0
-0.75 3 -0.6 0 0 0 -1.0634723 -0.95712508 -0.70898154 2.442347 -2.2537949 -2.2537949 -3.6888795 0.70710678 0.70710678 0 0
-0.75 0 -0.45 0 0 0 -0.28359262 -0.20914955 -0.10492927 2.442347 -2.2537949 -2.2537949 -3.6888795 0.70710678 0.70710678 0 0
-0.75 3 -0.45 0 0 0 -1.0634723 -0.95712508 -0.70898154 2.442347 -2.2537949 -2.2537949 -3.6888795 0.70710678 0.70710678 0 0
-0.75 0 -0.3 0 0 0 -0.28359262 -0.20914955 -0.10492927 2.442347 -2.2537949 -2.2537949 -3.6888795 0.70710678 0.70710678 0 0
-0.75 3 -0.3 0 0 0 -1.0634723 -0.95712508 -0.70898154 2.442347 -2.2537949 -2.2537949 -3.6888795 0.70710678 0.70710678 0 0
-0.75 0 -0.15 0 0 0 -0.28359262 -0.20914955 -0.10492927 2.442347 -2.2537949 -2.2537949 -3.6888795 0.70710678 0.70710678 0 0
-0.75 3 -0.15 0 0 0 -1.0634723 -0.95712508 -0.70898154 2.442347 -2.2537949 -2.2537949 -3.6888795 0.70710678 0.70710678 0 0
-0.75 0 0 0 0 0 -0.85077785 -0.80469405 -0.74017673 2.442347 -2.2537949 -2.2537949 -3.6888795 0.70710678 0.70710678 0 0
-0.75 3 0 0 0 0 -1.0634723 -0.95712508 -0.70898154 2.442347 -2.2537949 -2.2537949 -3.6888795 0.70710678 0.70710678 0 0
-0.75 0 0.15 0 0 0 -0.85077785 -0.80469405 -0.74017673 2.442347 -2.2537949 -2.2537949 -3.6888795 0.70710678 0.70710678 0 0
-0.75 3 0.15 0 0 0 -1.0634723 -0.95712508 -0.70898154 2.442347 -2.2537949 -2.2537949 -3.6888795 0.70710678 0.70710678 0 0
-0.75 0 0.3 0 0 0 -0.85077785 -0.80469405 -0.74017673 2.442347 -2.2537949 -2.2537949 -3.6888795 0.70710678 0.70710678 0 0
-0.75 3 0.3 0 0 0 -1.0634723 -0.95712508 -0.70898154 2.442347 -2.2537949 -2.2537949 -3.6888795 0.70710678 0.70710678 0 0
-0.75 0 0.45 0 0 0 -0.85077785 -0.80469405 -0.74017673 2.442347 -2.2537949 -2.2537949 -3.6888795 0.70710678 0.70710678 0 0
-0.75 3 0.45 0 0 0 -1.0634723 -0.95712508 -0.70898154 2.442347 -2.2537949 -2.2537949 -3.6888795 0.70710678 0.70710678 0 0
-0.75 0 0.6 0 0 0 -0.85077785 -0.80469405 -0.74017673 2.442347 -2.2537949 -2.2537949 -3.6888795 0.70710678 0.70710678 0 0
-0.75 3 0.6 0 0 0 -1.0634723 -0.95712508 -0.70898154 2.442347 -2.2537949 -2.2537949 -3.6888795 0.70710678 0.70710678 0 0
-0.75 0 0.75 0 0 0 -0.28359262 -0.20914955 -0.10492927 2.442347 -2.2537949 -2.2537949 -3.6888795 0.70710678 0.70710678 0 0
-0.75 3 0.75 0 0 0 -1.0634723 -0.95712508 -0.70898154 2.442347 -2.2537949 -2.2537949 -3.6888795 0.70710678 0.70710678 0 0
-0.75 0 0.9 0 0 0 -0.28359262 -0.20914955 -0.10492927 2.442347 -2.2537949 -2.2537949 -3.6888795 0.70710678 0.70710678 0 0
-0.75 3 0.9 0 0 0 -1.0634723 -0.95712508 -0.70898154 2.442347 -2.2537949 -2.2537949 -3.6888795 0.70710678 0.70710678 0 0
-0.75 0 1.05 0 0 0 -0.28359262 -0.20914955 -0.10492927 2.442347 -2.2537949 -2.2537949 -3.6888795 0.70710678 0.70710678 0 0
-0.75 3 1.05 0 0 0 -1.0634723 -0.95712508 -0.70898154 2.442347 -2.2537949 -2.2537949 -3.6888795 0.70710678 0.70710678 0 0
-0.75 0 1.2 0 0 0 -0.28359262 -0.20914955 -0.10492927 2.442347 -2.2537949 -2.2537949 -3.6888795 0.70710678 0.70710678 0 0
-0.75 3 1.2 0 0 0 -1.0634723 -0.95712508 -0.70898154 2.442347 -2.2537949 -2.2537949 -3.6888795 0.70710678 0.70710678 0 0
-0.75 0 1.35 0 0 0 -0.28359262 -0.20914955 -0.10492927 2.442347 -2.2537949 -2.2537949 -3.6888795 0.70710678 0.70710678 0 0
-0.75 3 1.35 0 0 0 -1.0634723 -0.95712508 -0.70898154 2.442347 -2.2537949 -2.2537949 -3.6888795 0.70710678 0.70710678 0 0
-0.75 0 1.5 0 0 0 -0.85077785 -0.80469405 -0.74017673 2.442347 -2.2537949 -2.2537949 -3.6888795 0.70710678 0.70710678 0 0
-0.75 3 1.5 0 0 0 -1.0634723 -0.95712508 -0.70898154 2.442347 -2.2537949 -2.2537949 -3.6888795 0.70710678 0.70710678 0 0
-0.75 0 1.65 0 0 0 -0.85077785 -0.80469405 -0.74017673 2.442347 -2.2537949 -2.2537949 -3.6888795 0.70710678 0.70710678 0 0
-0.75 3 1.65 0 0 0 -1.0634723 -0.95712508 -0.70898154 2.442347 -2.2537949 -2.2537949 -3.6888795 0.70710678 0.70710678 0 0
-0.75 0 1.8 0 0 0 -0.85077785 -0.80469405 -0.74017673 2.442347 -2.2537949 -2.2537949 -3.6888795 0.70710678 0.70710678 0 0
-0.75 3 1.8 0 0 0 -1.0634723 -0.95712508 -0.70898154 2.442347 -2.2537949 -2.2537949 -3.6888795 0.70710678 0.70710678 0 0
-0.75 0 1.95 0 0 0 -0.85077785 -0.80469405 -0.74017673 2.442347 -2.2537949 -2.2537949 -3.6888795 0.70710678 0.70710678 0 0
-0.75 3 1.95 0 0 0 -1.0634723 -0.95712508 -0.70898154 2.442347 -2.2537949 -2.2537949 -3.6888795 0.70710678 0.70710678 0 0
-0.75 0 2.1 0 0 0 -0.85077785 -0.80469405 -0.74017673 2.442347 -2.2537949 -2.2537949 -3.6888795 0.70710678 0.70710678 0 0
-0.75 3 2.1 0 0 0 -1.0634723 -0.95712508 -0.70898154 2.442347 -2.2537949 -2.2537949 -3.6888795 0.70710678 0.70710678 0 0
-0.75 0 2.25 0 0 0 -0.28359262 -0.20914955 -0.10492927 2.442347 -2.2537949 -2.2537949 -3.6888795 0.70710678 0.70710678 0 0
-0.75 3 2.25 0 0 0 -1.0634723 -0.95712508 -0.70898154 2.442347 -2.2537949 -2.2537949 -3.6888795 0.70710678 0.70710678 0 0
-0.75 0 2.4 0 0 0 -0.28359262 -0.20914955 -0.10492927 2.442347 -2.2537949 -2.2537949 -3.6888795 0.70710678 0.70710678 0 0
-0.75 3 2.4 0 0 0 -1.0634723 -0.95712508 -0.70898154 2.442347 -2.2537949 -2.2537949 -3.6888795 0.70710678 0.70710678 0 0
-0.75 0 2.55 0 0 0 -0.28359262 -0.20914955 -0.10492927 2.442347 -2.2537949 -2.2537949 -3.6888795 0.70710678 0.70710678 0 0
-0.75 3 2.55 0 0 0 -1.0634723 -0.95712508 -0.70898154 2.442347 -2.2537949 -2.2537949 -3.6888795 0.70710678 0.70710678 0 0
-0.75 0 2.7 0 0 0 -0.28359262 -0.20914955 -0.10492927 2.442347 -2.2537949 -2.2537949 -3.6888795 0.70710678 0.70710678 0 0
-0.75 3 2.7 0 0 0 -1.0634723 -0.95712508 -0.70898154 2.442347 -2.2537949 -2.2537949 -3.6888795 0.70710678 0.70710678 0 0
-0.75 0 2.85 0 0 0 -0.28359262 -0.20914955 -0.10492927 2.442347 -2.2537949 -2.2537949 -3.6888795 0.70710678 0.70710678 0 0
-0.75 3 2.85 0 0 0 -1.0634723 -0.95712508 -0.70898154 2.442347 -2.2537949 -2.2537949 -3.6888795 0.70710678 0.70710678 0 0
-0.75 0 3 0 0 0 -0.85077785 -0.80469405 -0.74017673 2.442347 -2.2537949 -2.2537949 -3.6888795 0.70710678 0.70710678 0 0
-0.75 3 3 0 0 0 -1.0634723 -0.95712508 -0.70898154 2.442347 -2.2537949 -2.2537949 -3.6888795 0.70710678 0.70710678 0 0
-0.75 0 -3 0 0 0 -1.1343705 -0.77987969 -0.56718523 2.442347 -2.2537949 -2.2537949 -3.6888795 1 0 0 0
-0.75 0 3 0 0 0 -0.56718523 -0.95712508 -1.1343705 2.442347 -2.2537949 -2.2537949 -3.6888795 1 0 0 0
-3 0 -0.75 0 0 0 -0.88622693 -0.99257416 -0.63808339 2.442347 -2.2537949 -2.2537949 -3.6888795 0.70710678 0 0.70710678 0
3 0 -0.75 0 0 0 -1.0280232 -0.70898154 -0.921676 2.442347 -2.2537949 -2.2537949 -3.6888795 0.70710678 0 0.70710678 0
-0.75 0.15 -3 0 0 0 -1.1343705 -0.77987969 -0.56718523 2.442347 -2.2537949 -2.2537949 -3.6888795 1 0 0 0
-0.75 0.15 3 0 0 0 -0.56718523 -0.95712508 -1.1343705 2.442347 -2.2537949 -2.2537949 -3.6888795 1 0 0 0
-3 0.15 -0.75 0 0 0 -0.88622693 -0.99257416 -0.63808339 2.442347 -2.2537949 -2.2537949 -3.6888795 0.70710678 0 0.70710678 0
3 0.15 -0.75 0 0 0 -1.0280232 -0.70898154 -0.921676 2.442347 -2.2537949 -2.2537949 -3.6888795 0.70710678 0 0.70710678 0
-0.75 0.3 -3 0 0 0 -1.1343705 -0.77987969 -0.56718523 2.442347 -2.2537949 -2.2537949 -3.6888795 1 0 0 0
-0.75 0.3 3 0 0 0 -0.56718523 -0.95712508 -1.1343705 2.442347 -2.2537949 -2.2537949 -3.6888795 1 0 0 0
-3 0.3 -0.75 0 0 0 -0.88622693 -0.99257416 -0.63808339 2.442347 -2.2537949 -2.2537949 -3.6888795 0.70710678 0 0.70710678 0
3 0.3 -0.75 0 0 0 -1.0280232 -0.70898154 -0.921676 2.442347 -2.2537949 -2.2537949 -3.6888795 0.70710678 0 0.70710678 0
-0.75 0.45 -3 0 0 0 -1.1343705 -0.77987969 -0.56718523 2.442347 -2.2537949 -2.2537949 -3.6888795 1 0 0 0
-0.75 0.45 3 0 0 0 -0.56718523 -0.95712508 -1.1343705 2.442347 -2.2537949 -2.2537949 -3.6888795 1 0 0 0
-3 0.45 -0.75 0 0 0 -0.88622693 -0.99257416 -0.63808339 2.442347 -2.2537949 -2.2537949 -3.6888795 0.70710678 0 0.70710678 0
3 0.45 -0.75 0 0 0 -1.0280232 -0.70898154 -0.921676 2.442347 -2.2537949 -2.2537949 -3.6888795 0.70710678 0 0.70710678 0
-0.75 0.6 -3 0 0 0 -1.1343705 -0.77987969 -0.56718523 2.442347 -2.2537949 -2.2537949 -3.6888795 1 0 0 0
-0.75 0.6 3 0 0 0 -0.56718523 -0.95712508 -1.1343705 2.442347 -2.2537949 -2.2537949 -3.6888795 1 0 0 0
-3 0.6 -0.75 0 0 0 -0.88622693 -0.99257416 -0.63808339 2.442347 -2.2537949 -2.2537949 -3.6888795 0.70710678 0 0.70710678 0
3 0.6 -0.75 0 0 0 -1.0280232 -0.70898154 -0.921676 2.442347 -2.2537949 -2.2537949 -3.6888795 0.70710678 0 0.70710678 0
-0.75 0.75 -3 0 0 0 -1.4888612 0.56718523 0.99257416 2.442347 -2.2537949 -2.2537949 -3.6888795 1 0 0 0
-0.75 0.75 3 0 0 0 1.4179631 -0.21269446 -1.3116158 2.442347 -2.2537949 -2.2537949 -3.6888795 1 0 0 0
-3 0.75 -0.75 0 0 0 -0.38993985 -0.88622693 0.460838 2.442347 -2.2537949 -2.2537949 -3.6888795 0.70710678 0 0.70710678 0
3 0.75 -0.75 0 0 0 -0.99257416 0.42538892 -0.38993985 2.442347 -2.2537949 -2.2537949 -3.6888795 0.70710678 0 0.70710678 0
-0.75 0.9 -3 0 0 0 -1.4888612 0.56718523 0.99257416 2.442347 -2.2537949 -2.2537949 -3.6888795 1 0 0 0
-0.75 0.9 3 0 0 0 1.4179631 -0.21269446 -1.3116158 2.442347 -2.2537949 -2.2537949 -3.6888795 1 0 0 0
-3 0.9 -0.75 0 0 0 -0.38993985 -0.88622693 0.460838 2.442347 -2.2537949 -2.2537949 -3.6888795 0.70710678 0 0.70710678 0
3 0.9 -0.75 0 0 0 -0.99257416 0.42538892 -0.38993985 2.442347 -2.2537949 -2.2537949 -3.6888795 0.70710678 0 0.70710678 0
-0.75 1.05 -3 0 0 0 -1.4888612 0.56718523 0.99257416 2.442347 -2.2537949 -2.2537949 -3.6888795 1 0 0 0
-0.75 1.05 3 0 0 0 1.4179631 -0.21269446 -1.3116158 2.442347 -2.2537949 -2.2537949 -3.6888795 1 0 0 0
-3 1.05 -0.75 0 0 0 -0.38993985 -0.88622693 0.460838 2.442347 -2.2537949 -2.2537949 -3.6888795 0.70710678 0 0.70710678 0
3 1.05 -0.75 0 0 0 -0.99257416 0.42538892 -0.38993985 2.442347 -2.2537949 -2.2537949 -3.6888795 0.70710678 0 0.70710678 0
-0.75 1.2 -3 0 0 0 -1.4888612 0.56718523 0.99257416 2.442347 -2.2537949 -2.2537949 -3.6888795 1 0 0 0
-0.75 1.2 3 0 0 0 1.4179631 -0.21269446 -1.3116158 2.442347 -2.2537949 -2.2537949 -3.6888795 1 0 0 0
-3 1.2 -0.75 0 0 0 -0.38993985 -0.88622693 0.460838 2.442347 -2.2537949 -2.2537949 -3.6888795 0.70710678 0 0.70710678 0
3 1.2 -0.75 0 0 0 -0.99257416 0.42538892 -0.38993985 2.442347 -2.2537949 -2.2537949 -3.6888795 0.70710678 0 0.70710678 0
-0.75 1.35 -3 0 0 0 -1.4888612 0.56718523 0.99257416 2.442347 -2.2537949 -2.2537949 -3.6888795 1 0 0 0
-0.75 1.35 3 0 0 0 1.4179631 -0.21269446 -1.3116158 2.442347 -2.2537949 -2.2537949 -3.6888795 1 0 0 0
-3 1.35 -0.75 0 0 0 -0.38993985 -0.88622693 0.460838 2.442347 -2.2537949 -2.2537949 -3.6888795 0.70710678 0 0.70710678 0
3 1.35 -0.75 0 0 0 -0.99257416 0.42538892 -0.38993985 2.442347 -2.2537949 -2.2537949 -3.6888795 0.70710678 0 0.70710678 0
-0.75 1.5 -3 0 0 0 -1.4888612 0.56718523 0.99257416 2.442347 -2.2537949 -2.2537949 -3.6888795 1 0 0 0
-0.75 1.5 3 0 0 0 1.4179631 -0.21269446 -1.3116158 2.442347 -2.2537949 -2.2537949 -3.6888795 1 0 0 0
-3 1.5 -0.75 0 0 0 -0.38993985 -0.88622693 0.460838 2.442347 -2.2537949 -2.2537949 -3.6888795 0.70710678 0 0.70710678 0
3 1.5 -0.75 0 0 0 -0.99257416 0.42538892 -0.38993985 2.442347 -2.2537949 -2.2537949 -3.6888795 0.70710678 0 0.70710678 0
-0.75 1.65 -3 0 0 0 -1.4888612 0.56718523 0.99257416 2.442347 -2.2537949 -2.2537949 -3.6888795 1 0 0 0
-0.75 1.65 3 0 0 0 1.4179631 -0.21269446 -1.3116158 2.442347 -2.2537949 -2.2537949 -3.6888795 1 0 0 0
-3 1.65 -0.75 0 0 0 -0.38993985 -0.88622693 0.460838 2.442347 -2.2537949 -2.2537949 -3.6888795 0.70710678 0 0.70710678 0
3 1.65 -0.75 0 0 0 -0.99257416 0.42538892 -0.38993985 2.442347 -2.2537949 -2.2537949 -3.6888795 0.70710678 0 0.70710678 0
-0.75 1.8 -3 0 0 0 -1.4888612 0.56718523 0.99257416 2.442347 -2.2537949 -2.2537949 -3.6888795 1 0 0 0
-0.75 1.8 3 0 0 0 1.4179631 -0.21269446 -1.3116158 2.442347 -2.2537949 -2.2537949 -3.6888795 1 0 0 0
-3 1.8 -0.75 0 0 0 -0.38993985 -0.88622693 0.460838 2.442347 -2.2537949 -2.2537949 -3.6888795 0.70710678 0 0.70710678 0
3 1.8 -0.75 0 0 0 -0.99257416 0.42538892 -0.38993985 2.442347 -2.2537949 -2.2537949 -3.6888795 0.70710678 0 0.70710678 0
-0.75 1.95 -3 0 0 0 -1.4888612 0.56718523 0.99257416 2.442347 -2.2537949 -2.2537949 -3.6888795 1 0 0 0
-0.75 1.95 3 0 0 0 1.4179631 -0.21269446 -1.3116158 2.442347 -2.2537949 -2.2537949 -3.6888795 1 0 0 0
-3 1.95 -0.75 0 0 0 -0.38993985 -0.88622693 0.460838 2.442347 -2.2537949 -2.2537949 -3.6888795 0.70710678 0 0.70710678 0
3 1.95 -0.75 0 0 0 -0.99257416 0.42538892 -0.38993985 2.442347 -2.2537949 -2.2537949 -3.6888795 0.70710678 0 0.70710678 0
-0.75 2.1 -3 0 0 0 -1.4888612 0.56718523 0.99257416 2.442347 -2.2537949 -2.2537949 -3.6888795 1 0 0 0
-0.75 2.1 3 0 0 0 1.4179631 -0.21269446 -1.3116158 2.442347 -2.2537949 -2.2537949 -3.6888795 1 0 0 0
-3 2.1 -0.75 0 0 0 -0.38993985 -0.88622693 0.460838 2.442347 -2.2537949 -2.2537949 -3.6888795 0.70710678 0 0.70710678 0
3 2.1 -0.75 0 0 0 -0.99257416 0.42538892 -0.38993985 2.442347 -2.2537949 -2.2537949 -3.6888795 0.70710678 0 0.70710678 0
-0.75 2.25 -3 0 0 0 -1.4888612 0.56718523 0.99257416 2.442347 -2.2537949 -2.2537949 -3.6888795 1 0 0 0
-0.75 2.25 3 0 0 0 1.4179631 -0.21269446 -1.3116158 2.442347 -2.2537949 -2.2537949 -3.6888795 1 0 0 0
-3 2.25 -0.75 0 0 0 -0.38993985 -0.88622693 0.460838 2.442347 -2.2537949 -2.2537949 -3.6888795 0.70710678 0 0.70710678 0
3 2.25 -0.75 0 0 0 -0.99257416 0.42538892 -0.38993985 2.442347 -2.2537949 -2.2537949 -3.6888795 0.70710678 0 0.70710678 0
-0.75 2.4 -3 0 0 0 -1.1343705 -0.77987969 -0.56718523 2.442347 -2.2537949 -2.2537949 -3.6888795 1 0 0 0
-0.75 2.4 3 0 0 0 -0.56718523 -0.95712508 -1.1343705 2.442347 -2.2537949 -2.2537949 -3.6888795 1 0 0 0
-3 2.4 -0.75 0 0 0 -0.88622693 -0.99257416 -0.63808339 2.442347 -2.2537949 -2.2537949 -3.6888795 0.70710678 0 0.70710678 0
3 2.4 -0.75 0 0 0 -1.0280232 -0.70898154 -0.921676 2.442347 -2.2537949 -2.2537949 -3.6888795 0.70710678 0 0.70710678 0
-0.75 2.55 -3 0 0 0 -1.1343705 -0.77987969 -0.56718523 2.442347 -2.2537949 -2.2537949 -3.6888795 1 0 0 0
-0.75 2.55 3 0 0 0 -0.56718523 -0.95712508 -1.1343705 2.442347 -2.2537949 -2.2537949 -3.6888795 1 0 0 0
-3 2.55 -0.75 0 0 0 -0.88622693 -0.99257416 -0.63808339 2.442347 -2.2537949 -2.2537949 -3.6888795 0.70710678 0 0.70710678 0
3 2.55 -0.75 0 0 0 -1.0280232 -0.70898154 -0.921676 2.442347 -2.2537949 -2.2537949 -3.6888795 0.70710678 0 0.70710678 0
-0.75 2.7 -3 0 0 0 -1.1343705 -0.77987969 -0.56718523 2.442347 -2.2537949 -2.2537949 -3.6888795 1 0 0 0
-0.75 2.7 3 0 0 0 -0.56718523 -0.95712508 -1.1343705 2.442347 -2.2537949 -2.2537949 -3.6888795 1 0 0 0
-3 2.7 -0.75 0 0 0 -0.88622693 -0.99257416 -0.63808339 2.442347 -2.2537949 -2.2537949 -3.6888795 0.70710678 0 0.70710678 0
3 2.7 -0.75 0 0 0 -1.0280232 -0.70898154 -0.921676 2.442347 -2.2537949 -2.2537949 -3.6888795 0.70710678 0 0.70710678 0
-0.75 2.85 -3 0 0 0 -1.1343705 -0.77987969 -0.56718523 2.442347 -2.2537949 -2.2537949 -3.6888795 1 0 0 0
-0.75 2.85 3 0 0 0 -0.56718523 -0.95712508 -1.1343705 2.442347 -2.2537949 -2.2537949 -3.6888795 1 0 0 0
-3 2.85 -0.75 0 0 0 -0.88622693 -0.99257416 -0.63808339 2.442347 -2.2537949 -2.2537949 -3.6888795 0.70710678 0 0.70710678 0
3 2.85 -0.75 0 0 0 -1.0280232 -0.70898154 -0.921676 2.442347 -2.2537949 -2.2537949 -3.6888795 0.70710678 0 0.70710678 0
-0.75 3 -3 0 0 0 -1.1343705 -0.77987969 -0.56718523 2.442347 -2.2537949 -2.2537949 -3.6888795 1 0 0 0
-0.75 3 3 0 0 0 -0.56718523 -0.95712508 -1.1343705 2.442347 -2.2537949 -2.2537949 -3.6888795 1 0 0 0
-3 3 -0.75 0 0 0 -0.88622693 -0.99257416 -0.63808339 2.442347 -2.2537949 -2.2537949 -3.6888795 0.70710678 0 0.70710678 0
3 3 -0.75 0 0 0 -1.0280232 -0.70898154 -0.921676 2.442347 -2.2537949 -2.2537949 -3.6888795 0.70710678 0 0.70710678 0
-0.6 0 -3 0 0 0 -0.85077785 -0.80469405 -0.74017673 2.442347 -2.2537949 -2.2537949 -3.6888795 0.70710678 0.70710678 0 0
-0.6 3 -3 0 0 0 -1.0634723 -0.95712508 -0.70898154 2.442347 -2.2537949 -2.2537949 -3.6888795 0.70710678 0.70710678 0 0
-0.6 0 -2.85 0 0 0 -0.85077785 -0.80469405 -0.74017673 2.442347 -2.2537949 -2.2537949 -3.6888795 0.70710678 0.70710678 0 0
-0.6 3 -2.85 0 0 0 -1.0634723 -0.95712508 -0.70898154 2.442347 -2.2537949 -2.2537949 -3.6888795 0.70710678 0.70710678 0 0
-0.6 0 -2.7 0 0 0 -0.85077785 -0.80469405 -0.74017673 2.442347 -2.2537949 -2.2537949 -3.6888795 0.70710678 0.70710678 0 0
-0.6 3 -2.7 0 0 0 -1.0634723 -0.95712508 -0.70898154 2.442347 -2.2537949 -2.2537949 -3.6888795 0.70710678 0.70710678 0 0
-0.6 0 -2.55 0 0 0 -0.85077785 -0.80469405 -0.74017673 2.442347 -2.2537949 -2.2537949 -3.6888795 0.70710678 0.70710678 0 0
-0.6 3 -2.55 0 0 0 -1.0634723 -0.95712508 -0.70898154 2.442347 -2.2537949 -2.2537949 -3.6888795 0.70710678 0.70710678 0 0
-0.6 0 -2.4 0 0 0 -0.85077785 -0.80469405 -0.74017673 2.442347 -2.2537949 -2.2537949 -3.6888795 0.70710678 0.70710678 0 0
-0.6 3 -2.4 0 0 0 -1.0634723 -0.95712508 -0.70898154 2.442347 -2.2537949 -2.2537949 -3.6888795 0.70710678 0.70710678 0 0
-0.6 0 -2.25 0 0 0 -0.28359262 -0.20914955 -0.10492927 2.442347 -2.2537949 -2.2537949 -3.6888795 0.70710678 0.70710678 0 0
-0.6 3 -2.25 0 0 0 -1.0634723 -0.95712508 -0.70898154 2.442347 -2.2537949 -2.2537949 -3.6888795 0.70710678 0.70710678 0 0
-0.6 0 -2.1 0 0 0 -0.28359262 -0.20914955 -0.10492927 2.442347 -2.2537949 -2.2537949 -3.6888795 0.70710678 0.70710678 0 0
-0.6 3 -2.1 0 0 0 -1.0634723 -0.95712508 -0.70898154 2.442347 -2.2537949 -2.2537949 -3.6888795 0.70710678 0.70710678 0 0
-0.6 0 -1.95 0 0 0 -0.28359262 -0.20914955 -0.10492927 2.442347 -2.2537949 -2.2537949 -3.6888795 0.70710678 0.70710678 0 0
-0.6 3 -1.95 0 0 0 -1.0634723 -0.95712508 -0.70898154 2.442347 -2.2537949 -2.2537949 -3.6888795 0.70710678 0.70710678 0 0
-0.6 0 -1.8 0 0 0 -0.28359262 -0.20914955 -0.10492927 2.442347 -2.2537949 -2.2537949 -3.6888795 0.70710678 0.70710678 0 0
-0.6 3 -1.8 0 0 0 -1.0634723 -0.95712508 -0.70898154 2.442347 -2.2537949 -2.2537949 -3.6888795 0.70710678 0.70710678 0 0
-0.6 0 -1.65 0 0 0 -0.28359262 -0.20914955 -0.10492927 2.442347 -2.2537949 -2.2537949 -3.6888795 0.70710678 0.70710678 0 0
-0.6 3 -1.65 0 0 0 -1.0634723 -0.95712508 -0.70898154 2.442347 -2.2537949 -2.2537949 -3.6888795 0.70710678 0.70710678 0 0
-0.6 0 -1.5 0 0 0 -0.85077785 -0.80469405 -0.74017673 2.442347 -2.2537949 -2.2537949 -3.6888795 0.70710678 0.70710678 0 0
-0.6 3 -1.5 0 0 0 -1.0634723 -0.95712508 -0.70898154 2.442347 -2.2537949 -2.2537949 -3.6888795 0.70710678 0.70710678 0 0
-0.6 0 -1.35 0 0 0 -0.85077785 -0.80469405 -0.74017673 2.442347 -2.2537949 -2.2537949 -3.6888795 0.70710678 0.70710678 0 0
-0.6 3 -1.35 0 0 0 -1.0634723 -0.95712508 -0.70898154 2.442347 -2.2537949 -2.2537949 -3.6888795 0.70710678 0.70710678 0 0
-0.6 0 -1.2 0 0 0 -0.85077785 -0.80469405 -0.74017673 2.442347 -2.2537949 -2.2537949 -3.6888795 0.70710678 0.70710678 0 0
-0.6 3 -1.2 0 0 0 -1.0634723 -0.95712508 -0.70898154 2.442347 -2.2537949 -2.2537949 -3.6888795 0.70710678 0.70710678 0 0
-0.6 0 -1.05 0 0 0 -0.85077785 -0.80469405 -0.74017673 2.442347 -2.2537949 -2.2537949 -3.6888795 0.70710678 0.70710678 0 0
-0.6 3 -1.05 0 0 0 -1.0634723 -0.95712508 -0.70898154 2.442347 -2.2537949 -2.2537949 -3.6888795 0.70710678 0.70710678 0 0
-0.6 0 -0.9 0 0 0 -0.85077785 -0.80469405 -0.74017673 2.442347 -2.2537949 -2.2537949 -3.6888795 0.70710678 0.70710678 0 0
-0.6 3 -0.9 0 0 0 -1.0634723 -0.95712508 -0.70898154 2.442347 -2.2537949 -2.2537949 -3.6888795 0.70710678 0.70710678 0 0
-0.6 0 -0.75 0 0 0 -0.28359262 -0.20914955 -0.10492927 2.442347 -2.2537949 -2.2537949 -3.6888795 0.70710678 0.70710678 0 0
-0.6 3 -0.75 0 0 0 -1.0634723 -0.95712508 -0.70898154 2.442347 -2.2537949 -2.2537949 -3.6888795 0.70710678 0.70710678 0 0
-0.6 0 -0.6 0 0 0 -0.28359262 -0.20914955 -0.10492927 2.442347 -2.2537949 -2.2537949 -3.6888795 0.70710678 0.70710678 0 0
-0.6 3 -0.6 0 0 0 -1.0634723 -0.95712508 -0.70898154 2.442347 -2.2537949 -2.2537949 -3.6888795 0.70710678 0.70710678 0 0
-0.6 0 -0.45 0 0 0 -0.28359262 -0.20914955 -0.10492927 2.442347 -2.2537949 -2.2537949 -3.6888795 0.70710678 0.70710678 0 0
-0.6 3 -0.45 0 0 0 -1.0634723 -0.95712508 -0.70898154 2.442347 -2.2537949 -2.2537949 -3.6888795 0.70710678 0.70710678 0 0
-0.6 0 -0.3 0 0 0 -0.28359262 -0.20914955 -0.10492927 2.442347 -2.2537949 -2.2537949 -3.6888795 0.70710678 0.70710678 0 0
-0.6 3 -0.3 0 0 0 -1.0634723 -0.95712508 -0.70898154 2.442347 -2.2537949 -2.2537949 -3.6888795 0.70710678 0.70710678 0 0
-0.6 0 -0.15 0 0 0 -0.28359262 -0.20914955 -0.10492927 2.442347 -2.2537949 -2.2537949 -3.6888795 0.70710678 0.70710678 0 0
-0.6 3 -0.15 0 0 0 -1.0634723 -0.95712508 -0.70898154 2.442347 -2.2537949 -2.2537949 -3.6888795 0.70710678 0.70710678 0 0
-0.6 0 0 0 0 0 -0.85077785 -0.80469405 -0.74017673 2.442347 -2.2537949 -2.2537949 -3.6888795 0.70710678 0.70710678 0 0
-0.6 3 0 0 0 0 -1.0634723 -0.95712508 -0.70898154 2.442347 -2.2537949 -2.2537949 -3.6888795 0.70710678 0.70710678 0 0
-0.6 0 0.15 0 0 0 -0.85077785 -0.80469405 -0.74017673 2.442347 -2.2537949 -2.2537949 -3.6888795 0.70710678 0.70710678 0 0
-0.6 3 0.15 0 0 0 -1.0634723 -0.95712508 -0.70898154 2.442347 -2.2537949 -2.2537949 -3.6888795 0.70710678 0.70710678 0 0
-0.6 0 0.3 0 0 0 -0.85077785 -0.80469405 -0.74017673 2.442347 -2.2537949 -2.2537949 -3.6888795 0.70710678 0.70710678 0 0
-0.6 3 0.3 0 0 0 -1.0634723 -0.95712508 -0.70898154 2.442347 -2.2537949 -2.2537949 -3.6888795 0.70710678 0.70710678 0 0
-0.6 0 0.45 0 0 0 -0.85077785 -0.80469405 -0.74017673 2.442347 -2.2537949 -2.2537949 -3.6888795 0.70710678 0.70710678 0 0
-0.6 3 0.45 0 0 0 -1.0634723 -0.95712508 -0.70898154 2.442347 -2.2537949 -2.2537949 -3.6888795 0.70710678 0.70710678 0 0
-0.6 0 0.6 0 0 0 -0.85077785 -0.80469405 -0.74017673 2.442347 -2.2537949 -2.2537949 -3.6888795 0.70710678 0.70710678 0 0
-0.6 3 0.6 0 0 0 -1.0634723 -0.95712508 -0.70898154 2.442347 -2.2537949 -2.2537949 -3.6888795 0.70710678 0.70710678 0 0
-0.6 0 0.75 0 0 0 -0.28359262 -0.20914955 -0.10492927 2.442347 -2.2537949 -2.2537949 -3.6888795 0.70710678 0.70710678 0 0
-0.6 3 0.75 0 0 0 -1.0634723 -0.95712508 -0.70898154 2.442347 -2.2537949 -2.2537949 -3.6888795 0.70710678 0.70710678 0 0
-0.6 0 0.9 0 0 0 -0.28359262 -0.20914955 -0.10492927 2.442347 -2.2537949 -2.2537949 -3.6888795 0.70710678 0.70710678 0 0
-0.6 3 0.9 0 0 0 -1.0634723 -0.95712508 -0.70898154 2.442347 -2.2537949 -2.2537949 -3.6888795 0.70710678 0.70710678 0 0
-0.6 0 1.05 0 0 0 -0.28359262 -0.20914955 -0.10492927 2.442347 -2.2537949 -2.2537949 -3.6888795 0.70710678 0.70710678 0 0
-0.6 3 1.05 0 0 0 -1.0634723 -0.95712508 -0.70898154 2.442347 -2.2537949 -2.2537949 -3.6888795 0.70710678 0.70710678 0 0
-0.6 0 1.2 0 0 0 -0.28359262 -0.20914955 -0.10492927 2.442347 -2.2537949 -2.2537949 -3.6888795 0.70710678 0.70710678 0 0
-0.6 3 1.2 0 0 0 -1.0634723 -0.95712508 -0.70898154 2.442347 -2.2537949 -2.2537949 -3.6888795 0.70710678 0.70710678 0 0
-0.6 0 1.35 0 0 0 -0.28359262 -0.20914955 -0.10492927 2.442347 -2.2537949 -2.2537949 -3.6888795 0.70710678 0.70710678 0 0
-0.6 3 1.35 0 0 0 -1.0634723 -0.95712508 -0.70898154 2.442347 -2.2537949 -2.2537949 -3.6888795 0.70710678 0.70710678 0 0
-0.6 0 1.5 0 0 0 -0.85077785 -0.80469405 -0.74017673 2.442347 -2.2537949 -2.2537949 -3.6888795 0.70710678 0.70710678 0 0
-0.6 3 1.5 0 0 0 -1.0634723 -0.95712508 -0.70898154 2.442347 -2.2537949 -2.2537949 -3.6888795 0.70710678 0.70710678 0 0
-0.6 0 1.65 0 0 0 -0.85077785 -0.80469405 -0.74017673 2.442347 -2.2537949 -2.2537949 -3.6888795 0.70710678 0.70710678 0 0
-0.6 3 1.65 0 0 0 -1.0634723 -0.95712508 -0.70898154 2.442347 -2.2537949 -2.2537949 -3.6888795 0.70710678 0.70710678 0 0
-0.6 0 1.8 0 0 0 -0.85077785 -0.80469405 -0.74017673 2.442347 -2.2537949 -2.2537949 -3.6888795 0.70710678 0.70710678 0 0
-0.6 3 1.8 0 0 0 -1.0634723 -0.95712508 -0.70898154 2.442347 -2.2537949 -2.2537949 -3.6888795 0.70710678 0.70710678 0 0
-0.6 0 1.95 0 0 0 -0.85077785 -0.80469405 -0.74017673 2.442347 -2.2537949 -2.2537949 -3.6888795 0.70710678 0.70710678 0 0
-0.6 3 1.95 0 0 0 -1.0634723 -0.95712508 -0.70898154 2.442347 -2.2537949 -2.2537949 -3.6888795 0.70710678 0.70710678 0 0
-0.6 0 2.1 0 0 0 -0.85077785 -0.80469405 -0.74017673 2.442347 -2.2537949 -2.2537949 -3.6888795 0.70710678 0.70710678 0 0
-0.6 3 2.1 0 0 0 -1.0634723 -0.95712508 -0.70898154 2.442347 -2.2537949 -2.2537949 -3.6888795 0.70710678 0.70710678 0 0
-0.6 0 2.25 0 0 0 -0.28359262 -0.20914955 -0.10492927 2.442347 -2.2537949 -2.2537949 -3.6888795 0.70710678 0.70710678 0 0
-0.6 3 2.25 0 0 0 -1.0634723 -0.95712508 -0.70898154 2.442347 -2.2537949 -2.2537949 -3.6888795 0.70710678 0.70710678 0 0
-0.6 0 2.4 0 0 0 -0.28359262 -0.20914955 -0.10492927 2.442347 -2.2537949 -2.2537949 -3.6888795 0.70710678 0.70710678 0 0
-0.6 3 2.4 0 0 0 -1.0634723 -0.95712508 -0.70898154 2.442347 -2.2537949 -2.2537949 -3.6888795 0.70710678 0.70710678 0 0
-0.6 0 2.55 0 0 0 -0.28359262 -0.20914955 -0.10492927 2.442347 -2.2537949 -2.2537949 -3.6888795 0.70710678 0.70710678 0 0
-0.6 3 2.55 0 0 0 -1.0634723 -0.95712508 -0.70898154 2.442347 -2.2537949 -2.2537949 -3.6888795 0.70710678 0.70710678 0 0
-0.6 0 2.7 0 0 0 -0.28359262 -0.20914955 -0.10492927 2.442347 -2.2537949 -2.2537949 -3.6888795 0.70710678 0.70710678 0 0
-0.6 3 2.7 0 0 0 -1.0634723 -0.95712508 -0.70898154 2.442347 -2.2537949 -2.2537949 -3.6888795 0.70710678 0.70710678 0 0
-0.6 0 2.85 0 0 0 -0.28359262 -0.20914955 -0.10492927 2.442347 -2.2537949 -2.2537949 -3.6888795 0.70710678 0.70710678 0 0
-0.6 3 2.85 0 0 0 -1.0634723 -0.95712508 -0.70898154 2.442347 -2.2537949 -2.2537949 -3.6888795 0.70710678 0.70710678 0 0
-0.6 0 3 0 0 0 -0.85077785 -0.80469405 -0.74017673 2.442347 -2.2537949 -2.2537949 -3.6888795 0.70710678 0.70710678 0 0
-0.6 3 3 0 0 0 -1.0634723 -0.95712508 -0.70898154 2.442347 -2.2537949 -2.2537949 -3.6888795 0.70710678 0.70710678 0 0
-0.6 0 -3 0 0 0 -1.1343705 -0.77987969 -0.56718523 2.442347 -2.2537949 -2.2537949 -3.6888795 1 0 0 0
-0.6 0 3 0 0 0 -0.56718523 -0.95712508 -1.1343705 2.442347 -2.2537949 -2.2537949 -3.6888795 1 0 0 0
-3 0 -0.6 0 0 0 -0.88622693 -0.99257416 -0.63808339 2.442347 -2.2537949 -2.2537949 -3.6888795 0.70710678 0 0.70710678 0
3 0 -0.6 0 0 0 -1.0280232 -0.70898154 -0.921676 2.442347 -2.2537949 -2.2537949 -3.6888795 0.70710678 0 0.70710678 0
-0.6 0.15 -3 0 0 0 -1.1343705 -0.77987969 -0.56718523 2.442347 -2.2537949 -2.2537949 -3.6888795 1 0 0 0
-0.6 0.15 3 0 0 0 -0.56718523 -0.95712508 -1.1343705 2.442347 -2.2537949 -2.2537949 -3.6888795 1 0 0 0
-3 0.15 -0.6 0 0 0 -0.88622693 -0.99257416 -0.63808339 2.442347 -2.2537949 -2.2537949 -3.6888795 0.70710678 0 0.70710678 0
3 0.15 -0.6 0 0 0 -1.0280232 -0.70898154 -0.921676 2.442347 -2.2537949 -2.2537949 -3.6888795 0.70710678 0 0.70710678 0
-0.6 0.3 -3 0 0 0 -1.1343705 -0.77987969 -0.56718523 2.442347 -2.2537949 -2.2537949 -3.6888795 1 0 0 0
-0.6 0.3 3 0 0 0 -0.56718523 -0.95712508 -1.1343705 2.442347 -2.2537949 -2.2537949 -3.6888795 1 0 0 0
-3 0.3 -0.6 0 0 0 -0.88622693 -0.99257416 -0.63808339 2.442347 -2.2537949 -2.2537949 -3.6888795 0.70710678 0 0.70710678 0
3 0.3 -0.6 0 0 0 -1.0280232 -0.70898154 -0.921676 2.442347 -2.2537949 -2.2537949 -3.6888795 0.70710678 0 0.70710678 0
-0.6 0.45 -3 0 0 0 -1.1343705 -0.77987969 -0.56718523 2.442347 -2.2537949 -2.2537949 -3.6888795 1 0 0 0
-0.6 0.45 3 0 0 0 -0.56718523 -0.95712508 -1.1343705 2.442347 -2.2537949 -2.2537949 -3.6888795 1 0 0 0
-3 0.45 -0.6 0 0 0 -0.88622693 -0.99257416 -0.63808339 2.442347 -2.2537949 -2.2537949 -3.6888795 0.70710678 0 0.70710678 0
3 0.45 -0.6 0 0 0 -1.0280232 -0.70898154 -0.921676 2.442347 -2.2537949 -2.2537949 -3.6888795 0.70710678 0 0.70710678 0
-0.6 0.6 -3 0 0 0 -1.1343705 -0.77987969 -0.56718523 2.442347 -2.2537949 -2.2537949 -3.6888795 1 0 0 0
-0.6 0.6 3 0 0 0 -0.56718523 -0.95712508 -1.1343705 2.442347 -2.2537949 -2.2537949 -3.6888795 1 0 0 0
-3 0.6 -0.6 0 0 0 -0.88622693 -0.99257416 -0.63808339 2.442347 -2.2537949 -2.2537949 -3.6888795 0.70710678 0 0.70710678 0
3 0.6 -0.6 0 0 0 -1.0280232 -0.70898154 -0.921676 2.442347 -2.2537949 -2.2537949 -3.6888795 0.70710678 0 0.70710678 0
-0.6 0.75 -3 0 0 0 -1.4888612 0.56718523 0.99257416 2.442347 -2.2537949 -2.2537949 -3.6888795 1 0 0 0
-0.6 0.75 3 0 0 0 1.4179631 -0.21269446 -1.3116158 2.442347 -2.2537949 -2.2537949 -3.6888795 1 0 0 0
-3 0.75 -0.6 0 0 0 -0.38993985 -0.88622693 0.460838 2.442347 -2.2537949 -2.2537949 -3.6888795 0.70710678 0 0.70710678 0
3 0.75 -0.6 0 0 0 -0.99257416 0.42538892 -0.38993985 2.442347 -2.2537949 -2.2537949 -3.6888795 0.70710678 0 0.70710678 0
-0.6 0.9 -3 0 0 0 -1.4888612 0.56718523 0.99257416 2.442347 -2.2537949 -2.2537949 -3.6888795 1 0 0 0
-0.6 0.9 3 0 0 0 1.4179631 -0.21269446 -1.3116158 2.442347 -2.2537949 -2.2537949 -3.6888795 1 0 0 0
-3 0.9 -0.6 0 0 0 -0.38993985 -0.88622693 0.460838 2.442347 -2.2537949 -2.2537949 -3.6888795 0.70710678 0 0.70710678 0
3 0.9 -0.6 0 0 0 -0.99257416 0.42538892 -0.38993985 2.442347 -2.2537949 -2.2537949 -3.6888795 0.70710678 0 0.70710678 0
-0.6 1.05 -3 0 0 0 -1.4888612 0.56718523 0.99257416 2.442347 -2.2537949 -2.2537949 -3.6888795 1 0 0 0
-0.6 1.05 3 0 0 0 1.4179631 -0.21269446 -1.3116158 2.442347 -2.2537949 -2.2537949 -3.6888795 1 0 0 0
-3 1.05 -0.6 0 0 0 -0.38993985 -0.88622693 0.460838 2.442347 -2.2537949 -2.2537949 -3.6888795 0.70710678 0 0.70710678 0
3 1.05 -0.6 0 0 0 -0.99257416 0.42538892 -0.38993985 2.442347 -2.2537949 -2.2537949 -3.6888795 0.70710678 0 0.70710678 0
-0.6 1.2 -3 0 0 0 -1.4888612 0.56718523 0.99257416 2.442347 -2.2537949 -2.2537949 -3.6888795 1 0 0 0
-0.6 1.2 3 0 0 0 1.4179631 -0.21269446 -1.3116158 2.442347 -2.2537949 -2.2537949 -3.6888795 1 0 0 0
-3 1.2 -0.6 0 0 0 -0.38993985 -0.88622693 0.460838 2.442347 -2.2537949 -2.2537949 -3.6888795 0.70710678 0 0.70710678 0
3 1.2 -0.6 0 0 0 -0.99257416 0.42538892 -0.38993985 2.442347 -2.2537949 -2.2537949 -3.6888795 0.70710678 0 0.70710678 0
-0.6 1.35 -3 0 0 0 -1.4888612 0.56718523 0.99257416 2.442347 -2.2537949 -2.2537949 -3.6888795 1 0 0 0
-0.6 1.35 3 0 0 0 1.4179631 -0.21269446 -1.3116158 2.442347 -2.2537949 -2.2537949 -3.6888795 1 0 0 0
-3 1.35 -0.6 0 0 0 -0.38993985 -0.88622693 0.460838 2.442347 -2.2537949 -2.2537949 -3.6888795 0.70710678 0 0.70710678 0
3 1.35 -0.6 0 0 0 -0.99257416 0.42538892 -0.38993985 2.442347 -2.2537949 -2.2537949 -3.6888795 0.70710678 0 0.70710678 0
-0.6 1.5 -3 0 0 0 -1.4888612 0.56718523 0.99257416 2.442347 -2.2537949 -2.2537949 -3.6888795 1 0 0 0
-0.6 1.5 3 0 0 0 1.4179631 -0.21269446 -1.3116158 2.442347 -2.2537949 -2.2537949 -3.6888795 1 0 0 0
-3 1.5 -0.6 0 0 0 -0.38993985 -0.88622693 0.460838 2.442347 -2.2537949 -2.2537949 -3.6888795 0.70710678 0 0.70710678 0
3 1.5 -0.6 0 0 0 -0.99257416 0.42538892 -0.38993985 2.442347 -2.2537949 -2.2537949 -3.6888795 0.70710678 0 0.70710678 0
-0.6 1.65 -3 0 0 0 -1.4888612 0.56718523 0.99257416 2.442347 -2.2537949 -2.2537949 -3.6888795 1 0 0 0
-0.6 1.65 3 0 0 0 1.4179631 -0.21269446 -1.3116158 2.442347 -2.2537949 -2.2537949 -3.6888795 1 0 0 0
-3 1.65 -0.6 0 0 0 -0.38993985 -0.88622693 0.460838 2.442347 -2.2537949 -2.2537949 -3.6888795 0.70710678 0 0.70710678 0
3 1.65 -0.6 0 0 0 -0.99257416 0.42538892 -0.38993985 2.442347 -2.2537949 -2.2537949 -3.6888795 0.70710678 0 0.70710678 0
-0.6 1.8 -3 0 0 0 -1.4888612 0.56718523 0.99257416 2.442347 -2.2537949 -2.2537949 -3.6888795 1 0 0 0
-0.6 1.8 3 0 0 0 1.4179631 -0.21269446 -1.3116158 2.442347 -2.2537949 -2.2537949 -3.6888795 1 0 0 0
-3 1.8 -0.6 0 0 0 -0.38993985 -0.88622693 0.460838 2.442347 -2.2537949 -2.2537949 -3.6888795 0.70710678 0 0.70710678 0
3 1.8 -0.6 0 0 0 -0.99257416 0.42538892 -0.38993985 2.442347 -2.2537949 -2.2537949 -3.6888795 0.70710678 0 0.70710678 0
-0.6 1.95 -3 0 0 0 -1.4888612 0.56718523 0.99257416 2.442347 -2.2537949 -2.2537949 -3.6888795 1 0 0 0
-0.6 1.95 3 0 0 0 1.4179631 -0.21269446 -1.3116158 2.442347 -2.2537949 -2.2537949 -3.6888795 1 0 0 0
-3 1.95 -0.6 0 0 0 -0.38993985 -0.88622693 0.460838 2.442347 -2.2537949 -2.2537949 -3.6888795 0.70710678 0 0.70710678 0
3 1.95 -0.6 0 0 0 -0.99257416 0.42538892 -0.38993985 2.442347 -2.2537949 -2.2537949 -3.6888795 0.70710678 0 0.70710678 0
-0.6 2.1 -3 0 0 0 -1.4888612 0.56718523 0.99257416 2.442347 -2.2537949 -2.2537949 -3.6888795 1 0 0 0
-0.6 2.1 3 0 0 0 1.4179631 -0.21269446 -1.3116158 2.442347 -2.2537949 -2.2537949 -3.6888795 1 0 0 0
-3 2.1 -0.6 0 0 0 -0.38993985 -0.88622693 0.460838 2.442347 -2.2537949 -2.2537949 -3.6888795 0.70710678 0 0.70710678 0
3 2.1 -0.6 0 0 0 -0.99257416 0.42538892 -0.38993985 2.442347 -2.2537949 -2.2537949 -3.6888795 0.70710678 0 0.70710678 0
-0.6 2.25 -3 0 0 0 -1.4888612 0.56718523 0.99257416 2.442347 -2.2537949 -2.2537949 -3.6888795 1 0 0 0
-0.6 2.25 3 0 0 0 1.4179631 -0.21269446 -1.3116158 2.442347 -2.2537949 -2.2537949 -3.6888795 1 0 0 0
-3 2.25 -0.6 0 0 0 -0.38993985 -0.88622693 0.460838 2.442347 -2.2537949 -2.2537949 -3.6888795 0.70710678 0 0.70710678 0
3 2.25 -0.6 0 0 0 -0.99257416 0.42538892 -0.38993985 2.442347 -2.2537949 -2.2537949 -3.6888795 0.70710678 0 0.70710678 0
-0.6 2.4 -3 0 0 0 -1.1343705 -0.77987969 -0.56718523 2.442347 -2.2537949 -2.2537949 -3.6888795 1 0 0 0
-0.6 2.4 3 0 0 0 -0.56718523 -0.95712508 -1.1343705 2.442347 -2.2537949 -2.2537949 -3.6888795 1 0 0 0
-3 2.4 -0.6 0 0 0 -0.88622693 -0.99257416 -0.63808339 2.442347 -2.2537949 -2.2537949 -3.6888795 0.70710678 0 0.70710678 0
3 2.4 -0.6 0 0 0 -1.0280232 -0.70898154 -0.921676 2.442347 -2.2537949 -2.2537949 -3.6888795 0.70710678 0 0.70710678 0
-0.6 2.55 -3 0 0 0 -1.1343705 -0.77987969 -0.56718523 2.442347 -2.2537949 -2.2537949 -3.6888795 1 0 0 0
-0.6 2.55 3 0 0 0 -0.56718523 -0.95712508 -1.1343705 2.442347 -2.2537949 -2.2537949 -3.6888795 1 0 0 0
-3 2.55 -0.6 0 0 0 -0.88622693 -0.99257416 -0.63808339 2.442347 -2.2537949 -2.2537949 -3.6888795 0.70710678 0 0.70710678 0
3 2.55 -0.6 0 0 0 -1.0280232 -0.70898154 -0.921676 2.442347 -2.2537949 -2.2537949 -3.6888795 0.70710678 0 0.70710678 0
-0.6 2.7 -3 0 0 0 -1.1343705 -0.77987969 -0.56718523 2.442347 -2.2537949 -2.2537949 -3.6888795 1 0 0 0
-0.6 2.7 3 0 0 0 -0.56718523 -0.95712508 -1.1343705 2.442347 -2.2537949 -2.2537949 -3.6888795 1 0 0 0
-3 2.7 -0.6 0 0 0 -0.88622693 -0.99257416 -0.63808339 2.442347 -2.2537949 -2.2537949 -3.6888795 0.70710678 0 0.70710678 0
3 2.7 -0.6 0 0 0 -1.0280232 -0.70898154 -0.921676 2.442347 -2.2537949 -2.2537949 -3.6888795 0.70710678 0 0.70710678 0
-0.6 2.85 -3 0 0 0 -1.1343705 -0.77987969 -0.56718523 2.442347 -2.2537949 -2.2537949 -3.6888795 1 0 0 0
-0.6 2.85 3 0 0 0 -0.56718523 -0.95712508 -1.1343705 2.442347 -2.2537949 -2.2537949 -3.6888795 1 0 0 0
-3 2.85 -0.6 0 0 0 -0.88622693 -0.99257416 -0.63808339 2.442347 -2.2537949 -2.2537949 -3.6888795 0.70710678 0 0.70710678 0
3 2.85 -0.6 0 0 0 -1.0280232 -0.70898154 -0.921676 2.442347 -2.2537949 -2.2537949 -3.6888795 0.70710678 0 0.70710678 0
-0.6 3 -3 0 0 0 -1.1343705 -0.77987969 -0.56718523 2.442347 -2.2537949 -2.2537949 -3.6888795 1 0 0 0
-0.6 3 3 0 0 0 -0.56718523 -0.95712508 -1.1343705 2.442347 -2.2537949 -2.2537949 -3.6888795 1 0 0 0
-3 3 -0.6 0 0 0 -0.88622693 -0.99257416 -0.63808339 2.442347 -2.2537949 -2.2537949 -3.6888795 0.70710678 0 0.70710678 0
3 3 -0.6 0 0 0 -1.0280232 -0.70898154 -0.921676 2.442347 -2.2537949 -2.2537949 -3.6888795 0.70710678 0 0.70710678 0
-0.45 0 -3 0 0 0 -0.85077785 -0.80469405 -0.74017673 2.442347 -2.2537949 -2.2537949 -3.6888795 0.70710678 0.70710678 0 0
-0.45 3 -3 0 0 0 -1.0634723 -0.95712508 -0.70898154 2.442347 -2.2537949 -2.2537949 -3.6888795 0.70710678 0.70710678 0 0
-0.45 0 -2.85 0 0 0 -0.85077785 -0.80469405 -0.74017673 2.442347 -2.2537949 -2.2537949 -3.6888795 0.70710678 0.70710678 0 0
-0.45 3 -2.85 0 0 0 -1.0634723 -0.95712508 -0.70898154 2.442347 -2.2537949 -2.2537949 -3.6888795 0.70710678 0.70710678 0 0
-0.45 0 -2.7 0 0 0 -0.85077785 -0.80469405 -0.74017673 2.442347 -2.2537949 -2.2537949 -3.6888795 0.70710678 0.70710678 0 0
-0.45 3 -2.7 0 0 0 -1.0634723 -0.95712508 -0.70898154 2.442347 -2.2537949 -2.2537949 -3.6888795 0.70710678 0.70710678 0 0
-0.45 0 -2.55 0 0 0 -0.85077785 -0.80469405 -0.74017673 2.442347 -2.2537949 -2.2537949 -3.6888795 0.70710678 0.70710678 0 0
-0.45 3 -2.55 0 0 0 -1.0634723 -0.95712508 -0.70898154 2.442347 -2.2537949 -2.2537949 -3.6888795 0.70710678 0.70710678 0 0
-0.45 0 -2.4 0 0 0 -0.85077785 -0.80469405 -0.74017673 2.442347 -2.2537949 -2.2537949 -3.6888795 0.70710678 0.70710678 0 0
-0.45 3 -2.4 0 0 0 -1.0634723 -0.95712508 -0.70898154 2.442347 -2.2537949 -2.2537949 -3.6888795 0.70710678 0.70710678 0 0
-0.45 0 -2.25 0 0 0 -0.28359262 -0.20914955 -0.10492927 2.442347 -2.2537949 -2.2537949 -3.6888795 0.70710678 0.70710678 0 0
-0.45 3 -2.25 0 0 0 -1.0634723 -0.95712508 -0.70898154 2.442347 -2.2537949 -2.2537949 -3.6888795 0.70710678 0.70710678 0 0
-0.45 0 -2.1 0 0 0 -0.28359262 -0.20914955 -0.10492927 2.442347 -2.2537949 -2.2537949 -3.6888795 0.70710678 0.70710678 0 0
-0.45 3 -2.1 0 0 0 -1.0634723 -0.95712508 -0.70898154 2.442347 -2.2537949 -2.2537949 -3.6888795 0.70710678 0.70710678 0 0
-0.45 0 -1.95 0 0 0 -0.28359262 -0.20914955 -0.10492927 2.442347 -2.2537949 -2.2537949 -3.6888795 0.70710678 0.70710678 0 0
-0.45 3 -1.95 0 0 0 -1.0634723 -0.95712508 -0.70898154 2.442347 -2.2537949 -2.2537949 -3.6888795 0.70710678 0.70710678 0 0
-0.45 0 -1.8 0 0 0 -0.28359262 -0.20914955 -0.10492927 2.442347 -2.2537949 -2.2537949 -3.6888795 0.70710678 0.70710678 0 0
-0.45 3 -1.8 0 0 0 -1.0634723 -0.95712508 -0.70898154 2.442347 -2.2537949 -2.2537949 -3.6888795 0.70710678 0.70710678 0 0
-0.45 0 -1.65 0 0 0 -0.28359262 -0.20914955 -0.10492927 2.442347 -2.2537949 -2.2537949 -3.6888795 0.70710678 0.70710678 0 0
-0.45 3 -1.65 0 0 0 -1.0634723 -0.95712508 -0.70898154 2.442347 -2.2537949 -2.2537949 -3.6888795 0.70710678 0.70710678 0 0
-0.45 0 -1.5 0 0 0 -0.85077785 -0.80469405 -0.74017673 2.442347 -2.2537949 -2.2537949 -3.6888795 0.70710678 0.70710678 0 0
-0.45 3 -1.5 0 0 0 -1.0634723 -0.95712508 -0.70898154 2.442347 -2.2537949 -2.2537949 -3.6888795 0.70710678 0.70710678 0 0
-0.45 0 -1.35 0 0 0 -0.85077785 -0.80469405 -0.74017673 2.442347 -2.2537949 -2.2537949 -3.6888795 0.70710678 0.70710678 0 0
-0.45 3 -1.35 0 0 0 -1.0634723 -0.95712508 -0.70898154 2.442347 -2.2537949 -2.2537949 -3.6888795 0.70710678 0.70710678 0 0
-0.45 0 -1.2 0 0 0 -0.85077785 -0.80469405 -0.74017673 2.442347 -2.2537949 -2.2537949 -3.6888795 0.70710678 0.70710678 0 0
-0.45 3 -1.2 0 0 0 -1.0634723 -0.95712508 -0.70898154 2.442347 -2.2537949 -2.2537949 -3.6888795 0.70710678 0.70710678 0 0
-0.45 0 -1.05 0 0 0 -0.85077785 -0.80469405 -0.74017673 2.442347 -2.2537949 -2.2537949 -3.6888795 0.70710678 0.70710678 0 0
-0.45 3 -1.05 0 0 0 -1.0634723 -0.95712508 -0.70898154 2.442347 -2.2537949 -2.2537949 -3.6888795 0.70710678 0.70710678 0 0
-0.45 0 -0.9 0 0 0 -0.85077785 -0.80469405 -0.74017673 2.442347 -2.2537949 -2.2537949 -3.6888795 0.70710678 0.70710678 0 0
-0.45 3 -0.9 0 0 0 -1.0634723 -0.95712508 -0.70898154 2.442347 -2.2537949 -2.2537949 -3.6888795 0.70710678 0.70710678 0 0
-0.45 0 -0.75 0 0 0 -0.28359262 -0.20914955 -0.10492927 2.442347 -2.2537949 -2.2537949 -3.6888795 0.70710678 0.70710678 0 0
-0.45 3 -0.75 0 0 0 -1.0634723 -0.95712508 -0.70898154 2.442347 -2.2537949 -2.2537949 -3.6888795 0.70710678 0.70710678 0 0
-0.45 0 -0.6 0 0 0 -0.28359262 -0.20914955 -0.10492927 2.442347 -2.2537949 -2.2537949 -3.6888795 0.70710678 0.70710678 0 0
-0.45 3 -0.6 0 0 0 -1.0634723 -0.95712508 -0.70898154 2.442347 -2.2537949 -2.2537949 -3.6888795 0.70710678 0.70710678 0 0
-0.45 0 -0.45 0 0 0 -0.28359262 -0.20914955 -0.10492927 2.442347 -2.2537949 -2.2537949 -3.6888795 0.70710678 0.70710678 0 0
-0.45 3 -0.45 0 0 0 -1.0634723 -0.95712508 -0.70898154 2.442347 -2.2537949 -2.2537949 -3.6888795 0.70710678 0.70710678 0 0
-0.45 0 -0.3 0 0 0 -0.28359262 -0.20914955 -0.10492927 2.442347 -2.2537949 -2.2537949 -3.6888795 0.70710678 0.70710678 0 0
-0.45 3 -0.3 0 0 0 -1.0634723 -0.95712508 -0.70898154 2.442347 -2.2537949 -2.2537949 -3.6888795 0.70710678 0.70710678 0 0
-0.45 0 -0.15 0 0 0 -0.28359262 -0.20914955 -0.10492927 2.442347 -2.2537949 -2.2537949 -3.6888795 0.70710678 0.70710678 0 0
-0.45 3 -0.15 0 0 0 -1.0634723 -0.95712508 -0.70898154 2.442347 -2.2537949 -2.2537949 -3.6888795 0.70710678 0.70710678 0 0
-0.45 0 0 0 0 0 -0.85077785 -0.80469405 -0.74017673 2.442347 -2.2537949 -2.2537949 -3.6888795 0.70710678 0.70710678 0 0
-0.45 3 0 0 0 0 -1.0634723 -0.95712508 -0.70898154 2.442347 -2.2537949 -2.2537949 -3.6888795 0.70710678 0.70710678 0 0
-0.45 0 0.15 0 0 0 -0.85077785 -0.80469405 -0.74017673 2.442347 -2.2537949 -2.2537949 -3.6888795 0.70710678 0.70710678 0 0
-0.45 3 0.15 0 0 0 -1.0634723 -0.95712508 -0.70898154 2.442347 -2.2537949 -2.2537949 -3.6888795 0.70710678 0.70710678 0 0
-0.45 0 0.3 0 0 0 -0.85077785 -0.80469405 -0.74017673 2.442347 -2.2537949 -2.2537949 -3.6888795 0.70710678 0.70710678 0 0
-0.45 3 0.3 0 0 0 -1.0634723 -0.95712508 -0.70898154 2.442347 -2.2537949 -2.2537949 -3.6888795 0.70710678 0.70710678 0 0
-0.45 0 0.45 0 0 0 -0.85077785 -0.80469405 -0.74017673 2.442347 -2.2537949 -2.2537949 -3.6888795 0.70710678 0.70710678 0 0
-0.45 3 0.45 0 0 0 -1.0634723 -0.95712508 -0.70898154 2.442347 -2.2537949 -2.2537949 -3.6888795 0.70710678 0.70710678 0 0
-0.45 0 0.6 0 0 0 -0.85077785 -0.80469405 -0.74017673 2.442347 -2.2537949 -2.2537949 -3.6888795 0.70710678 0.70710678 0 0
-0.45 3 0.6 0 0 0 -1.0634723 -0.95712508 -0.70898154 2.442347 -2.2537949 -2.2537949 -3.6888795 0.70710678 0.70710678 0 0
-0.45 0 0.75 0 0 0 -0.28359262 -0.20914955 -0.10492927 2.442347 -2.2537949 -2.2537949 -3.6888795 0.70710678 0.70710678 0 0
-0.45 3 0.75 0 0 0 -1.0634723 -0.95712508 -0.70898154 2.442347 -2.2537949 -2.2537949 -3.6888795 0.70710678 0.70710678 0 0
-0.45 0 0.9 0 0 0 -0.28359262 -0.20914955 -0.10492927 2.442347 -2.2537949 -2.2537949 -3.6888795 0.70710678 0.70710678 0 0
-0.45 3 0.9 0 0 0 -1.0634723 -0.95712508 -0.70898154 2.442347 -2.2537949 -2.2537949 -3.6888795 0.70710678 0.70710678 0 0
-0.45 0 1.05 0 0 0 -0.28359262 -0.20914955 -0.10492927 2.442347 -2.2537949 -2.2537949 -3.6888795 0.70710678 0.70710678 0 0
-0.45 3 1.05 0 0 0 -1.0634723 -0.95712508 -0.70898154 2.442347 -2.2537949 -2.2537949 -3.6888795 0.70710678 0.70710678 0 0
-0.45 0 1.2 0 0 0 -0.28359262 -0.20914955 -0.10492927 2.442347 -2.2537949 -2.2537949 -3.6888795 0.70710678 0.70710678 0 0
-0.45 3 1.2 0 0 0 -1.0634723 -0.95712508 -0.70898154 2.442347 -2.2537949 -2.2537949 -3.6888795 0.70710678 0.70710678 0 0
-0.45 0 1.35 0 0 0 -0.28359262 -0.20914955 -0.10492927 2.442347 -2.2537949 -2.2537949 -3.6888795 0.70710678 0.70710678 0 0
-0.45 3 1.35 0 0 0 -1.0634723 -0.95712508 -0.70898154 2.442347 -2.2537949 -2.2537949 -3.6888795 0.70710678 0.70710678 0 0
-0.45 0 1.5 0 0 0 -0.85077785 -0.80469405 -0.74017673 2.442347 -2.2537949 -2.2537949 -3.6888795 0.70710678 0.70710678 0 0
-0.45 3 1.5 0 0 0 -1.0634723 -0.95712508 -0.70898154 2.442347 -2.2537949 -2.2537949 -3.6888795 0.70710678 0.70710678 0 0
-0.45 0 1.65 0 0 0 -0.85077785 -0.80469405 -0.74017673 2.442347 -2.2537949 -2.2537949 -3.6888795 0.70710678 0.70710678 0 0
-0.45 3 1.65 0 0 0 -1.0634723 -0.95712508 -0.70898154 2.442347 -2.2537949 -2.2537949 -3.6888795 0.70710678 0.70710678 0 0
-0.45 0 1.8 0 0 0 -0.85077785 -0.80469405 -0.74017673 2.442347 -2.2537949 -2.2537949 -3.6888795 0.70710678 0.70710678 0 0
-0.45 3 1.8 0 0 0 -1.0634723 -0.95712508 -0.70898154 2.442347 -2.2537949 -2.2537949 -3.6888795 0.70710678 0.70710678 0 0
-0.45 0 1.95 0 0 0 -0.85077785 -0.80469405 -0.74017673 2.442347 -2.2537949 -2.2537949 -3.6888795 0.70710678 0.70710678 0 0
-0.45 3 1.95 0 0 0 -1.0634723 -0.95712508 -0.70898154 2.442347 -2.2537949 -2.2537949 -3.6888795 0.70710678 0.70710678 0 0
-0.45 0 2.1 0 0 0 -0.85077785 -0.80469405 -0.74017673 2.442347 -2.2537949 -2.2537949 -3.6888795 0.70710678 0.70710678 0 0
-0.45 3 2.1 0 0 0 -1.0634723 -0.95712508 -0.70898154 2.442347 -2.2537949 -2.2537949 -3.6888795 0.70710678 0.70710678 0 0
-0.45 0 2.25 0 0 0 -0.28359262 -0.20914955 -0.10492927 2.442347 -2.2537949 -2.2537949 -3.6888795 0.70710678 0.70710678 0 0
-0.45 3 2.25 0 0 0 -1.0634723 -0.95712508 -0.70898154 2.442347 -2.2537949 -2.2537949 -3.6888795 0.70710678 0.70710678 0 0
-0.45 0 2.4 0 0 0 -0.28359262 -0.20914955 -0.10492927 2.442347 -2.2537949 -2.2537949 -3.6888795 0.70710678 0.70710678 0 0
-0.45 3 2.4 0 0 0 -1.0634723 -0.95712508 -0.70898154 2.442347 -2.2537949 -2.2537949 -3.6888795 0.70710678 0.70710678 0 0
-0.45 0 2.55 0 0 0 -0.28359262 -0.20914955 -0.10492927 2.442347 -2.2537949 -2.2537949 -3.6888795 0.70710678 0.70710678 0 0
-0.45 3 2.55 0 0 0 -1.0634723 -0.95712508 -0.70898154 2.442347 -2.2537949 -2.2537949 -3.6888795 0.70710678 0.70710678 0 0
-0.45 0 2.7 0 0 0 -0.28359262 -0.20914955 -0.10492927 2.442347 -2.2537949 -2.2537949 -3.6888795 0.70710678 0.70710678 0 0
-0.45 3 2.7 0 0 0 -1.0634723 -0.95712508 -0.70898154 2.442347 -2.2537949 -2.2537949 -3.6888795 0.70710678 0.70710678 0 0
-0.45 0 2.85 0 0 0 -0.28359262 -0.20914955 -0.10492927 2.442347 -2.2537949 -2.2537949 -3.6888795 0.70710678 0.70710678 0 0
-0.45 3 2.85 0 0 0 -1.0634723 -0.95712508 -0.70898154 2.442347 -2.2537949 -2.2537949 -3.6888795 0.70710678 0.70710678 0 0
-0.45 0 3 0 0 0 -0.85077785 -0.80469405 -0.74017673 2.442347 -2.2537949 -2.2537949 -3.6888795 0.70710678 0.70710678 0 0
-0.45 3 3 0 0 0 -1.0634723 -0.95712508 -0.70898154 2.442347 -2.2537949 -2.2537949 -3.6888795 0.70710678 0.70710678 0 0
-0.45 0 -3 0 0 0 -1.1343705 -0.77987969 -0.56718523 2.442347 -2.2537949 -2.2537949 -3.6888795 1 0 0 0
-0.45 0 3 0 0 0 -0.56718523 -0.95712508 -1.1343705 2.442347 -2.2537949 -2.2537949 -3.6888795 1 0 0 0
-3 0 -0.45 0 0 0 -0.88622693 -0.99257416 -0.63808339 2.442347 -2.2537949 -2.2537949 -3.6888795 0.70710678 0 0.70710678 0
3 0 -0.45 0 0 0 -1.0280232 -0.70898154 -0.921676 2.442347 -2.2537949 -2.2537949 -3.6888795 0.70710678 0 0.70710678 0
-0.45 0.15 -3 0 0 0 -1.1343705 -0.77987969 -0.56718523 2.442347 -2.2537949 -2.2537949 -3.6888795 1 0 0 0
-0.45 0.15 3 0 0 0 -0.56718523 -0.95712508 -1.1343705 2.442347 -2.2537949 -2.2537949 -3.6888795 1 0 0 0
-3 0.15 -0.45 0 0 0 -0.88622693 -0.99257416 -0.63808339 2.442347 -2.2537949 -2.2537949 -3.6888795 0.70710678 0 0.70710678 0
3 0.15 -0.45 0 0 0 -1.0280232 -0.70898154 -0.921676 2.442347 -2.2537949 -2.2537949 -3.6888795 0.70710678 0 0.70710678 0
-0.45 0.3 -3 0 0 0 -1.1343705 -0.77987969 -0.56718523 2.442347 -2.2537949 -2.2537949 -3.6888795 1 0 0 0
-0.45 0.3 3 0 0 0 -0.56718523 -0.95712508 -1.1343705 2.442347 -2.2537949 -2.2537949 -3.6888795 1 0 0 0
-3 0.3 -0.45 0 0 0 -0.88622693 -0.99257416 -0.63808339 2.442347 -2.2537949 -2.2537949 -3.6888795 0.70710678 0 0.70710678 0
3 0.3 -0.45 0 0 0 -1.0280232 -0.70898154 -0.921676 2.442347 -2.2537949 -2.2537949 -3.6888795 0.70710678 0 0.70710678 0
-0.45 0.45 -3 0 0 0 -1.1343705 -0.77987969 -0.56718523 2.442347 -2.2537949 -2.2537949 -3.6888795 1 0 0 0
-0.45 0.45 3 0 0 0 -0.56718523 -0.95712508 -1.1343705 2.442347 -2.2537949 -2.2537949 -3.6888795 1 0 0 0
-3 0.45 -0.45 0 0 0 -0.88622693 -0.99257416 -0.63808339 2.442347 -2.2537949 -2.2537949 -3.6888795 0.70710678 0 0.70710678 0
3 0.45 -0.45 0 0 0 -1.0280232 -0.70898154 -0.921676 2.442347 -2.2537949 -2.2537949 -3.6888795 0.70710678 0 0.70710678 0
-0.45 0.6 -3 0 0 0 -1.1343705 -0.77987969 -0.56718523 2.442347 -2.2537949 -2.2537949 -3.6888795 1 0 0 0
-0.45 0.6 3 0 0 0 -0.56718523 -0.95712508 -1.1343705 2.442347 -2.2537949 -2.2537949 -3.6888795 1 0 0 0
-3 0.6 -0.45 0 0 0 -0.88622693 -0.99257416 -0.63808339 2.442347 -2.2537949 -2.2537949 -3.6888795 0.70710678 0 0.70710678 0
3 0.6 -0.45 0 0 0 -1.0280232 -0.70898154 -0.921676 2.442347 -2.2537949 -2.2537949 -3.6888795 0.70710678 0 0.70710678 0
-0.45 0.75 -3 0 0 0 -1.4888612 0.56718523 0.99257416 2.442347 -2.2537949 -2.2537949 -3.6888795 1 0 0 0
-0.45 0.75 3 0 0 0 1.4179631 -0.21269446 -1.3116158 2.442347 -2.2537949 -2.2537949 -3.6888795 1 0 0 0
-3 0.75 -0.45 0 0 0 -0.38993985 -0.88622693 0.460838 2.442347 -2.2537949 -2.2537949 -3.6888795 0.70710678 0 0.70710678 0
3 0.75 -0.45 0 0 0 -0.99257416 0.42538892 -0.38993985 2.442347 -2.2537949 -2.2537949 -3.6888795 0.70710678 0 0.70710678 0
-0.45 0.9 -3 0 0 0 -1.4888612 0.56718523 0.99257416 2.442347 -2.2537949 -2.2537949 -3.6888795 1 0 0 0
-0.45 0.9 3 0 0 0 1.4179631 -0.21269446 -1.3116158 2.442347 -2.2537949 -2.2537949 -3.6888795 1 0 0 0
-3 0.9 -0.45 0 0 0 -0.38993985 -0.88622693 0.460838 2.442347 -2.2537949 -2.2537949 -3.6888795 0.70710678 0 0.70710678 0
3 0.9 -0.45 0 0 0 -0.99257416 0.42538892 -0.38993985 2.442347 -2.2537949 -2.2537949 -3.6888795 0.70710678 0 0.70710678 0
-0.45 1.05 -3 0 0 0 -1.4888612 0.56718523 0.99257416 2.442347 -2.2537949 -2.2537949 -3.6888795 1 0 0 0
-0.45 1.05 3 0 0 0 1.4179631 -0.21269446 -1.3116158 2.442347 -2.2537949 -2.2537949 -3.6888795 1 0 0 0
-3 1.05 -0.45 0 0 0 -0.38993985 -0.88622693 0.460838 2.442347 -2.2537949 -2.2537949 -3.6888795 0.70710678 0 0.70710678 0
3 1.05 -0.45 0 0 0 -0.99257416 0.42538892 -0.38993985 2.442347 -2.2537949 -2.2537949 -3.6888795 0.70710678 0 0.70710678 0
-0.45 1.2 -3 0 0 0 -1.4888612 0.56718523 0.99257416 2.442347 -2.2537949 -2.2537949 -3.6888795 1 0 0 0
-0.45 1.2 3 0 0 0 1.4179631 -0.21269446 -1.3116158 2.442347 -2.2537949 -2.2537949 -3.6888795 1 0 0 0
-3 1.2 -0.45 0 0 0 -0.38993985 -0.88622693 0.460838 2.442347 -2.2537949 -2.2537949 -3.6888795 0.70710678 0 0.70710678 0
3 1.2 -0.45 0 0 0 -0.99257416 0.42538892 -0.38993985 2.442347 -2.2537949 -2.2537949 -3.6888795 0.70710678 0 0.70710678 0
-0.45 1.35 -3 0 0 0 -1.4888612 0.56718523 0.99257416 2.442347 -2.2537949 -2.2537949 -3.6888795 1 0 0 0
-0.45 1.35 3 0 0 0 1.4179631 -0.21269446 -1.3116158 2.442347 -2.2537949 -2.2537949 -3.6888795 1 0 0 0
-3 1.35 -0.45 0 0 0 -0.38993985 -0.88622693 0.460838 2.442347 -2.2537949 -2.2537949 -3.6888795 0.70710678 0 0.70710678 0
3 1.35 -0.45 0 0 0 -0.99257416 0.42538892 -0.38993985 2.442347 -2.2537949 -2.2537949 -3.6888795 0.70710678 0 0.70710678 0
-0.45 1.5 -3 0 0 0 -1.4888612 0.56718523 0.99257416 2.442347 -2.2537949 -2.2537949 -3.6888795 1 0 0 0
-0.45 1.5 3 0 0 0 1.4179631 -0.21269446 -1.3116158 2.442347 -2.2537949 -2.2537949 -3.6888795 1 0 0 0
-3 1.5 -0.45 0 0 0 -0.38993985 -0.88622693 0.460838 2.442347 -2.2537949 -2.2537949 -3.6888795 0.70710678 0 0.70710678 0
3 1.5 -0.45 0 0 0 -0.99257416 0.42538892 -0.38993985 2.442347 -2.2537949 -2.2537949 -3.6888795 0.70710678 0 0.70710678 0
-0.45 1.65 -3 0 0 0 -1.4888612 0.56718523 0.99257416 2.442347 -2.2537949 -2.2537949 -3.6888795 1 0 0 0
-0.45 1.65 3 0 0 0 1.4179631 -0.21269446 -1.3116158 2.442347 -2.2537949 -2.2537949 -3.6888795 1 0 0 0
-3 1.65 -0.45 0 0 0 -0.38993985 -0.88622693 0.460838 2.442347 -2.2537949 -2.2537949 -3.6888795 0.70710678 0 0.70710678 0
3 1.65 -0.45 0 0 0 -0.99257416 0.42538892 -0.38993985 2.442347 -2.2537949 -2.2537949 -3.6888795 0.70710678 0 0.70710678 0
-0.45 1.8 -3 0 0 0 -1.4888612 0.56718523 0.99257416 2.442347 -2.2537949 -2.2537949 -3.6888795 1 0 0 0
-0.45 1.8 3 0 0 0 1.4179631 -0.21269446 -1.3116158 2.442347 -2.2537949 -2.2537949 -3.6888795 1 0 0 0
-3 1.8 -0.45 0 0 0 -0.38993985 -0.88622693 0.460838 2.442347 -2.2537949 -2.2537949 -3.6888795 0.70710678 0 0.70710678 0
3 1.8 -0.45 0 0 0 -0.99257416 0.42538892 -0.38993985 2.442347 -2.2537949 -2.2537949 -3.6888795 0.70710678 0 0.70710678 0
-0.45 1.95 -3 0 0 0 -1.4888612 0.56718523 0.99257416 2.442347 -2.2537949 -2.2537949 -3.6888795 1 0 0 0
-0.45 1.95 3 0 0 0 1.4179631 -0.21269446 -1.3116158 2.442347 -2.2537949 -2.2537949 -3.6888795 1 0 0 0
-3 1.95 -0.45 0 0 0 -0.38993985 -0.88622693 0.460838 2.442347 -2.2537949 -2.2537949 -3.6888795 0.70710678 0 0.70710678 0
3 1.95 -0.45 0 0 0 -0.99257416 0.42538892 -0.38993985 2.442347 -2.2537949 -2.2537949 -3.6888795 0.70710678 0 0.70710678 0
-0.45 2.1 -3 0 0 0 -1.4888612 0.56718523 0.99257416 2.442347 -2.2537949 -2.2537949 -3.6888795 1 0 0 0
-0.45 2.1 3 0 0 0 1.4179631 -0.21269446 -1.3116158 2.442347 -2.2537949 -2.2537949 -3.6888795 1 0 0 0
-3 2.1 -0.45 0 0 0 -0.38993985 -0.88622693 0.460838 2.442347 -2.2537949 -2.2537949 -3.6888795 0.70710678 0 0.70710678 0
3 2.1 -0.45 0 0 0 -0.99257416 0.42538892 -0.38993985 2.442347 -2.2537949 -2.2537949 -3.6888795 0.70710678 0 0.70710678 0
-0.45 2.25 -3 0 0 0 -1.4888612 0.56718523 0.99257416 2.442347 -2.2537949 -2.2537949 -3.6888795 1 0 0 0
-0.45 2.25 3 0 0 0 1.4179631 -0.21269446 -1.3116158 2.442347 -2.2537949 -2.2537949 -3.6888795 1 0 0 0
-3 2.25 -0.45 0 0 0 -0.38993985 -0.88622693 0.460838 2.442347 -2.2537949 -2.2537949 -3.6888795 0.70710678 0 0.70710678 0
3 2.25 -0.45 0 0 0 -0.99257416 0.42538892 -0.38993985 2.442347 -2.2537949 -2.2537949 -3.6888795 0.70710678 0 0.70710678 0
-0.45 2.4 -3 0 0 0 -1.1343705 -0.77987969 -0.56718523 2.442347 -2.2537949 -2.2537949 -3.6888795 1 0 0 0
-0.45 2.4 3 0 0 0 -0.56718523 -0.95712508 -1.1343705 2.442347 -2.2537949 -2.2537949 -3.6888795 1 0 0 0
-3 2.4 -0.45 0 0 0 -0.88622693 -0.99257416 -0.63808339 2.442347 -2.2537949 -2.2537949 -3.6888795 0.70710678 0 0.70710678 0
3 2.4 -0.45 0 0 0 -1.0280232 -0.70898154 -0.921676 2.442347 -2.2537949 -2.2537949 -3.6888795 0.70710678 0 0.70710678 0
-0.45 2.55 -3 0 0 0 -1.1343705 -0.77987969 -0.56718523 2.442347 -2.2537949 -2.2537949 -3.6888795 1 0 0 0
-0.45 2.55 3 0 0 0 -0.56718523 -0.95712508 -1.1343705 2.442347 -2.2537949 -2.2537949 -3.6888795 1 0 0 0
-3 2.55 -0.45 0 0 0 -0.88622693 -0.99257416 -0.63808339 2.442347 -2.2537949 -2.2537949 -3.6888795 0.70710678 0 0.70710678 0
3 2.55 -0.45 0 0 0 -1.0280232 -0.70898154 -0.921676 2.442347 -2.2537949 -2.2537949 -3.6888795 0.70710678 0 0.70710678 0
-0.45 2.7 -3 0 0 0 -1.1343705 -0.77987969 -0.56718523 2.442347 -2.2537949 -2.2537949 -3.6888795 1 0 0 0
-0.45 2.7 3 0 0 0 -0.56718523 -0.95712508 -1.1343705 2.442347 -2.2537949 -2.2537949 -3.6888795 1 0 0 0
-3 2.7 -0.45 0 0 0 -0.88622693 -0.99257416 -0.63808339 2.442347 -2.2537949 -2.2537949 -3.6888795 0.70710678 0 0.70710678 0
3 2.7 -0.45 0 0 0 -1.0280232 -0.70898154 -0.921676 2.442347 -2.2537949 -2.2537949 -3.6888795 0.70710678 0 0.70710678 0
-0.45 2.85 -3 0 0 0 -1.1343705 -0.77987969 -0.56718523 2.442347 -2.2537949 -2.2537949 -3.6888795 1 0 0 0
-0.45 2.85 3 0 0 0 -0.56718523 -0.95712508 -1.1343705 2.442347 -2.2537949 -2.2537949 -3.6888795 1 0 0 0
-3 2.85 -0.45 0 0 0 -0.88622693 -0.99257416 -0.63808339 2.442347 -2.2537949 -2.2537949 -3.6888795 0.70710678 0 0.70710678 0
3 2.85 -0.45 0 0 0 -1.0280232 -0.70898154 -0.921676 2.442347 -2.2537949 -2.2537949 -3.6888795 0.70710678 0 0.70710678 0
-0.45 3 -3 0 0 0 -1.1343705 -0.77987969 -0.56718523 2.442347 -2.2537949 -2.2537949 -3.6888795 1 0 0 0
-0.45 3 3 0 0 0 -0.56718523 -0.95712508 -1.1343705 2.442347 -2.2537949 -2.2537949 -3.6888795 1 0 0 0
-3 3 -0.45 0 0 0 -0.88622693 -0.99257416 -0.63808339 2.442347 -2.2537949 -2.2537949 -3.6888795 0.70710678 0 0.70710678 0
3 3 -0.45 0 0 0 -1.0280232 -0.70898154 -0.921676 2.442347 -2.2537949 -2.2537949 -3.6888795 0.70710678 0 0.70710678 0
-0.3 0 -3 0 0 0 -0.85077785 -0.80469405 -0.74017673 2.442347 -2.2537949 -2.2537949 -3.6888795 0.70710678 0.70710678 0 0
-0.3 3 -3 0 0 0 -1.0634723 -0.95712508 -0.70898154 2.442347 -2.2537949 -2.2537949 -3.6888795 0.70710678 0.70710678 0 0
-0.3 0 -2.85 0 0 0 -0.85077785 -0.80469405 -0.74017673 2.442347 -2.2537949 -2.2537949 -3.6888795 0.70710678 0.70710678 0 0
-0.3 3 -2.85 0 0 0 -1.0634723 -0.95712508 -0.70898154 2.442347 -2.2537949 -2.2537949 -3.6888795 0.70710678 0.70710678 0 0
-0.3 0 -2.7 0 0 0 -0.85077785 -0.80469405 -0.74017673 2.442347 -2.2537949 -2.2537949 -3.6888795 0.70710678 0.70710678 0 0
-0.3 3 -2.7 0 0 0 -1.0634723 -0.95712508 -0.70898154 2.442347 -2.2537949 -2.2537949 -3.6888795 0.70710678 0.70710678 0 0
-0.3 0 -2.55 0 0 0 -0.85077785 -0.80469405 -0.74017673 2.442347 -2.2537949 -2.2537949 -3.6888795 0.70710678 0.70710678 0 0
-0.3 3 -2.55 0 0 0 -1.0634723 -0.95712508 -0.70898154 2.442347 -2.2537949 -2.2537949 -3.6888795 0.70710678 0.70710678 0 0
-0.3 0 -2.4 0 0 0 -0.85077785 -0.80469405 -0.74017673 2.442347 -2.2537949 -2.2537949 -3.6888795 0.70710678 0.70710678 0 0
-0.3 3 -2.4 0 0 0 -1.0634723 -0.95712508 -0.70898154 2.442347 -2.2537949 -2.2537949 -3.6888795 0.70710678 0.70710678 0 0
-0.3 0 -2.25 0 0 0 -0.28359262 -0.20914955 -0.10492927 2.442347 -2.2537949 -2.2537949 -3.6888795 0.70710678 0.70710678 0 0
-0.3 3 -2.25 0 0 0 -1.0634723 -0.95712508 -0.70898154 2.442347 -2.2537949 -2.2537949 -3.6888795 0.70710678 0.70710678 0 0
-0.3 0 -2.1 0 0 0 -0.28359262 -0.20914955 -0.10492927 2.442347 -2.2537949 -2.2537949 -3.6888795 0.70710678 0.70710678 0 0
-0.3 3 -2.1 0 0 0 -1.0634723 -0.95712508 -0.70898154 2.442347 -2.2537949 -2.2537949 -3.6888795 0.70710678 0.70710678 0 0
-0.3 0 -1.95 0 0 0 -0.28359262 -0.20914955 -0.10492927 2.442347 -2.2537949 -2.2537949 -3.6888795 0.70710678 0.70710678 0 0
-0.3 3 -1.95 0 0 0 -1.0634723 -0.95712508 -0.70898154 2.442347 -2.2537949 -2.2537949 -3.6888795 0.70710678 0.70710678 0 0
-0.3 0 -1.8 0 0 0 -0.28359262 -0.20914955 -0.10492927 2.442347 -2.2537949 -2.2537949 -3.6888795 0.70710678 0.70710678 0 0
-0.3 3 -1.8 0 0 0 -1.0634723 -0.95712508 -0.70898154 2.442347 -2.2537949 -2.2537949 -3.6888795 0.70710678 0.70710678 0 0
-0.3 0 -1.65 0 0 0 -0.28359262 -0.20914955 -0.10492927 2.442347 -2.2537949 -2.2537949 -3.6888795 0.70710678 0.70710678 0 0
-0.3 3 -1.65 0 0 0 -1.0634723 -0.95712508 -0.70898154 2.442347 -2.2537949 -2.2537949 -3.6888795 0.70710678 0.70710678 0 0
-0.3 0 -1.5 0 0 0 -0.85077785 -0.80469405 -0.74017673 2.442347 -2.2537949 -2.2537949 -3.6888795 0.70710678 0.70710678 0 0
-0.3 3 -1.5 0 0 0 -1.0634723 -0.95712508 -0.70898154 2.442347 -2.2537949 -2.2537949 -3.6888795 0.70710678 0.70710678 0 0
-0.3 0 -1.35 0 0 0 -0.85077785 -0.80469405 -0.74017673 2.442347 -2.2537949 -2.2537949 -3.6888795 0.70710678 0.70710678 0 0
-0.3 3 -1.35 0 0 0 -1.0634723 -0.95712508 -0.70898154 2.442347 -2.2537949 -2.2537949 -3.6888795 0.70710678 0.70710678 0 0
-0.3 0 -1.2 0 0 0 -0.85077785 -0.80469405 -0.74017673 2.442347 -2.2537949 -2.2537949 -3.6888795 0.70710678 0.70710678 0 0
-0.3 3 -1.2 0 0 0 -1.0634723 -0.95712508 -0.70898154 2.442347 -2.2537949 -2.2537949 -3.6888795 0.70710678 0.70710678 0 0
-0.3 0 -1.05 0 0 0 -0.85077785 -0.80469405 -0.74017673 2.442347 -2.2537949 -2.2537949 -3.6888795 0.70710678 0.70710678 0 0
-0.3 3 -1.05 0 0 0 -1.0634723 -0.95712508 -0.70898154 2.442347 -2.2537949 -2.2537949 -3.6888795 0.70710678 0.70710678 0 0
-0.3 0 -0.9 0 0 0 -0.85077785 -0.80469405 -0.74017673 2.442347 -2.2537949 -2.2537949 -3.6888795 0.70710678 0.70710678 0 0
-0.3 3 -0.9 0 0 0 -1.0634723 -0.95712508 -0.70898154 2.442347 -2.2537949 -2.2537949 -3.6888795 0.70710678 0.70710678 0 0
-0.3 0 -0.75 0 0 0 -0.28359262 -0.20914955 -0.10492927 2.442347 -2.2537949 -2.2537949 -3.6888795 0.70710678 0.70710678 0 0
-0.3 3 -0.75 0 0 0 -1.0634723 -0.95712508 -0.70898154 2.442347 -2.2537949 -2.2537949 -3.6888795 0.70710678 0.70710678 0 0
-0.3 0 -0.6 0 0 0 -0.28359262 -0.20914955 -0.10492927 2.442347 -2.2537949 -2.2537949 -3.6888795 0.70710678 0.70710678 0 0
-0.3 3 -0.6 0 0 0 -1.0634723 -0.95712508 -0.70898154 2.442347 -2.2537949 -2.2537949 -3.6888795 0.70710678 0.70710678 0 0
-0.3 0 -0.45 0 0 0 -0.28359262 -0.20914955 -0.10492927 2.442347 -2.2537949 -2.2537949 -3.6888795 0.70710678 0.70710678 0 0
-0.3 3 -0.45 0 0 0 -1.0634723 -0.95712508 -0.70898154 2.442347 -2.2537949 -2.2537949 -3.6888795 0.70710678 0.70710678 0 0
-0.3 0 -0.3 0 0 0 -0.28359262 -0.20914955 -0.10492927 2.442347 -2.2537949 -2.2537949 -3.6888795 0.70710678 0.70710678 0 0
-0.3 3 -0.3 0 0 0 -1.0634723 -0.95712508 -0.70898154 2.442347 -2.2537949 -2.2537949 -3.6888795 0.70710678 0.70710678 0 0
-0.3 0 -0.15 0 0 0 -0.28359262 -0.20914955 -0.10492927 2.442347 -2.2537949 -2.2537949 -3.6888795 0.70710678 0.70710678 0 0
-0.3 3 -0.15 0 0 0 -1.0634723 -0.95712508 -0.70898154 2.442347 -2.2537949 -2.2537949 -3.6888795 0.70710678 0.70710678 0 0
-0.3 0 0 0 0 0 -0.85077785 -0.80469405 -0.74017673 2.442347 -2.2537949 -2.2537949 -3.6888795 0.70710678 0.70710678 0 0
-0.3 3 0 0 0 0 -1.0634723 -0.95712508 -0.70898154 2.442347 -2.2537949 -2.2537949 -3.6888795 0.70710678 0.70710678 0 0
-0.3 0 0.15 0 0 0 -0.85077785 -0.80469405 -0.74017673 2.442347 -2.2537949 -2.2537949 -3.6888795 0.70710678 0.70710678 0 0
-0.3 3 0.15 0 0 0 -1.0634723 -0.95712508 -0.70898154 2.442347 -2.2537949 -2.2537949 -3.6888795 0.70710678 0.70710678 0 0
-0.3 0 0.3 0 0 0 -0.85077785 -0.80469405 -0.74017673 2.442347 -2.2537949 -2.2537949 -3.6888795 0.70710678 0.70710678 0 0
-0.3 3 0.3 0 0 0 -1.0634723 -0.95712508 -0.70898154 2.442347 -2.2537949 -2.2537949 -3.6888795 0.70710678 0.70710678 0 0
-0.3 0 0.45 0 0 0 -0.85077785 -0.80469405 -0.74017673 2.442347 -2.2537949 -2.2537949 -3.6888795 0.70710678 0.70710678 0 0
-0.3 3 0.45 0 0 0 -1.0634723 -0.95712508 -0.70898154 2.442347 -2.2537949 -2.2537949 -3.6888795 0.70710678 0.70710678 0 0
-0.3 0 0.6 0 0 0 -0.85077785 -0.80469405 -0.74017673 2.442347 -2.2537949 -2.2537949 -3.6888795 0.70710678 0.70710678 0 0
-0.3 3 0.6 0 0 0 -1.0634723 -0.95712508 -0.70898154 2.442347 -2.2537949 -2.2537949 -3.6888795 0.70710678 0.70710678 0 0
-0.3 0 0.75 0 0 0 -0.28359262 -0.20914955 -0.10492927 2.442347 -2.2537949 -2.2537949 -3.6888795 0.70710678 0.70710678 0 0
-0.3 3 0.75 0 0 0 -1.0634723 -0.95712508 -0.70898154 2.442347 -2.2537949 -2.2537949 -3.6888795 0.70710678 0.70710678 0 0
-0.3 0 0.9 0 0 0 -0.28359262 -0.20914955 -0.10492927 2.442347 -2.2537949 -2.2537949 -3.6888795 0.70710678 0.70710678 0 0
-0.3 3 0.9 0 0 0 -1.0634723 -0.95712508 -0.70898154 2.442347 -2.2537949 -2.2537949 -3.6888795 0.70710678 0.70710678 0 0
-0.3 0 1.05 0 0 0 -0.28359262 -0.20914955 -0.10492927 2.442347 -2.2537949 -2.2537949 -3.6888795 0.70710678 0.70710678 0 0
-0.3 3 1.05 0 0 0 -1.0634723 -0.95712508 -0.70898154 2.442347 -2.2537949 -2.2537949 -3.6888795 0.70710678 0.70710678 0 0
-0.3 0 1.2 0 0 0 -0.28359262 -0.20914955 -0.10492927 2.442347 -2.2537949 -2.2537949 -3.6888795 0.70710678 0.70710678 0 0
-0.3 3 1.2 0 0 0 -1.0634723 -0.95712508 -0.70898154 2.442347 -2.2537949 -2.2537949 -3.6888795 0.70710678 0.70710678 0 0
-0.3 0 1.35 0 0 0 -0.28359262 -0.20914955 -0.10492927 2.442347 -2.2537949 -2.2537949 -3.6888795 0.70710678 0.70710678 0 0
-0.3 3 1.35 0 0 0 -1.0634723 -0.95712508 -0.70898154 2.442347 -2.2537949 -2.2537949 -3.6888795 0.70710678 0.70710678 0 0
-0.3 0 1.5 0 0 0 -0.85077785 -0.80469405 -0.74017673 2.442347 -2.2537949 -2.2537949 -3.6888795 0.70710678 0.70710678 0 0
-0.3 3 1.5 0 0 0 -1.0634723 -0.95712508 -0.70898154 2.442347 -2.2537949 -2.2537949 -3.6888795 0.70710678 0.70710678 0 0
-0.3 0 1.65 0 0 0 -0.85077785 -0.80469405 -0.74017673 2.442347 -2.2537949 -2.2537949 -3.6888795 0.70710678 0.70710678 0 0
-0.3 3 1.65 0 0 0 -1.0634723 -0.95712508 -0.70898154 2.442347 -2.2537949 -2.2537949 -3.6888795 0.70710678 0.70710678 0 0
-0.3 0 1.8 0 0 0 -0.85077785 -0.80469405 -0.74017673 2.442347 -2.2537949 -2.2537949 -3.6888795 0.70710678 0.70710678 0 0
-0.3 3 1.8 0 0 0 -1.0634723 -0.95712508 -0.70898154 2.442347 -2.2537949 -2.2537949 -3.6888795 0.70710678 0.70710678 0 0
-0.3 0 1.95 0 0 0 -0.85077785 -0.80469405 -0.74017673 2.442347 -2.2537949 -2.2537949 -3.6888795 0.70710678 0.70710678 0 0
-0.3 3 1.95 0 0 0 -1.0634723 -0.95712508 -0.70898154 2.442347 -2.2537949 -2.2537949 -3.6888795 0.70710678 0.70710678 0 0
-0.3 0 2.1 0 0 0 -0.85077785 -0.80469405 -0.74017673 2.442347 -2.2537949 -2.2537949 -3.6888795 0.70710678 0.70710678 0 0
-0.3 3 2.1 0 0 0 -1.0634723 -0.95712508 -0.70898154 2.442347 -2.2537949 -2.2537949 -3.6888795 0.70710678 0.70710678 0 0
-0.3 0 2.25 0 0 0 -0.28359262 -0.20914955 -0.10492927 2.442347 -2.2537949 -2.2537949 -3.6888795 0.70710678 0.70710678 0 0
-0.3 3 2.25 0 0 0 -1.0634723 -0.95712508 -0.70898154 2.442347 -2.2537949 -2.2537949 -3.6888795 0.70710678 0.70710678 0 0
-0.3 0 2.4 0 0 0 -0.28359262 -0.20914955 -0.10492927 2.442347 -2.2537949 -2.2537949 -3.6888795 0.70710678 0.70710678 0 0
-0.3 3 2.4 0 0 0 -1.0634723 -0.95712508 -0.70898154 2.442347 -2.2537949 -2.2537949 -3.6888795 0.70710678 0.70710678 0 0
-0.3 0 2.55 0 0 0 -0.28359262 -0.20914955 -0.10492927 2.442347 -2.2537949 -2.2537949 -3.6888795 0.70710678 0.70710678 0 0
-0.3 3 2.55 0 0 0 -1.0634723 -0.95712508 -0.70898154 2.442347 -2.2537949 -2.2537949 -3.6888795 0.70710678 0.70710678 0 0
-0.3 0 2.7 0 0 0 -0.28359262 -0.20914955 -0.10492927 2.442347 -2.2537949 -2.2537949 -3.6888795 0.70710678 0.70710678 0 0
-0.3 3 2.7 0 0 0 -1.0634723 -0.95712508 -0.70898154 2.442347 -2.2537949 -2.2537949 -3.6888795 0.70710678 0.70710678 0 0
-0.3 0 2.85 0 0 0 -0.28359262 -0.20914955 -0.10492927 2.442347 -2.2537949 -2.2537949 -3.6888795 0.70710678 0.70710678 0 0
-0.3 3 2.85 0 0 0 -1.0634723 -0.95712508 -0.70898154 2.442347 -2.2537949 -2.2537949 -3.6888795 0.70710678 0.70710678 0 0
-0.3 0 3 0 0 0 -0.85077785 -0.80469405 -0.74017673 2.442347 -2.2537949 -2.2537949 -3.6888795 0.70710678 0.70710678 0 0
-0.3 3 3 0 0 0 -1.0634723 -0.95712508 -0.70898154 2.442347 -2.2537949 -2.2537949 -3.6888795 0.70710678 0.70710678 0 0
-0.3 0 -3 0 0 0 -1.1343705 -0.77987969 -0.56718523 2.442347 -2.2537949 -2.2537949 -3.6888795 1 0 0 0
-0.3 0 3 0 0 0 -0.56718523 -0.95712508 -1.1343705 2.442347 -2.2537949 -2.2537949 -3.6888795 1 0 0 0
-3 0 -0.3 0 0 0 -0.88622693 -0.99257416 -0.63808339 2.442347 -2.2537949 -2.2537949 -3.6888795 0.70710678 0 0.70710678 0
3 0 -0.3 0 0 0 -1.0280232 -0.70898154 -0.921676 2.442347 -2.2537949 -2.2537949 -3.6888795 0.70710678 0 0.70710678 0
-0.3 0.15 -3 0 0 0 -1.1343705 -0.77987969 -0.56718523 2.442347 -2.2537949 -2.2537949 -3.6888795 1 0 0 0
-0.3 0.15 3 0 0 0 -0.56718523 -0.95712508 -1.1343705 2.442347 -2.2537949 -2.2537949 -3.6888795 1 0 0 0
-3 0.15 -0.3 0 0 0 -0.88622693 -0.99257416 -0.63808339 2.442347 -2.2537949 -2.2537949 -3.6888795 0.70710678 0 0.70710678 0
3 0.15 -0.3 0 0 0 -1.0280232 -0.70898154 -0.921676 2.442347 -2.2537949 -2.2537949 -3.6888795 0.70710678 0 0.70710678 0
-0.3 0.3 -3 0 0 0 -1.1343705 -0.77987969 -0.56718523 2.442347 -2.2537949 -2.2537949 -3.6888795 1 0 0 0
-0.3 0.3 3 0 0 0 -0.56718523 -0.95712508 -1.1343705 2.442347 -2.2537949 -2.2537949 -3.6888795 1 0 0 0
-3 0.3 -0.3 0 0 0 -0.88622693 -0.99257416 -0.63808339 2.442347 -2.2537949 -2.2537949 -3.6888795 0.70710678 0 0.70710678 0
3 0.3 -0.3 0 0 0 -1.0280232 -0.70898154 -0.921676 2.442347 -2.2537949 -2.2537949 -3.6888795 0.70710678 0 0.70710678 0
-0.3 0.45 -3 0 0 0 -1.1343705 -0.77987969 -0.56718523 2.442347 -2.2537949 -2.2537949 -3.6888795 1 0 0 0
-0.3 0.45 3 0 0 0 -0.56718523 -0.95712508 -1.1343705 2.442347 -2.2537949 -2.2537949 -3.6888795 1 0 0 0
-3 0.45 -0.3 0 0 0 -0.88622693 -0.99257416 -0.63808339 2.442347 -2.2537949 -2.2537949 -3.6888795 0.70710678 0 0.70710678 0
3 0.45 -0.3 0 0 0 -1.0280232 -0.70898154 -0.921676 2.442347 -2.2537949 -2.2537949 -3.6888795 0.70710678 0 0.70710678 0
-0.3 0.6 -3 0 0 0 -1.1343705 -0.77987969 -0.56718523 2.442347 -2.2537949 -2.2537949 -3.6888795 1 0 0 0
-0.3 0.6 3 0 0 0 -0.56718523 -0.95712508 -1.1343705 2.442347 -2.2537949 -2.2537949 -3.6888795 1 0 0 0
-3 0.6 -0.3 0 0 0 -0.88622693 -0.99257416 -0.63808339 2.442347 -2.2537949 -2.2537949 -3.6888795 0.70710678 0 0.70710678 0
3 0.6 -0.3 0 0 0 -1.0280232 -0.70898154 -0.921676 2.442347 -2.2537949 -2.2537949 -3.6888795 0.70710678 0 0.70710678 0
-0.3 0.75 -3 0 0 0 -1.4888612 0.56718523 0.99257416 2.442347 -2.2537949 -2.2537949 -3.6888795 1 0 0 0
-0.3 0.75 3 0 0 0 1.4179631 -0.21269446 -1.3116158 2.442347 -2.2537949 -2.2537949 -3.6888795 1 0 0 0
-3 0.75 -0.3 0 0 0 -0.38993985 -0.88622693 0.460838 2.442347 -2.2537949 -2.2537949 -3.6888795 0.70710678 0 0.70710678 0
3 0.75 -0.3 0 0 0 -0.99257416 0.42538892 -0.38993985 2.442347 -2.2537949 -2.2537949 -3.6888795 0.70710678 0 0.70710678 0
-0.3 0.9 -3 0 0 0 -1.4888612 0.56718523 0.99257416 2.442347 -2.2537949 -2.2537949 -3.6888795 1 0 0 0
-0.3 0.9 3 0 0 0 1.4179631 -0.21269446 -1.3116158 2.442347 -2.2537949 -2.2537949 -3.6888795 1 0 0 0
-3 0.9 -0.3 0 0 0 -0.38993985 -0.88622693 0.460838 2.442347 -2.2537949 -2.2537949 -3.6888795 0.70710678 0 0.70710678 0
3 0.9 -0.3 0 0 0 -0.99257416 0.42538892 -0.38993985 2.442347 -2.2537949 -2.2537949 -3.6888795 0.70710678 0 0.70710678 0
-0.3 1.05 -3 0 0 0 -1.4888612 0.56718523 0.99257416 2.442347 -2.2537949 -2.2537949 -3.6888795 1 0 0 0
-0.3 1.05 3 0 0 0 1.4179631 -0.21269446 -1.3116158 2.442347 -2.2537949 -2.2537949 -3.6888795 1 0 0 0
-3 1.05 -0.3 0 0 0 -0.38993985 -0.88622693 0.460838 2.442347 -2.2537949 -2.2537949 -3.6888795 0.70710678 0 0.70710678 0
3 1.05 -0.3 0 0 0 -0.99257416 0.42538892 -0.38993985 2.442347 -2.2537949 -2.2537949 -3.6888795 0.70710678 0 0.70710678 0
-0.3 1.2 -3 0 0 0 -1.4888612 0.56718523 0.99257416 2.442347 -2.2537949 -2.2537949 -3.6888795 1 0 0 0
-0.3 1.2 3 0 0 0 1.4179631 -0.21269446 -1.3116158 2.442347 -2.2537949 -2.2537949 -3.6888795 1 0 0 0
-3 1.2 -0.3 0 0 0 -0.38993985 -0.88622693 0.460838 2.442347 -2.2537949 -2.2537949 -3.6888795 0.70710678 0 0.70710678 0
3 1.2 -0.3 0 0 0 -0.99257416 0.42538892 -0.38993985 2.442347 -2.2537949 -2.2537949 -3.6888795 0.70710678 0 0.70710678 0
-0.3 1.35 -3 0 0 0 -1.4888612 0.56718523 0.99257416 2.442347 -2.2537949 -2.2537949 -3.6888795 1 0 0 0
-0.3 1.35 3 0 0 0 1.4179631 -0.21269446 -1.3116158 2.442347 -2.2537949 -2.2537949 -3.6888795 1 0 0 0
-3 1.35 -0.3 0 0 0 -0.38993985 -0.88622693 0.460838 2.442347 -2.2537949 -2.2537949 -3.6888795 0.70710678 0 0.70710678 0
3 1.35 -0.3 0 0 0 -0.99257416 0.42538892 -0.38993985 2.442347 -2.2537949 -2.2537949 -3.6888795 0.70710678 0 0.70710678 0
-0.3 1.5 -3 0 0 0 -1.4888612 0.56718523 0.99257416 2.442347 -2.2537949 -2.2537949 -3.6888795 1 0 0 0
-0.3 1.5 3 0 0 0 1.4179631 -0.21269446 -1.3116158 2.442347 -2.2537949 -2.2537949 -3.6888795 1 0 0 0
-3 1.5 -0.3 0 0 0 -0.38993985 -0.88622693 0.460838 2.442347 -2.2537949 -2.2537949 -3.6888795 0.70710678 0 0.70710678 0
3 1.5 -0.3 0 0 0 -0.99257416 0.42538892 -0.38993985 2.442347 -2.2537949 -2.2537949 -3.6888795 0.70710678 0 0.70710678 0
-0.3 1.65 -3 0 0 0 -1.4888612 0.56718523 0.99257416 2.442347 -2.2537949 -2.2537949 -3.6888795 1 0 0 0
-0.3 1.65 3 0 0 0 1.4179631 -0.21269446 -1.3116158 2.442347 -2.2537949 -2.2537949 -3.6888795 1 0 0 0
-3 1.65 -0.3 0 0 0 -0.38993985 -0.88622693 0.460838 2.442347 -2.2537949 -2.2537949 -3.6888795 0.70710678 0 0.70710678 0
3 1.65 -0.3 0 0 0 -0.99257416 0.42538892 -0.38993985 2.442347 -2.2537949 -2.2537949 -3.6888795 0.70710678 0 0.70710678 0
-0.3 1.8 -3 0 0 0 -1.4888612 0.56718523 0.99257416 2.442347 -2.2537949 -2.2537949 -3.6888795 1 0 0 0
-0.3 1.8 3 0 0 0 1.4179631 -0.21269446 -1.3116158 2.442347 -2.2537949 -2.2537949 -3.6888795 1 0 0 0
-3 1.8 -0.3 0 0 0 -0.38993985 -0.88622693 0.460838 2.442347 -2.2537949 -2.2537949 -3.6888795 0.70710678 0 0.70710678 0
3 1.8 -0.3 0 0 0 -0.99257416 0.42538892 -0.38993985 2.442347 -2.2537949 -2.2537949 -3.6888795 0.70710678 0 0.70710678 0
-0.3 1.95 -3 0 0 0 -1.4888612 0.56718523 0.99257416 2.442347 -2.2537949 -2.2537949 -3.6888795 1 0 0 0
-0.3 1.95 3 0 0 0 1.4179631 -0.21269446 -1.3116158 2.442347 -2.2537949 -2.2537949 -3.6888795 1 0 0 0
-3 1.95 -0.3 0 0 0 -0.38993985 -0.88622693 0.460838 2.442347 -2.2537949 -2.2537949 -3.6888795 0.70710678 0 0.70710678 0
3 1.95 -0.3 0 0 0 -0.99257416 0.42538892 -0.38993985 2.442347 -2.2537949 -2.2537949 -3.6888795 0.70710678 0 0.70710678 0
-0.3 2.1 -3 0 0 0 -1.4888612 0.56718523 0.99257416 2.442347 -2.2537949 -2.2537949 -3.6888795 1 0 0 0
-0.3 2.1 3 0 0 0 1.4179631 -0.21269446 -1.3116158 2.442347 -2.2537949 -2.2537949 -3.6888795 1 0 0 0
-3 2.1 -0.3 0 0 0 -0.38993985 -0.88622693 0.460838 2.442347 -2.2537949 -2.2537949 -3.6888795 0.70710678 0 0.70710678 0
3 2.1 -0.3 0 0 0 -0.99257416 0.42538892 -0.38993985 2.442347 -2.2537949 -2.2537949 -3.6888795 0.70710678 0 0.70710678 0
-0.3 2.25 -3 0 0 0 -1.4888612 0.56718523 0.99257416 2.442347 -2.2537949 -2.2537949 -3.6888795 1 0 0 0
-0.3 2.25 3 0 0 0 1.4179631 -0.21269446 -1.3116158 2.442347 -2.2537949 -2.2537949 -3.6888795 1 0 0 0
-3 2.25 -0.3 0 0 0 -0.38993985 -0.88622693 0.460838 2.442347 -2.2537949 -2.2537949 -3.6888795 0.70710678 0 0.70710678 0
3 2.25 -0.3 0 0 0 -0.99257416 0.42538892 -0.38993985 2.442347 -2.2537949 -2.2537949 -3.6888795 0.70710678 0 0.70710678 0
-0.3 2.4 -3 0 0 0 -1.1343705 -0.77987969 -0.56718523 2.442347 -2.2537949 -2.2537949 -3.6888795 1 0 0 0
-0.3 2.4 3 0 0 0 -0.56718523 -0.95712508 -1.1343705 2.442347 -2.2537949 -2.2537949 -3.6888795 1 0 0 0
-3 2.4 -0.3 0 0 0 -0.88622693 -0.99257416 -0.63808339 2.442347 -2.2537949 -2.2537949 -3.6888795 0.70710678 0 0.70710678 0
3 2.4 -0.3 0 0 0 -1.0280232 -0.70898154 -0.921676 2.442347 -2.2537949 -2.2537949 -3.6888795 0.70710678 0 0.70710678 0
-0.3 2.55 -3 0 0 0 -1.1343705 -0.77987969 -0.56718523 2.442347 -2.2537949 -2.2537949 -3.6888795 1 0 0 0
-0.3 2.55 3 0 0 0 -0.56718523 -0.95712508 -1.1343705 2.442347 -2.2537949 -2.2537949 -3.6888795 1 0 0 0
-3 2.55 -0.3 0 0 0 -0.88622693 -0.99257416 -0.63808339 2.442347 -2.2537949 -2.2537949 -3.6888795 0.70710678 0 0.70710678 0
3 2.55 -0.3 0 0 0 -1.0280232 -0.70898154 -0.921676 2.442347 -2.2537949 -2.2537949 -3.6888795 0.70710678 0 0.70710678 0
-0.3 2.7 -3 0 0 0 -1.1343705 -0.77987969 -0.56718523 2.442347 -2.2537949 -2.2537949 -3.6888795 1 0 0 0
-0.3 2.7 3 0 0 0 -0.56718523 -0.95712508 -1.1343705 2.442347 -2.2537949 -2.2537949 -3.6888795 1 0 0 0
-3 2.7 -0.3 0 0 0 -0.88622693 -0.99257416 -0.63808339 2.442347 -2.2537949 -2.2537949 -3.6888795 0.70710678 0 0.70710678 0
3 2.7 -0.3 0 0 0 -1.0280232 -0.70898154 -0.921676 2.442347 -2.2537949 -2.2537949 -3.6888795 0.70710678 0 0.70710678 0
-0.3 2.85 -3 0 0 0 -1.1343705 -0.77987969 -0.56718523 2.442347 -2.2537949 -2.2537949 -3.6888795 1 0 0 0
-0.3 2.85 3 0 0 0 -0.56718523 -0.95712508 -1.1343705 2.442347 -2.2537949 -2.2537949 -3.6888795 1 0 0 0
-3 2.85 -0.3 0 0 0 -0.88622693 -0.99257416 -0.63808339 2.442347 -2.2537949 -2.2537949 -3.6888795 0.70710678 0 0.70710678 0
3 2.85 -0.3 0 0 0 -1.0280232 -0.70898154 -0.921676 2.442347 -2.2537949 -2.2537949 -3.6888795 0.70710678 0 0.70710678 0
-0.3 3 -3 0 0 0 -1.1343705 -0.77987969 -0.56718523 2.442347 -2.2537949 -2.2537949 -3.6888795 1 0 0 0
-0.3 3 3 0 0 0 -0.56718523 -0.95712508 -1.1343705 2.442347 -2.2537949 -2.2537949 -3.6888795 1 0 0 0
-3 3 -0.3 0 0 0 -0.88622693 -0.99257416 -0.63808339 2.442347 -2.2537949 -2.2537949 -3.6888795 0.70710678 0 0.70710678 0
3 3 -0.3 0 0 0 -1.0280232 -0.70898154 -0.921676 2.442347 -2.2537949 -2.2537949 -3.6888795 0.70710678 0 0.70710678 0
-0.15 0 -3 0 0 0 -0.85077785 -0.80469405 -0.74017673 2.442347 -2.2537949 -2.2537949 -3.6888795 0.70710678 0.70710678 0 0
-0.15 3 -3 0 0 0 -1.0634723 -0.95712508 -0.70898154 2.442347 -2.2537949 -2.2537949 -3.6888795 0.70710678 0.70710678 0 0
-0.15 0 -2.85 0 0 0 -0.85077785 -0.80469405 -0.74017673 2.442347 -2.2537949 -2.2537949 -3.6888795 0.70710678 0.70710678 0 0
-0.15 3 -2.85 0 0 0 -1.0634723 -0.95712508 -0.70898154 2.442347 -2.2537949 -2.2537949 -3.6888795 0.70710678 0.70710678 0 0
-0.15 0 -2.7 0 0 0 -0.85077785 -0.80469405 -0.74017673 2.442347 -2.2537949 -2.2537949 -3.6888795 0.70710678 0.70710678 0 0
-0.15 3 -2.7 0 0 0 -1.0634723 -0.95712508 -0.70898154 2.442347 -2.2537949 -2.2537949 -3.6888795 0.70710678 0.70710678 0 0
-0.15 0 -2.55 0 0 0 -0.85077785 -0.80469405 -0.74017673 2.442347 -2.2537949 -2.2537949 -3.6888795 0.70710678 0.70710678 0 0
-0.15 3 -2.55 0 0 0 -1.0634723 -0.95712508 -0.70898154 2.442347 -2.2537949 -2.2537949 -3.6888795 0.70710678 0.70710678 0 0
-0.15 0 -2.4 0 0 0 -0.85077785 -0.80469405 -0.74017673 2.442347 -2.2537949 -2.2537949 -3.6888795 0.70710678 0.70710678 0 0
-0.15 3 -2.4 0 0 0 -1.0634723 -0.95712508 -0.70898154 2.442347 -2.2537949 -2.2537949 -3.6888795 0.70710678 0.70710678 0 0
-0.15 0 -2.25 0 0 0 -0.28359262 -0.20914955 -0.10492927 2.442347 -2.2537949 -2.2537949 -3.6888795 0.70710678 0.70710678 0 0
-0.15 3 -2.25 0 0 0 -1.0634723 -0.95712508 -0.70898154 2.442347 -2.2537949 -2.2537949 -3.6888795 0.70710678 0.70710678 0 0
-0.15 0 -2.1 0 0 0 -0.28359262 -0.20914955 -0.10492927 2.442347 -2.2537949 -2.2537949 -3.6888795 0.70710678 0.70710678 0 0
-0.15 3 -2.1 0 0 0 -1.0634723 -0.95712508 -0.70898154 2.442347 -2.2537949 -2.2537949 -3.6888795 0.70710678 0.70710678 0 0
-0.15 0 -1.95 0 0 0 -0.28359262 -0.20914955 -0.10492927 2.442347 -2.2537949 -2.2537949 -3.6888795 0.70710678 0.70710678 0 0
-0.15 3 -1.95 0 0 0 -1.0634723 -0.95712508 -0.70898154 2.442347 -2.2537949 -2.2537949 -3.6888795 0.70710678 0.70710678 0 0
-0.15 0 -1.8 0 0 0 -0.28359262 -0.20914955 -0.10492927 2.442347 -2.2537949 -2.2537949 -3.6888795 0.70710678 0.70710678 0 0
-0.15 3 -1.8 0 0 0 -1.0634723 -0.95712508 -0.70898154 2.442347 -2.2537949 -2.2537949 -3.6888795 0.70710678 0.70710678 0 0
-0.15 0 -1.65 0 0 0 -0.28359262 -0.20914955 -0.10492927 2.442347 -2.2537949 -2.2537949 -3.6888795 0.70710678 0.70710678 0 0
-0.15 3 -1.65 0 0 0 -1.0634723 -0.95712508 -0.70898154 2.442347 -2.2537949 -2.2537949 -3.6888795 0.70710678 0.70710678 0 0
-0.15 0 -1.5 0 0 0 -0.85077785 -0.80469405 -0.74017673 2.442347 -2.2537949 -2.2537949 -3.6888795 0.70710678 0.70710678 0 0
-0.15 3 -1.5 0 0 0 -1.0634723 -0.95712508 -0.70898154 2.442347 -2.2537949 -2.2537949 -3.6888795 0.70710678 0.70710678 0 0
-0.15 0 -1.35 0 0 0 -0.85077785 -0.80469405 -0.74017673 2.442347 -2.2537949 -2.2537949 -3.6888795 0.70710678 0.70710678 0 0
-0.15 3 -1.35 0 0 0 -1.0634723 -0.95712508 -0.70898154 2.442347 -2.2537949 -2.2537949 -3.6888795 0.70710678 0.70710678 0 0
-0.15 0 -1.2 0 0 0 -0.85077785 -0.80469405 -0.74017673 2.442347 -2.2537949 -2.2537949 -3.6888795 0.70710678 0.70710678 0 0
-0.15 3 -1.2 0 0 0 -1.0634723 -0.95712508 -0.70898154 2.442347 -2.2537949 -2.2537949 -3.6888795 0.70710678 0.70710678 0 0
-0.15 0 -1.05 0 0 0 -0.85077785 -0.80469405 -0.74017673 2.442347 -2.2537949 -2.2537949 -3.6888795 0.70710678 0.70710678 0 0
-0.15 3 -1.05 0 0 0 -1.0634723 -0.95712508 -0.70898154 2.442347 -2.2537949 -2.2537949 -3.6888795 0.70710678 0.70710678 0 0
-0.15 0 -0.9 0 0 0 -0.85077785 -0.80469405 -0.74017673 2.442347 -2.2537949 -2.2537949 -3.6888795 0.70710678 0.70710678 0 0
-0.15 3 -0.9 0 0 0 -1.0634723 -0.95712508 -0.70898154 2.442347 -2.2537949 -2.2537949 -3.6888795 0.70710678 0.70710678 0 0
-0.15 0 -0.75 0 0 0 -0.28359262 -0.20914955 -0.10492927 2.442347 -2.2537949 -2.2537949 -3.6888795 0.70710678 0.70710678 0 0
-0.15 3 -0.75 0 0 0 -1.0634723 -0.95712508 -0.70898154 2.442347 -2.2537949 -2.2537949 -3.6888795 0.70710678 0.70710678 0 0
-0.15 0 -0.6 0 0 0 -0.28359262 -0.20914955 -0.10492927 2.442347 -2.2537949 -2.2537949 -3.6888795 0.70710678 0.70710678 0 0
-0.15 3 -0.6 0 0 0 -1.0634723 -0.95712508 -0.70898154 2.442347 -2.2537949 -2.2537949 -3.6888795 0.70710678 0.70710678 0 0
-0.15 0 -0.45 0 0 0 -0.28359262 -0.20914955 -0.10492927 2.442347 -2.2537949 -2.2537949 -3.6888795 0.70710678 0.70710678 0 0
-0.15 3 -0.45 0 0 0 -1.0634723 -0.95712508 -0.70898154 2.442347 -2.2537949 -2.2537949 -3.6888795 0.70710678 0.70710678 0 0
-0.15 0 -0.3 0 0 0 -0.28359262 -0.20914955 -0.10492927 2.442347 -2.2537949 -2.2537949 -3.6888795 0.70710678 0.70710678 0 0
-0.15 3 -0.3 0 0 0 -1.0634723 -0.95712508 -0.70898154 2.442347 -2.2537949 -2.2537949 -3.6888795 0.70710678 0.70710678 0 0
-0.15 0 -0.15 0 0 0 -0.28359262 -0.20914955 -0.10492927 2.442347 -2.2537949 -2.2537949 -3.6888795 0.70710678 0.70710678 0 0
-0.15 3 -0.15 0 0 0 -1.0634723 -0.95712508 -0.70898154 2.442347 -2.2537949 -2.2537949 -3.6888795 0.70710678 0.70710678 0 0
-0.15 0 0 0 0 0 -0.85077785 -0.80469405 -0.74017673 2.442347 -2.2537949 -2.2537949 -3.6888795 0.70710678 0.70710678 0 0
-0.15 3 0 0 0 0 -1.0634723 -0.95712508 -0.70898154 2.442347 -2.2537949 -2.2537949 -3.6888795 0.70710678 0.70710678 0 0
-0.15 0 0.15 0 0 0 -0.85077785 -0.80469405 -0.74017673 2.442347 -2.2537949 -2.2537949 -3.6888795 0.70710678 0.70710678 0 0
-0.15 3 0.15 0 0 0 -1.0634723 -0.95712508 -0.70898154 2.442347 -2.2537949 -2.2537949 -3.6888795 0.70710678 0.70710678 0 0
-0.15 0 0.3 0 0 0 -0.85077785 -0.80469405 -0.74017673 2.442347 -2.2537949 -2.2537949 -3.6888795 0.70710678 0.70710678 0 0
-0.15 3 0.3 0 0 0 -1.0634723 -0.95712508 -0.70898154 2.442347 -2.2537949 -2.2537949 -3.6888795 0.70710678 0.70710678 0 0
-0.15 0 0.45 0 0 0 -0.85077785 -0.80469405 -0.74017673 2.442347 -2.2537949 -2.2537949 -3.6888795 0.70710678 0.70710678 0 0
-0.15 3 0.45 0 0 0 -1.0634723 -0.95712508 -0.70898154 2.442347 -2.2537949 -2.2537949 -3.6888795 0.70710678 0.70710678 0 0
-0.15 0 0.6 0 0 0 -0.85077785 -0.80469405 -0.74017673 2.442347 -2.2537949 -2.2537949 -3.6888795 0.70710678 0.70710678 0 0
-0.15 3 0.6 0 0 0 -1.0634723 -0.95712508 -0.70898154 2.442347 -2.2537949 -2.2537949 -3.6888795 0.70710678 0.70710678 0 0
-0.15 0 0.75 0 0 0 -0.28359262 -0.20914955 -0.10492927 2.442347 -2.2537949 -2.2537949 -3.6888795 0.70710678 0.70710678 0 0
-0.15 3 0.75 0 0 0 -1.0634723 -0.95712508 -0.70898154 2.442347 -2.2537949 -2.2537949 -3.6888795 0.70710678 0.70710678 0 0
-0.15 0 0.9 0 0 0 -0.28359262 -0.20914955 -0.10492927 2.442347 -2.2537949 -2.2537949 -3.6888795 0.70710678 0.70710678 0 0
-0.15 3 0.9 0 0 0 -1.0634723 -0.95712508 -0.70898154 2.442347 -2.2537949 -2.2537949 -3.6888795 0.70710678 0.70710678 0 0
-0.15 0 1.05 0 0 0 -0.28359262 -0.20914955 -0.10492927 2.442347 -2.2537949 -2.2537949 -3.6888795 0.70710678 0.70710678 0 0
-0.15 3 1.05 0 0 0 -1.0634723 -0.95712508 -0.70898154 2.442347 -2.2537949 -2.2537949 -3.6888795 0.70710678 0.70710678 0 0
-0.15 0 1.2 0 0 0 -0.28359262 -0.20914955 -0.10492927 2.442347 -2.2537949 -2.2537949 -3.6888795 0.70710678 0.70710678 0 0
-0.15 3 1.2 0 0 0 -1.0634723 -0.95712508 -0.70898154 2.442347 -2.2537949 -2.2537949 -3.6888795 0.70710678 0.70710678 0 0
-0.15 0 1.35 0 0 0 -0.28359262 -0.20914955 -0.10492927 2.442347 -2.2537949 -2.2537949 -3.6888795 0.70710678 0.70710678 0 0
-0.15 3 1.35 0 0 0 -1.0634723 -0.95712508 -0.70898154 2.442347 -2.2537949 -2.2537949 -3.6888795 0.70710678 0.70710678 0 0
-0.15 0 1.5 0 0 0 -0.85077785 -0.80469405 -0.74017673 2.442347 -2.2537949 -2.2537949 -3.6888795 0.70710678 0.70710678 0 0
-0.15 3 1.5 0 0 0 -1.0634723 -0.95712508 -0.70898154 2.442347 -2.2537949 -2.2537949 -3.6888795 0.70710678 0.70710678 0 0
-0.15 0 1.65 0 0 0 -0.85077785 -0.80469405 -0.74017673 2.442347 -2.2537949 -2.2537949 -3.6888795 0.70710678 0.70710678 0 0
-0.15 3 1.65 0 0 0 -1.0634723 -0.95712508 -0.70898154 2.442347 -2.2537949 -2.2537949 -3.6888795 0.70710678 0.70710678 0 0
-0.15 0 1.8 0 0 0 -0.85077785 -0.80469405 -0.74017673 2.442347 -2.2537949 -2.2537949 -3.6888795 0.70710678 0.70710678 0 0
-0.15 3 1.8 0 0 0 -1.0634723 -0.95712508 -0.70898154 2.442347 -2.2537949 -2.2537949 -3.6888795 0.70710678 0.70710678 0 0
-0.15 0 1.95 0 0 0 -0.85077785 -0.80469405 -0.74017673 2.442347 -2.2537949 -2.2537949 -3.6888795 0.70710678 0.70710678 0 0
-0.15 3 1.95 0 0 0 -1.0634723 -0.95712508 -0.70898154 2.442347 -2.2537949 -2.2537949 -3.6888795 0.70710678 0.70710678 0 0
-0.15 0 2.1 0 0 0 -0.85077785 -0.80469405 -0.74017673 2.442347 -2.2537949 -2.2537949 -3.6888795 0.70710678 0.70710678 0 0
-0.15 3 2.1 0 0 0 -1.0634723 -0.95712508 -0.70898154 2.442347 -2.2537949 -2.2537949 -3.6888795 0.70710678 0.70710678 0 0
-0.15 0 2.25 0 0 0 -0.28359262 -0.20914955 -0.10492927 2.442347 -2.2537949 -2.2537949 -3.6888795 0.70710678 0.70710678 0 0
-0.15 3 2.25 0 0 0 -1.0634723 -0.95712508 -0.70898154 2.442347 -2.2537949 -2.2537949 -3.6888795 0.70710678 0.70710678 0 0
-0.15 0 2.4 0 0 0 -0.28359262 -0.20914955 -0.10492927 2.442347 -2.2537949 -2.2537949 -3.6888795 0.70710678 0.70710678 0 0
-0.15 3 2.4 0 0 0 -1.0634723 -0.95712508 -0.70898154 2.442347 -2.2537949 -2.2537949 -3.6888795 0.70710678 0.70710678 0 0
-0.15 0 2.55 0 0 0 -0.28359262 -0.20914955 -0.10492927 2.442347 -2.2537949 -2.2537949 -3.6888795 0.70710678 0.70710678 0 0
-0.15 3 2.55 0 0 0 -1.0634723 -0.95712508 -0.70898154 2.442347 -2.2537949 -2.2537949 -3.6888795 0.70710678 0.70710678 0 0
-0.15 0 2.7 0 0 0 -0.28359262 -0.20914955 -0.10492927 2.442347 -2.2537949 -2.2537949 -3.6888795 0.70710678 0.70710678 0 0
-0.15 3 2.7 0 0 0 -1.0634723 -0.95712508 -0.70898154 2.442347 -2.2537949 -2.2537949 -3.6888795 0.70710678 0.70710678 0 0
-0.15 0 2.85 0 0 0 -0.28359262 -0.20914955 -0.10492927 2.442347 -2.2537949 -2.2537949 -3.6888795 0.70710678 0.70710678 0 0
-0.15 3 2.85 0 0 0 -1.0634723 -0.95712508 -0.70898154 2.442347 -2.2537949 -2.2537949 -3.6888795 0.70710678 0.70710678 0 0
-0.15 0 3 0 0 0 -0.85077785 -0.80469405 -0.74017673 2.442347 -2.2537949 -2.2537949 -3.6888795 0.70710678 0.70710678 0 0
-0.15 3 3 0 0 0 -1.0634723 -0.95712508 -0.70898154 2.442347 -2.2537949 -2.2537949 -3.6888795 0.70710678 0.70710678 0 0
-0.15 0 -3 0 0 0 -1.1343705 -0.77987969 -0.56718523 2.442347 -2.2537949 -2.2537949 -3.6888795 1 0 0 0
-0.15 0 3 0 0 0 -0.56718523 -0.95712508 -1.1343705 2.442347 -2.2537949 -2.2537949 -3.6888795 1 0 0 0
-3 0 -0.15 0 0 0 -0.88622693 -0.99257416 -0.63808339 2.442347 -2.2537949 -2.2537949 -3.6888795 0.70710678 0 0.70710678 0
3 0 -0.15 0 0 0 -1.0280232 -0.70898154 -0.921676 2.442347 -2.2537949 -2.2537949 -3.6888795 0.70710678 0 0.70710678 0
-0.15 0.15 -3 0 0 0 -1.1343705 -0.77987969 -0.56718523 2.442347 -2.2537949 -2.2537949 -3.6888795 1 0 0 0
-0.15 0.15 3 0 0 0 -0.56718523 -0.95712508 -1.1343705 2.442347 -2.2537949 -2.2537949 -3.6888795 1 0 0 0
-3 0.15 -0.15 0 0 0 -0.88622693 -0.99257416 -0.63808339 2.442347 -2.2537949 -2.2537949 -3.6888795 0.70710678 0 0.70710678 0
3 0.15 -0.15 0 0 0 -1.0280232 -0.70898154 -0.921676 2.442347 -2.2537949 -2.2537949 -3.6888795 0.70710678 0 0.70710678 0
-0.15 0.3 -3 0 0 0 -1.1343705 -0.77987969 -0.56718523 2.442347 -2.2537949 -2.2537949 -3.6888795 1 0 0 0
-0.15 0.3 3 0 0 0 -0.56718523 -0.95712508 -1.1343705 2.442347 -2.2537949 -2.2537949 -3.6888795 1 0 0 0
-3 0.3 -0.15 0 0 0 -0.88622693 -0.99257416 -0.63808339 2.442347 -2.2537949 -2.2537949 -3.6888795 0.70710678 0 0.70710678 0
3 0.3 -0.15 0 0 0 -1.0280232 -0.70898154 -0.921676 2.442347 -2.2537949 -2.2537949 -3.6888795 0.70710678 0 0.70710678 0
-0.15 0.45 -3 0 0 0 -1.1343705 -0.77987969 -0.56718523 2.442347 -2.2537949 -2.2537949 -3.6888795 1 0 0 0
-0.15 0.45 3 0 0 0 -0.56718523 -0.95712508 -1.1343705 2.442347 -2.2537949 -2.2537949 -3.6888795 1 0 0 0
-3 0.45 -0.15 0 0 0 -0.88622693 -0.99257416 -0.63808339 2.442347 -2.2537949 -2.2537949 -3.6888795 0.70710678 0 0.70710678 0
3 0.45 -0.15 0 0 0 -1.0280232 -0.70898154 -0.921676 2.442347 -2.2537949 -2.2537949 -3.6888795 0.70710678 0 0.70710678 0
-0.15 0.6 -3 0 0 0 -1.1343705 -0.77987969 -0.56718523 2.442347 -2.2537949 -2.2537949 -3.6888795 1 0 0 0
-0.15 0.6 3 0 0 0 -0.56718523 -0.95712508 -1.1343705 2.442347 -2.2537949 -2.2537949 -3.6888795 1 0 0 0
-3 0.6 -0.15 0 0 0 -0.88622693 -0.99257416 -0.63808339 2.442347 -2.2537949 -2.2537949 -3.6888795 0.70710678 0 0.70710678 0
3 0.6 -0.15 0 0 0 -1.0280232 -0.70898154 -0.921676 2.442347 -2.2537949 -2.2537949 -3.6888795 0.70710678 0 0.70710678 0
-0.15 0.75 -3 0 0 0 -1.4888612 0.56718523 0.99257416 2.442347 -2.2537949 -2.2537949 -3.6888795 1 0 0 0
-0.15 0.75 3 0 0 0 1.4179631 -0.21269446 -1.3116158 2.442347 -2.2537949 -2.2537949 -3.6888795 1 0 0 0
-3 0.75 -0.15 0 0 0 -0.38993985 -0.88622693 0.460838 2.442347 -2.2537949 -2.2537949 -3.6888795 0.70710678 0 0.70710678 0
3 0.75 -0.15 0 0 0 -0.99257416 0.42538892 -0.38993985 2.442347 -2.2537949 -2.2537949 -3.6888795 0.70710678 0 0.70710678 0
-0.15 0.9 -3 0 0 0 -1.4888612 0.56718523 0.99257416 2.442347 -2.2537949 -2.2537949 -3.6888795 1 0 0 0
-0.15 0.9 3 0 0 0 1.4179631 -0.21269446 -1.3116158 2.442347 -2.2537949 -2.2537949 -3.6888795 1 0 0 0
-3 0.9 -0.15 0 0 0 -0.38993985 -0.88622693 0.460838 2.442347 -2.2537949 -2.2537949 -3.6888795 0.70710678 0 0.70710678 0
3 0.9 -0.15 0 0 0 -0.99257416 0.42538892 -0.38993985 2.442347 -2.2537949 -2.2537949 -3.6888795 0.70710678 0 0.70710678 0
-0.15 1.05 -3 0 0 0 -1.4888612 0.56718523 0.99257416 2.442347 -2.2537949 -2.2537949 -3.6888795 1 0 0 0
-0.15 1.05 3 0 0 0 1.4179631 -0.21269446 -1.3116158 2.442347 -2.2537949 -2.2537949 -3.6888795 1 0 0 0
-3 1.05 -0.15 0 0 0 -0.38993985 -0.88622693 0.460838 2.442347 -2.2537949 -2.2537949 -3.6888795 0.70710678 0 0.70710678 0
3 1.05 -0.15 0 0 0 -0.99257416 0.42538892 -0.38993985 2.442347 -2.2537949 -2.2537949 -3.6888795 0.70710678 0 0.70710678 0
-0.15 1.2 -3 0 0 0 -1.4888612 0.56718523 0.99257416 2.442347 -2.2537949 -2.2537949 -3.6888795 1 0 0 0
-0.15 1.2 3 0 0 0 1.4179631 -0.21269446 -1.3116158 2.442347 -2.2537949 -2.2537949 -3.6888795 1 0 0 0
-3 1.2 -0.15 0 0 0 -0.38993985 -0.88622693 0.460838 2.442347 -2.2537949 -2.2537949 -3.6888795 0.70710678 0 0.70710678 0
3 1.2 -0.15 0 0 0 -0.99257416 0.42538892 -0.38993985 2.442347 -2.2537949 -2.2537949 -3.6888795 0.70710678 0 0.70710678 0
-0.15 1.35 -3 0 0 0 -1.4888612 0.56718523 0.99257416 2.442347 -2.2537949 -2.2537949 -3.6888795 1 0 0 0
-0.15 1.35 3 0 0 0 1.4179631 -0.21269446 -1.3116158 2.442347 -2.2537949 -2.2537949 -3.6888795 1 0 0 0
-3 1.35 -0.15 0 0 0 -0.38993985 -0.88622693 0.460838 2.442347 -2.2537949 -2.2537949 -3.6888795 0.70710678 0 0.70710678 0
3 1.35 -0.15 0 0 0 -0.99257416 0.42538892 -0.38993985 2.442347 -2.2537949 -2.2537949 -3.6888795 0.70710678 0 0.70710678 0
-0.15 1.5 -3 0 0 0 -1.4888612 0.56718523 0.99257416 2.442347 -2.2537949 -2.2537949 -3.6888795 1 0 0 0
-0.15 1.5 3 0 0 0 1.4179631 -0.21269446 -1.3116158 2.442347 -2.2537949 -2.2537949 -3.6888795 1 0 0 0
-3 1.5 -0.15 0 0 0 -0.38993985 -0.88622693 0.460838 2.442347 -2.2537949 -2.2537949 -3.6888795 0.70710678 0 0.70710678 0
3 1.5 -0.15 0 0 0 -0.99257416 0.42538892 -0.38993985 2.442347 -2.2537949 -2.2537949 -3.6888795 0.70710678 0 0.70710678 0
-0.15 1.65 -3 0 0 0 -1.4888612 0.56718523 0.99257416 2.442347 -2.2537949 -2.2537949 -3.6888795 1 0 0 0
-0.15 1.65 3 0 0 0 1.4179631 -0.21269446 -1.3116158 2.442347 -2.2537949 -2.2537949 -3.6888795 1 0 0 0
-3 1.65 -0.15 0 0 0 -0.38993985 -0.88622693 0.460838 2.442347 -2.2537949 -2.2537949 -3.6888795 0.70710678 0 0.70710678 0
3 1.65 -0.15 0 0 0 -0.99257416 0.42538892 -0.38993985 2.442347 -2.2537949 -2.2537949 -3.6888795 0.70710678 0 0.70710678 0
-0.15 1.8 -3 0 0 0 -1.4888612 0.56718523 0.99257416 2.442347 -2.2537949 -2.2537949 -3.6888795 1 0 0 0
-0.15 1.8 3 0 0 0 1.4179631 -0.21269446 -1.3116158 2.442347 -2.2537949 -2.2537949 -3.6888795 1 0 0 0
-3 1.8 -0.15 0 0 0 -0.38993985 -0.88622693 0.460838 2.442347 -2.2537949 -2.2537949 -3.6888795 0.70710678 0 0.70710678 0
3 1.8 -0.15 0 0 0 -0.99257416 0.42538892 -0.38993985 2.442347 -2.2537949 -2.2537949 -3.6888795 0.70710678 0 0.70710678 0
-0.15 1.95 -3 0 0 0 -1.4888612 0.56718523 0.99257416 2.442347 -2.2537949 -2.2537949 -3.6888795 1 0 0 0
-0.15 1.95 3 0 0 0 1.4179631 -0.21269446 -1.3116158 2.442347 -2.2537949 -2.2537949 -3.6888795 1 0 0 0
-3 1.95 -0.15 0 0 0 -0.38993985 -0.88622693 0.460838 2.442347 -2.2537949 -2.2537949 -3.6888795 0.70710678 0 0.70710678 0
3 1.95 -0.15 0 0 0 -0.99257416 0.42538892 -0.38993985 2.442347 -2.2537949 -2.2537949 -3.6888795 0.70710678 0 0.70710678 0
-0.15 2.1 -3 0 0 0 -1.4888612 0.56718523 0.99257416 2.442347 -2.2537949 -2.2537949 -3.6888795 1 0 0 0
-0.15 2.1 3 0 0 0 1.4179631 -0.21269446 -1.3116158 2.442347 -2.2537949 -2.2537949 -3.6888795 1 0 0 0
-3 2.1 -0.15 0 0 0 -0.38993985 -0.88622693 0.460838 2.442347 -2.2537949 -2.2537949 -3.6888795 0.70710678 0 0.70710678 0
3 2.1 -0.15 0 0 0 -0.99257416 0.42538892 -0.38993985 2.442347 -2.2537949 -2.2537949 -3.6888795 0.70710678 0 0.70710678 0
-0.15 2.25 -3 0 0 0 -1.4888612 0.56718523 0.99257416 2.442347 -2.2537949 -2.2537949 -3.6888795 1 0 0 0
-0.15 2.25 3 0 0 0 1.4179631 -0.21269446 -1.3116158 2.442347 -2.2537949 -2.2537949 -3.6888795 1 0 0 0
-3 2.25 -0.15 0 0 0 -0.38993985 -0.88622693 0.460838 2.442347 -2.2537949 -2.2537949 -3.6888795 0.70710678 0 0.70710678 0
3 2.25 -0.15 0 0 0 -0.99257416 0.42538892 -0.38993985 2.442347 -2.2537949 -2.2537949 -3.6888795 0.70710678 0 0.70710678 0
-0.15 2.4 -3 0 0 0 -1.1343705 -0.77987969 -0.56718523 2.442347 -2.2537949 -2.2537949 -3.6888795 1 0 0 0
-0.15 2.4 3 0 0 0 -0.56718523 -0.95712508 -1.1343705 2.442347 -2.2537949 -2.2537949 -3.6888795 1 0 0 0
-3 2.4 -0.15 0 0 0 -0.88622693 -0.99257416 -0.63808339 2.442347 -2.2537949 -2.2537949 -3.6888795 0.70710678 0 0.70710678 0
3 2.4 -0.15 0 0 0 -1.0280232 -0.70898154 -0.921676 2.442347 -2.2537949 -2.2537949 -3.6888795 0.70710678 0 0.70710678 0
-0.15 2.55 -3 0 0 0 -1.1343705 -0.77987969 -0.56718523 2.442347 -2.2537949 -2.2537949 -3.6888795 1 0 0 0
-0.15 2.55 3 0 0 0 -0.56718523 -0.95712508 -1.1343705 2.442347 -2.2537949 -2.2537949 -3.6888795 1 0 0 0
-3 2.55 -0.15 0 0 0 -0.88622693 -0.99257416 -0.63808339 2.442347 -2.2537949 -2.2537949 -3.6888795 0.70710678 0 0.70710678 0
3 2.55 -0.15 0 0 0 -1.0280232 -0.70898154 -0.921676 2.442347 -2.2537949 -2.2537949 -3.6888795 0.70710678 0 0.70710678 0
-0.15 2.7 -3 0 0 0 -1.1343705 -0.77987969 -0.56718523 2.442347 -2.2537949 -2.2537949 -3.6888795 1 0 0 0
-0.15 2.7 3 0 0 0 -0.56718523 -0.95712508 -1.1343705 2.442347 -2.2537949 -2.2537949 -3.6888795 1 0 0 0
-3 2.7 -0.15 0 0 0 -0.88622693 -0.99257416 -0.63808339 2.442347 -2.2537949 -2.2537949 -3.6888795 0.70710678 0 0.70710678 0
3 2.7 -0.15 0 0 0 -1.0280232 -0.70898154 -0.921676 2.442347 -2.2537949 -2.2537949 -3.6888795 0.70710678 0 0.70710678 0
-0.15 2.85 -3 0 0 0 -1.1343705 -0.77987969 -0.56718523 2.442347 -2.2537949 -2.2537949 -3.6888795 1 0 0 0
-0.15 2.85 3 0 0 0 -0.56718523 -0.95712508 -1.1343705 2.442347 -2.2537949 -2.2537949 -3.6888795 1 0 0 0
-3 2.85 -0.15 0 0 0 -0.88622693 -0.99257416 -0.63808339 2.442347 -2.2537949 -2.2537949 -3.6888795 0.70710678 0 0.70710678 0
3 2.85 -0.15 0 0 0 -1.0280232 -0.70898154 -0.921676 2.442347 -2.2537949 -2.2537949 -3.6888795 0.70710678 0 0.70710678 0
-0.15 3 -3 0 0 0 -1.1343705 -0.77987969 -0.56718523 2.442347 -2.2537949 -2.2537949 -3.6888795 1 0 0 0
-0.15 3 3 0 0 0 -0.56718523 -0.95712508 -1.1343705 2.442347 -2.2537949 -2.2537949 -3.6888795 1 0 0 0
-3 3 -0.15 0 0 0 -0.88622693 -0.99257416 -0.63808339 2.442347 -2.2537949 -2.2537949 -3.6888795 0.70710678 0 0.70710678 0
3 3 -0.15 0 0 0 -1.0280232 -0.70898154 -0.921676 2.442347 -2.2537949 -2.2537949 -3.6888795 0.70710678 0 0.70710678 0
0 0 -3 0 0 0 -0.28359262 -0.20914955 -0.10492927 2.442347 -2.2537949 -2.2537949 -3.6888795 0.70710678 0.70710678 0 0
0 3 -3 0 0 0 -1.0634723 -0.95712508 -0.70898154 2.442347 -2.2537949 -2.2537949 -3.6888795 0.70710678 0.70710678 0 0
0 0 -2.85 0 0 0 -0.28359262 -0.20914955 -0.10492927 2.442347 -2.2537949 -2.2537949 -3.6888795 0.70710678 0.70710678 0 0
0 3 -2.85 0 0 0 -1.0634723 -0.95712508 -0.70898154 2.442347 -2.2537949 -2.2537949 -3.6888795 0.70710678 0.70710678 0 0
0 0 -2.7 0 0 0 -0.28359262 -0.20914955 -0.10492927 2.442347 -2.2537949 -2.2537949 -3.6888795 0.70710678 0.70710678 0 0
0 3 -2.7 0 0 0 -1.0634723 -0.95712508 -0.70898154 2.442347 -2.2537949 -2.2537949 -3.6888795 0.70710678 0.70710678 0 0
0 0 -2.55 0 0 0 -0.28359262 -0.20914955 -0.10492927 2.442347 -2.2537949 -2.2537949 -3.6888795 0.70710678 0.70710678 0 0
0 3 -2.55 0 0 0 -1.0634723 -0.95712508 -0.70898154 2.442347 -2.2537949 -2.2537949 -3.6888795 0.70710678 0.70710678 0 0
0 0 -2.4 0 0 0 -0.28359262 -0.20914955 -0.10492927 2.442347 -2.2537949 -2.2537949 -3.6888795 0.70710678 0.70710678 0 0
0 3 -2.4 0 0 0 -1.0634723 -0.95712508 -0.70898154 2.442347 -2.2537949 -2.2537949 -3.6888795 0.70710678 0.70710678 0 0
0 0 -2.25 0 0 0 -0.85077785 -0.80469405 -0.74017673 2.442347 -2.2537949 -2.2537949 -3.6888795 0.70710678 0.70710678 0 0
0 3 -2.25 0 0 0 -1.0634723 -0.95712508 -0.70898154 2.442347 -2.2537949 -2.2537949 -3.6888795 0.70710678 0.70710678 0 0
0 0 -2.1 0 0 0 -0.85077785 -0.80469405 -0.74017673 2.442347 -2.2537949 -2.2537949 -3.6888795 0.70710678 0.70710678 0 0
0 3 -2.1 0 0 0 -1.0634723 -0.95712508 -0.70898154 2.442347 -2.2537949 -2.2537949 -3.6888795 0.70710678 0.70710678 0 0
0 0 -1.95 0 0 0 -0.85077785 -0.80469405 -0.74017673 2.442347 -2.2537949 -2.2537949 -3.6888795 0.70710678 0.70710678 0 0
0 3 -1.95 0 0 0 -1.0634723 -0.95712508 -0.70898154 2.442347 -2.2537949 -2.2537949 -3.6888795 0.70710678 0.70710678 0 0
0 0 -1.8 0 0 0 -0.85077785 -0.80469405 -0.74017673 2.442347 -2.2537949 -2.2537949 -3.6888795 0.70710678 0.70710678 0 0
0 3 -1.8 0 0 0 -1.0634723 -0.95712508 -0.70898154 2.442347 -2.2537949 -2.2537949 -3.6888795 0.70710678 0.70710678 0 0
0 0 -1.65 0 0 0 -0.85077785 -0.80469405 -0.74017673 2.442347 -2.2537949 -2.2537949 -3.6888795 0.70710678 0.70710678 0 0
0 3 -1.65 0 0 0 -1.0634723 -0.95712508 -0.70898154 2.442347 -2.2537949 -2.2537949 -3.6888795 0.70710678 0.70710678 0 0
0 0 -1.5 0 0 0 -0.28359262 -0.20914955 -0.10492927 2.442347 -2.2537949 -2.2537949 -3.6888795 0.70710678 0.70710678 0 0
0 3 -1.5 0 0 0 -1.0634723 -0.95712508 -0.70898154 2.442347 -2.2537949 -2.2537949 -3.6888795 0.70710678 0.70710678 0 0
0 0 -1.35 0 0 0 -0.28359262 -0.20914955 -0.10492927 2.442347 -2.2537949 -2.2537949 -3.6888795 0.70710678 0.70710678 0 0
0 3 -1.35 0 0 0 -1.0634723 -0.95712508 -0.70898154 2.442347 -2.2537949 -2.2537949 -3.6888795 0.70710678 0.70710678 0 0
0 0 -1.2 0 0 0 -0.28359262 -0.20914955 -0.10492927 2.442347 -2.2537949 -2.2537949 -3.6888795 0.70710678 0.70710678 0 0
0 3 -1.2 0 0 0 -1.0634723 -0.95712508 -0.70898154 2.442347 -2.2537949 -2.2537949 -3.6888795 0.70710678 0.70710678 0 0
0 0 -1.05 0 0 0 -0.28359262 -0.20914955 -0.10492927 2.442347 -2.2537949 -2.2537949 -3.6888795 0.70710678 0.70710678 0 0
0 3 -1.05 0 0 0 -1.0634723 -0.95712508 -0.70898154 2.442347 -2.2537949 -2.2537949 -3.6888795 0.70710678 0.70710678 0 0
0 0 -0.9 0 0 0 -0.28359262 -0.20914955 -0.10492927 2.442347 -2.2537949 -2.2537949 -3.6888795 0.70710678 0.70710678 0 0
0 3 -0.9 0 0 0 -1.0634723 -0.95712508 -0.70898154 2.442347 -2.2537949 -2.2537949 -3.6888795 0.70710678 0.70710678 0 0
0 0 -0.75 0 0 0 -0.85077785 -0.80469405 -0.74017673 2.442347 -2.2537949 -2.2537949 -3.6888795 0.70710678 0.70710678 0 0
0 3 -0.75 0 0 0 -1.0634723 -0.95712508 -0.70898154 2.442347 -2.2537949 -2.2537949 -3.6888795 0.70710678 0.70710678 0 0
0 0 -0.6 0 0 0 -0.85077785 -0.80469405 -0.74017673 2.442347 -2.2537949 -2.2537949 -3.6888795 0.70710678 0.70710678 0 0
0 3 -0.6 0 0 0 -1.0634723 -0.95712508 -0.70898154 2.442347 -2.2537949 -2.2537949 -3.6888795 0.70710678 0.70710678 0 0
0 0 -0.45 0 0 0 -0.85077785 -0.80469405 -0.74017673 2.442347 -2.2537949 -2.2537949 -3.6888795 0.70710678 0.70710678 0 0
0 3 -0.45 0 0 0 -1.0634723 -0.95712508 -0.70898154 2.442347 -2.2537949 -2.2537949 -3.6888795 0.70710678 0.70710678 0 0
0 0 -0.3 0 0 0 -0.85077785 -0.80469405 -0.74017673 2.442347 -2.2537949 -2.2537949 -3.6888795 0.70710678 0.70710678 0 0
0 3 -0.3 0 0 0 -1.0634723 -0.95712508 -0.70898154 2.442347 -2.2537949 -2.2537949 -3.6888795 0.70710678 0.70710678 0 0
0 0 -0.15 0 0 0 -0.85077785 -0.80469405 -0.74017673 2.442347 -2.2537949 -2.2537949 -3.6888795 0.70710678 0.70710678 0 0
0 3 -0.15 0 0 0 -1.0634723 -0.95712508 -0.70898154 2.442347 -2.2537949 -2.2537949 -3.6888795 0.70710678 0.70710678 0 0
0 0 0 0 0 0 -0.28359262 -0.20914955 -0.10492927 2.442347 -2.2537949 -2.2537949 -3.6888795 0.70710678 0.70710678 0 0
0 3 0 0 0 0 -1.0634723 -0.95712508 -0.70898154 2.442347 -2.2537949 -2.2537949 -3.6888795 0.70710678 0.70710678 0 0
0 0 0.15 0 0 0 -0.28359262 -0.20914955 -0.10492927 2.442347 -2.2537949 -2.2537949 -3.6888795 0.70710678 0.70710678 0 0
0 3 0.15 0 0 0 -1.0634723 -0.95712508 -0.70898154 2.442347 -2.2537949 -2.2537949 -3.6888795 0.70710678 0.70710678 0 0
0 0 0.3 0 0 0 -0.28359262 -0.20914955 -0.10492927 2.442347 -2.2537949 -2.2537949 -3.6888795 0.70710678 0.70710678 0 0
0 3 0.3 0 0 0 -1.0634723 -0.95712508 -0.70898154 2.442347 -2.2537949 -2.2537949 -3.6888795 0.70710678 0.70710678 0 0
0 0 0.45 0 0 0 -0.28359262 -0.20914955 -0.10492927 2.442347 -2.2537949 -2.2537949 -3.6888795 0.70710678 0.70710678 0 0
0 3 0.45 0 0 0 -1.0634723 -0.95712508 -0.70898154 2.442347 -2.2537949 -2.2537949 -3.6888795 0.70710678 0.70710678 0 0
0 0 0.6 0 0 0 -0.28359262 -0.20914955 -0.10492927 2.442347 -2.2537949 -2.2537949 -3.6888795 0.70710678 0.70710678 0 0
0 3 0.6 0 0 0 -1.0634723 -0.95712508 -0.70898154 2.442347 -2.2537949 -2.2537949 -3.6888795 0.70710678 0.70710678 0 0
0 0 0.75 0 0 0 -0.85077785 -0.80469405 -0.74017673 2.442347 -2.2537949 -2.2537949 -3.6888795 0.70710678 0.70710678 0 0
0 3 0.75 0 0 0 -1.0634723 -0.95712508 -0.70898154 2.442347 -2.2537949 -2.2537949 -3.6888795 0.70710678 0.70710678 0 0
0 0 0.9 0 0 0 -0.85077785 -0.80469405 -0.74017673 2.442347 -2.2537949 -2.2537949 -3.6888795 0.70710678 0.70710678 0 0
0 3 0.9 0 0 0 -1.0634723 -0.95712508 -0.70898154 2.442347 -2.2537949 -2.2537949 -3.6888795 0.70710678 0.70710678 0 0
0 0 1.05 0 0 0 -0.85077785 -0.80469405 -0.74017673 2.442347 -2.2537949 -2.2537949 -3.6888795 0.70710678 0.70710678 0 0
0 3 1.05 0 0 0 -1.0634723 -0.95712508 -0.70898154 2.442347 -2.2537949 -2.2537949 -3.6888795 0.70710678 0.70710678 0 0
0 0 1.2 0 0 0 -0.85077785 -0.80469405 -0.74017673 2.442347 -2.2537949 -2.2537949 -3.6888795 0.70710678 0.70710678 0 0
0 3 1.2 0 0 0 -1.0634723 -0.95712508 -0.70898154 2.442347 -2.2537949 -2.2537949 -3.6888795 0.70710678 0.70710678 0 0
0 0 1.35 0 0 0 -0.85077785 -0.80469405 -0.74017673 2.442347 -2.2537949 -2.2537949 -3.6888795 0.70710678 0.70710678 0 0
0 3 1.35 0 0 0 -1.0634723 -0.95712508 -0.70898154 2.442347 -2.2537949 -2.2537949 -3.6888795 0.70710678 0.70710678 0 0
0 0 1.5 0 0 0 -0.28359262 -0.20914955 -0.10492927 2.442347 -2.2537949 -2.2537949 -3.6888795 0.70710678 0.70710678 0 0
0 3 1.5 0 0 0 -1.0634723 -0.95712508 -0.70898154 2.442347 -2.2537949 -2.2537949 -3.6888795 0.70710678 0.70710678 0 0
0 0 1.65 0 0 0 -0.28359262 -0.20914955 -0.10492927 2.442347 -2.2537949 -2.2537949 -3.6888795 0.70710678 0.70710678 0 0
0 3 1.65 0 0 0 -1.0634723 -0.95712508 -0.70898154 2.442347 -2.2537949 -2.2537949 -3.6888795 0.70710678 0.70710678 0 0
0 0 1.8 0 0 0 -0.28359262 -0.20914955 -0.10492927 2.442347 -2.2537949 -2.2537949 -3.6888795 0.70710678 0.70710678 0 0
0 3 1.8 0 0 0 -1.0634723 -0.95712508 -0.70898154 2.442347 -2.2537949 -2.2537949 -3.6888795 0.70710678 0.70710678 0 0
0 0 1.95 0 0 0 -0.28359262 -0.20914955 -0.10492927 2.442347 -2.2537949 -2.2537949 -3.6888795 0.70710678 0.70710678 0 0
0 3 1.95 0 0 0 -1.0634723 -0.95712508 -0.70898154 2.442347 -2.2537949 -2.2537949 -3.6888795 0.70710678 0.70710678 0 0
0 0 2.1 0 0 0 -0.28359262 -0.20914955 -0.10492927 2.442347 -2.2537949 -2.2537949 -3.6888795 0.70710678 0.70710678 0 0
0 3 2.1 0 0 0 -1.0634723 -0.95712508 -0.70898154 2.442347 -2.2537949 -2.2537949 -3.6888795 0.70710678 0.70710678 0 0
0 0 2.25 0 0 0 -0.85077785 -0.80469405 -0.74017673 2.442347 -2.2537949 -2.2537949 -3.6888795 0.70710678 0.70710678 0 0
0 3 2.25 0 0 0 -1.0634723 -0.95712508 -0.70898154 2.442347 -2.2537949 -2.2537949 -3.6888795 0.70710678 0.70710678 0 0
0 0 2.4 0 0 0 -0.85077785 -0.80469405 -0.74017673 2.442347 -2.2537949 -2.2537949 -3.6888795 0.70710678 0.70710678 0 0
0 3 2.4 0 0 0 -1.0634723 -0.95712508 -0.70898154 2.442347 -2.2537949 -2.2537949 -3.6888795 0.70710678 0.70710678 0 0
0 0 2.55 0 0 0 -0.85077785 -0.80469405 -0.74017673 2.442347 -2.2537949 -2.2537949 -3.6888795 0.70710678 0.70710678 0 0
0 3 2.55 0 0 0 -1.0634723 -0.95712508 -0.70898154 2.442347 -2.2537949 -2.2537949 -3.6888795 0.70710678 0.70710678 0 0
0 0 2.7 0 0 0 -0.85077785 -0.80469405 -0.74017673 2.442347 -2.2537949 -2.2537949 -3.6888795 0.70710678 0.70710678 0 0
0 3 2.7 0 0 0 -1.0634723 -0.95712508 -0.70898154 2.442347 -2.2537949 -2.2537949 -3.6888795 0.70710678 0.70710678 0 0
0 0 2.85 0 0 0 -0.85077785 -0.80469405 -0.74017673 2.442347 -2.2537949 -2.2537949 -3.6888795 0.70710678 0.70710678 0 0
0 3 2.85 0 0 0 -1.0634723 -0.95712508 -0.70898154 2.442347 -2.2537949 -2.2537949 -3.6888795 0.70710678 0.70710678 0 0
0 0 3 0 0 0 -0.28359262 -0.20914955 -0.10492927 2.442347 -2.2537949 -2.2537949 -3.6888795 0.70710678 0.70710678 0 0
0 3 3 0 0 0 -1.0634723 -0.95712508 -0.70898154 2.442347 -2.2537949 -2.2537949 -3.6888795 0.70710678 0.70710678 0 0
0 0 -3 0 0 0 -1.1343705 -0.77987969 -0.56718523 2.442347 -2.2537949 -2.2537949 -3.6888795 1 0 0 0
0 0 3 0 0 0 -0.56718523 -0.95712508 -1.1343705 2.442347 -2.2537949 -2.2537949 -3.6888795 1 0 0 0
-3 0 0 0 0 0 -0.88622693 -0.99257416 -0.63808339 2.442347 -2.2537949 -2.2537949 -3.6888795 0.70710678 0 0.70710678 0
3 0 0 0 0 0 -1.0280232 -0.70898154 -0.921676 2.442347 -2.2537949 -2.2537949 -3.6888795 0.70710678 0 0.70710678 0
0 0.15 -3 0 0 0 -1.1343705 -0.77987969 -0.56718523 2.442347 -2.2537949 -2.2537949 -3.6888795 1 0 0 0
0 0.15 3 0 0 0 -0.56718523 -0.95712508 -1.1343705 2.442347 -2.2537949 -2.2537949 -3.6888795 1 0 0 0
-3 0.15 0 0 0 0 -0.88622693 -0.99257416 -0.63808339 2.442347 -2.2537949 -2.2537949 -3.6888795 0.70710678 0 0.70710678 0
3 0.15 0 0 0 0 -1.0280232 -0.70898154 -0.921676 2.442347 -2.2537949 -2.2537949 -3.6888795 0.70710678 0 0.70710678 0
0 0.3 -3 0 0 0 -1.1343705 -0.77987969 -0.56718523 2.442347 -2.2537949 -2.2537949 -3.6888795 1 0 0 0
0 0.3 3 0 0 0 -0.56718523 -0.95712508 -1.1343705 2.442347 -2.2537949 -2.2537949 -3.6888795 1 0 0 0
-3 0.3 0 0 0 0 -0.88622693 -0.99257416 -0.63808339 2.442347 -2.2537949 -2.2537949 -3.6888795 0.70710678 0 0.70710678 0
3 0.3 0 0 0 0 -1.0280232 -0.70898154 -0.921676 2.442347 -2.2537949 -2.2537949 -3.6888795 0.70710678 0 0.70710678 0
0 0.45 -3 0 0 0 -1.1343705 -0.77987969 -0.56718523 2.442347 -2.2537949 -2.2537949 -3.6888795 1 0 0 0
0 0.45 3 0 0 0 -0.56718523 -0.95712508 -1.1343705 2.442347 -2.2537949 -2.2537949 -3.6888795 1 0 0 0
-3 0.45 0 0 0 0 -0.88622693 -0.99257416 -0.63808339 2.442347 -2.2537949 -2.2537949 -3.6888795 0.70710678 0 0.70710678 0
3 0.45 0 0 0 0 -1.0280232 -0.70898154 -0.921676 2.442347 -2.2537949 -2.2537949 -3.6888795 0.70710678 0 0.70710678 0
0 0.6 -3 0 0 0 -1.1343705 -0.77987969 -0.56718523 2.442347 -2.2537949 -2.2537949 -3.6888795 1 0 0 0
0 0.6 3 0 0 0 -0.56718523 -0.95712508 -1.1343705 2.442347 -2.2537949 -2.2537949 -3.6888795 1 0 0 0
-3 0.6 0 0 0 0 -0.88622693 -0.99257416 -0.63808339 2.442347 -2.2537949 -2.2537949 -3.6888795 0.70710678 0 0.70710678 0
3 0.6 0 0 0 0 -1.0280232 -0.70898154 -0.921676 2.442347 -2.2537949 -2.2537949 -3.6888795 0.70710678 0 0.70710678 0
0 0.75 -3 0 0 0 -1.4888612 0.56718523 0.99257416 2.442347 -2.2537949 -2.2537949 -3.6888795 1 0 0 0
0 0.75 3 0 0 0 1.4179631 -0.21269446 -1.3116158 2.442347 -2.2537949 -2.2537949 -3.6888795 1 0 0 0
-3 0.75 0 0 0 0 -0.38993985 -0.88622693 0.460838 2.442347 -2.2537949 -2.2537949 -3.6888795 0.70710678 0 0.70710678 0
3 0.75 0 0 0 0 -0.99257416 0.42538892 -0.38993985 2.442347 -2.2537949 -2.2537949 -3.6888795 0.70710678 0 0.70710678 0
0 0.9 -3 0 0 0 -1.4888612 0.56718523 0.99257416 2.442347 -2.2537949 -2.2537949 -3.6888795 1 0 0 0
0 0.9 3 0 0 0 1.4179631 -0.21269446 -1.3116158 2.442347 -2.2537949 -2.2537949 -3.6888795 1 0 0 0
-3 0.9 0 0 0 0 -0.38993985 -0.88622693 0.460838 2.442347 -2.2537949 -2.2537949 -3.6888795 0.70710678 0 0.70710678 0
3 0.9 0 0 0 0 -0.99257416 0.42538892 -0.38993985 2.442347 -2.2537949 -2.2537949 -3.6888795 0.70710678 0 0.70710678 0
0 1.05 -3 0 0 0 -1.4888612 0.56718523 0.99257416 2.442347 -2.2537949 -2.2537949 -3.6888795 1 0 0 0
0 1.05 3 0 0 0 1.4179631 -0.21269446 -1.3116158 2.442347 -2.2537949 -2.2537949 -3.6888795 1 0 0 0
-3 1.05 0 0 0 0 -0.38993985 -0.88622693 0.460838 2.442347 -2.2537949 -2.2537949 -3.6888795 0.70710678 0 0.70710678 0
3 1.05 0 0 0 0 -0.99257416 0.42538892 -0.38993985 2.442347 -2.2537949 -2.2537949 -3.6888795 0.70710678 0 0.70710678 0
0 1.2 -3 0 0 0 -1.4888612 0.56718523 0.99257416 2.442347 -2.2537949 -2.2537949 -3.6888795 1 0 0 0
0 1.2 3 0 0 0 1.4179631 -0.21269446 -1.3116158 2.442347 -2.2537949 -2.2537949 -3.6888795 1 0 0 0
-3 1.2 0 0 0 0 -0.38993985 -0.88622693 0.460838 2.442347 -2.2537949 -2.2537949 -3.6888795 0.70710678 0 0.70710678 0
3 1.2 0 0 0 0 -0.99257416 0.42538892 -0.38993985 2.442347 -2.2537949 -2.2537949 -3.6888795 0.70710678 0 0.70710678 0
0 1.35 -3 0 0 0 -1.4888612 0.56718523 0.99257416 2.442347 -2.2537949 -2.2537949 -3.6888795 1 0 0 0
0 1.35 3 0 0 0 1.4179631 -0.21269446 -1.3116158 2.442347 -2.2537949 -2.2537949 -3.6888795 1 0 0 0
-3 1.35 0 0 0 0 -0.38993985 -0.88622693 0.460838 2.442347 -2.2537949 -2.2537949 -3.6888795 0.70710678 0 0.70710678 0
3 1.35 0 0 0 0 -0.99257416 0.42538892 -0.38993985 2.442347 -2.2537949 -2.2537949 -3.6888795 0.70710678 0 0.70710678 0
0 1.5 -3 0 0 0 -1.4888612 0.56718523 0.99257416 2.442347 -2.2537949 -2.2537949 -3.6888795 1 0 0 0
0 1.5 3 0 0 0 1.4179631 -0.21269446 -1.3116158 2.442347 -2.2537949 -2.2537949 -3.6888795 1 0 0 0
-3 1.5 0 0 0 0 -0.38993985 -0.88622693 0.460838 2.442347 -2.2537949 -2.2537949 -3.6888795 0.70710678 0 0.70710678 0
3 1.5 0 0 0 0 -0.99257416 0.42538892 -0.38993985 2.442347 -2.2537949 -2.2537949 -3.6888795 0.70710678 0 0.70710678 0
0 1.65 -3 0 0 0 -1.4888612 0.56718523 0.99257416 2.442347 -2.2537949 -2.2537949 -3.6888795 1 0 0 0
0 1.65 3 0 0 0 1.4179631 -0.21269446 -1.3116158 2.442347 -2.2537949 -2.2537949 -3.6888795 1 0 0 0
-3 1.65 0 0 0 0 -0.38993985 -0.88622693 0.460838 2.442347 -2.2537949 -2.2537949 -3.6888795 0.70710678 0 0.70710678 0
3 1.65 0 0 0 0 -0.99257416 0.42538892 -0.38993985 2.442347 -2.2537949 -2.2537949 -3.6888795 0.70710678 0 0.70710678 0
0 1.8 -3 0 0 0 -1.4888612 0.56718523 0.99257416 2.442347 -2.2537949 -2.2537949 -3.6888795 1 0 0 0
0 1.8 3 0 0 0 1.4179631 -0.21269446 -1.3116158 2.442347 -2.2537949 -2.2537949 -3.6888795 1 0 0 0
-3 1.8 0 0 0 0 -0.38993985 -0.88622693 0.460838 2.442347 -2.2537949 -2.2537949 -3.6888795 0.70710678 0 0.70710678 0
3 1.8 0 0 0 0 -0.99257416 0.42538892 -0.38993985 2.442347 -2.2537949 -2.2537949 -3.6888795 0.70710678 0 0.70710678 0
0 1.95 -3 0 0 0 -1.4888612 0.56718523 0.99257416 2.442347 -2.2537949 -2.2537949 -3.6888795 1 0 0 0
0 1.95 3 0 0 0 1.4179631 -0.21269446 -1.3116158 2.442347 -2.2537949 -2.2537949 -3.6888795 1 0 0 0
-3 1.95 0 0 0 0 -0.38993985 -0.88622693 0.460838 2.442347 -2.2537949 -2.2537949 -3.6888795 0.70710678 0 0.70710678 0
3 1.95 0 0 0 0 -0.99257416 0.42538892 -0.38993985 2.442347 -2.2537949 -2.2537949 -3.6888795 0.70710678 0 0.70710678 0
0 2.1 -3 0 0 0 -1.4888612 0.56718523 0.99257416 2.442347 -2.2537949 -2.2537949 -3.6888795 1 0 0 0
0 2.1 3 0 0 0 1.4179631 -0.21269446 -1.3116158 2.442347 -2.2537949 -2.2537949 -3.6888795 1 0 0 0
-3 2.1 0 0 0 0 -0.38993985 -0.88622693 0.460838 2.442347 -2.2537949 -2.2537949 -3.6888795 0.70710678 0 0.70710678 0
3 2.1 0 0 0 0 -0.99257416 0.42538892 -0.38993985 2.442347 -2.2537949 -2.2537949 -3.6888795 0.70710678 0 0.70710678 0
0 2.25 -3 0 0 0 -1.4888612 0.56718523 0.99257416 2.442347 -2.2537949 -2.2537949 -3.6888795 1 0 0 0
0 2.25 3 0 0 0 1.4179631 -0.21269446 -1.3116158 2.442347 -2.2537949 -2.2537949 -3.6888795 1 0 0 0
-3 2.25 0 0 0 0 -0.38993985 -0.88622693 0.460838 2.442347 -2.2537949 -2.2537949 -3.6888795 0.70710678 0 0.70710678 0
3 2.25 0 0 0 0 -0.99257416 0.42538892 -0.38993985 2.442347 -2.2537949 -2.2537949 -3.6888795 0.70710678 0 0.70710678 0
0 2.4 -3 0 0 0 -1.1343705 -0.77987969 -0.56718523 2.442347 -2.2537949 -2.2537949 -3.6888795 1 0 0 0
0 2.4 3 0 0 0 -0.56718523 -0.95712508 -1.1343705 2.442347 -2.2537949 -2.2537949 -3.6888795 1 0 0 0
-3 2.4 0 0 0 0 -0.88622693 -0.99257416 -0.63808339 2.442347 -2.2537949 -2.2537949 -3.6888795 0.70710678 0 0.70710678 0
3 2.4 0 0 0 0 -1.0280232 -0.70898154 -0.921676 2.442347 -2.2537949 -2.2537949 -3.6888795 0.70710678 0 0.70710678 0
0 2.55 -3 0 0 0 -1.1343705 -0.77987969 -0.56718523 2.442347 -2.2537949 -2.2537949 -3.6888795 1 0 0 0
0 2.55 3 0 0 0 -0.56718523 -0.95712508 -1.1343705 2.442347 -2.2537949 -2.2537949 -3.6888795 1 0 0 0
-3 2.55 0 0 0 0 -0.88622693 -0.99257416 -0.63808339 2.442347 -2.2537949 -2.2537949 -3.6888795 0.70710678 0 0.70710678 0
3 2.55 0 0 0 0 -1.0280232 -0.70898154 -0.921676 2.442347 -2.2537949 -2.2537949 -3.6888795 0.70710678 0 0.70710678 0
0 2.7 -3 0 0 0 -1.1343705 -0.77987969 -0.56718523 2.442347 -2.2537949 -2.2537949 -3.6888795 1 0 0 0
0 2.7 3 0 0 0 -0.56718523 -0.95712508 -1.1343705 2.442347 -2.2537949 -2.2537949 -3.6888795 1 0 0 0
-3 2.7 0 0 0 0 -0.88622693 -0.99257416 -0.63808339 2.442347 -2.2537949 -2.2537949 -3.6888795 0.70710678 0 0.70710678 0
3 2.7 0 0 0 0 -1.0280232 -0.70898154 -0.921676 2.442347 -2.2537949 -2.2537949 -3.6888795 0.70710678 0 0.70710678 0
0 2.85 -3 0 0 0 -1.1343705 -0.77987969 -0.56718523 2.442347 -2.2537949 -2.2537949 -3.6888795 1 0 0 0
0 2.85 3 0 0 0 -0.56718523 -0.95712508 -1.1343705 2.442347 -2.2537949 -2.2537949 -3.6888795 1 0 0 0
-3 2.85 0 0 0 0 -0.88622693 -0.99257416 -0.63808339 2.442347 -2.2537949 -2.2537949 -3.6888795 0.70710678 0 0.70710678 0
3 2.85 0 0 0 0 -1.0280232 -0.70898154 -0.921676 2.442347 -2.2537949 -2.2537949 -3.6888795 0.70710678 0 0.70710678 0
0 3 -3 0 0 0 -1.1343705 -0.77987969 -0.56718523 2.442347 -2.2537949 -2.2537949 -3.6888795 1 0 0 0
0 3 3 0 0 0 -0.56718523 -0.95712508 -1.1343705 2.442347 -2.2537949 -2.2537949 -3.6888795 1 0 0 0
-3 3 0 0 0 0 -0.88622693 -0.99257416 -0.63808339 2.442347 -2.2537949 -2.2537949 -3.6888795 0.70710678 0 0.70710678 0
3 3 0 0 0 0 -1.0280232 -0.70898154 -0.921676 2.442347 -2.2537949 -2.2537949 -3.6888795 0.70710678 0 0.70710678 0
0.15 0 -3 0 0 0 -0.28359262 -0.20914955 -0.10492927 2.442347 -2.2537949 -2.2537949 -3.6888795 0.70710678 0.70710678 0 0
0.15 3 -3 0 0 0 -1.0634723 -0.95712508 -0.70898154 2.442347 -2.2537949 -2.2537949 -3.6888795 0.70710678 0.70710678 0 0
0.15 0 -2.85 0 0 0 -0.28359262 -0.20914955 -0.10492927 2.442347 -2.2537949 -2.2537949 -3.6888795 0.70710678 0.70710678 0 0
0.15 3 -2.85 0 0 0 -1.0634723 -0.95712508 -0.70898154 2.442347 -2.2537949 -2.2537949 -3.6888795 0.70710678 0.70710678 0 0
0.15 0 -2.7 0 0 0 -0.28359262 -0.20914955 -0.10492927 2.442347 -2.2537949 -2.2537949 -3.6888795 0.70710678 0.70710678 0 0
0.15 3 -2.7 0 0 0 -1.0634723 -0.95712508 -0.70898154 2.442347 -2.2537949 -2.2537949 -3.6888795 0.70710678 0.70710678 0 0
0.15 0 -2.55 0 0 0 -0.28359262 -0.20914955 -0.10492927 2.442347 -2.2537949 -2.2537949 -3.6888795 0.70710678 0.70710678 0 0
0.15 3 -2.55 0 0 0 -1.0634723 -0.95712508 -0.70898154 2.442347 -2.2537949 -2.2537949 -3.6888795 0.70710678 0.70710678 0 0
0.15 0 -2.4 0 0 0 -0.28359262 -0.20914955 -0.10492927 2.442347 -2.2537949 -2.2537949 -3.6888795 0.70710678 0.70710678 0 0
0.15 3 -2.4 0 0 0 -1.0634723 -0.95712508 -0.70898154 2.442347 -2.2537949 -2.2537949 -3.6888795 0.70710678 0.70710678 0 0
0.15 0 -2.25 0 0 0 -0.85077785 -0.80469405 -0.74017673 2.442347 -2.2537949 -2.2537949 -3.6888795 0.70710678 0.70710678 0 0
0.15 3 -2.25 0 0 0 -1.0634723 -0.95712508 -0.70898154 2.442347 -2.2537949 -2.2537949 -3.6888795 0.70710678 0.70710678 0 0
0.15 0 -2.1 0 0 0 -0.85077785 -0.80469405 -0.74017673 2.442347 -2.2537949 -2.2537949 -3.6888795 0.70710678 0.70710678 0 0
0.15 3 -2.1 0 0 0 -1.0634723 -0.95712508 -0.70898154 2.442347 -2.2537949 -2.2537949 -3.6888795 0.70710678 0.70710678 0 0
0.15 0 -1.95 0 0 0 -0.85077785 -0.80469405 -0.74017673 2.442347 -2.2537949 -2.2537949 -3.6888795 0.70710678 0.70710678 0 0
0.15 3 -1.95 0 0 0 -1.0634723 -0.95712508 -0.70898154 2.442347 -2.2537949 -2.2537949 -3.6888795 0.70710678 0.70710678 0 0
0.15 0 -1.8 0 0 0 -0.85077785 -0.80469405 -0.74017673 2.442347 -2.2537949 -2.2537949 -3.6888795 0.70710678 0.70710678 0 0
0.15 3 -1.8 0 0 0 -1.0634723 -0.95712508 -0.70898154 2.442347 -2.2537949 -2.2537949 -3.6888795 0.70710678 0.70710678 0 0
0.15 0 -1.65 0 0 0 -0.85077785 -0.80469405 -0.74017673 2.442347 -2.2537949 -2.2537949 -3.6888795 0.70710678 0.70710678 0 0
0.15 3 -1.65 0 0 0 -1.0634723 -0.95712508 -0.70898154 2.442347 -2.2537949 -2.2537949 -3.6888795 0.70710678 0.70710678 0 0
0.15 0 -1.5 0 0 0 -0.28359262 -0.20914955 -0.10492927 2.442347 -2.2537949 -2.2537949 -3.6888795 0.70710678 0.70710678 0 0
0.15 3 -1.5 0 0 0 -1.0634723 -0.95712508 -0.70898154 2.442347 -2.2537949 -2.2537949 -3.6888795 0.70710678 0.70710678 0 0
0.15 0 -1.35 0 0 0 -0.28359262 -0.20914955 -0.10492927 2.442347 -2.2537949 -2.2537949 -3.6888795 0.70710678 0.70710678 0 0
0.15 3 -1.35 0 0 0 -1.0634723 -0.95712508 -0.70898154 2.442347 -2.2537949 -2.2537949 -3.6888795 0.70710678 0.70710678 0 0
0.15 0 -1.2 0 0 0 -0.28359262 -0.20914955 -0.10492927 2.442347 -2.2537949 -2.2537949 -3.6888795 0.70710678 0.70710678 0 0
0.15 3 -1.2 0 0 0 -1.0634723 -0.95712508 -0.70898154 2.442347 -2.2537949 -2.2537949 -3.6888795 0.70710678 0.70710678 0 0
0.15 0 -1.05 0 0 0 -0.28359262 -0.20914955 -0.10492927 2.442347 -2.2537949 -2.2537949 -3.6888795 0.70710678 0.70710678 0 0
0.15 3 -1.05 0 0 0 -1.0634723 -0.95712508 -0.70898154 2.442347 -2.2537949 -2.2537949 -3.6888795 0.70710678 0.70710678 0 0
0.15 0 -0.9 0 0 0 -0.28359262 -0.20914955 -0.10492927 2.442347 -2.2537949 -2.2537949 -3.6888795 0.70710678 0.70710678 0 0
0.15 3 -0.9 0 0 0 -1.0634723 -0.95712508 -0.70898154 2.442347 -2.2537949 -2.2537949 -3.6888795 0.70710678 0.70710678 0 0
0.15 0 -0.75 0 0 0 -0.85077785 -0.80469405 -0.74017673 2.442347 -2.2537949 -2.2537949 -3.6888795 0.70710678 0.70710678 0 0
0.15 3 -0.75 0 0 0 -1.0634723 -0.95712508 -0.70898154 2.442347 -2.2537949 -2.2537949 -3.6888795 0.70710678 0.70710678 0 0
0.15 0 -0.6 0 0 0 -0.85077785 -0.80469405 -0.74017673 2.442347 -2.2537949 -2.2537949 -3.6888795 0.70710678 0.70710678 0 0
0.15 3 -0.6 0 0 0 -1.0634723 -0.95712508 -0.70898154 2.442347 -2.2537949 -2.2537949 -3.6888795 0.70710678 0.70710678 0 0
0.15 0 -0.45 0 0 0 -0.85077785 -0.80469405 -0.74017673 2.442347 -2.2537949 -2.2537949 -3.6888795 0.70710678 0.70710678 0 0
0.15 3 -0.45 0 0 0 -1.0634723 -0.95712508 -0.70898154 2.442347 -2.2537949 -2.2537949 -3.6888795 0.70710678 0.70710678 0 0
0.15 0 -0.3 0 0 0 -0.85077785 -0.80469405 -0.74017673 2.442347 -2.2537949 -2.2537949 -3.6888795 0.70710678 0.70710678 0 0
0.15 3 -0.3 0 0 0 -1.0634723 -0.95712508 -0.70898154 2.442347 -2.2537949 -2.2537949 -3.6888795 0.70710678 0.70710678 0 0
0.15 0 -0.15 0 0 0 -0.85077785 -0.80469405 -0.74017673 2.442347 -2.2537949 -2.2537949 -3.6888795 0.70710678 0.70710678 0 0
0.15 3 -0.15 0 0 0 -1.0634723 -0.95712508 -0.70898154 2.442347 -2.2537949 -2.2537949 -3.6888795 0.70710678 0.70710678 0 0
0.15 0 0 0 0 0 -0.28359262 -0.20914955 -0.10492927 2.442347 -2.2537949 -2.2537949 -3.6888795 0.70710678 0.70710678 0 0
0.15 3 0 0 0 0 -1.0634723 -0.95712508 -0.70898154 2.442347 -2.2537949 -2.2537949 -3.6888795 0.70710678 0.70710678 0 0
0.15 0 0.15 0 0 0 -0.28359262 -0.20914955 -0.10492927 2.442347 -2.2537949 -2.2537949 -3.6888795 0.70710678 0.70710678 0 0
0.15 3 0.15 0 0 0 -1.0634723 -0.95712508 -0.70898154 2.442347 -2.2537949 -2.2537949 -3.6888795 0.70710678 0.70710678 0 0
0.15 0 0.3 0 0 0 -0.28359262 -0.20914955 -0.10492927 2.442347 -2.2537949 -2.2537949 -3.6888795 0.70710678 0.70710678 0 0
0.15 3 0.3 0 0 0 -1.0634723 -0.95712508 -0.70898154 2.442347 -2.2537949 -2.2537949 -3.6888795 0.70710678 0.70710678 0 0
0.15 0 0.45 0 0 0 -0.28359262 -0.20914955 -0.10492927 2.442347 -2.2537949 -2.2537949 -3.6888795 0.70710678 0.70710678 0 0
0.15 3 0.45 0 0 0 -1.0634723 -0.95712508 -0.70898154 2.442347 -2.2537949 -2.2537949 -3.6888795 0.70710678 0.70710678 0 0
0.15 0 0.6 0 0 0 -0.28359262 -0.20914955 -0.10492927 2.442347 -2.2537949 -2.2537949 -3.6888795 0.70710678 0.70710678 0 0
0.15 3 0.6 0 0 0 -1.0634723 -0.95712508 -0.70898154 2.442347 -2.2537949 -2.2537949 -3.6888795 0.70710678 0.70710678 0 0
0.15 0 0.75 0 0 0 -0.85077785 -0.80469405 -0.74017673 2.442347 -2.2537949 -2.2537949 -3.6888795 0.70710678 0.70710678 0 0
0.15 3 0.75 0 0 0 -1.0634723 -0.95712508 -0.70898154 2.442347 -2.2537949 -2.2537949 -3.6888795 0.70710678 0.70710678 0 0
0.15 0 0.9 0 0 0 -0.85077785 -0.80469405 -0.74017673 2.442347 -2.2537949 -2.2537949 -3.6888795 0.70710678 0.70710678 0 0
0.15 3 0.9 0 0 0 -1.0634723 -0.95712508 -0.70898154 2.442347 -2.2537949 -2.2537949 -3.6888795 0.70710678 0.70710678 0 0
0.15 0 1.05 0 0 0 -0.85077785 -0.80469405 -0.74017673 2.442347 -2.2537949 -2.2537949 -3.6888795 0.70710678 0.70710678 0 0
0.15 3 1.05 0 0 0 -1.0634723 -0.95712508 -0.70898154 2.442347 -2.2537949 -2.2537949 -3.6888795 0.70710678 0.70710678 0 0
0.15 0 1.2 0 0 0 -0.85077785 -0.80469405 -0.74017673 2.442347 -2.2537949 -2.2537949 -3.6888795 0.70710678 0.70710678 0 0
0.15 3 1.2 0 0 0 -1.0634723 -0.95712508 -0.70898154 2.442347 -2.2537949 -2.2537949 -3.6888795 0.70710678 0.70710678 0 0
0.15 0 1.35 0 0 0 -0.85077785 -0.80469405 -0.74017673 2.442347 -2.2537949 -2.2537949 -3.6888795 0.70710678 0.70710678 0 0
0.15 3 1.35 0 0 0 -1.0634723 -0.95712508 -0.70898154 2.442347 -2.2537949 -2.2537949 -3.6888795 0.70710678 0.70710678 0 0
0.15 0 1.5 0 0 0 -0.28359262 -0.20914955 -0.10492927 2.442347 -2.2537949 -2.2537949 -3.6888795 0.70710678 0.70710678 0 0
0.15 3 1.5 0 0 0 -1.0634723 -0.95712508 -0.70898154 2.442347 -2.2537949 -2.2537949 -3.6888795 0.70710678 0.70710678 0 0
0.15 0 1.65 0 0 0 -0.28359262 -0.20914955 -0.10492927 2.442347 -2.2537949 -2.2537949 -3.6888795 0.70710678 0.70710678 0 0
0.15 3 1.65 0 0 0 -1.0634723 -0.95712508 -0.70898154 2.442347 -2.2537949 -2.2537949 -3.6888795 0.70710678 0.70710678 0 0
0.15 0 1.8 0 0 0 -0.28359262 -0.20914955 -0.10492927 2.442347 -2.2537949 -2.2537949 -3.6888795 0.70710678 0.70710678 0 0
0.15 3 1.8 0 0 0 -1.0634723 -0.95712508 -0.70898154 2.442347 -2.2537949 -2.2537949 -3.6888795 0.70710678 0.70710678 0 0
0.15 0 1.95 0 0 0 -0.28359262 -0.20914955 -0.10492927 2.442347 -2.2537949 -2.2537949 -3.6888795 0.70710678 0.70710678 0 0
0.15 3 1.95 0 0 0 -1.0634723 -0.95712508 -0.70898154 2.442347 -2.2537949 -2.2537949 -3.6888795 0.70710678 0.70710678 0 0
0.15 0 2.1 0 0 0 -0.28359262 -0.20914955 -0.10492927 2.442347 -2.2537949 -2.2537949 -3.6888795 0.70710678 0.70710678 0 0
0.15 3 2.1 0 0 0 -1.0634723 -0.95712508 -0.70898154 2.442347 -2.2537949 -2.2537949 -3.6888795 0.70710678 0.70710678 0 0
0.15 0 2.25 0 0 0 -0.85077785 -0.80469405 -0.74017673 2.442347 -2.2537949 -2.2537949 -3.6888795 0.70710678 0.70710678 0 0
0.15 3 2.25 0 0 0 -1.0634723 -0.95712508 -0.70898154 2.442347 -2.2537949 -2.2537949 -3.6888795 0.70710678 0.70710678 0 0
0.15 0 2.4 0 0 0 -0.85077785 -0.80469405 -0.74017673 2.442347 -2.2537949 -2.2537949 -3.6888795 0.70710678 0.70710678 0 0
0.15 3 2.4 0 0 0 -1.0634723 -0.95712508 -0.70898154 2.442347 -2.2537949 -2.2537949 -3.6888795 0.70710678 0.70710678 0 0
0.15 0 2.55 0 0 0 -0.85077785 -0.80469405 -0.74017673 2.442347 -2.2537949 -2.2537949 -3.6888795 0.70710678 0.70710678 0 0
0.15 3 2.55 0 0 0 -1.0634723 -0.95712508 -0.70898154 2.442347 -2.2537949 -2.2537949 -3.6888795 0.70710678 0.70710678 0 0
0.15 0 2.7 0 0 0 -0.85077785 -0.80469405 -0.74017673 2.442347 -2.2537949 -2.2537949 -3.6888795 0.70710678 0.70710678 0 0
0.15 3 2.7 0 0 0 -1.0634723 -0.95712508 -0.70898154 2.442347 -2.2537949 -2.2537949 -3.6888795 0.70710678 0.70710678 0 0
0.15 0 2.85 0 0 0 -0.85077785 -0.80469405 -0.74017673 2.442347 -2.2537949 -2.2537949 -3.6888795 0.70710678 0.70710678 0 0
0.15 3 2.85 0 0 0 -1.0634723 -0.95712508 -0.70898154 2.442347 -2.2537949 -2.2537949 -3.6888795 0.70710678 0.70710678 0 0
0.15 0 3 0 0 0 -0.28359262 -0.20914955 -0.10492927 2.442347 -2.2537949 -2.2537949 -3.6888795 0.70710678 0.70710678 0 0
0.15 3 3 0 0 0 -1.0634723 -0.95712508 -0.70898154 2.442347 -2.2537949 -2.2537949 -3.6888795 0.70710678 0.70710678 0 0
0.15 0 -3 0 0 0 -1.1343705 -0.77987969 -0.56718523 2.442347 -2.2537949 -2.2537949 -3.6888795 1 0 0 0
0.15 0 3 0 0 0 -0.56718523 -0.95712508 -1.1343705 2.442347 -2.2537949 -2.2537949 -3.6888795 1 0 0 0
-3 0 0.15 0 0 0 -0.88622693 -0.99257416 -0.63808339 2.442347 -2.2537949 -2.2537949 -3.6888795 0.70710678 0 0.70710678 0
3 0 0.15 0 0 0 -1.0280232 -0.70898154 -0.921676 2.442347 -2.2537949 -2.2537949 -3.6888795 0.70710678 0 0.70710678 0
0.15 0.15 -3 0 0 0 -1.1343705 -0.77987969 -0.56718523 2.442347 -2.2537949 -2.2537949 -3.6888795 1 0 0 0
0.15 0.15 3 0 0 0 -0.56718523 -0.95712508 -1.1343705 2.442347 -2.2537949 -2.2537949 -3.6888795 1 0 0 0
-3 0.15 0.15 0 0 0 -0.88622693 -0.99257416 -0.63808339 2.442347 -2.2537949 -2.2537949 -3.6888795 0.70710678 0 0.70710678 0
3 0.15 0.15 0 0 0 -1.0280232 -0.70898154 -0.921676 2.442347 -2.2537949 -2.2537949 -3.6888795 0.70710678 0 0.70710678 0
0.15 0.3 -3 0 0 0 -1.1343705 -0.77987969 -0.56718523 2.442347 -2.2537949 -2.2537949 -3.6888795 1 0 0 0
0.15 0.3 3 0 0 0 -0.56718523 -0.95712508 -1.1343705 2.442347 -2.2537949 -2.2537949 -3.6888795 1 0 0 0
-3 0.3 0.15 0 0 0 -0.88622693 -0.99257416 -0.63808339 2.442347 -2.2537949 -2.2537949 -3.6888795 0.70710678 0 0.70710678 0
3 0.3 0.15 0 0 0 -1.0280232 -0.70898154 -0.921676 2.442347 -2.2537949 -2.2537949 -3.6888795 0.70710678 0 0.70710678 0
0.15 0.45 -3 0 0 0 -1.1343705 -0.77987969 -0.56718523 2.442347 -2.2537949 -2.2537949 -3.6888795 1 0 0 0
0.15 0.45 3 0 0 0 -0.56718523 -0.95712508 -1.1343705 2.442347 -2.2537949 -2.2537949 -3.6888795 1 0 0 0
-3 0.45 0.15 0 0 0 -0.88622693 -0.99257416 -0.63808339 2.442347 -2.2537949 -2.2537949 -3.6888795 0.70710678 0 0.70710678 0
3 0.45 0.15 0 0 0 -1.0280232 -0.70898154 -0.921676 2.442347 -2.2537949 -2.2537949 -3.6888795 0.70710678 0 0.70710678 0
0.15 0.6 -3 0 0 0 -1.1343705 -0.77987969 -0.56718523 2.442347 -2.2537949 -2.2537949 -3.6888795 1 0 0 0
0.15 0.6 3 0 0 0 -0.56718523 -0.95712508 -1.1343705 2.442347 -2.2537949 -2.2537949 -3.6888795 1 0 0 0
-3 0.6 0.15 0 0 0 -0.88622693 -0.99257416 -0.63808339 2.442347 -2.2537949 -2.2537949 -3.6888795 0.70710678 0 0.70710678 0
3 0.6 0.15 0 0 0 -1.0280232 -0.70898154 -0.921676 2.442347 -2.2537949 -2.2537949 -3.6888795 0.70710678 0 0.70710678 0
0.15 0.75 -3 0 0 0 -1.4888612 0.56718523 0.99257416 2.442347 -2.2537949 -2.2537949 -3.6888795 1 0 0 0
0.15 0.75 3 0 0 0 1.4179631 -0.21269446 -1.3116158 2.442347 -2.2537949 -2.2537949 -3.6888795 1 0 0 0
-3 0.75 0.15 0 0 0 -0.38993985 -0.88622693 0.460838 2.442347 -2.2537949 -2.2537949 -3.6888795 0.70710678 0 0.70710678 0
3 0.75 0.15 0 0 0 -0.99257416 0.42538892 -0.38993985 2.442347 -2.2537949 -2.2537949 -3.6888795 0.70710678 0 0.70710678 0
0.15 0.9 -3 0 0 0 -1.4888612 0.56718523 0.99257416 2.442347 -2.2537949 -2.2537949 -3.6888795 1 0 0 0
0.15 0.9 3 0 0 0 1.4179631 -0.21269446 -1.3116158 2.442347 -2.2537949 -2.2537949 -3.6888795 1 0 0 0
-3 0.9 0.15 0 0 0 -0.38993985 -0.88622693 0.460838 2.442347 -2.2537949 -2.2537949 -3.6888795 0.70710678 0 0.70710678 0
3 0.9 0.15 0 0 0 -0.99257416 0.42538892 -0.38993985 2.442347 -2.2537949 -2.2537949 -3.6888795 0.70710678 0 0.70710678 0
0.15 1.05 -3 0 0 0 -1.4888612 0.56718523 0.99257416 2.442347 -2.2537949 -2.2537949 -3.6888795 1 0 0 0
0.15 1.05 3 0 0 0 1.4179631 -0.21269446 -1.3116158 2.442347 -2.2537949 -2.2537949 -3.6888795 1 0 0 0
-3 1.05 0.15 0 0 0 -0.38993985 -0.88622693 0.460838 2.442347 -2.2537949 -2.2537949 -3.6888795 0.70710678 0 0.70710678 0
3 1.05 0.15 0 0 0 -0.99257416 0.42538892 -0.38993985 2.442347 -2.2537949 -2.2537949 -3.6888795 0.70710678 0 0.70710678 0
0.15 1.2 -3 0 0 0 -1.4888612 0.56718523 0.99257416 2.442347 -2.2537949 -2.2537949 -3.6888795 1 0 0 0
0.15 1.2 3 0 0 0 1.4179631 -0.21269446 -1.3116158 2.442347 -2.2537949 -2.2537949 -3.6888795 1 0 0 0
-3 1.2 0.15 0 0 0 -0.38993985 -0.88622693 0.460838 2.442347 -2.2537949 -2.2537949 -3.6888795 0.70710678 0 0.70710678 0
3 1.2 0.15 0 0 0 -0.99257416 0.42538892 -0.38993985 2.442347 -2.2537949 -2.2537949 -3.6888795 0.70710678 0 0.70710678 0
0.15 1.35 -3 0 0 0 -1.4888612 0.56718523 0.99257416 2.442347 -2.2537949 -2.2537949 -3.6888795 1 0 0 0
0.15 1.35 3 0 0 0 1.4179631 -0.21269446 -1.3116158 2.442347 -2.2537949 -2.2537949 -3.6888795 1 0 0 0
-3 1.35 0.15 0 0 0 -0.38993985 -0.88622693 0.460838 2.442347 -2.2537949 -2.2537949 -3.6888795 0.70710678 0 0.70710678 0
3 1.35 0.15 0 0 0 -0.99257416 0.42538892 -0.38993985 2.442347 -2.2537949 -2.2537949 -3.6888795 0.70710678 0 0.70710678 0
0.15 1.5 -3 0 0 0 -1.4888612 0.56718523 0.99257416 2.442347 -2.2537949 -2.2537949 -3.6888795 1 0 0 0
0.15 1.5 3 0 0 0 1.4179631 -0.21269446 -1.3116158 2.442347 -2.2537949 -2.2537949 -3.6888795 1 0 0 0
-3 1.5 0.15 0 0 0 -0.38993985 -0.88622693 0.460838 2.442347 -2.2537949 -2.2537949 -3.6888795 0.70710678 0 0.70710678 0
3 1.5 0.15 0 0 0 -0.99257416 0.42538892 -0.38993985 2.442347 -2.2537949 -2.2537949 -3.6888795 0.70710678 0 0.70710678 0
0.15 1.65 -3 0 0 0 -1.4888612 0.56718523 0.99257416 2.442347 -2.2537949 -2.2537949 -3.6888795 1 0 0 0
0.15 1.65 3 0 0 0 1.4179631 -0.21269446 -1.3116158 2.442347 -2.2537949 -2.2537949 -3.6888795 1 0 0 0
-3 1.65 0.15 0 0 0 -0.38993985 -0.88622693 0.460838 2.442347 -2.2537949 -2.2537949 -3.6888795 0.70710678 0 0.70710678 0
3 1.65 0.15 0 0 0 -0.99257416 0.42538892 -0.38993985 2.442347 -2.2537949 -2.2537949 -3.6888795 0.70710678 0 0.70710678 0
0.15 1.8 -3 0 0 0 -1.4888612 0.56718523 0.99257416 2.442347 -2.2537949 -2.2537949 -3.6888795 1 0 0 0
0.15 1.8 3 0 0 0 1.4179631 -0.21269446 -1.3116158 2.442347 -2.2537949 -2.2537949 -3.6888795 1 0 0 0
-3 1.8 0.15 0 0 0 -0.38993985 -0.88622693 0.460838 2.442347 -2.2537949 -2.2537949 -3.6888795 0.70710678 0 0.70710678 0
3 1.8 0.15 0 0 0 -0.99257416 0.42538892 -0.38993985 2.442347 -2.2537949 -2.2537949 -3.6888795 0.70710678 0 0.70710678 0
0.15 1.95 -3 0 0 0 -1.4888612 0.56718523 0.99257416 2.442347 -2.2537949 -2.2537949 -3.6888795 1 0 0 0
0.15 1.95 3 0 0 0 1.4179631 -0.21269446 -1.3116158 2.442347 -2.2537949 -2.2537949 -3.6888795 1 0 0 0
-3 1.95 0.15 0 0 0 -0.38993985 -0.88622693 0.460838 2.442347 -2.2537949 -2.2537949 -3.6888795 0.70710678 0 0.70710678 0
3 1.95 0.15 0 0 0 -0.99257416 0.42538892 -0.38993985 2.442347 -2.2537949 -2.2537949 -3.6888795 0.70710678 0 0.70710678 0
0.15 2.1 -3 0 0 0 -1.4888612 0.56718523 0.99257416 2.442347 -2.2537949 -2.2537949 -3.6888795 1 0 0 0
0.15 2.1 3 0 0 0 1.4179631 -0.21269446 -1.3116158 2.442347 -2.2537949 -2.2537949 -3.6888795 1 0 0 0
-3 2.1 0.15 0 0 0 -0.38993985 -0.88622693 0.460838 2.442347 -2.2537949 -2.2537949 -3.6888795 0.70710678 0 0.70710678 0
3 2.1 0.15 0 0 0 -0.99257416 0.42538892 -0.38993985 2.442347 -2.2537949 -2.2537949 -3.6888795 0.70710678 0 0.70710678 0
0.15 2.25 -3 0 0 0 -1.4888612 0.56718523 0.99257416 2.442347 -2.2537949 -2.2537949 -3.6888795 1 0 0 0
0.15 2.25 3 0 0 0 1.4179631 -0.21269446 -1.3116158 2.442347 -2.2537949 -2.2537949 -3.6888795 1 0 0 0
-3 2.25 0.15 0 0 0 -0.38993985 -0.88622693 0.460838 2.442347 -2.2537949 -2.2537949 -3.6888795 0.70710678 0 0.70710678 0
3 2.25 0.15 0 0 0 -0.99257416 0.42538892 -0.38993985 2.442347 -2.2537949 -2.2537949 -3.6888795 0.70710678 0 0.70710678 0
0.15 2.4 -3 0 0 0 -1.1343705 -0.77987969 -0.56718523 2.442347 -2.2537949 -2.2537949 -3.6888795 1 0 0 0
0.15 2.4 3 0 0 0 -0.56718523 -0.95712508 -1.1343705 2.442347 -2.2537949 -2.2537949 -3.6888795 1 0 0 0
-3 2.4 0.15 0 0 0 -0.88622693 -0.99257416 -0.63808339 2.442347 -2.2537949 -2.2537949 -3.6888795 0.70710678 0 0.70710678 0
3 2.4 0.15 0 0 0 -1.0280232 -0.70898154 -0.921676 2.442347 -2.2537949 -2.2537949 -3.6888795 0.70710678 0 0.70710678 0
0.15 2.55 -3 0 0 0 -1.1343705 -0.77987969 -0.56718523 2.442347 -2.2537949 -2.2537949 -3.6888795 1 0 0 0
0.15 2.55 3 0 0 0 -0.56718523 -0.95712508 -1.1343705 2.442347 -2.2537949 -2.2537949 -3.6888795 1 0 0 0
-3 2.55 0.15 0 0 0 -0.88622693 -0.99257416 -0.63808339 2.442347 -2.2537949 -2.2537949 -3.6888795 0.70710678 0 0.70710678 0
3 2.55 0.15 0 0 0 -1.0280232 -0.70898154 -0.921676 2.442347 -2.2537949 -2.2537949 -3.6888795 0.70710678 0 0.70710678 0
0.15 2.7 -3 0 0 0 -1.1343705 -0.77987969 -0.56718523 2.442347 -2.2537949 -2.2537949 -3.6888795 1 0 0 0
0.15 2.7 3 0 0 0 -0.56718523 -0.95712508 -1.1343705 2.442347 -2.2537949 -2.2537949 -3.6888795 1 0 0 0
-3 2.7 0.15 0 0 0 -0.88622693 -0.99257416 -0.63808339 2.442347 -2.2537949 -2.2537949 -3.6888795 0.70710678 0 0.70710678 0
3 2.7 0.15 0 0 0 -1.0280232 -0.70898154 -0.921676 2.442347 -2.2537949 -2.2537949 -3.6888795 0.70710678 0 0.70710678 0
0.15 2.85 -3 0 0 0 -1.1343705 -0.77987969 -0.56718523 2.442347 -2.2537949 -2.2537949 -3.6888795 1 0 0 0
0.15 2.85 3 0 0 0 -0.56718523 -0.95712508 -1.1343705 2.442347 -2.2537949 -2.2537949 -3.6888795 1 0 0 0
-3 2.85 0.15 0 0 0 -0.88622693 -0.99257416 -0.63808339 2.442347 -2.2537949 -2.2537949 -3.6888795 0.70710678 0 0.70710678 0
3 2.85 0.15 0 0 0 -1.0280232 -0.70898154 -0.921676 2.442347 -2.2537949 -2.2537949 -3.6888795 0.70710678 0 0.70710678 0
0.15 3 -3 0 0 0 -1.1343705 -0.77987969 -0.56718523 2.442347 -2.2537949 -2.2537949 -3.6888795 1 0 0 0
0.15 3 3 0 0 0 -0.56718523 -0.95712508 -1.1343705 2.442347 -2.2537949 -2.2537949 -3.6888795 1 0 0 0
-3 3 0.15 0 0 0 -0.88622693 -0.99257416 -0.63808339 2.442347 -2.2537949 -2.2537949 -3.6888795 0.70710678 0 0.70710678 0
3 3 0.15 0 0 0 -1.0280232 -0.70898154 -0.921676 2.442347 -2.2537949 -2.2537949 -3.6888795 0.70710678 0 0.70710678 0
0.3 0 -3 0 0 0 -0.28359262 -0.20914955 -0.10492927 2.442347 -2.2537949 -2.2537949 -3.6888795 0.70710678 0.70710678 0 0
0.3 3 -3 0 0 0 -1.0634723 -0.95712508 -0.70898154 2.442347 -2.2537949 -2.2537949 -3.6888795 0.70710678 0.70710678 0 0
0.3 0 -2.85 0 0 0 -0.28359262 -0.20914955 -0.10492927 2.442347 -2.2537949 -2.2537949 -3.6888795 0.70710678 0.70710678 0 0
0.3 3 -2.85 0 0 0 -1.0634723 -0.95712508 -0.70898154 2.442347 -2.2537949 -2.2537949 -3.6888795 0.70710678 0.70710678 0 0
0.3 0 -2.7 0 0 0 -0.28359262 -0.20914955 -0.10492927 2.442347 -2.2537949 -2.2537949 -3.6888795 0.70710678 0.70710678 0 0
0.3 3 -2.7 0 0 0 -1.0634723 -0.95712508 -0.70898154 2.442347 -2.2537949 -2.2537949 -3.6888795 0.70710678 0.70710678 0 0
0.3 0 -2.55 0 0 0 -0.28359262 -0.20914955 -0.10492927 2.442347 -2.2537949 -2.2537949 -3.6888795 0.70710678 0.70710678 0 0
0.3 3 -2.55 0 0 0 -1.0634723 -0.95712508 -0.70898154 2.442347 -2.2537949 -2.2537949 -3.6888795 0.70710678 0.70710678 0 0
0.3 0 -2.4 0 0 0 -0.28359262 -0.20914955 -0.10492927 2.442347 -2.2537949 -2.2537949 -3.6888795 0.70710678 0.70710678 0 0
0.3 3 -2.4 0 0 0 -1.0634723 -0.95712508 -0.70898154 2.442347 -2.2537949 -2.2537949 -3.6888795 0.70710678 0.70710678 0 0
0.3 0 -2.25 0 0 0 -0.85077785 -0.80469405 -0.74017673 2.442347 -2.2537949 -2.2537949 -3.6888795 0.70710678 0.70710678 0 0
0.3 3 -2.25 0 0 0 -1.0634723 -0.95712508 -0.70898154 2.442347 -2.2537949 -2.2537949 -3.6888795 0.70710678 0.70710678 0 0
0.3 0 -2.1 0 0 0 -0.85077785 -0.80469405 -0.74017673 2.442347 -2.2537949 -2.2537949 -3.6888795 0.70710678 0.70710678 0 0
0.3 3 -2.1 0 0 0 -1.0634723 -0.95712508 -0.70898154 2.442347 -2.2537949 -2.2537949 -3.6888795 0.70710678 0.70710678 0 0
0.3 0 -1.95 0 0 0 -0.85077785 -0.80469405 -0.74017673 2.442347 -2.2537949 -2.2537949 -3.6888795 0.70710678 0.70710678 0 0
0.3 3 -1.95 0 0 0 -1.0634723 -0.95712508 -0.70898154 2.442347 -2.2537949 -2.2537949 -3.6888795 0.70710678 0.70710678 0 0
0.3 0 -1.8 0 0 0 -0.85077785 -0.80469405 -0.74017673 2.442347 -2.2537949 -2.2537949 -3.6888795 0.70710678 0.70710678 0 0
0.3 3 -1.8 0 0 0 -1.0634723 -0.95712508 -0.70898154 2.442347 -2.2537949 -2.2537949 -3.6888795 0.70710678 0.70710678 0 0
0.3 0 -1.65 0 0 0 -0.85077785 -0.80469405 -0.74017673 2.442347 -2.2537949 -2.2537949 -3.6888795 0.70710678 0.70710678 0 0
0.3 3 -1.65 0 0 0 -1.0634723 -0.95712508 -0.70898154 2.442347 -2.2537949 -2.2537949 -3.6888795 0.70710678 0.70710678 0 0
0.3 0 -1.5 0 0 0 -0.28359262 -0.20914955 -0.10492927 2.442347 -2.2537949 -2.2537949 -3.6888795 0.70710678 0.70710678 0 0
0.3 3 -1.5 0 0 0 -1.0634723 -0.95712508 -0.70898154 2.442347 -2.2537949 -2.2537949 -3.6888795 0.70710678 0.70710678 0 0
0.3 0 -1.35 0 0 0 -0.28359262 -0.20914955 -0.10492927 2.442347 -2.2537949 -2.2537949 -3.6888795 0.70710678 0.70710678 0 0
0.3 3 -1.35 0 0 0 -1.0634723 -0.95712508 -0.70898154 2.442347 -2.2537949 -2.2537949 -3.6888795 0.70710678 0.70710678 0 0
0.3 0 -1.2 0 0 0 -0.28359262 -0.20914955 -0.10492927 2.442347 -2.2537949 -2.2537949 -3.6888795 0.70710678 0.70710678 0 0
0.3 3 -1.2 0 0 0 -1.0634723 -0.95712508 -0.70898154 2.442347 -2.2537949 -2.2537949 -3.6888795 0.70710678 0.70710678 0 0
0.3 0 -1.05 0 0 0 -0.28359262 -0.20914955 -0.10492927 2.442347 -2.2537949 -2.2537949 -3.6888795 0.70710678 0.70710678 0 0
0.3 3 -1.05 0 0 0 -1.0634723 -0.95712508 -0.70898154 2.442347 -2.2537949 -2.2537949 -3.6888795 0.70710678 0.70710678 0 0
0.3 0 -0.9 0 0 0 -0.28359262 -0.20914955 -0.10492927 2.442347 -2.2537949 -2.2537949 -3.6888795 0.70710678 0.70710678 0 0
0.3 3 -0.9 0 0 0 -1.0634723 -0.95712508 -0.70898154 2.442347 -2.2537949 -2.2537949 -3.6888795 0.70710678 0.70710678 0 0
0.3 0 -0.75 0 0 0 -0.85077785 -0.80469405 -0.74017673 2.442347 -2.2537949 -2.2537949 -3.6888795 0.70710678 0.70710678 0 0
0.3 3 -0.75 0 0 0 -1.0634723 -0.95712508 -0.70898154 2.442347 -2.2537949 -2.2537949 -3.6888795 0.70710678 0.70710678 0 0
0.3 0 -0.6 0 0 0 -0.85077785 -0.80469405 -0.74017673 2.442347 -2.2537949 -2.2537949 -3.6888795 0.70710678 0.70710678 0 0
0.3 3 -0.6 0 0 0 -1.0634723 -0.95712508 -0.70898154 2.442347 -2.2537949 -2.2537949 -3.6888795 0.70710678 0.70710678 0 0
0.3 0 -0.45 0 0 0 -0.85077785 -0.80469405 -0.74017673 2.442347 -2.2537949 -2.2537949 -3.6888795 0.70710678 0.70710678 0 0
0.3 3 -0.45 0 0 0 -1.0634723 -0.95712508 -0.70898154 2.442347 -2.2537949 -2.2537949 -3.6888795 0.70710678 0.70710678 0 0
0.3 0 -0.3 0 0 0 -0.85077785 -0.80469405 -0.74017673 2.442347 -2.2537949 -2.2537949 -3.6888795 0.70710678 0.70710678 0 0
0.3 3 -0.3 0 0 0 -1.0634723 -0.95712508 -0.70898154 2.442347 -2.2537949 -2.2537949 -3.6888795 0.70710678 0.70710678 0 0
0.3 0 -0.15 0 0 0 -0.85077785 -0.80469405 -0.74017673 2.442347 -2.2537949 -2.2537949 -3.6888795 0.70710678 0.70710678 0 0
0.3 3 -0.15 0 0 0 -1.0634723 -0.95712508 -0.70898154 2.442347 -2.2537949 -2.2537949 -3.6888795 0.70710678 0.70710678 0 0
0.3 0 0 0 0 0 -0.28359262 -0.20914955 -0.10492927 2.442347 -2.2537949 -2.2537949 -3.6888795 0.70710678 0.70710678 0 0
0.3 3 0 0 0 0 -1.0634723 -0.95712508 -0.70898154 2.442347 -2.2537949 -2.2537949 -3.6888795 0.70710678 0.70710678 0 0
0.3 0 0.15 0 0 0 -0.28359262 -0.20914955 -0.10492927 2.442347 -2.2537949 -2.2537949 -3.6888795 0.70710678 0.70710678 0 0
0.3 3 0.15 0 0 0 -1.0634723 -0.95712508 -0.70898154 2.442347 -2.2537949 -2.2537949 -3.6888795 0.70710678 0.70710678 0 0
0.3 0 0.3 0 0 0 -0.28359262 -0.20914955 -0.10492927 2.442347 -2.2537949 -2.2537949 -3.6888795 0.70710678 0.70710678 0 0
0.3 3 0.3 0 0 0 -1.0634723 -0.95712508 -0.70898154 2.442347 -2.2537949 -2.2537949 -3.6888795 0.70710678 0.70710678 0 0
0.3 0 0.45 0 0 0 -0.28359262 -0.20914955 -0.10492927 2.442347 -2.2537949 -2.2537949 -3.6888795 0.70710678 0.70710678 0 0
0.3 3 0.45 0 0 0 -1.0634723 -0.95712508 -0.70898154 2.442347 -2.2537949 -2.2537949 -3.6888795 0.70710678 0.70710678 0 0
0.3 0 0.6 0 0 0 -0.28359262 -0.20914955 -0.10492927 2.442347 -2.2537949 -2.2537949 -3.6888795 0.70710678 0.70710678 0 0
0.3 3 0.6 0 0 0 -1.0634723 -0.95712508 -0.70898154 2.442347 -2.2537949 -2.2537949 -3.6888795 0.70710678 0.70710678 0 0
0.3 0 0.75 0 0 0 -0.85077785 -0.80469405 -0.74017673 2.442347 -2.2537949 -2.2537949 -3.6888795 0.70710678 0.70710678 0 0
0.3 3 0.75 0 0 0 -1.0634723 -0.95712508 -0.70898154 2.442347 -2.2537949 -2.2537949 -3.6888795 0.70710678 0.70710678 0 0
0.3 0 0.9 0 0 0 -0.85077785 -0.80469405 -0.74017673 2.442347 -2.2537949 -2.2537949 -3.6888795 0.70710678 0.70710678 0 0
0.3 3 0.9 0 0 0 -1.0634723 -0.95712508 -0.70898154 2.442347 -2.2537949 -2.2537949 -3.6888795 0.70710678 0.70710678 0 0
0.3 0 1.05 0 0 0 -0.85077785 -0.80469405 -0.74017673 2.442347 -2.2537949 -2.2537949 -3.6888795 0.70710678 0.70710678 0 0
0.3 3 1.05 0 0 0 -1.0634723 -0.95712508 -0.70898154 2.442347 -2.2537949 -2.2537949 -3.6888795 0.70710678 0.70710678 0 0
0.3 0 1.2 0 0 0 -0.85077785 -0.80469405 -0.74017673 2.442347 -2.2537949 -2.2537949 -3.6888795 0.70710678 0.70710678 0 0
0.3 3 1.2 0 0 0 -1.0634723 -0.95712508 -0.70898154 2.442347 -2.2537949 -2.2537949 -3.6888795 0.70710678 0.70710678 0 0
0.3 0 1.35 0 0 0 -0.85077785 -0.80469405 -0.74017673 2.442347 -2.2537949 -2.2537949 -3.6888795 0.70710678 0.70710678 0 0
0.3 3 1.35 0 0 0 -1.0634723 -0.95712508 -0.70898154 2.442347 -2.2537949 -2.2537949 -3.6888795 0.70710678 0.70710678 0 0
0.3 0 1.5 0 0 0 -0.28359262 -0.20914955 -0.10492927 2.442347 -2.2537949 -2.2537949 -3.6888795 0.70710678 0.70710678 0 0
0.3 3 1.5 0 0 0 -1.0634723 -0.95712508 -0.70898154 2.442347 -2.2537949 -2.2537949 -3.6888795 0.70710678 0.70710678 0 0
0.3 0 1.65 0 0 0 -0.28359262 -0.20914955 -0.10492927 2.442347 -2.2537949 -2.2537949 -3.6888795 0.70710678 0.70710678 0 0
0.3 3 1.65 0 0 0 -1.0634723 -0.95712508 -0.70898154 2.442347 -2.2537949 -2.2537949 -3.6888795 0.70710678 0.70710678 0 0
0.3 0 1.8 0 0 0 -0.28359262 -0.20914955 -0.10492927 2.442347 -2.2537949 -2.2537949 -3.6888795 0.70710678 0.70710678 0 0
0.3 3 1.8 0 0 0 -1.0634723 -0.95712508 -0.70898154 2.442347 -2.2537949 -2.2537949 -3.6888795 0.70710678 0.70710678 0 0
0.3 0 1.95 0 0 0 -0.28359262 -0.20914955 -0.10492927 2.442347 -2.2537949 -2.2537949 -3.6888795 0.70710678 0.70710678 0 0
0.3 3 1.95 0 0 0 -1.0634723 -0.95712508 -0.70898154 2.442347 -2.2537949 -2.2537949 -3.6888795 0.70710678 0.70710678 0 0
0.3 0 2.1 0 0 0 -0.28359262 -0.20914955 -0.10492927 2.442347 -2.2537949 -2.2537949 -3.6888795 0.70710678 0.70710678 0 0
0.3 3 2.1 0 0 0 -1.0634723 -0.95712508 -0.70898154 2.442347 -2.2537949 -2.2537949 -3.6888795 0.70710678 0.70710678 0 0
0.3 0 2.25 0 0 0 -0.85077785 -0.80469405 -0.74017673 2.442347 -2.2537949 -2.2537949 -3.6888795 0.70710678 0.70710678 0 0
0.3 3 2.25 0 0 0 -1.0634723 -0.95712508 -0.70898154 2.442347 -2.2537949 -2.2537949 -3.6888795 0.70710678 0.70710678 0 0
0.3 0 2.4 0 0 0 -0.85077785 -0.80469405 -0.74017673 2.442347 -2.2537949 -2.2537949 -3.6888795 0.70710678 0.70710678 0 0
0.3 3 2.4 0 0 0 -1.0634723 -0.95712508 -0.70898154 2.442347 -2.2537949 -2.2537949 -3.6888795 0.70710678 0.70710678 0 0
0.3 0 2.55 0 0 0 -0.85077785 -0.80469405 -0.74017673 2.442347 -2.2537949 -2.2537949 -3.6888795 0.70710678 0.70710678 0 0
0.3 3 2.55 0 0 0 -1.0634723 -0.95712508 -0.70898154 2.442347 -2.2537949 -2.2537949 -3.6888795 0.70710678 0.70710678 0 0
0.3 0 2.7 0 0 0 -0.85077785 -0.80469405 -0.74017673 2.442347 -2.2537949 -2.2537949 -3.6888795 0.70710678 0.70710678 0 0
0.3 3 2.7 0 0 0 -1.0634723 -0.95712508 -0.70898154 2.442347 -2.2537949 -2.2537949 -3.6888795 0.70710678 0.70710678 0 0
0.3 0 2.85 0 0 0 -0.85077785 -0.80469405 -0.74017673 2.442347 -2.2537949 -2.2537949 -3.6888795 0.70710678 0.70710678 0 0
0.3 3 2.85 0 0 0 -1.0634723 -0.95712508 -0.70898154 2.442347 -2.2537949 -2.2537949 -3.6888795 0.70710678 0.70710678 0 0
0.3 0 3 0 0 0 -0.28359262 -0.20914955 -0.10492927 2.442347 -2.2537949 -2.2537949 -3.6888795 0.70710678 0.70710678 0 0
0.3 3 3 0 0 0 -1.0634723 -0.95712508 -0.70898154 2.442347 -2.2537949 -2.2537949 -3.6888795 0.70710678 0.70710678 0 0
0.3 0 -3 0 0 0 -1.1343705 -0.77987969 -0.56718523 2.442347 -2.2537949 -2.2537949 -3.6888795 1 0 0 0
0.3 0 3 0 0 0 -0.56718523 -0.95712508 -1.1343705 2.442347 -2.2537949 -2.2537949 -3.6888795 1 0 0 0
-3 0 0.3 0 0 0 -0.88622693 -0.99257416 -0.63808339 2.442347 -2.2537949 -2.2537949 -3.6888795 0.70710678 0 0.70710678 0
3 0 0.3 0 0 0 -1.0280232 -0.70898154 -0.921676 2.442347 -2.2537949 -2.2537949 -3.6888795 0.70710678 0 0.70710678 0
0.3 0.15 -3 0 0 0 -1.1343705 -0.77987969 -0.56718523 2.442347 -2.2537949 -2.2537949 -3.6888795 1 0 0 0
0.3 0.15 3 0 0 0 -0.56718523 -0.95712508 -1.1343705 2.442347 -2.2537949 -2.2537949 -3.6888795 1 0 0 0
-3 0.15 0.3 0 0 0 -0.88622693 -0.99257416 -0.63808339 2.442347 -2.2537949 -2.2537949 -3.6888795 0.70710678 0 0.70710678 0
3 0.15 0.3 0 0 0 -1.0280232 -0.70898154 -0.921676 2.442347 -2.2537949 -2.2537949 -3.6888795 0.70710678 0 0.70710678 0
0.3 0.3 -3 0 0 0 -1.1343705 -0.77987969 -0.56718523 2.442347 -2.2537949 -2.2537949 -3.6888795 1 0 0 0
0.3 0.3 3 0 0 0 -0.56718523 -0.95712508 -1.1343705 2.442347 -2.2537949 -2.2537949 -3.6888795 1 0 0 0
-3 0.3 0.3 0 0 0 -0.88622693 -0.99257416 -0.63808339 2.442347 -2.2537949 -2.2537949 -3.6888795 0.70710678 0 0.70710678 0
3 0.3 0.3 0 0 0 -1.0280232 -0.70898154 -0.921676 2.442347 -2.2537949 -2.2537949 -3.6888795 0.70710678 0 0.70710678 0
0.3 0.45 -3 0 0 0 -1.1343705 -0.77987969 -0.56718523 2.442347 -2.2537949 -2.2537949 -3.6888795 1 0 0 0
0.3 0.45 3 0 0 0 -0.56718523 -0.95712508 -1.1343705 2.442347 -2.2537949 -2.2537949 -3.6888795 1 0 0 0
-3 0.45 0.3 0 0 0 -0.88622693 -0.99257416 -0.63808339 2.442347 -2.2537949 -2.2537949 -3.6888795 0.70710678 0 0.70710678 0
3 0.45 0.3 0 0 0 -1.0280232 -0.70898154 -0.921676 2.442347 -2.2537949 -2.2537949 -3.6888795 0.70710678 0 0.70710678 0
0.3 0.6 -3 0 0 0 -1.1343705 -0.77987969 -0.56718523 2.442347 -2.2537949 -2.2537949 -3.6888795 1 0 0 0
0.3 0.6 3 0 0 0 -0.56718523 -0.95712508 -1.1343705 2.442347 -2.2537949 -2.2537949 -3.6888795 1 0 0 0
-3 0.6 0.3 0 0 0 -0.88622693 -0.99257416 -0.63808339 2.442347 -2.2537949 -2.2537949 -3.6888795 0.70710678 0 0.70710678 0
3 0.6 0.3 0 0 0 -1.0280232 -0.70898154 -0.921676 2.442347 -2.2537949 -2.2537949 -3.6888795 0.70710678 0 0.70710678 0
0.3 0.75 -3 0 0 0 -1.4888612 0.56718523 0.99257416 2.442347 -2.2537949 -2.2537949 -3.6888795 1 0 0 0
0.3 0.75 3 0 0 0 1.4179631 -0.21269446 -1.3116158 2.442347 -2.2537949 -2.2537949 -3.6888795 1 0 0 0
-3 0.75 0.3 0 0 0 -0.38993985 -0.88622693 0.460838 2.442347 -2.2537949 -2.2537949 -3.6888795 0.70710678 0 0.70710678 0
3 0.75 0.3 0 0 0 -0.99257416 0.42538892 -0.38993985 2.442347 -2.2537949 -2.2537949 -3.6888795 0.70710678 0 0.70710678 0
0.3 0.9 -3 0 0 0 -1.4888612 0.56718523 0.99257416 2.442347 -2.2537949 -2.2537949 -3.6888795 1 0 0 0
0.3 0.9 3 0 0 0 1.4179631 -0.21269446 -1.3116158 2.442347 -2.2537949 -2.2537949 -3.6888795 1 0 0 0
-3 0.9 0.3 0 0 0 -0.38993985 -0.88622693 0.460838 2.442347 -2.2537949 -2.2537949 -3.6888795 0.70710678 0 0.70710678 0
3 0.9 0.3 0 0 0 -0.99257416 0.42538892 -0.38993985 2.442347 -2.2537949 -2.2537949 -3.6888795 0.70710678 0 0.70710678 0
0.3 1.05 -3 0 0 0 -1.4888612 0.56718523 0.99257416 2.442347 -2.2537949 -2.2537949 -3.6888795 1 0 0 0
0.3 1.05 3 0 0 0 1.4179631 -0.21269446 -1.3116158 2.442347 -2.2537949 -2.2537949 -3.6888795 1 0 0 0
-3 1.05 0.3 0 0 0 -0.38993985 -0.88622693 0.460838 2.442347 -2.2537949 -2.2537949 -3.6888795 0.70710678 0 0.70710678 0
3 1.05 0.3 0 0 0 -0.99257416 0.42538892 -0.38993985 2.442347 -2.2537949 -2.2537949 -3.6888795 0.70710678 0 0.70710678 0
0.3 1.2 -3 0 0 0 -1.4888612 0.56718523 0.99257416 2.442347 -2.2537949 -2.2537949 -3.6888795 1 0 0 0
0.3 1.2 3 0 0 0 1.4179631 -0.21269446 -1.3116158 2.442347 -2.2537949 -2.2537949 -3.6888795 1 0 0 0
-3 1.2 0.3 0 0 0 -0.38993985 -0.88622693 0.460838 2.442347 -2.2537949 -2.2537949 -3.6888795 0.70710678 0 0.70710678 0
3 1.2 0.3 0 0 0 -0.99257416 0.42538892 -0.38993985 2.442347 -2.2537949 -2.2537949 -3.6888795 0.70710678 0 0.70710678 0
0.3 1.35 -3 0 0 0 -1.4888612 0.56718523 0.99257416 2.442347 -2.2537949 -2.2537949 -3.6888795 1 0 0 0
0.3 1.35 3 0 0 0 1.4179631 -0.21269446 -1.3116158 2.442347 -2.2537949 -2.2537949 -3.6888795 1 0 0 0
-3 1.35 0.3 0 0 0 -0.38993985 -0.88622693 0.460838 2.442347 -2.2537949 -2.2537949 -3.6888795 0.70710678 0 0.70710678 0
3 1.35 0.3 0 0 0 -0.99257416 0.42538892 -0.38993985 2.442347 -2.2537949 -2.2537949 -3.6888795 0.70710678 0 0.70710678 0
0.3 1.5 -3 0 0 0 -1.4888612 0.56718523 0.99257416 2.442347 -2.2537949 -2.2537949 -3.6888795 1 0 0 0
0.3 1.5 3 0 0 0 1.4179631 -0.21269446 -1.3116158 2.442347 -2.2537949 -2.2537949 -3.6888795 1 0 0 0
-3 1.5 0.3 0 0 0 -0.38993985 -0.88622693 0.460838 2.442347 -2.2537949 -2.2537949 -3.6888795 0.70710678 0 0.70710678 0
3 1.5 0.3 0 0 0 -0.99257416 0.42538892 -0.38993985 2.442347 -2.2537949 -2.2537949 -3.6888795 0.70710678 0 0.70710678 0
0.3 1.65 -3 0 0 0 -1.4888612 0.56718523 0.99257416 2.442347 -2.2537949 -2.2537949 -3.6888795 1 0 0 0
0.3 1.65 3 0 0 0 1.4179631 -0.21269446 -1.3116158 2.442347 -2.2537949 -2.2537949 -3.6888795 1 0 0 0
-3 1.65 0.3 0 0 0 -0.38993985 -0.88622693 0.460838 2.442347 -2.2537949 -2.2537949 -3.6888795 0.70710678 0 0.70710678 0
3 1.65 0.3 0 0 0 -0.99257416 0.42538892 -0.38993985 2.442347 -2.2537949 -2.2537949 -3.6888795 0.70710678 0 0.70710678 0
0.3 1.8 -3 0 0 0 -1.4888612 0.56718523 0.99257416 2.442347 -2.2537949 -2.2537949 -3.6888795 1 0 0 0
0.3 1.8 3 0 0 0 1.4179631 -0.21269446 -1.3116158 2.442347 -2.2537949 -2.2537949 -3.6888795 1 0 0 0
-3 1.8 0.3 0 0 0 -0.38993985 -0.88622693 0.460838 2.442347 -2.2537949 -2.2537949 -3.6888795 0.70710678 0 0.70710678 0
3 1.8 0.3 0 0 0 -0.99257416 0.42538892 -0.38993985 2.442347 -2.2537949 -2.2537949 -3.6888795 0.70710678 0 0.70710678 0
0.3 1.95 -3 0 0 0 -1.4888612 0.56718523 0.99257416 2.442347 -2.2537949 -2.2537949 -3.6888795 1 0 0 0
0.3 1.95 3 0 0 0 1.4179631 -0.21269446 -1.3116158 2.442347 -2.2537949 -2.2537949 -3.6888795 1 0 0 0
-3 1.95 0.3 0 0 0 -0.38993985 -0.88622693 0.460838 2.442347 -2.2537949 -2.2537949 -3.6888795 0.70710678 0 0.70710678 0
3 1.95 0.3 0 0 0 -0.99257416 0.42538892 -0.38993985 2.442347 -2.2537949 -2.2537949 -3.6888795 0.70710678 0 0.70710678 0
0.3 2.1 -3 0 0 0 -1.4888612 0.56718523 0.99257416 2.442347 -2.2537949 -2.2537949 -3.6888795 1 0 0 0
0.3 2.1 3 0 0 0 1.4179631 -0.21269446 -1.3116158 2.442347 -2.2537949 -2.2537949 -3.6888795 1 0 0 0
-3 2.1 0.3 0 0 0 -0.38993985 -0.88622693 0.460838 2.442347 -2.2537949 -2.2537949 -3.6888795 0.70710678 0 0.70710678 0
3 2.1 0.3 0 0 0 -0.99257416 0.42538892 -0.38993985 2.442347 -2.2537949 -2.2537949 -3.6888795 0.70710678 0 0.70710678 0
0.3 2.25 -3 0 0 0 -1.4888612 0.56718523 0.99257416 2.442347 -2.2537949 -2.2537949 -3.6888795 1 0 0 0
0.3 2.25 3 0 0 0 1.4179631 -0.21269446 -1.3116158 2.442347 -2.2537949 -2.2537949 -3.6888795 1 0 0 0
-3 2.25 0.3 0 0 0 -0.38993985 -0.88622693 0.460838 2.442347 -2.2537949 -2.2537949 -3.6888795 0.70710678 0 0.70710678 0
3 2.25 0.3 0 0 0 -0.99257416 0.42538892 -0.38993985 2.442347 -2.2537949 -2.2537949 -3.6888795 0.70710678 0 0.70710678 0
0.3 2.4 -3 0 0 0 -1.1343705 -0.77987969 -0.56718523 2.442347 -2.2537949 -2.2537949 -3.6888795 1 0 0 0
0.3 2.4 3 0 0 0 -0.56718523 -0.95712508 -1.1343705 2.442347 -2.2537949 -2.2537949 -3.6888795 1 0 0 0
-3 2.4 0.3 0 0 0 -0.88622693 -0.99257416 -0.63808339 2.442347 -2.2537949 -2.2537949 -3.6888795 0.70710678 0 0.70710678 0
3 2.4 0.3 0 0 0 -1.0280232 -0.70898154 -0.921676 2.442347 -2.2537949 -2.2537949 -3.6888795 0.70710678 0 0.70710678 0
0.3 2.55 -3 0 0 0 -1.1343705 -0.77987969 -0.56718523 2.442347 -2.2537949 -2.2537949 -3.6888795 1 0 0 0
0.3 2.55 3 0 0 0 -0.56718523 -0.95712508 -1.1343705 2.442347 -2.2537949 -2.2537949 -3.6888795 1 0 0 0
-3 2.55 0.3 0 0 0 -0.88622693 -0.99257416 -0.63808339 2.442347 -2.2537949 -2.2537949 -3.6888795 0.70710678 0 0.70710678 0
3 2.55 0.3 0 0 0 -1.0280232 -0.70898154 -0.921676 2.442347 -2.2537949 -2.2537949 -3.6888795 0.70710678 0 0.70710678 0
0.3 2.7 -3 0 0 0 -1.1343705 -0.77987969 -0.56718523 2.442347 -2.2537949 -2.2537949 -3.6888795 1 0 0 0
0.3 2.7 3 0 0 0 -0.56718523 -0.95712508 -1.1343705 2.442347 -2.2537949 -2.2537949 -3.6888795 1 0 0 0
-3 2.7 0.3 0 0 0 -0.88622693 -0.99257416 -0.63808339 2.442347 -2.2537949 -2.2537949 -3.6888795 0.70710678 0 0.70710678 0
3 2.7 0.3 0 0 0 -1.0280232 -0.70898154 -0.921676 2.442347 -2.2537949 -2.2537949 -3.6888795 0.70710678 0 0.70710678 0
0.3 2.85 -3 0 0 0 -1.1343705 -0.77987969 -0.56718523 2.442347 -2.2537949 -2.2537949 -3.6888795 1 0 0 0
0.3 2.85 3 0 0 0 -0.56718523 -0.95712508 -1.1343705 2.442347 -2.2537949 -2.2537949 -3.6888795 1 0 0 0
-3 2.85 0.3 0 0 0 -0.88622693 -0.99257416 -0.63808339 2.442347 -2.2537949 -2.2537949 -3.6888795 0.70710678 0 0.70710678 0
3 2.85 0.3 0 0 0 -1.0280232 -0.70898154 -0.921676 2.442347 -2.2537949 -2.2537949 -3.6888795 0.70710678 0 0.70710678 0
0.3 3 -3 0 0 0 -1.1343705 -0.77987969 -0.56718523 2.442347 -2.2537949 -2.2537949 -3.6888795 1 0 0 0
0.3 3 3 0 0 0 -0.56718523 -0.95712508 -1.1343705 2.442347 -2.2537949 -2.2537949 -3.6888795 1 0 0 0
-3 3 0.3 0 0 0 -0.88622693 -0.99257416 -0.63808339 2.442347 -2.2537949 -2.2537949 -3.6888795 0.70710678 0 0.70710678 0
3 3 0.3 0 0 0 -1.0280232 -0.70898154 -0.921676 2.442347 -2.2537949 -2.2537949 -3.6888795 0.70710678 0 0.70710678 0
0.45 0 -3 0 0 0 -0.28359262 -0.20914955 -0.10492927 2.442347 -2.2537949 -2.2537949 -3.6888795 0.70710678 0.70710678 0 0
0.45 3 -3 0 0 0 -1.0634723 -0.95712508 -0.70898154 2.442347 -2.2537949 -2.2537949 -3.6888795 0.70710678 0.70710678 0 0
0.45 0 -2.85 0 0 0 -0.28359262 -0.20914955 -0.10492927 2.442347 -2.2537949 -2.2537949 -3.6888795 0.70710678 0.70710678 0 0
0.45 3 -2.85 0 0 0 -1.0634723 -0.95712508 -0.70898154 2.442347 -2.2537949 -2.2537949 -3.6888795 0.70710678 0.70710678 0 0
0.45 0 -2.7 0 0 0 -0.28359262 -0.20914955 -0.10492927 2.442347 -2.2537949 -2.2537949 -3.6888795 0.70710678 0.70710678 0 0
0.45 3 -2.7 0 0 0 -1.0634723 -0.95712508 -0.70898154 2.442347 -2.2537949 -2.2537949 -3.6888795 0.70710678 0.70710678 0 0
0.45 0 -2.55 0 0 0 -0.28359262 -0.20914955 -0.10492927 2.442347 -2.2537949 -2.2537949 -3.6888795 0.70710678 0.70710678 0 0
0.45 3 -2.55 0 0 0 -1.0634723 -0.95712508 -0.70898154 2.442347 -2.2537949 -2.2537949 -3.6888795 0.70710678 0.70710678 0 0
0.45 0 -2.4 0 0 0 -0.28359262 -0.20914955 -0.10492927 2.442347 -2.2537949 -2.2537949 -3.6888795 0.70710678 0.70710678 0 0
0.45 3 -2.4 0 0 0 -1.0634723 -0.95712508 -0.70898154 2.442347 -2.2537949 -2.2537949 -3.6888795 0.70710678 0.70710678 0 0
0.45 0 -2.25 0 0 0 -0.85077785 -0.80469405 -0.74017673 2.442347 -2.2537949 -2.2537949 -3.6888795 0.70710678 0.70710678 0 0
0.45 3 -2.25 0 0 0 -1.0634723 -0.95712508 -0.70898154 2.442347 -2.2537949 -2.2537949 -3.6888795 0.70710678 0.70710678 0 0
0.45 0 -2.1 0 0 0 -0.85077785 -0.80469405 -0.74017673 2.442347 -2.2537949 -2.2537949 -3.6888795 0.70710678 0.70710678 0 0
0.45 3 -2.1 0 0 0 -1.0634723 -0.95712508 -0.70898154 2.442347 -2.2537949 -2.2537949 -3.6888795 0.70710678 0.70710678 0 0
0.45 0 -1.95 0 0 0 -0.85077785 -0.80469405 -0.74017673 2.442347 -2.2537949 -2.2537949 -3.6888795 0.70710678 0.70710678 0 0
0.45 3 -1.95 0 0 0 -1.0634723 -0.95712508 -0.70898154 2.442347 -2.2537949 -2.2537949 -3.6888795 0.70710678 0.70710678 0 0
0.45 0 -1.8 0 0 0 -0.85077785 -0.80469405 -0.74017673 2.442347 -2.2537949 -2.2537949 -3.6888795 0.70710678 0.70710678 0 0
0.45 3 -1.8 0 0 0 -1.0634723 -0.95712508 -0.70898154 2.442347 -2.2537949 -2.2537949 -3.6888795 0.70710678 0.70710678 0 0
0.45 0 -1.65 0 0 0 -0.85077785 -0.80469405 -0.74017673 2.442347 -2.2537949 -2.2537949 -3.6888795 0.70710678 0.70710678 0 0
0.45 3 -1.65 0 0 0 -1.0634723 -0.95712508 -0.70898154 2.442347 -2.2537949 -2.2537949 -3.6888795 0.70710678 0.70710678 0 0
0.45 0 -1.5 0 0 0 -0.28359262 -0.20914955 -0.10492927 2.442347 -2.2537949 -2.2537949 -3.6888795 0.70710678 0.70710678 0 0
0.45 3 -1.5 0 0 0 -1.0634723 -0.95712508 -0.70898154 2.442347 -2.2537949 -2.2537949 -3.6888795 0.70710678 0.70710678 0 0
0.45 0 -1.35 0 0 0 -0.28359262 -0.20914955 -0.10492927 2.442347 -2.2537949 -2.2537949 -3.6888795 0.70710678 0.70710678 0 0
0.45 3 -1.35 0 0 0 -1.0634723 -0.95712508 -0.70898154 2.442347 -2.2537949 -2.2537949 -3.6888795 0.70710678 0.70710678 0 0
0.45 0 -1.2 0 0 0 -0.28359262 -0.20914955 -0.10492927 2.442347 -2.2537949 -2.2537949 -3.6888795 0.70710678 0.70710678 0 0
0.45 3 -1.2 0 0 0 -1.0634723 -0.95712508 -0.70898154 2.442347 -2.2537949 -2.2537949 -3.6888795 0.70710678 0.70710678 0 0
0.45 0 -1.05 0 0 0 -0.28359262 -0.20914955 -0.10492927 2.442347 -2.2537949 -2.2537949 -3.6888795 0.70710678 0.70710678 0 0
0.45 3 -1.05 0 0 0 -1.0634723 -0.95712508 -0.70898154 2.442347 -2.2537949 -2.2537949 -3.6888795 0.70710678 0.70710678 0 0
0.45 0 -0.9 0 0 0 -0.28359262 -0.20914955 -0.10492927 2.442347 -2.2537949 -2.2537949 -3.6888795 0.70710678 0.70710678 0 0
0.45 3 -0.9 0 0 0 -1.0634723 -0.95712508 -0.70898154 2.442347 -2.2537949 -2.2537949 -3.6888795 0.70710678 0.70710678 0 0
0.45 0 -0.75 0 0 0 -0.85077785 -0.80469405 -0.74017673 2.442347 -2.2537949 -2.2537949 -3.6888795 0.70710678 0.70710678 0 0
0.45 3 -0.75 0 0 0 -1.0634723 -0.95712508 -0.70898154 2.442347 -2.2537949 -2.2537949 -3.6888795 0.70710678 0.70710678 0 0
0.45 0 -0.6 0 0 0 -0.85077785 -0.80469405 -0.74017673 2.442347 -2.2537949 -2.2537949 -3.6888795 0.70710678 0.70710678 0 0
0.45 3 -0.6 0 0 0 -1.0634723 -0.95712508 -0.70898154 2.442347 -2.2537949 -2.2537949 -3.6888795 0.70710678 0.70710678 0 0
0.45 0 -0.45 0 0 0 -0.85077785 -0.80469405 -0.74017673 2.442347 -2.2537949 -2.2537949 -3.6888795 0.70710678 0.70710678 0 0
0.45 3 -0.45 0 0 0 -1.0634723 -0.95712508 -0.70898154 2.442347 -2.2537949 -2.2537949 -3.6888795 0.70710678 0.70710678 0 0
0.45 0 -0.3 0 0 0 -0.85077785 -0.80469405 -0.74017673 2.442347 -2.2537949 -2.2537949 -3.6888795 0.70710678 0.70710678 0 0
0.45 3 -0.3 0 0 0 -1.0634723 -0.95712508 -0.70898154 2.442347 -2.2537949 -2.2537949 -3.6888795 0.70710678 0.70710678 0 0
0.45 0 -0.15 0 0 0 -0.85077785 -0.80469405 -0.74017673 2.442347 -2.2537949 -2.2537949 -3.6888795 0.70710678 0.70710678 0 0
0.45 3 -0.15 0 0 0 -1.0634723 -0.95712508 -0.70898154 2.442347 -2.2537949 -2.2537949 -3.6888795 0.70710678 0.70710678 0 0
0.45 0 0 0 0 0 -0.28359262 -0.20914955 -0.10492927 2.442347 -2.2537949 -2.2537949 -3.6888795 0.70710678 0.70710678 0 0
0.45 3 0 0 0 0 -1.0634723 -0.95712508 -0.70898154 2.442347 -2.2537949 -2.2537949 -3.6888795 0.70710678 0.70710678 0 0
0.45 0 0.15 0 0 0 -0.28359262 -0.20914955 -0.10492927 2.442347 -2.2537949 -2.2537949 -3.6888795 0.70710678 0.70710678 0 0
0.45 3 0.15 0 0 0 -1.0634723 -0.95712508 -0.70898154 2.442347 -2.2537949 -2.2537949 -3.6888795 0.70710678 0.70710678 0 0
0.45 0 0.3 0 0 0 -0.28359262 -0.20914955 -0.10492927 2.442347 -2.2537949 -2.2537949 -3.6888795 0.70710678 0.70710678 0 0
0.45 3 0.3 0 0 0 -1.0634723 -0.95712508 -0.70898154 2.442347 -2.2537949 -2.2537949 -3.6888795 0.70710678 0.70710678 0 0
0.45 0 0.45 0 0 0 -0.28359262 -0.20914955 -0.10492927 2.442347 -2.2537949 -2.2537949 -3.6888795 0.70710678 0.70710678 0 0
0.45 3 0.45 0 0 0 -1.0634723 -0.95712508 -0.70898154 2.442347 -2.2537949 -2.2537949 -3.6888795 0.70710678 0.70710678 0 0
0.45 0 0.6 0 0 0 -0.28359262 -0.20914955 -0.10492927 2.442347 -2.2537949 -2.2537949 -3.6888795 0.70710678 0.70710678 0 0
0.45 3 0.6 0 0 0 -1.0634723 -0.95712508 -0.70898154 2.442347 -2.2537949 -2.2537949 -3.6888795 0.70710678 0.70710678 0 0
0.45 0 0.75 0 0 0 -0.85077785 -0.80469405 -0.74017673 2.442347 -2.2537949 -2.2537949 -3.6888795 0.70710678 0.70710678 0 0
0.45 3 0.75 0 0 0 -1.0634723 -0.95712508 -0.70898154 2.442347 -2.2537949 -2.2537949 -3.6888795 0.70710678 0.70710678 0 0
0.45 0 0.9 0 0 0 -0.85077785 -0.80469405 -0.74017673 2.442347 -2.2537949 -2.2537949 -3.6888795 0.70710678 0.70710678 0 0
0.45 3 0.9 0 0 0 -1.0634723 -0.95712508 -0.70898154 2.442347 -2.2537949 -2.2537949 -3.6888795 0.70710678 0.70710678 0 0
0.45 0 1.05 0 0 0 -0.85077785 -0.80469405 -0.74017673 2.442347 -2.2537949 -2.2537949 -3.6888795 0.70710678 0.70710678 0 0
0.45 3 1.05 0 0 0 -1.0634723 -0.95712508 -0.70898154 2.442347 -2.2537949 -2.2537949 -3.6888795 0.70710678 0.70710678 0 0
0.45 0 1.2 0 0 0 -0.85077785 -0.80469405 -0.74017673 2.442347 -2.2537949 -2.2537949 -3.6888795 0.70710678 0.70710678 0 0
0.45 3 1.2 0 0 0 -1.0634723 -0.95712508 -0.70898154 2.442347 -2.2537949 -2.2537949 -3.6888795 0.70710678 0.70710678 0 0
0.45 0 1.35 0 0 0 -0.85077785 -0.80469405 -0.74017673 2.442347 -2.2537949 -2.2537949 -3.6888795 0.70710678 0.70710678 0 0
0.45 3 1.35 0 0 0 -1.0634723 -0.95712508 -0.70898154 2.442347 -2.2537949 -2.2537949 -3.6888795 0.70710678 0.70710678 0 0
0.45 0 1.5 0 0 0 -0.28359262 -0.20914955 -0.10492927 2.442347 -2.2537949 -2.2537949 -3.6888795 0.70710678 0.70710678 0 0
0.45 3 1.5 0 0 0 -1.0634723 -0.95712508 -0.70898154 2.442347 -2.2537949 -2.2537949 -3.6888795 0.70710678 0.70710678 0 0
0.45 0 1.65 0 0 0 -0.28359262 -0.20914955 -0.10492927 2.442347 -2.2537949 -2.2537949 -3.6888795 0.70710678 0.70710678 0 0
0.45 3 1.65 0 0 0 -1.0634723 -0.95712508 -0.70898154 2.442347 -2.2537949 -2.2537949 -3.6888795 0.70710678 0.70710678 0 0
0.45 0 1.8 0 0 0 -0.28359262 -0.20914955 -0.10492927 2.442347 -2.2537949 -2.2537949 -3.6888795 0.70710678 0.70710678 0 0
0.45 3 1.8 0 0 0 -1.0634723 -0.95712508 -0.70898154 2.442347 -2.2537949 -2.2537949 -3.6888795 0.70710678 0.70710678 0 0
0.45 0 1.95 0 0 0 -0.28359262 -0.20914955 -0.10492927 2.442347 -2.2537949 -2.2537949 -3.6888795 0.70710678 0.70710678 0 0
0.45 3 1.95 0 0 0 -1.0634723 -0.95712508 -0.70898154 2.442347 -2.2537949 -2.2537949 -3.6888795 0.70710678 0.70710678 0 0
0.45 0 2.1 0 0 0 -0.28359262 -0.20914955 -0.10492927 2.442347 -2.2537949 -2.2537949 -3.6888795 0.70710678 0.70710678 0 0
0.45 3 2.1 0 0 0 -1.0634723 -0.95712508 -0.70898154 2.442347 -2.2537949 -2.2537949 -3.6888795 0.70710678 0.70710678 0 0
0.45 0 2.25 0 0 0 -0.85077785 -0.80469405 -0.74017673 2.442347 -2.2537949 -2.2537949 -3.6888795 0.70710678 0.70710678 0 0
0.45 3 2.25 0 0 0 -1.0634723 -0.95712508 -0.70898154 2.442347 -2.2537949 -2.2537949 -3.6888795 0.70710678 0.70710678 0 0
0.45 0 2.4 0 0 0 -0.85077785 -0.80469405 -0.74017673 2.442347 -2.2537949 -2.2537949 -3.6888795 0.70710678 0.70710678 0 0
0.45 3 2.4 0 0 0 -1.0634723 -0.95712508 -0.70898154 2.442347 -2.2537949 -2.2537949 -3.6888795 0.70710678 0.70710678 0 0
0.45 0 2.55 0 0 0 -0.85077785 -0.80469405 -0.74017673 2.442347 -2.2537949 -2.2537949 -3.6888795 0.70710678 0.70710678 0 0
0.45 3 2.55 0 0 0 -1.0634723 -0.95712508 -0.70898154 2.442347 -2.2537949 -2.2537949 -3.6888795 0.70710678 0.70710678 0 0
0.45 0 2.7 0 0 0 -0.85077785 -0.80469405 -0.74017673 2.442347 -2.2537949 -2.2537949 -3.6888795 0.70710678 0.70710678 0 0
0.45 3 2.7 0 0 0 -1.0634723 -0.95712508 -0.70898154 2.442347 -2.2537949 -2.2537949 -3.6888795 0.70710678 0.70710678 0 0
0.45 0 2.85 0 0 0 -0.85077785 -0.80469405 -0.74017673 2.442347 -2.2537949 -2.2537949 -3.6888795 0.70710678 0.70710678 0 0
0.45 3 2.85 0 0 0 -1.0634723 -0.95712508 -0.70898154 2.442347 -2.2537949 -2.2537949 -3.6888795 0.70710678 0.70710678 0 0
0.45 0 3 0 0 0 -0.28359262 -0.20914955 -0.10492927 2.442347 -2.2537949 -2.2537949 -3.6888795 0.70710678 0.70710678 0 0
0.45 3 3 0 0 0 -1.0634723 -0.95712508 -0.70898154 2.442347 -2.2537949 -2.2537949 -3.6888795 0.70710678 0.70710678 0 0
0.45 0 -3 0 0 0 -1.1343705 -0.77987969 -0.56718523 2.442347 -2.2537949 -2.2537949 -3.6888795 1 0 0 0
0.45 0 3 0 0 0 -0.56718523 -0.95712508 -1.1343705 2.442347 -2.2537949 -2.2537949 -3.6888795 1 0 0 0
-3 0 0.45 0 0 0 -0.88622693 -0.99257416 -0.63808339 2.442347 -2.2537949 -2.2537949 -3.6888795 0.70710678 0 0.70710678 0
3 0 0.45 0 0 0 -1.0280232 -0.70898154 -0.921676 2.442347 -2.2537949 -2.2537949 -3.6888795 0.70710678 0 0.70710678 0
0.45 0.15 -3 0 0 0 -1.1343705 -0.77987969 -0.56718523 2.442347 -2.2537949 -2.2537949 -3.6888795 1 0 0 0
0.45 0.15 3 0 0 0 -0.56718523 -0.95712508 -1.1343705 2.442347 -2.2537949 -2.2537949 -3.6888795 1 0 0 0
-3 0.15 0.45 0 0 0 -0.88622693 -0.99257416 -0.63808339 2.442347 -2.2537949 -2.2537949 -3.6888795 0.70710678 0 0.70710678 0
3 0.15 0.45 0 0 0 -1.0280232 -0.70898154 -0.921676 2.442347 -2.2537949 -2.2537949 -3.6888795 0.70710678 0 0.70710678 0
0.45 0.3 -3 0 0 0 -1.1343705 -0.77987969 -0.56718523 2.442347 -2.2537949 -2.2537949 -3.6888795 1 0 0 0
0.45 0.3 3 0 0 0 -0.56718523 -0.95712508 -1.1343705 2.442347 -2.2537949 -2.2537949 -3.6888795 1 0 0 0
-3 0.3 0.45 0 0 0 -0.88622693 -0.99257416 -0.63808339 2.442347 -2.2537949 -2.2537949 -3.6888795 0.70710678 0 0.70710678 0
3 0.3 0.45 0 0 0 -1.0280232 -0.70898154 -0.921676 2.442347 -2.2537949 -2.2537949 -3.6888795 0.70710678 0 0.70710678 0
0.45 0.45 -3 0 0 0 -1.1343705 -0.77987969 -0.56718523 2.442347 -2.2537949 -2.2537949 -3.6888795 1 0 0 0
0.45 0.45 3 0 0 0 -0.56718523 -0.95712508 -1.1343705 2.442347 -2.2537949 -2.2537949 -3.6888795 1 0 0 0
-3 0.45 0.45 0 0 0 -0.88622693 -0.99257416 -0.63808339 2.442347 -2.2537949 -2.2537949 -3.6888795 0.70710678 0 0.70710678 0
3 0.45 0.45 0 0 0 -1.0280232 -0.70898154 -0.921676 2.442347 -2.2537949 -2.2537949 -3.6888795 0.70710678 0 0.70710678 0
0.45 0.6 -3 0 0 0 -1.1343705 -0.77987969 -0.56718523 2.442347 -2.2537949 -2.2537949 -3.6888795 1 0 0 0
0.45 0.6 3 0 0 0 -0.56718523 -0.95712508 -1.1343705 2.442347 -2.2537949 -2.2537949 -3.6888795 1 0 0 0
-3 0.6 0.45 0 0 0 -0.88622693 -0.99257416 -0.63808339 2.442347 -2.2537949 -2.2537949 -3.6888795 0.70710678 0 0.70710678 0
3 0.6 0.45 0 0 0 -1.0280232 -0.70898154 -0.921676 2.442347 -2.2537949 -2.2537949 -3.6888795 0.70710678 0 0.70710678 0
0.45 0.75 -3 0 0 0 -1.4888612 0.56718523 0.99257416 2.442347 -2.2537949 -2.2537949 -3.6888795 1 0 0 0
0.45 0.75 3 0 0 0 1.4179631 -0.21269446 -1.3116158 2.442347 -2.2537949 -2.2537949 -3.6888795 1 0 0 0
-3 0.75 0.45 0 0 0 -0.38993985 -0.88622693 0.460838 2.442347 -2.2537949 -2.2537949 -3.6888795 0.70710678 0 0.70710678 0
3 0.75 0.45 0 0 0 -0.99257416 0.42538892 -0.38993985 2.442347 -2.2537949 -2.2537949 -3.6888795 0.70710678 0 0.70710678 0
0.45 0.9 -3 0 0 0 -1.4888612 0.56718523 0.99257416 2.442347 -2.2537949 -2.2537949 -3.6888795 1 0 0 0
0.45 0.9 3 0 0 0 1.4179631 -0.21269446 -1.3116158 2.442347 -2.2537949 -2.2537949 -3.6888795 1 0 0 0
-3 0.9 0.45 0 0 0 -0.38993985 -0.88622693 0.460838 2.442347 -2.2537949 -2.2537949 -3.6888795 0.70710678 0 0.70710678 0
3 0.9 0.45 0 0 0 -0.99257416 0.42538892 -0.38993985 2.442347 -2.2537949 -2.2537949 -3.6888795 0.70710678 0 0.70710678 0
0.45 1.05 -3 0 0 0 -1.4888612 0.56718523 0.99257416 2.442347 -2.2537949 -2.2537949 -3.6888795 1 0 0 0
0.45 1.05 3 0 0 0 1.4179631 -0.21269446 -1.3116158 2.442347 -2.2537949 -2.2537949 -3.6888795 1 0 0 0
-3 1.05 0.45 0 0 0 -0.38993985 -0.88622693 0.460838 2.442347 -2.2537949 -2.2537949 -3.6888795 0.70710678 0 0.70710678 0
3 1.05 0.45 0 0 0 -0.99257416 0.42538892 -0.38993985 2.442347 -2.2537949 -2.2537949 -3.6888795 0.70710678 0 0.70710678 0
0.45 1.2 -3 0 0 0 -1.4888612 0.56718523 0.99257416 2.442347 -2.2537949 -2.2537949 -3.6888795 1 0 0 0
0.45 1.2 3 0 0 0 1.4179631 -0.21269446 -1.3116158 2.442347 -2.2537949 -2.2537949 -3.6888795 1 0 0 0
-3 1.2 0.45 0 0 0 -0.38993985 -0.88622693 0.460838 2.442347 -2.2537949 -2.2537949 -3.6888795 0.70710678 0 0.70710678 0
3 1.2 0.45 0 0 0 -0.99257416 0.42538892 -0.38993985 2.442347 -2.2537949 -2.2537949 -3.6888795 0.70710678 0 0.70710678 0
0.45 1.35 -3 0 0 0 -1.4888612 0.56718523 0.99257416 2.442347 -2.2537949 -2.2537949 -3.6888795 1 0 0 0
0.45 1.35 3 0 0 0 1.4179631 -0.21269446 -1.3116158 2.442347 -2.2537949 -2.2537949 -3.6888795 1 0 0 0
-3 1.35 0.45 0 0 0 -0.38993985 -0.88622693 0.460838 2.442347 -2.2537949 -2.2537949 -3.6888795 0.70710678 0 0.70710678 0
3 1.35 0.45 0 0 0 -0.99257416 0.42538892 -0.38993985 2.442347 -2.2537949 -2.2537949 -3.6888795 0.70710678 0 0.70710678 0
0.45 1.5 -3 0 0 0 -1.4888612 0.56718523 0.99257416 2.442347 -2.2537949 -2.2537949 -3.6888795 1 0 0 0
0.45 1.5 3 0 0 0 1.4179631 -0.21269446 -1.3116158 2.442347 -2.2537949 -2.2537949 -3.6888795 1 0 0 0
-3 1.5 0.45 0 0 0 -0.38993985 -0.88622693 0.460838 2.442347 -2.2537949 -2.2537949 -3.6888795 0.70710678 0 0.70710678 0
3 1.5 0.45 0 0 0 -0.99257416 0.42538892 -0.38993985 2.442347 -2.2537949 -2.2537949 -3.6888795 0.70710678 0 0.70710678 0
0.45 1.65 -3 0 0 0 -1.4888612 0.56718523 0.99257416 2.442347 -2.2537949 -2.2537949 -3.6888795 1 0 0 0
0.45 1.65 3 0 0 0 1.4179631 -0.21269446 -1.3116158 2.442347 -2.2537949 -2.2537949 -3.6888795 1 0 0 0
-3 1.65 0.45 0 0 0 -0.38993985 -0.88622693 0.460838 2.442347 -2.2537949 -2.2537949 -3.6888795 0.70710678 0 0.70710678 0
3 1.65 0.45 0 0 0 -0.99257416 0.42538892 -0.38993985 2.442347 -2.2537949 -2.2537949 -3.6888795 0.70710678 0 0.70710678 0
0.45 1.8 -3 0 0 0 -1.4888612 0.56718523 0.99257416 2.442347 -2.2537949 -2.2537949 -3.6888795 1 0 0 0
0.45 1.8 3 0 0 0 1.4179631 -0.21269446 -1.3116158 2.442347 -2.2537949 -2.2537949 -3.6888795 1 0 0 0
-3 1.8 0.45 0 0 0 -0.38993985 -0.88622693 0.460838 2.442347 -2.2537949 -2.2537949 -3.6888795 0.70710678 0 0.70710678 0
3 1.8 0.45 0 0 0 -0.99257416 0.42538892 -0.38993985 2.442347 -2.2537949 -2.2537949 -3.6888795 0.70710678 0 0.70710678 0
0.45 1.95 -3 0 0 0 -1.4888612 0.56718523 0.99257416 2.442347 -2.2537949 -2.2537949 -3.6888795 1 0 0 0
0.45 1.95 3 0 0 0 1.4179631 -0.21269446 -1.3116158 2.442347 -2.2537949 -2.2537949 -3.6888795 1 0 0 0
-3 1.95 0.45 0 0 0 -0.38993985 -0.88622693 0.460838 2.442347 -2.2537949 -2.2537949 -3.6888795 0.70710678 0 0.70710678 0
3 1.95 0.45 0 0 0 -0.99257416 0.42538892 -0.38993985 2.442347 -2.2537949 -2.2537949 -3.6888795 0.70710678 0 0.70710678 0
0.45 2.1 -3 0 0 0 -1.4888612 0.56718523 0.99257416 2.442347 -2.2537949 -2.2537949 -3.6888795 1 0 0 0
0.45 2.1 3 0 0 0 1.4179631 -0.21269446 -1.3116158 2.442347 -2.2537949 -2.2537949 -3.6888795 1 0 0 0
-3 2.1 0.45 0 0 0 -0.38993985 -0.88622693 0.460838 2.442347 -2.2537949 -2.2537949 -3.6888795 0.70710678 0 0.70710678 0
3 2.1 0.45 0 0 0 -0.99257416 0.42538892 -0.38993985 2.442347 -2.2537949 -2.2537949 -3.6888795 0.70710678 0 0.70710678 0
0.45 2.25 -3 0 0 0 -1.4888612 0.56718523 0.99257416 2.442347 -2.2537949 -2.2537949 -3.6888795 1 0 0 0
0.45 2.25 3 0 0 0 1.4179631 -0.21269446 -1.3116158 2.442347 -2.2537949 -2.2537949 -3.6888795 1 0 0 0
-3 2.25 0.45 0 0 0 -0.38993985 -0.88622693 0.460838 2.442347 -2.2537949 -2.2537949 -3.6888795 0.70710678 0 0.70710678 0
3 2.25 0.45 0 0 0 -0.99257416 0.42538892 -0.38993985 2.442347 -2.2537949 -2.2537949 -3.6888795 0.70710678 0 0.70710678 0
0.45 2.4 -3 0 0 0 -1.1343705 -0.77987969 -0.56718523 2.442347 -2.2537949 -2.2537949 -3.6888795 1 0 0 0
0.45 2.4 3 0 0 0 -0.56718523 -0.95712508 -1.1343705 2.442347 -2.2537949 -2.2537949 -3.6888795 1 0 0 0
-3 2.4 0.45 0 0 0 -0.88622693 -0.99257416 -0.63808339 2.442347 -2.2537949 -2.2537949 -3.6888795 0.70710678 0 0.70710678 0
3 2.4 0.45 0 0 0 -1.0280232 -0.70898154 -0.921676 2.442347 -2.2537949 -2.2537949 -3.6888795 0.70710678 0 0.70710678 0
0.45 2.55 -3 0 0 0 -1.1343705 -0.77987969 -0.56718523 2.442347 -2.2537949 -2.2537949 -3.6888795 1 0 0 0
0.45 2.55 3 0 0 0 -0.56718523 -0.95712508 -1.1343705 2.442347 -2.2537949 -2.2537949 -3.6888795 1 0 0 0
-3 2.55 0.45 0 0 0 -0.88622693 -0.99257416 -0.63808339 2.442347 -2.2537949 -2.2537949 -3.6888795 0.70710678 0 0.70710678 0
3 2.55 0.45 0 0 0 -1.0280232 -0.70898154 -0.921676 2.442347 -2.2537949 -2.2537949 -3.6888795 0.70710678 0 0.70710678 0
0.45 2.7 -3 0 0 0 -1.1343705 -0.77987969 -0.56718523 2.442347 -2.2537949 -2.2537949 -3.6888795 1 0 0 0
0.45 2.7 3 0 0 0 -0.56718523 -0.95712508 -1.1343705 2.442347 -2.2537949 -2.2537949 -3.6888795 1 0 0 0
-3 2.7 0.45 0 0 0 -0.88622693 -0.99257416 -0.63808339 2.442347 -2.2537949 -2.2537949 -3.6888795 0.70710678 0 0.70710678 0
3 2.7 0.45 0 0 0 -1.0280232 -0.70898154 -0.921676 2.442347 -2.2537949 -2.2537949 -3.6888795 0.70710678 0 0.70710678 0
0.45 2.85 -3 0 0 0 -1.1343705 -0.77987969 -0.56718523 2.442347 -2.2537949 -2.2537949 -3.6888795 1 0 0 0
0.45 2.85 3 0 0 0 -0.56718523 -0.95712508 -1.1343705 2.442347 -2.2537949 -2.2537949 -3.6888795 1 0 0 0
-3 2.85 0.45 0 0 0 -0.88622693 -0.99257416 -0.63808339 2.442347 -2.2537949 -2.2537949 -3.6888795 0.70710678 0 0.70710678 0
3 2.85 0.45 0 0 0 -1.0280232 -0.70898154 -0.921676 2.442347 -2.2537949 -2.2537949 -3.6888795 0.70710678 0 0.70710678 0
0.45 3 -3 0 0 0 -1.1343705 -0.77987969 -0.56718523 2.442347 -2.2537949 -2.2537949 -3.6888795 1 0 0 0
0.45 3 3 0 0 0 -0.56718523 -0.95712508 -1.1343705 2.442347 -2.2537949 -2.2537949 -3.6888795 1 0 0 0
-3 3 0.45 0 0 0 -0.88622693 -0.99257416 -0.63808339 2.442347 -2.2537949 -2.2537949 -3.6888795 0.70710678 0 0.70710678 0
3 3 0.45 0 0 0 -1.0280232 -0.70898154 -0.921676 2.442347 -2.2537949 -2.2537949 -3.6888795 0.70710678 0 0.70710678 0
0.6 0 -3 0 0 0 -0.28359262 -0.20914955 -0.10492927 2.442347 -2.2537949 -2.2537949 -3.6888795 0.70710678 0.70710678 0 0
0.6 3 -3 0 0 0 -1.0634723 -0.95712508 -0.70898154 2.442347 -2.2537949 -2.2537949 -3.6888795 0.70710678 0.70710678 0 0
0.6 0 -2.85 0 0 0 -0.28359262 -0.20914955 -0.10492927 2.442347 -2.2537949 -2.2537949 -3.6888795 0.70710678 0.70710678 0 0
0.6 3 -2.85 0 0 0 -1.0634723 -0.95712508 -0.70898154 2.442347 -2.2537949 -2.2537949 -3.6888795 0.70710678 0.70710678 0 0
0.6 0 -2.7 0 0 0 -0.28359262 -0.20914955 -0.10492927 2.442347 -2.2537949 -2.2537949 -3.6888795 0.70710678 0.70710678 0 0
0.6 3 -2.7 0 0 0 -1.0634723 -0.95712508 -0.70898154 2.442347 -2.2537949 -2.2537949 -3.6888795 0.70710678 0.70710678 0 0
0.6 0 -2.55 0 0 0 -0.28359262 -0.20914955 -0.10492927 2.442347 -2.2537949 -2.2537949 -3.6888795 0.70710678 0.70710678 0 0
0.6 3 -2.55 0 0 0 -1.0634723 -0.95712508 -0.70898154 2.442347 -2.2537949 -2.2537949 -3.6888795 0.70710678 0.70710678 0 0
0.6 0 -2.4 0 0 0 -0.28359262 -0.20914955 -0.10492927 2.442347 -2.2537949 -2.2537949 -3.6888795 0.70710678 0.70710678 0 0
0.6 3 -2.4 0 0 0 -1.0634723 -0.95712508 -0.70898154 2.442347 -2.2537949 -2.2537949 -3.6888795 0.70710678 0.70710678 0 0
0.6 0 -2.25 0 0 0 -0.85077785 -0.80469405 -0.74017673 2.442347 -2.2537949 -2.2537949 -3.6888795 0.70710678 0.70710678 0 0
0.6 3 -2.25 0 0 0 -1.0634723 -0.95712508 -0.70898154 2.442347 -2.2537949 -2.2537949 -3.6888795 0.70710678 0.70710678 0 0
0.6 0 -2.1 0 0 0 -0.85077785 -0.80469405 -0.74017673 2.442347 -2.2537949 -2.2537949 -3.6888795 0.70710678 0.70710678 0 0
0.6 3 -2.1 0 0 0 -1.0634723 -0.95712508 -0.70898154 2.442347 -2.2537949 -2.2537949 -3.6888795 0.70710678 0.70710678 0 0
0.6 0 -1.95 0 0 0 -0.85077785 -0.80469405 -0.74017673 2.442347 -2.2537949 -2.2537949 -3.6888795 0.70710678 0.70710678 0 0
0.6 3 -1.95 0 0 0 -1.0634723 -0.95712508 -0.70898154 2.442347 -2.2537949 -2.2537949 -3.6888795 0.70710678 0.70710678 0 0
0.6 0 -1.8 0 0 0 -0.85077785 -0.80469405 -0.74017673 2.442347 -2.2537949 -2.2537949 -3.6888795 0.70710678 0.70710678 0 0
0.6 3 -1.8 0 0 0 -1.0634723 -0.95712508 -0.70898154 2.442347 -2.2537949 -2.2537949 -3.6888795 0.70710678 0.70710678 0 0
0.6 0 -1.65 0 0 0 -0.85077785 -0.80469405 -0.74017673 2.442347 -2.2537949 -2.2537949 -3.6888795 0.70710678 0.70710678 0 0
0.6 3 -1.65 0 0 0 -1.0634723 -0.95712508 -0.70898154 2.442347 -2.2537949 -2.2537949 -3.6888795 0.70710678 0.70710678 0 0
0.6 0 -1.5 0 0 0 -0.28359262 -0.20914955 -0.10492927 2.442347 -2.2537949 -2.2537949 -3.6888795 0.70710678 0.70710678 0 0
0.6 3 -1.5 0 0 0 -1.0634723 -0.95712508 -0.70898154 2.442347 -2.2537949 -2.2537949 -3.6888795 0.70710678 0.70710678 0 0
0.6 0 -1.35 0 0 0 -0.28359262 -0.20914955 -0.10492927 2.442347 -2.2537949 -2.2537949 -3.6888795 0.70710678 0.70710678 0 0
0.6 3 -1.35 0 0 0 -1.0634723 -0.95712508 -0.70898154 2.442347 -2.2537949 -2.2537949 -3.6888795 0.70710678 0.70710678 0 0
0.6 0 -1.2 0 0 0 -0.28359262 -0.20914955 -0.10492927 2.442347 -2.2537949 -2.2537949 -3.6888795 0.70710678 0.70710678 0 0
0.6 3 -1.2 0 0 0 -1.0634723 -0.95712508 -0.70898154 2.442347 -2.2537949 -2.2537949 -3.6888795 0.70710678 0.70710678 0 0
0.6 0 -1.05 0 0 0 -0.28359262 -0.20914955 -0.10492927 2.442347 -2.2537949 -2.2537949 -3.6888795 0.70710678 0.70710678 0 0
0.6 3 -1.05 0 0 0 -1.0634723 -0.95712508 -0.70898154 2.442347 -2.2537949 -2.2537949 -3.6888795 0.70710678 0.70710678 0 0
0.6 0 -0.9 0 0 0 -0.28359262 -0.20914955 -0.10492927 2.442347 -2.2537949 -2.2537949 -3.6888795 0.70710678 0.70710678 0 0
0.6 3 -0.9 0 0 0 -1.0634723 -0.95712508 -0.70898154 2.442347 -2.2537949 -2.2537949 -3.6888795 0.70710678 0.70710678 0 0
0.6 0 -0.75 0 0 0 -0.85077785 -0.80469405 -0.74017673 2.442347 -2.2537949 -2.2537949 -3.6888795 0.70710678 0.70710678 0 0
0.6 3 -0.75 0 0 0 -1.0634723 -0.95712508 -0.70898154 2.442347 -2.2537949 -2.2537949 -3.6888795 0.70710678 0.70710678 0 0
0.6 0 -0.6 0 0 0 -0.85077785 -0.80469405 -0.74017673 2.442347 -2.2537949 -2.2537949 -3.6888795 0.70710678 0.70710678 0 0
0.6 3 -0.6 0 0 0 -1.0634723 -0.95712508 -0.70898154 2.442347 -2.2537949 -2.2537949 -3.6888795 0.70710678 0.70710678 0 0
0.6 0 -0.45 0 0 0 -0.85077785 -0.80469405 -0.74017673 2.442347 -2.2537949 -2.2537949 -3.6888795 0.70710678 0.70710678 0 0
0.6 3 -0.45 0 0 0 -1.0634723 -0.95712508 -0.70898154 2.442347 -2.2537949 -2.2537949 -3.6888795 0.70710678 0.70710678 0 0
0.6 0 -0.3 0 0 0 -0.85077785 -0.80469405 -0.74017673 2.442347 -2.2537949 -2.2537949 -3.6888795 0.70710678 0.70710678 0 0
0.6 3 -0.3 0 0 0 -1.0634723 -0.95712508 -0.70898154 2.442347 -2.2537949 -2.2537949 -3.6888795 0.70710678 0.70710678 0 0
0.6 0 -0.15 0 0 0 -0.85077785 -0.80469405 -0.74017673 2.442347 -2.2537949 -2.2537949 -3.6888795 0.70710678 0.70710678 0 0
0.6 3 -0.15 0 0 0 -1.0634723 -0.95712508 -0.70898154 2.442347 -2.2537949 -2.2537949 -3.6888795 0.70710678 0.70710678 0 0
0.6 0 0 0 0 0 -0.28359262 -0.20914955 -0.10492927 2.442347 -2.2537949 -2.2537949 -3.6888795 0.70710678 0.70710678 0 0
0.6 3 0 0 0 0 -1.0634723 -0.95712508 -0.70898154 2.442347 -2.2537949 -2.2537949 -3.6888795 0.70710678 0.70710678 0 0
0.6 0 0.15 0 0 0 -0.28359262 -0.20914955 -0.10492927 2.442347 -2.2537949 -2.2537949 -3.6888795 0.70710678 0.70710678 0 0
0.6 3 0.15 0 0 0 -1.0634723 -0.95712508 -0.70898154 2.442347 -2.2537949 -2.2537949 -3.6888795 0.70710678 0.70710678 0 0
0.6 0 0.3 0 0 0 -0.28359262 -0.20914955 -0.10492927 2.442347 -2.2537949 -2.2537949 -3.6888795 0.70710678 0.70710678 0 0
0.6 3 0.3 0 0 0 -1.0634723 -0.95712508 -0.70898154 2.442347 -2.2537949 -2.2537949 -3.6888795 0.70710678 0.70710678 0 0
0.6 0 0.45 0 0 0 -0.28359262 -0.20914955 -0.10492927 2.442347 -2.2537949 -2.2537949 -3.6888795 0.70710678 0.70710678 0 0
0.6 3 0.45 0 0 0 -1.0634723 -0.95712508 -0.70898154 2.442347 -2.2537949 -2.2537949 -3.6888795 0.70710678 0.70710678 0 0
0.6 0 0.6 0 0 0 -0.28359262 -0.20914955 -0.10492927 2.442347 -2.2537949 -2.2537949 -3.6888795 0.70710678 0.70710678 0 0
0.6 3 0.6 0 0 0 -1.0634723 -0.95712508 -0.70898154 2.442347 -2.2537949 -2.2537949 -3.6888795 0.70710678 0.70710678 0 0
0.6 0 0.75 0 0 0 -0.85077785 -0.80469405 -0.74017673 2.442347 -2.2537949 -2.2537949 -3.6888795 0.70710678 0.70710678 0 0
0.6 3 0.75 0 0 0 -1.0634723 -0.95712508 -0.70898154 2.442347 -2.2537949 -2.2537949 -3.6888795 0.70710678 0.70710678 0 0
0.6 0 0.9 0 0 0 -0.85077785 -0.80469405 -0.74017673 2.442347 -2.2537949 -2.2537949 -3.6888795 0.70710678 0.70710678 0 0
0.6 3 0.9 0 0 0 -1.0634723 -0.95712508 -0.70898154 2.442347 -2.2537949 -2.2537949 -3.6888795 0.70710678 0.70710678 0 0
0.6 0 1.05 0 0 0 -0.85077785 -0.80469405 -0.74017673 2.442347 -2.2537949 -2.2537949 -3.6888795 0.70710678 0.70710678 0 0
0.6 3 1.05 0 0 0 -1.0634723 -0.95712508 -0.70898154 2.442347 -2.2537949 -2.2537949 -3.6888795 0.70710678 0.70710678 0 0
0.6 0 1.2 0 0 0 -0.85077785 -0.80469405 -0.74017673 2.442347 -2.2537949 -2.2537949 -3.6888795 0.70710678 0.70710678 0 0
0.6 3 1.2 0 0 0 -1.0634723 -0.95712508 -0.70898154 2.442347 -2.2537949 -2.2537949 -3.6888795 0.70710678 0.70710678 0 0
0.6 0 1.35 0 0 0 -0.85077785 -0.80469405 -0.74017673 2.442347 -2.2537949 -2.2537949 -3.6888795 0.70710678 0.70710678 0 0
0.6 3 1.35 0 0 0 -1.0634723 -0.95712508 -0.70898154 2.442347 -2.2537949 -2.2537949 -3.6888795 0.70710678 0.70710678 0 0
0.6 0 1.5 0 0 0 -0.28359262 -0.20914955 -0.10492927 2.442347 -2.2537949 -2.2537949 -3.6888795 0.70710678 0.70710678 0 0
0.6 3 1.5 0 0 0 -1.0634723 -0.95712508 -0.70898154 2.442347 -2.2537949 -2.2537949 -3.6888795 0.70710678 0.70710678 0 0
0.6 0 1.65 0 0 0 -0.28359262 -0.20914955 -0.10492927 2.442347 -2.2537949 -2.2537949 -3.6888795 0.70710678 0.70710678 0 0
0.6 3 1.65 0 0 0 -1.0634723 -0.95712508 -0.70898154 2.442347 -2.2537949 -2.2537949 -3.6888795 0.70710678 0.70710678 0 0
0.6 0 1.8 0 0 0 -0.28359262 -0.20914955 -0.10492927 2.442347 -2.2537949 -2.2537949 -3.6888795 0.70710678 0.70710678 0 0
0.6 3 1.8 0 0 0 -1.0634723 -0.95712508 -0.70898154 2.442347 -2.2537949 -2.2537949 -3.6888795 0.70710678 0.70710678 0 0
0.6 0 1.95 0 0 0 -0.28359262 -0.20914955 -0.10492927 2.442347 -2.2537949 -2.2537949 -3.6888795 0.70710678 0.70710678 0 0
0.6 3 1.95 0 0 0 -1.0634723 -0.95712508 -0.70898154 2.442347 -2.2537949 -2.2537949 -3.6888795 0.70710678 0.70710678 0 0
0.6 0 2.1 0 0 0 -0.28359262 -0.20914955 -0.10492927 2.442347 -2.2537949 -2.2537949 -3.6888795 0.70710678 0.70710678 0 0
0.6 3 2.1 0 0 0 -1.0634723 -0.95712508 -0.70898154 2.442347 -2.2537949 -2.2537949 -3.6888795 0.70710678 0.70710678 0 0
0.6 0 2.25 0 0 0 -0.85077785 -0.80469405 -0.74017673 2.442347 -2.2537949 -2.2537949 -3.6888795 0.70710678 0.70710678 0 0
0.6 3 2.25 0 0 0 -1.0634723 -0.95712508 -0.70898154 2.442347 -2.2537949 -2.2537949 -3.6888795 0.70710678 0.70710678 0 0
0.6 0 2.4 0 0 0 -0.85077785 -0.80469405 -0.74017673 2.442347 -2.2537949 -2.2537949 -3.6888795 0.70710678 0.70710678 0 0
0.6 3 2.4 0 0 0 -1.0634723 -0.95712508 -0.70898154 2.442347 -2.2537949 -2.2537949 -3.6888795 0.70710678 0.70710678 0 0
0.6 0 2.55 0 0 0 -0.85077785 -0.80469405 -0.74017673 2.442347 -2.2537949 -2.2537949 -3.6888795 0.70710678 0.70710678 0 0
0.6 3 2.55 0 0 0 -1.0634723 -0.95712508 -0.70898154 2.442347 -2.2537949 -2.2537949 -3.6888795 0.70710678 0.70710678 0 0
0.6 0 2.7 0 0 0 -0.85077785 -0.80469405 -0.74017673 2.442347 -2.2537949 -2.2537949 -3.6888795 0.70710678 0.70710678 0 0
0.6 3 2.7 0 0 0 -1.0634723 -0.95712508 -0.70898154 2.442347 -2.2537949 -2.2537949 -3.6888795 0.70710678 0.70710678 0 0
0.6 0 2.85 0 0 0 -0.85077785 -0.80469405 -0.74017673 2.442347 -2.2537949 -2.2537949 -3.6888795 0.70710678 0.70710678 0 0
0.6 3 2.85 0 0 0 -1.0634723 -0.95712508 -0.70898154 2.442347 -2.2537949 -2.2537949 -3.6888795 0.70710678 0.70710678 0 0
0.6 0 3 0 0 0 -0.28359262 -0.20914955 -0.10492927 2.442347 -2.2537949 -2.2537949 -3.6888795 0.70710678 0.70710678 0 0
0.6 3 3 0 0 0 -1.0634723 -0.95712508 -0.70898154 2.442347 -2.2537949 -2.2537949 -3.6888795 0.70710678 0.70710678 0 0
0.6 0 -3 0 0 0 -1.1343705 -0.77987969 -0.56718523 2.442347 -2.2537949 -2.2537949 -3.6888795 1 0 0 0
0.6 0 3 0 0 0 -0.56718523 -0.95712508 -1.1343705 2.442347 -2.2537949 -2.2537949 -3.6888795 1 0 0 0
-3 0 0.6 0 0 0 -0.88622693 -0.99257416 -0.63808339 2.442347 -2.2537949 -2.2537949 -3.6888795 0.70710678 0 0.70710678 0
3 0 0.6 0 0 0 -1.0280232 -0.70898154 -0.921676 2.442347 -2.2537949 -2.2537949 -3.6888795 0.70710678 0 0.70710678 0
0.6 0.15 -3 0 0 0 -1.1343705 -0.77987969 -0.56718523 2.442347 -2.2537949 -2.2537949 -3.6888795 1 0 0 0
0.6 0.15 3 0 0 0 -0.56718523 -0.95712508 -1.1343705 2.442347 -2.2537949 -2.2537949 -3.6888795 1 0 0 0
-3 0.15 0.6 0 0 0 -0.88622693 -0.99257416 -0.63808339 2.442347 -2.2537949 -2.2537949 -3.6888795 0.70710678 0 0.70710678 0
3 0.15 0.6 0 0 0 -1.0280232 -0.70898154 -0.921676 2.442347 -2.2537949 -2.2537949 -3.6888795 0.70710678 0 0.70710678 0
0.6 0.3 -3 0 0 0 -1.1343705 -0.77987969 -0.56718523 2.442347 -2.2537949 -2.2537949 -3.6888795 1 0 0 0
0.6 0.3 3 0 0 0 -0.56718523 -0.95712508 -1.1343705 2.442347 -2.2537949 -2.2537949 -3.6888795 1 0 0 0
-3 0.3 0.6 0 0 0 -0.88622693 -0.99257416 -0.63808339 2.442347 -2.2537949 -2.2537949 -3.6888795 0.70710678 0 0.70710678 0
3 0.3 0.6 0 0 0 -1.0280232 -0.70898154 -0.921676 2.442347 -2.2537949 -2.2537949 -3.6888795 0.70710678 0 0.70710678 0
0.6 0.45 -3 0 0 0 -1.1343705 -0.77987969 -0.56718523 2.442347 -2.2537949 -2.2537949 -3.6888795 1 0 0 0
0.6 0.45 3 0 0 0 -0.56718523 -0.95712508 -1.1343705 2.442347 -2.2537949 -2.2537949 -3.6888795 1 0 0 0
-3 0.45 0.6 0 0 0 -0.88622693 -0.99257416 -0.63808339 2.442347 -2.2537949 -2.2537949 -3.6888795 0.70710678 0 0.70710678 0
3 0.45 0.6 0 0 0 -1.0280232 -0.70898154 -0.921676 2.442347 -2.2537949 -2.2537949 -3.6888795 0.70710678 0 0.70710678 0
0.6 0.6 -3 0 0 0 -1.1343705 -0.77987969 -0.56718523 2.442347 -2.2537949 -2.2537949 -3.6888795 1 0 0 0
0.6 0.6 3 0 0 0 -0.56718523 -0.95712508 -1.1343705 2.442347 -2.2537949 -2.2537949 -3.6888795 1 0 0 0
-3 0.6 0.6 0 0 0 -0.88622693 -0.99257416 -0.63808339 2.442347 -2.2537949 -2.2537949 -3.6888795 0.70710678 0 0.70710678 0
3 0.6 0.6 0 0 0 -1.0280232 -0.70898154 -0.921676 2.442347 -2.2537949 -2.2537949 -3.6888795 0.70710678 0 0.70710678 0
0.6 0.75 -3 0 0 0 -1.4888612 0.56718523 0.99257416 2.442347 -2.2537949 -2.2537949 -3.6888795 1 0 0 0
0.6 0.75 3 0 0 0 1.4179631 -0.21269446 -1.3116158 2.442347 -2.2537949 -2.2537949 -3.6888795 1 0 0 0
-3 0.75 0.6 0 0 0 -0.38993985 -0.88622693 0.460838 2.442347 -2.2537949 -2.2537949 -3.6888795 0.70710678 0 0.70710678 0
3 0.75 0.6 0 0 0 -0.99257416 0.42538892 -0.38993985 2.442347 -2.2537949 -2.2537949 -3.6888795 0.70710678 0 0.70710678 0
0.6 0.9 -3 0 0 0 -1.4888612 0.56718523 0.99257416 2.442347 -2.2537949 -2.2537949 -3.6888795 1 0 0 0
0.6 0.9 3 0 0 0 1.4179631 -0.21269446 -1.3116158 2.442347 -2.2537949 -2.2537949 -3.6888795 1 0 0 0
-3 0.9 0.6 0 0 0 -0.38993985 -0.88622693 0.460838 2.442347 -2.2537949 -2.2537949 -3.6888795 0.70710678 0 0.70710678 0
3 0.9 0.6 0 0 0 -0.99257416 0.42538892 -0.38993985 2.442347 -2.2537949 -2.2537949 -3.6888795 0.70710678 0 0.70710678 0
0.6 1.05 -3 0 0 0 -1.4888612 0.56718523 0.99257416 2.442347 -2.2537949 -2.2537949 -3.6888795 1 0 0 0
0.6 1.05 3 0 0 0 1.4179631 -0.21269446 -1.3116158 2.442347 -2.2537949 -2.2537949 -3.6888795 1 0 0 0
-3 1.05 0.6 0 0 0 -0.38993985 -0.88622693 0.460838 2.442347 -2.2537949 -2.2537949 -3.6888795 0.70710678 0 0.70710678 0
3 1.05 0.6 0 0 0 -0.99257416 0.42538892 -0.38993985 2.442347 -2.2537949 -2.2537949 -3.6888795 0.70710678 0 0.70710678 0
0.6 1.2 -3 0 0 0 -1.4888612 0.56718523 0.99257416 2.442347 -2.2537949 -2.2537949 -3.6888795 1 0 0 0
0.6 1.2 3 0 0 0 1.4179631 -0.21269446 -1.3116158 2.442347 -2.2537949 -2.2537949 -3.6888795 1 0 0 0
-3 1.2 0.6 0 0 0 -0.38993985 -0.88622693 0.460838 2.442347 -2.2537949 -2.2537949 -3.6888795 0.70710678 0 0.70710678 0
3 1.2 0.6 0 0 0 -0.99257416 0.42538892 -0.38993985 2.442347 -2.2537949 -2.2537949 -3.6888795 0.70710678 0 0.70710678 0
0.6 1.35 -3 0 0 0 -1.4888612 0.56718523 0.99257416 2.442347 -2.2537949 -2.2537949 -3.6888795 1 0 0 0
0.6 1.35 3 0 0 0 1.4179631 -0.21269446 -1.3116158 2.442347 -2.2537949 -2.2537949 -3.6888795 1 0 0 0
-3 1.35 0.6 0 0 0 -0.38993985 -0.88622693 0.460838 2.442347 -2.2537949 -2.2537949 -3.6888795 0.70710678 0 0.70710678 0
3 1.35 0.6 0 0 0 -0.99257416 0.42538892 -0.38993985 2.442347 -2.2537949 -2.2537949 -3.6888795 0.70710678 0 0.70710678 0
0.6 1.5 -3 0 0 0 -1.4888612 0.56718523 0.99257416 2.442347 -2.2537949 -2.2537949 -3.6888795 1 0 0 0
0.6 1.5 3 0 0 0 1.4179631 -0.21269446 -1.3116158 2.442347 -2.2537949 -2.2537949 -3.6888795 1 0 0 0
-3 1.5 0.6 0 0 0 -0.38993985 -0.88622693 0.460838 2.442347 -2.2537949 -2.2537949 -3.6888795 0.70710678 0 0.70710678 0
3 1.5 0.6 0 0 0 -0.99257416 0.42538892 -0.38993985 2.442347 -2.2537949 -2.2537949 -3.6888795 0.70710678 0 0.70710678 0
0.6 1.65 -3 0 0 0 -1.4888612 0.56718523 0.99257416 2.442347 -2.2537949 -2.2537949 -3.6888795 1 0 0 0
0.6 1.65 3 0 0 0 1.4179631 -0.21269446 -1.3116158 2.442347 -2.2537949 -2.2537949 -3.6888795 1 0 0 0
-3 1.65 0.6 0 0 0 -0.38993985 -0.88622693 0.460838 2.442347 -2.2537949 -2.2537949 -3.6888795 0.70710678 0 0.70710678 0
3 1.65 0.6 0 0 0 -0.99257416 0.42538892 -0.38993985 2.442347 -2.2537949 -2.2537949 -3.6888795 0.70710678 0 0.70710678 0
0.6 1.8 -3 0 0 0 -1.4888612 0.56718523 0.99257416 2.442347 -2.2537949 -2.2537949 -3.6888795 1 0 0 0
0.6 1.8 3 0 0 0 1.4179631 -0.21269446 -1.3116158 2.442347 -2.2537949 -2.2537949 -3.6888795 1 0 0 0
-3 1.8 0.6 0 0 0 -0.38993985 -0.88622693 0.460838 2.442347 -2.2537949 -2.2537949 -3.6888795 0.70710678 0 0.70710678 0
3 1.8 0.6 0 0 0 -0.99257416 0.42538892 -0.38993985 2.442347 -2.2537949 -2.2537949 -3.6888795 0.70710678 0 0.70710678 0
0.6 1.95 -3 0 0 0 -1.4888612 0.56718523 0.99257416 2.442347 -2.2537949 -2.2537949 -3.6888795 1 0 0 0
0.6 1.95 3 0 0 0 1.4179631 -0.21269446 -1.3116158 2.442347 -2.2537949 -2.2537949 -3.6888795 1 0 0 0
-3 1.95 0.6 0 0 0 -0.38993985 -0.88622693 0.460838 2.442347 -2.2537949 -2.2537949 -3.6888795 0.70710678 0 0.70710678 0
3 1.95 0.6 0 0 0 -0.99257416 0.42538892 -0.38993985 2.442347 -2.2537949 -2.2537949 -3.6888795 0.70710678 0 0.70710678 0
0.6 2.1 -3 0 0 0 -1.4888612 0.56718523 0.99257416 2.442347 -2.2537949 -2.2537949 -3.6888795 1 0 0 0
0.6 2.1 3 0 0 0 1.4179631 -0.21269446 -1.3116158 2.442347 -2.2537949 -2.2537949 -3.6888795 1 0 0 0
-3 2.1 0.6 0 0 0 -0.38993985 -0.88622693 0.460838 2.442347 -2.2537949 -2.2537949 -3.6888795 0.70710678 0 0.70710678 0
3 2.1 0.6 0 0 0 -0.99257416 0.42538892 -0.38993985 2.442347 -2.2537949 -2.2537949 -3.6888795 0.70710678 0 0.70710678 0
0.6 2.25 -3 0 0 0 -1.4888612 0.56718523 0.99257416 2.442347 -2.2537949 -2.2537949 -3.6888795 1 0 0 0
0.6 2.25 3 0 0 0 1.4179631 -0.21269446 -1.3116158 2.442347 -2.2537949 -2.2537949 -3.6888795 1 0 0 0
-3 2.25 0.6 0 0 0 -0.38993985 -0.88622693 0.460838 2.442347 -2.2537949 -2.2537949 -3.6888795 0.70710678 0 0.70710678 0
3 2.25 0.6 0 0 0 -0.99257416 0.42538892 -0.38993985 2.442347 -2.2537949 -2.2537949 -3.6888795 0.70710678 0 0.70710678 0
0.6 2.4 -3 0 0 0 -1.1343705 -0.77987969 -0.56718523 2.442347 -2.2537949 -2.2537949 -3.6888795 1 0 0 0
0.6 2.4 3 0 0 0 -0.56718523 -0.95712508 -1.1343705 2.442347 -2.2537949 -2.2537949 -3.6888795 1 0 0 0
-3 2.4 0.6 0 0 0 -0.88622693 -0.99257416 -0.63808339 2.442347 -2.2537949 -2.2537949 -3.6888795 0.70710678 0 0.70710678 0
3 2.4 0.6 0 0 0 -1.0280232 -0.70898154 -0.921676 2.442347 -2.2537949 -2.2537949 -3.6888795 0.70710678 0 0.70710678 0
0.6 2.55 -3 0 0 0 -1.1343705 -0.77987969 -0.56718523 2.442347 -2.2537949 -2.2537949 -3.6888795 1 0 0 0
0.6 2.55 3 0 0 0 -0.56718523 -0.95712508 -1.1343705 2.442347 -2.2537949 -2.2537949 -3.6888795 1 0 0 0
-3 2.55 0.6 0 0 0 -0.88622693 -0.99257416 -0.63808339 2.442347 -2.2537949 -2.2537949 -3.6888795 0.70710678 0 0.70710678 0
3 2.55 0.6 0 0 0 -1.0280232 -0.70898154 -0.921676 2.442347 -2.2537949 -2.2537949 -3.6888795 0.70710678 0 0.70710678 0
0.6 2.7 -3 0 0 0 -1.1343705 -0.77987969 -0.56718523 2.442347 -2.2537949 -2.2537949 -3.6888795 1 0 0 0
0.6 2.7 3 0 0 0 -0.56718523 -0.95712508 -1.1343705 2.442347 -2.2537949 -2.2537949 -3.6888795 1 0 0 0
-3 2.7 0.6 0 0 0 -0.88622693 -0.99257416 -0.63808339 2.442347 -2.2537949 -2.2537949 -3.6888795 0.70710678 0 0.70710678 0
3 2.7 0.6 0 0 0 -1.0280232 -0.70898154 -0.921676 2.442347 -2.2537949 -2.2537949 -3.6888795 0.70710678 0 0.70710678 0
0.6 2.85 -3 0 0 0 -1.1343705 -0.77987969 -0.56718523 2.442347 -2.2537949 -2.2537949 -3.6888795 1 0 0 0
0.6 2.85 3 0 0 0 -0.56718523 -0.95712508 -1.1343705 2.442347 -2.2537949 -2.2537949 -3.6888795 1 0 0 0
-3 2.85 0.6 0 0 0 -0.88622693 -0.99257416 -0.63808339 2.442347 -2.2537949 -2.2537949 -3.6888795 0.70710678 0 0.70710678 0
3 2.85 0.6 0 0 0 -1.0280232 -0.70898154 -0.921676 2.442347 -2.2537949 -2.2537949 -3.6888795 0.70710678 0 0.70710678 0
0.6 3 -3 0 0 0 -1.1343705 -0.77987969 -0.56718523 2.442347 -2.2537949 -2.2537949 -3.6888795 1 0 0 0
0.6 3 3 0 0 0 -0.56718523 -0.95712508 -1.1343705 2.442347 -2.2537949 -2.2537949 -3.6888795 1 0 0 0
-3 3 0.6 0 0 0 -0.88622693 -0.99257416 -0.63808339 2.442347 -2.2537949 -2.2537949 -3.6888795 0.70710678 0 0.70710678 0
3 3 0.6 0 0 0 -1.0280232 -0.70898154 -0.921676 2.442347 -2.2537949 -2.2537949 -3.6888795 0.70710678 0 0.70710678 0
0.75 0 -3 0 0 0 -0.85077785 -0.80469405 -0.74017673 2.442347 -2.2537949 -2.2537949 -3.6888795 0.70710678 0.70710678 0 0
0.75 3 -3 0 0 0 -1.0634723 -0.95712508 -0.70898154 2.442347 -2.2537949 -2.2537949 -3.6888795 0.70710678 0.70710678 0 0
0.75 0 -2.85 0 0 0 -0.85077785 -0.80469405 -0.74017673 2.442347 -2.2537949 -2.2537949 -3.6888795 0.70710678 0.70710678 0 0
0.75 3 -2.85 0 0 0 -1.0634723 -0.95712508 -0.70898154 2.442347 -2.2537949 -2.2537949 -3.6888795 0.70710678 0.70710678 0 0
0.75 0 -2.7 0 0 0 -0.85077785 -0.80469405 -0.74017673 2.442347 -2.2537949 -2.2537949 -3.6888795 0.70710678 0.70710678 0 0
0.75 3 -2.7 0 0 0 -1.0634723 -0.95712508 -0.70898154 2.442347 -2.2537949 -2.2537949 -3.6888795 0.70710678 0.70710678 0 0
0.75 0 -2.55 0 0 0 -0.85077785 -0.80469405 -0.74017673 2.442347 -2.2537949 -2.2537949 -3.6888795 0.70710678 0.70710678 0 0
0.75 3 -2.55 0 0 0 -1.0634723 -0.95712508 -0.70898154 2.442347 -2.2537949 -2.2537949 -3.6888795 0.70710678 0.70710678 0 0
0.75 0 -2.4 0 0 0 -0.85077785 -0.80469405 -0.74017673 2.442347 -2.2537949 -2.2537949 -3.6888795 0.70710678 0.70710678 0 0
0.75 3 -2.4 0 0 0 -1.0634723 -0.95712508 -0.70898154 2.442347 -2.2537949 -2.2537949 -3.6888795 0.70710678 0.70710678 0 0
0.75 0 -2.25 0 0 0 -0.28359262 -0.20914955 -0.10492927 2.442347 -2.2537949 -2.2537949 -3.6888795 0.70710678 0.70710678 0 0
0.75 3 -2.25 0 0 0 -1.0634723 -0.95712508 -0.70898154 2.442347 -2.2537949 -2.2537949 -3.6888795 0.70710678 0.70710678 0 0
0.75 0 -2.1 0 0 0 -0.28359262 -0.20914955 -0.10492927 2.442347 -2.2537949 -2.2537949 -3.6888795 0.70710678 0.70710678 0 0
0.75 3 -2.1 0 0 0 -1.0634723 -0.95712508 -0.70898154 2.442347 -2.2537949 -2.2537949 -3.6888795 0.70710678 0.70710678 0 0
0.75 0 -1.95 0 0 0 -0.28359262 -0.20914955 -0.10492927 2.442347 -2.2537949 -2.2537949 -3.6888795 0.70710678 0.70710678 0 0
0.75 3 -1.95 0 0 0 -1.0634723 -0.95712508 -0.70898154 2.442347 -2.2537949 -2.2537949 -3.6888795 0.70710678 0.70710678 0 0
0.75 0 -1.8 0 0 0 -0.28359262 -0.20914955 -0.10492927 2.442347 -2.2537949 -2.2537949 -3.6888795 0.70710678 0.70710678 0 0
0.75 3 -1.8 0 0 0 -1.0634723 -0.95712508 -0.70898154 2.442347 -2.2537949 -2.2537949 -3.6888795 0.70710678 0.70710678 0 0
0.75 0 -1.65 0 0 0 -0.28359262 -0.20914955 -0.10492927 2.442347 -2.2537949 -2.2537949 -3.6888795 0.70710678 0.70710678 0 0
0.75 3 -1.65 0 0 0 -1.0634723 -0.95712508 -0.70898154 2.442347 -2.2537949 -2.2537949 -3.6888795 0.70710678 0.70710678 0 0
0.75 0 -1.5 0 0 0 -0.85077785 -0.80469405 -0.74017673 2.442347 -2.2537949 -2.2537949 -3.6888795 0.70710678 0.70710678 0 0
0.75 3 -1.5 0 0 0 -1.0634723 -0.95712508 -0.70898154 2.442347 -2.2537949 -2.2537949 -3.6888795 0.70710678 0.70710678 0 0
0.75 0 -1.35 0 0 0 -0.85077785 -0.80469405 -0.74017673 2.442347 -2.2537949 -2.2537949 -3.6888795 0.70710678 0.70710678 0 0
0.75 3 -1.35 0 0 0 -1.0634723 -0.95712508 -0.70898154 2.442347 -2.2537949 -2.2537949 -3.6888795 0.70710678 0.70710678 0 0
0.75 0 -1.2 0 0 0 -0.85077785 -0.80469405 -0.74017673 2.442347 -2.2537949 -2.2537949 -3.6888795 0.70710678 0.70710678 0 0
0.75 3 -1.2 0 0 0 -1.0634723 -0.95712508 -0.70898154 2.442347 -2.2537949 -2.2537949 -3.6888795 0.70710678 0.70710678 0 0
0.75 0 -1.05 0 0 0 -0.85077785 -0.80469405 -0.74017673 2.442347 -2.2537949 -2.2537949 -3.6888795 0.70710678 0.70710678 0 0
0.75 3 -1.05 0 0 0 -1.0634723 -0.95712508 -0.70898154 2.442347 -2.2537949 -2.2537949 -3.6888795 0.70710678 0.70710678 0 0
0.75 0 -0.9 0 0 0 -0.85077785 -0.80469405 -0.74017673 2.442347 -2.2537949 -2.2537949 -3.6888795 0.70710678 0.70710678 0 0
0.75 3 -0.9 0 0 0 -1.0634723 -0.95712508 -0.70898154 2.442347 -2.2537949 -2.2537949 -3.6888795 0.70710678 0.70710678 0 0
0.75 0 -0.75 0 0 0 -0.28359262 -0.20914955 -0.10492927 2.442347 -2.2537949 -2.2537949 -3.6888795 0.70710678 0.70710678 0 0
0.75 3 -0.75 0 0 0 -1.0634723 -0.95712508 -0.70898154 2.442347 -2.2537949 -2.2537949 -3.6888795 0.70710678 0.70710678 0 0
0.75 0 -0.6 0 0 0 -0.28359262 -0.20914955 -0.10492927 2.442347 -2.2537949 -2.2537949 -3.6888795 0.70710678 0.70710678 0 0
0.75 3 -0.6 0 0 0 -1.0634723 -0.95712508 -0.70898154 2.442347 -2.2537949 -2.2537949 -3.6888795 0.70710678 0.70710678 0 0
0.75 0 -0.45 0 0 0 -0.28359262 -0.20914955 -0.10492927 2.442347 -2.2537949 -2.2537949 -3.6888795 0.70710678 0.70710678 0 0
0.75 3 -0.45 0 0 0 -1.0634723 -0.95712508 -0.70898154 2.442347 -2.2537949 -2.2537949 -3.6888795 0.70710678 0.70710678 0 0
0.75 0 -0.3 0 0 0 -0.28359262 -0.20914955 -0.10492927 2.442347 -2.2537949 -2.2537949 -3.6888795 0.70710678 0.70710678 0 0
0.75 3 -0.3 0 0 0 -1.0634723 -0.95712508 -0.70898154 2.442347 -2.2537949 -2.2537949 -3.6888795 0.70710678 0.70710678 0 0
0.75 0 -0.15 0 0 0 -0.28359262 -0.20914955 -0.10492927 2.442347 -2.2537949 -2.2537949 -3.6888795 0.70710678 0.70710678 0 0
0.75 3 -0.15 0 0 0 -1.0634723 -0.95712508 -0.70898154 2.442347 -2.2537949 -2.2537949 -3.6888795 0.70710678 0.70710678 0 0
0.75 0 0 0 0 0 -0.85077785 -0.80469405 -0.74017673 2.442347 -2.2537949 -2.2537949 -3.6888795 0.70710678 0.70710678 0 0
0.75 3 0 0 0 0 -1.0634723 -0.95712508 -0.70898154 2.442347 -2.2537949 -2.2537949 -3.6888795 0.70710678 0.70710678 0 0
0.75 0 0.15 0 0 0 -0.85077785 -0.80469405 -0.74017673 2.442347 -2.2537949 -2.2537949 -3.6888795 0.70710678 0.70710678 0 0
0.75 3 0.15 0 0 0 -1.0634723 -0.95712508 -0.70898154 2.442347 -2.2537949 -2.2537949 -3.6888795 0.70710678 0.70710678 0 0
0.75 0 0.3 0 0 0 -0.85077785 -0.80469405 -0.74017673 2.442347 -2.2537949 -2.2537949 -3.6888795 0.70710678 0.70710678 0 0
0.75 3 0.3 0 0 0 -1.0634723 -0.95712508 -0.70898154 2.442347 -2.2537949 -2.2537949 -3.6888795 0.70710678 0.70710678 0 0
0.75 0 0.45 0 0 0 -0.85077785 -0.80469405 -0.74017673 2.442347 -2.2537949 -2.2537949 -3.6888795 0.70710678 0.70710678 0 0
0.75 3 0.45 0 0 0 -1.0634723 -0.95712508 -0.70898154 2.442347 -2.2537949 -2.2537949 -3.6888795 0.70710678 0.70710678 0 0
0.75 0 0.6 0 0 0 -0.85077785 -0.80469405 -0.74017673 2.442347 -2.2537949 -2.2537949 -3.6888795 0.70710678 0.70710678 0 0
0.75 3 0.6 0 0 0 -1.0634723 -0.95712508 -0.70898154 2.442347 -2.2537949 -2.2537949 -3.6888795 0.70710678 0.70710678 0 0
0.75 0 0.75 0 0 0 -0.28359262 -0.20914955 -0.10492927 2.442347 -2.2537949 -2.2537949 -3.6888795 0.70710678 0.70710678 0 0
0.75 3 0.75 0 0 0 -1.0634723 -0.95712508 -0.70898154 2.442347 -2.2537949 -2.2537949 -3.6888795 0.70710678 0.70710678 0 0
0.75 0 0.9 0 0 0 -0.28359262 -0.20914955 -0.10492927 2.442347 -2.2537949 -2.2537949 -3.6888795 0.70710678 0.70710678 0 0
0.75 3 0.9 0 0 0 -1.0634723 -0.95712508 -0.70898154 2.442347 -2.2537949 -2.2537949 -3.6888795 0.70710678 0.70710678 0 0
0.75 0 1.05 0 0 0 -0.28359262 -0.20914955 -0.10492927 2.442347 -2.2537949 -2.2537949 -3.6888795 0.70710678 0.70710678 0 0
0.75 3 1.05 0 0 0 -1.0634723 -0.95712508 -0.70898154 2.442347 -2.2537949 -2.2537949 -3.6888795 0.70710678 0.70710678 0 0
0.75 0 1.2 0 0 0 -0.28359262 -0.20914955 -0.10492927 2.442347 -2.2537949 -2.2537949 -3.6888795 0.70710678 0.70710678 0 0
0.75 3 1.2 0 0 0 -1.0634723 -0.95712508 -0.70898154 2.442347 -2.2537949 -2.2537949 -3.6888795 0.70710678 0.70710678 0 0
0.75 0 1.35 0 0 0 -0.28359262 -0.20914955 -0.10492927 2.442347 -2.2537949 -2.2537949 -3.6888795 0.70710678 0.70710678 0 0
0.75 3 1.35 0 0 0 -1.0634723 -0.95712508 -0.70898154 2.442347 -2.2537949 -2.2537949 -3.6888795 0.70710678 0.70710678 0 0
0.75 0 1.5 0 0 0 -0.85077785 -0.80469405 -0.74017673 2.442347 -2.2537949 -2.2537949 -3.6888795 0.70710678 0.70710678 0 0
0.75 3 1.5 0 0 0 -1.0634723 -0.95712508 -0.70898154 2.442347 -2.2537949 -2.2537949 -3.6888795 0.70710678 0.70710678 0 0
0.75 0 1.65 0 0 0 -0.85077785 -0.80469405 -0.74017673 2.442347 -2.2537949 -2.2537949 -3.6888795 0.70710678 0.70710678 0 0
0.75 3 1.65 0 0 0 -1.0634723 -0.95712508 -0.70898154 2.442347 -2.2537949 -2.2537949 -3.6888795 0.70710678 0.70710678 0 0
0.75 0 1.8 0 0 0 -0.85077785 -0.80469405 -0.74017673 2.442347 -2.2537949 -2.2537949 -3.6888795 0.70710678 0.70710678 0 0
0.75 3 1.8 0 0 0 -1.0634723 -0.95712508 -0.70898154 2.442347 -2.2537949 -2.2537949 -3.6888795 0.70710678 0.70710678 0 0
0.75 0 1.95 0 0 0 -0.85077785 -0.80469405 -0.74017673 2.442347 -2.2537949 -2.2537949 -3.6888795 0.70710678 0.70710678 0 0
0.75 3 1.95 0 0 0 -1.0634723 -0.95712508 -0.70898154 2.442347 -2.2537949 -2.2537949 -3.6888795 0.70710678 0.70710678 0 0
0.75 0 2.1 0 0 0 -0.85077785 -0.80469405 -0.74017673 2.442347 -2.2537949 -2.2537949 -3.6888795 0.70710678 0.70710678 0 0
0.75 3 2.1 0 0 0 -1.0634723 -0.95712508 -0.70898154 2.442347 -2.2537949 -2.2537949 -3.6888795 0.70710678 0.70710678 0 0
0.75 0 2.25 0 0 0 -0.28359262 -0.20914955 -0.10492927 2.442347 -2.2537949 -2.2537949 -3.6888795 0.70710678 0.70710678 0 0
0.75 3 2.25 0 0 0 -1.0634723 -0.95712508 -0.70898154 2.442347 -2.2537949 -2.2537949 -3.6888795 0.70710678 0.70710678 0 0
0.75 0 2.4 0 0 0 -0.28359262 -0.20914955 -0.10492927 2.442347 -2.2537949 -2.2537949 -3.6888795 0.70710678 0.70710678 0 0
0.75 3 2.4 0 0 0 -1.0634723 -0.95712508 -0.70898154 2.442347 -2.2537949 -2.2537949 -3.6888795 0.70710678 0.70710678 0 0
0.75 0 2.55 0 0 0 -0.28359262 -0.20914955 -0.10492927 2.442347 -2.2537949 -2.2537949 -3.6888795 0.70710678 0.70710678 0 0
0.75 3 2.55 0 0 0 -1.0634723 -0.95712508 -0.70898154 2.442347 -2.2537949 -2.2537949 -3.6888795 0.70710678 0.70710678 0 0
0.75 0 2.7 0 0 0 -0.28359262 -0.20914955 -0.10492927 2.442347 -2.2537949 -2.2537949 -3.6888795 0.70710678 0.70710678 0 0
0.75 3 2.7 0 0 0 -1.0634723 -0.95712508 -0.70898154 2.442347 -2.2537949 -2.2537949 -3.6888795 0.70710678 0.70710678 0 0
0.75 0 2.85 0 0 0 -0.28359262 -0.20914955 -0.10492927 2.442347 -2.2537949 -2.2537949 -3.6888795 0.70710678 0.70710678 0 0
0.75 3 2.85 0 0 0 -1.0634723 -0.95712508 -0.70898154 2.442347 -2.2537949 -2.2537949 -3.6888795 0.70710678 0.70710678 0 0
0.75 0 3 0 0 0 -0.85077785 -0.80469405 -0.74017673 2.442347 -2.2537949 -2.2537949 -3.6888795 0.70710678 0.70710678 0 0
0.75 3 3 0 0 0 -1.0634723 -0.95712508 -0.70898154 2.442347 -2.2537949 -2.2537949 -3.6888795 0.70710678 0.70710678 0 0
0.75 0 -3 0 0 0 -1.1343705 -0.77987969 -0.56718523 2.442347 -2.2537949 -2.2537949 -3.6888795 1 0 0 0
0.75 0 3 0 0 0 -0.56718523 -0.95712508 -1.1343705 2.442347 -2.2537949 -2.2537949 -3.6888795 1 0 0 0
-3 0 0.75 0 0 0 -0.88622693 -0.99257416 -0.63808339 2.442347 -2.2537949 -2.2537949 -3.6888795 0.70710678 0 0.70710678 0
3 0 0.75 0 0 0 -1.0280232 -0.70898154 -0.921676 2.442347 -2.2537949 -2.2537949 -3.6888795 0.70710678 0 0.70710678 0
0.75 0.15 -3 0 0 0 -1.1343705 -0.77987969 -0.56718523 2.442347 -2.2537949 -2.2537949 -3.6888795 1 0 0 0
0.75 0.15 3 0 0 0 -0.56718523 -0.95712508 -1.1343705 2.442347 -2.2537949 -2.2537949 -3.6888795 1 0 0 0
-3 0.15 0.75 0 0 0 -0.88622693 -0.99257416 -0.63808339 2.442347 -2.2537949 -2.2537949 -3.6888795 0.70710678 0 0.70710678 0
3 0.15 0.75 0 0 0 -1.0280232 -0.70898154 -0.921676 2.442347 -2.2537949 -2.2537949 -3.6888795 0.70710678 0 0.70710678 0
0.75 0.3 -3 0 0 0 -1.1343705 -0.77987969 -0.56718523 2.442347 -2.2537949 -2.2537949 -3.6888795 1 0 0 0
0.75 0.3 3 0 0 0 -0.56718523 -0.95712508 -1.1343705 2.442347 -2.2537949 -2.2537949 -3.6888795 1 0 0 0
-3 0.3 0.75 0 0 0 -0.88622693 -0.99257416 -0.63808339 2.442347 -2.2537949 -2.2537949 -3.6888795 0.70710678 0 0.70710678 0
3 0.3 0.75 0 0 0 -1.0280232 -0.70898154 -0.921676 2.442347 -2.2537949 -2.2537949 -3.6888795 0.70710678 0 0.70710678 0
0.75 0.45 -3 0 0 0 -1.1343705 -0.77987969 -0.56718523 2.442347 -2.2537949 -2.2537949 -3.6888795 1 0 0 0
0.75 0.45 3 0 0 0 -0.56718523 -0.95712508 -1.1343705 2.442347 -2.2537949 -2.2537949 -3.6888795 1 0 0 0
-3 0.45 0.75 0 0 0 -0.88622693 -0.99257416 -0.63808339 2.442347 -2.2537949 -2.2537949 -3.6888795 0.70710678 0 0.70710678 0
3 0.45 0.75 0 0 0 -1.0280232 -0.70898154 -0.921676 2.442347 -2.2537949 -2.2537949 -3.6888795 0.70710678 0 0.70710678 0
0.75 0.6 -3 0 0 0 -1.1343705 -0.77987969 -0.56718523 2.442347 -2.2537949 -2.2537949 -3.6888795 1 0 0 0
0.75 0.6 3 0 0 0 -0.56718523 -0.95712508 -1.1343705 2.442347 -2.2537949 -2.2537949 -3.6888795 1 0 0 0
-3 0.6 0.75 0 0 0 -0.88622693 -0.99257416 -0.63808339 2.442347 -2.2537949 -2.2537949 -3.6888795 0.70710678 0 0.70710678 0
3 0.6 0.75 0 0 0 -1.0280232 -0.70898154 -0.921676 2.442347 -2.2537949 -2.2537949 -3.6888795 0.70710678 0 0.70710678 0
0.75 0.75 -3 0 0 0 -1.4888612 0.56718523 0.99257416 2.442347 -2.2537949 -2.2537949 -3.6888795 1 0 0 0
0.75 0.75 3 0 0 0 1.4179631 -0.21269446 -1.3116158 2.442347 -2.2537949 -2.2537949 -3.6888795 1 0 0 0
-3 0.75 0.75 0 0 0 -0.38993985 -0.88622693 0.460838 2.442347 -2.2537949 -2.2537949 -3.6888795 0.70710678 0 0.70710678 0
3 0.75 0.75 0 0 0 -0.99257416 0.42538892 -0.38993985 2.442347 -2.2537949 -2.2537949 -3.6888795 0.70710678 0 0.70710678 0
0.75 0.9 -3 0 0 0 -1.4888612 0.56718523 0.99257416 2.442347 -2.2537949 -2.2537949 -3.6888795 1 0 0 0
0.75 0.9 3 0 0 0 1.4179631 -0.21269446 -1.3116158 2.442347 -2.2537949 -2.2537949 -3.6888795 1 0 0 0
-3 0.9 0.75 0 0 0 -0.38993985 -0.88622693 0.460838 2.442347 -2.2537949 -2.2537949 -3.6888795 0.70710678 0 0.70710678 0
3 0.9 0.75 0 0 0 -0.99257416 0.42538892 -0.38993985 2.442347 -2.2537949 -2.2537949 -3.6888795 0.70710678 0 0.70710678 0
0.75 1.05 -3 0 0 0 -1.4888612 0.56718523 0.99257416 2.442347 -2.2537949 -2.2537949 -3.6888795 1 0 0 0
0.75 1.05 3 0 0 0 1.4179631 -0.21269446 -1.3116158 2.442347 -2.2537949 -2.2537949 -3.6888795 1 0 0 0
-3 1.05 0.75 0 0 0 -0.38993985 -0.88622693 0.460838 2.442347 -2.2537949 -2.2537949 -3.6888795 0.70710678 0 0.70710678 0
3 1.05 0.75 0 0 0 -0.99257416 0.42538892 -0.38993985 2.442347 -2.2537949 -2.2537949 -3.6888795 0.70710678 0 0.70710678 0
0.75 1.2 -3 0 0 0 -1.4888612 0.56718523 0.99257416 2.442347 -2.2537949 -2.2537949 -3.6888795 1 0 0 0
0.75 1.2 3 0 0 0 1.4179631 -0.21269446 -1.3116158 2.442347 -2.2537949 -2.2537949 -3.6888795 1 0 0 0
-3 1.2 0.75 0 0 0 -0.38993985 -0.88622693 0.460838 2.442347 -2.2537949 -2.2537949 -3.6888795 0.70710678 0 0.70710678 0
3 1.2 0.75 0 0 0 -0.99257416 0.42538892 -0.38993985 2.442347 -2.2537949 -2.2537949 -3.6888795 0.70710678 0 0.70710678 0
0.75 1.35 -3 0 0 0 -1.4888612 0.56718523 0.99257416 2.442347 -2.2537949 -2.2537949 -3.6888795 1 0 0 0
0.75 1.35 3 0 0 0 1.4179631 -0.21269446 -1.3116158 2.442347 -2.2537949 -2.2537949 -3.6888795 1 0 0 0
-3 1.35 0.75 0 0 0 -0.38993985 -0.88622693 0.460838 2.442347 -2.2537949 -2.2537949 -3.6888795 0.70710678 0 0.70710678 0
3 1.35 0.75 0 0 0 -0.99257416 0.42538892 -0.38993985 2.442347 -2.2537949 -2.2537949 -3.6888795 0.70710678 0 0.70710678 0
0.75 1.5 -3 0 0 0 -1.4888612 0.56718523 0.99257416 2.442347 -2.2537949 -2.2537949 -3.6888795 1 0 0 0
0.75 1.5 3 0 0 0 1.4179631 -0.21269446 -1.3116158 2.442347 -2.2537949 -2.2537949 -3.6888795 1 0 0 0
-3 1.5 0.75 0 0 0 -0.38993985 -0.88622693 0.460838 2.442347 -2.2537949 -2.2537949 -3.6888795 0.70710678 0 0.70710678 0
3 1.5 0.75 0 0 0 -0.99257416 0.42538892 -0.38993985 2.442347 -2.2537949 -2.2537949 -3.6888795 0.70710678 0 0.70710678 0
0.75 1.65 -3 0 0 0 -1.4888612 0.56718523 0.99257416 2.442347 -2.2537949 -2.2537949 -3.6888795 1 0 0 0
0.75 1.65 3 0 0 0 1.4179631 -0.21269446 -1.3116158 2.442347 -2.2537949 -2.2537949 -3.6888795 1 0 0 0
-3 1.65 0.75 0 0 0 -0.38993985 -0.88622693 0.460838 2.442347 -2.2537949 -2.2537949 -3.6888795 0.70710678 0 0.70710678 0
3 1.65 0.75 0 0 0 -0.99257416 0.42538892 -0.38993985 2.442347 -2.2537949 -2.2537949 -3.6888795 0.70710678 0 0.70710678 0
0.75 1.8 -3 0 0 0 -1.4888612 0.56718523 0.99257416 2.442347 -2.2537949 -2.2537949 -3.6888795 1 0 0 0
0.75 1.8 3 0 0 0 1.4179631 -0.21269446 -1.3116158 2.442347 -2.2537949 -2.2537949 -3.6888795 1 0 0 0
-3 1.8 0.75 0 0 0 -0.38993985 -0.88622693 0.460838 2.442347 -2.2537949 -2.2537949 -3.6888795 0.70710678 0 0.70710678 0
3 1.8 0.75 0 0 0 -0.99257416 0.42538892 -0.38993985 2.442347 -2.2537949 -2.2537949 -3.6888795 0.70710678 0 0.70710678 0
0.75 1.95 -3 0 0 0 -1.4888612 0.56718523 0.99257416 2.442347 -2.2537949 -2.2537949 -3.6888795 1 0 0 0
0.75 1.95 3 0 0 0 1.4179631 -0.21269446 -1.3116158 2.442347 -2.2537949 -2.2537949 -3.6888795 1 0 0 0
-3 1.95 0.75 0 0 0 -0.38993985 -0.88622693 0.460838 2.442347 -2.2537949 -2.2537949 -3.6888795 0.70710678 0 0.70710678 0
3 1.95 0.75 0 0 0 -0.99257416 0.42538892 -0.38993985 2.442347 -2.2537949 -2.2537949 -3.6888795 0.70710678 0 0.70710678 0
0.75 2.1 -3 0 0 0 -1.4888612 0.56718523 0.99257416 2.442347 -2.2537949 -2.2537949 -3.6888795 1 0 0 0
0.75 2.1 3 0 0 0 1.4179631 -0.21269446 -1.3116158 2.442347 -2.2537949 -2.2537949 -3.6888795 1 0 0 0
-3 2.1 0.75 0 0 0 -0.38993985 -0.88622693 0.460838 2.442347 -2.2537949 -2.2537949 -3.6888795 0.70710678 0 0.70710678 0
3 2.1 0.75 0 0 0 -0.99257416 0.42538892 -0.38993985 2.442347 -2.2537949 -2.2537949 -3.6888795 0.70710678 0 0.70710678 0
0.75 2.25 -3 0 0 0 -1.4888612 0.56718523 0.99257416 2.442347 -2.2537949 -2.2537949 -3.6888795 1 0 0 0
0.75 2.25 3 0 0 0 1.4179631 -0.21269446 -1.3116158 2.442347 -2.2537949 -2.2537949 -3.6888795 1 0 0 0
-3 2.25 0.75 0 0 0 -0.38993985 -0.88622693 0.460838 2.442347 -2.2537949 -2.2537949 -3.6888795 0.70710678 0 0.70710678 0
3 2.25 0.75 0 0 0 -0.99257416 0.42538892 -0.38993985 2.442347 -2.2537949 -2.2537949 -3.6888795 0.70710678 0 0.70710678 0
0.75 2.4 -3 0 0 0 -1.1343705 -0.77987969 -0.56718523 2.442347 -2.2537949 -2.2537949 -3.6888795 1 0 0 0
0.75 2.4 3 0 0 0 -0.56718523 -0.95712508 -1.1343705 2.442347 -2.2537949 -2.2537949 -3.6888795 1 0 0 0
-3 2.4 0.75 0 0 0 -0.88622693 -0.99257416 -0.63808339 2.442347 -2.2537949 -2.2537949 -3.6888795 0.70710678 0 0.70710678 0
3 2.4 0.75 0 0 0 -1.0280232 -0.70898154 -0.921676 2.442347 -2.2537949 -2.2537949 -3.6888795 0.70710678 0 0.70710678 0
0.75 2.55 -3 0 0 0 -1.1343705 -0.77987969 -0.56718523 2.442347 -2.2537949 -2.2537949 -3.6888795 1 0 0 0
0.75 2.55 3 0 0 0 -0.56718523 -0.95712508 -1.1343705 2.442347 -2.2537949 -2.2537949 -3.6888795 1 0 0 0
-3 2.55 0.75 0 0 0 -0.88622693 -0.99257416 -0.63808339 2.442347 -2.2537949 -2.2537949 -3.6888795 0.70710678 0 0.70710678 0
3 2.55 0.75 0 0 0 -1.0280232 -0.70898154 -0.921676 2.442347 -2.2537949 -2.2537949 -3.6888795 0.70710678 0 0.70710678 0
0.75 2.7 -3 0 0 0 -1.1343705 -0.77987969 -0.56718523 2.442347 -2.2537949 -2.2537949 -3.6888795 1 0 0 0
0.75 2.7 3 0 0 0 -0.56718523 -0.95712508 -1.1343705 2.442347 -2.2537949 -2.2537949 -3.6888795 1 0 0 0
-3 2.7 0.75 0 0 0 -0.88622693 -0.99257416 -0.63808339 2.442347 -2.2537949 -2.2537949 -3.6888795 0.70710678 0 0.70710678 0
3 2.7 0.75 0 0 0 -1.0280232 -0.70898154 -0.921676 2.442347 -2.2537949 -2.2537949 -3.6888795 0.70710678 0 0.70710678 0
0.75 2.85 -3 0 0 0 -1.1343705 -0.77987969 -0.56718523 2.442347 -2.2537949 -2.2537949 -3.6888795 1 0 0 0
0.75 2.85 3 0 0 0 -0.56718523 -0.95712508 -1.1343705 2.442347 -2.2537949 -2.2537949 -3.6888795 1 0 0 0
-3 2.85 0.75 0 0 0 -0.88622693 -0.99257416 -0.63808339 2.442347 -2.2537949 -2.2537949 -3.6888795 0.70710678 0 0.70710678 0
3 2.85 0.75 0 0 0 -1.0280232 -0.70898154 -0.921676 2.442347 -2.2537949 -2.2537949 -3.6888795 0.70710678 0 0.70710678 0
0.75 3 -3 0 0 0 -1.1343705 -0.77987969 -0.56718523 2.442347 -2.2537949 -2.2537949 -3.6888795 1 0 0 0
0.75 3 3 0 0 0 -0.56718523 -0.95712508 -1.1343705 2.442347 -2.2537949 -2.2537949 -3.6888795 1 0 0 0
-3 3 0.75 0 0 0 -0.88622693 -0.99257416 -0.63808339 2.442347 -2.2537949 -2.2537949 -3.6888795 0.70710678 0 0.70710678 0
3 3 0.75 0 0 0 -1.0280232 -0.70898154 -0.921676 2.442347 -2.2537949 -2.2537949 -3.6888795 0.70710678 0 0.70710678 0
0.9 0 -3 0 0 0 -0.85077785 -0.80469405 -0.74017673 2.442347 -2.2537949 -2.2537949 -3.6888795 0.70710678 0.70710678 0 0
0.9 3 -3 0 0 0 -1.0634723 -0.95712508 -0.70898154 2.442347 -2.2537949 -2.2537949 -3.6888795 0.70710678 0.70710678 0 0
0.9 0 -2.85 0 0 0 -0.85077785 -0.80469405 -0.74017673 2.442347 -2.2537949 -2.2537949 -3.6888795 0.70710678 0.70710678 0 0
0.9 3 -2.85 0 0 0 -1.0634723 -0.95712508 -0.70898154 2.442347 -2.2537949 -2.2537949 -3.6888795 0.70710678 0.70710678 0 0
0.9 0 -2.7 0 0 0 -0.85077785 -0.80469405 -0.74017673 2.442347 -2.2537949 -2.2537949 -3.6888795 0.70710678 0.70710678 0 0
0.9 3 -2.7 0 0 0 -1.0634723 -0.95712508 -0.70898154 2.442347 -2.2537949 -2.2537949 -3.6888795 0.70710678 0.70710678 0 0
0.9 0 -2.55 0 0 0 -0.85077785 -0.80469405 -0.74017673 2.442347 -2.2537949 -2.2537949 -3.6888795 0.70710678 0.70710678 0 0
0.9 3 -2.55 0 0 0 -1.0634723 -0.95712508 -0.70898154 2.442347 -2.2537949 -2.2537949 -3.6888795 0.70710678 0.70710678 0 0
0.9 0 -2.4 0 0 0 -0.85077785 -0.80469405 -0.74017673 2.442347 -2.2537949 -2.2537949 -3.6888795 0.70710678 0.70710678 0 0
0.9 3 -2.4 0 0 0 -1.0634723 -0.95712508 -0.70898154 2.442347 -2.2537949 -2.2537949 -3.6888795 0.70710678 0.70710678 0 0
0.9 0 -2.25 0 0 0 -0.28359262 -0.20914955 -0.10492927 2.442347 -2.2537949 -2.2537949 -3.6888795 0.70710678 0.70710678 0 0
0.9 3 -2.25 0 0 0 -1.0634723 -0.95712508 -0.70898154 2.442347 -2.2537949 -2.2537949 -3.6888795 0.70710678 0.70710678 0 0
0.9 0 -2.1 0 0 0 -0.28359262 -0.20914955 -0.10492927 2.442347 -2.2537949 -2.2537949 -3.6888795 0.70710678 0.70710678 0 0
0.9 3 -2.1 0 0 0 -1.0634723 -0.95712508 -0.70898154 2.442347 -2.2537949 -2.2537949 -3.6888795 0.70710678 0.70710678 0 0
0.9 0 -1.95 0 0 0 -0.28359262 -0.20914955 -0.10492927 2.442347 -2.2537949 -2.2537949 -3.6888795 0.70710678 0.70710678 0 0
0.9 3 -1.95 0 0 0 -1.0634723 -0.95712508 -0.70898154 2.442347 -2.2537949 -2.2537949 -3.6888795 0.70710678 0.70710678 0 0
0.9 0 -1.8 0 0 0 -0.28359262 -0.20914955 -0.10492927 2.442347 -2.2537949 -2.2537949 -3.6888795 0.70710678 0.70710678 0 0
0.9 3 -1.8 0 0 0 -1.0634723 -0.95712508 -0.70898154 2.442347 -2.2537949 -2.2537949 -3.6888795 0.70710678 0.70710678 0 0
0.9 0 -1.65 0 0 0 -0.28359262 -0.20914955 -0.10492927 2.442347 -2.2537949 -2.2537949 -3.6888795 0.70710678 0.70710678 0 0
0.9 3 -1.65 0 0 0 -1.0634723 -0.95712508 -0.70898154 2.442347 -2.2537949 -2.2537949 -3.6888795 0.70710678 0.70710678 0 0
0.9 0 -1.5 0 0 0 -0.85077785 -0.80469405 -0.74017673 2.442347 -2.2537949 -2.2537949 -3.6888795 0.70710678 0.70710678 0 0
0.9 3 -1.5 0 0 0 -1.0634723 -0.95712508 -0.70898154 2.442347 -2.2537949 -2.2537949 -3.6888795 0.70710678 0.70710678 0 0
0.9 0 -1.35 0 0 0 -0.85077785 -0.80469405 -0.74017673 2.442347 -2.2537949 -2.2537949 -3.6888795 0.70710678 0.70710678 0 0
0.9 3 -1.35 0 0 0 -1.0634723 -0.95712508 -0.70898154 2.442347 -2.2537949 -2.2537949 -3.6888795 0.70710678 0.70710678 0 0
0.9 0 -1.2 0 0 0 -0.85077785 -0.80469405 -0.74017673 2.442347 -2.2537949 -2.2537949 -3.6888795 0.70710678 0.70710678 0 0
0.9 3 -1.2 0 0 0 -1.0634723 -0.95712508 -0.70898154 2.442347 -2.2537949 -2.2537949 -3.6888795 0.70710678 0.70710678 0 0
0.9 0 -1.05 0 0 0 -0.85077785 -0.80469405 -0.74017673 2.442347 -2.2537949 -2.2537949 -3.6888795 0.70710678 0.70710678 0 0
0.9 3 -1.05 0 0 0 -1.0634723 -0.95712508 -0.70898154 2.442347 -2.2537949 -2.2537949 -3.6888795 0.70710678 0.70710678 0 0
0.9 0 -0.9 0 0 0 -0.85077785 -0.80469405 -0.74017673 2.442347 -2.2537949 -2.2537949 -3.6888795 0.70710678 0.70710678 0 0
0.9 3 -0.9 0 0 0 -1.0634723 -0.95712508 -0.70898154 2.442347 -2.2537949 -2.2537949 -3.6888795 0.70710678 0.70710678 0 0
0.9 0 -0.75 0 0 0 -0.28359262 -0.20914955 -0.10492927 2.442347 -2.2537949 -2.2537949 -3.6888795 0.70710678 0.70710678 0 0
0.9 3 -0.75 0 0 0 -1.0634723 -0.95712508 -0.70898154 2.442347 -2.2537949 -2.2537949 -3.6888795 0.70710678 0.70710678 0 0
0.9 0 -0.6 0 0 0 -0.28359262 -0.20914955 -0.10492927 2.442347 -2.2537949 -2.2537949 -3.6888795 0.70710678 0.70710678 0 0
0.9 3 -0.6 0 0 0 -1.0634723 -0.95712508 -0.70898154 2.442347 -2.2537949 -2.2537949 -3.6888795 0.70710678 0.70710678 0 0
0.9 0 -0.45 0 0 0 -0.28359262 -0.20914955 -0.10492927 2.442347 -2.2537949 -2.2537949 -3.6888795 0.70710678 0.70710678 0 0
0.9 3 -0.45 0 0 0 -1.0634723 -0.95712508 -0.70898154 2.442347 -2.2537949 -2.2537949 -3.6888795 0.70710678 0.70710678 0 0
0.9 0 -0.3 0 0 0 -0.28359262 -0.20914955 -0.10492927 2.442347 -2.2537949 -2.2537949 -3.6888795 0.70710678 0.70710678 0 0
0.9 3 -0.3 0 0 0 -1.0634723 -0.95712508 -0.70898154 2.442347 -2.2537949 -2.2537949 -3.6888795 0.70710678 0.70710678 0 0
0.9 0 -0.15 0 0 0 -0.28359262 -0.20914955 -0.10492927 2.442347 -2.2537949 -2.2537949 -3.6888795 0.70710678 0.70710678 0 0
0.9 3 -0.15 0 0 0 -1.0634723 -0.95712508 -0.70898154 2.442347 -2.2537949 -2.2537949 -3.6888795 0.70710678 0.70710678 0 0
0.9 0 0 0 0 0 -0.85077785 -0.80469405 -0.74017673 2.442347 -2.2537949 -2.2537949 -3.6888795 0.70710678 0.70710678 0 0
0.9 3 0 0 0 0 -1.0634723 -0.95712508 -0.70898154 2.442347 -2.2537949 -2.2537949 -3.6888795 0.70710678 0.70710678 0 0
0.9 0 0.15 0 0 0 -0.85077785 -0.80469405 -0.74017673 2.442347 -2.2537949 -2.2537949 -3.6888795 0.70710678 0.70710678 0 0
0.9 3 0.15 0 0 0 -1.0634723 -0.95712508 -0.70898154 2.442347 -2.2537949 -2.2537949 -3.6888795 0.70710678 0.70710678 0 0
0.9 0 0.3 0 0 0 -0.85077785 -0.80469405 -0.74017673 2.442347 -2.2537949 -2.2537949 -3.6888795 0.70710678 0.70710678 0 0
0.9 3 0.3 0 0 0 -1.0634723 -0.95712508 -0.70898154 2.442347 -2.2537949 -2.2537949 -3.6888795 0.70710678 0.70710678 0 0
0.9 0 0.45 0 0 0 -0.85077785 -0.80469405 -0.74017673 2.442347 -2.2537949 -2.2537949 -3.6888795 0.70710678 0.70710678 0 0
0.9 3 0.45 0 0 0 -1.0634723 -0.95712508 -0.70898154 2.442347 -2.2537949 -2.2537949 -3.6888795 0.70710678 0.70710678 0 0
0.9 0 0.6 0 0 0 -0.85077785 -0.80469405 -0.74017673 2.442347 -2.2537949 -2.2537949 -3.6888795 0.70710678 0.70710678 0 0
0.9 3 0.6 0 0 0 -1.0634723 -0.95712508 -0.70898154 2.442347 -2.2537949 -2.2537949 -3.6888795 0.70710678 0.70710678 0 0
0.9 0 0.75 0 0 0 -0.28359262 -0.20914955 -0.10492927 2.442347 -2.2537949 -2.2537949 -3.6888795 0.70710678 0.70710678 0 0
0.9 3 0.75 0 0 0 -1.0634723 -0.95712508 -0.70898154 2.442347 -2.2537949 -2.2537949 -3.6888795 0.70710678 0.70710678 0 0
0.9 0 0.9 0 0 0 -0.28359262 -0.20914955 -0.10492927 2.442347 -2.2537949 -2.2537949 -3.6888795 0.70710678 0.70710678 0 0
0.9 3 0.9 0 0 0 -1.0634723 -0.95712508 -0.70898154 2.442347 -2.2537949 -2.2537949 -3.6888795 0.70710678 0.70710678 0 0
0.9 0 1.05 0 0 0 -0.28359262 -0.20914955 -0.10492927 2.442347 -2.2537949 -2.2537949 -3.6888795 0.70710678 0.70710678 0 0
0.9 3 1.05 0 0 0 -1.0634723 -0.95712508 -0.70898154 2.442347 -2.2537949 -2.2537949 -3.6888795 0.70710678 0.70710678 0 0
0.9 0 1.2 0 0 0 -0.28359262 -0.20914955 -0.10492927 2.442347 -2.2537949 -2.2537949 -3.6888795 0.70710678 0.70710678 0 0
0.9 3 1.2 0 0 0 -1.0634723 -0.95712508 -0.70898154 2.442347 -2.2537949 -2.2537949 -3.6888795 0.70710678 0.70710678 0 0
0.9 0 1.35 0 0 0 -0.28359262 -0.20914955 -0.10492927 2.442347 -2.2537949 -2.2537949 -3.6888795 0.70710678 0.70710678 0 0
0.9 3 1.35 0 0 0 -1.0634723 -0.95712508 -0.70898154 2.442347 -2.2537949 -2.2537949 -3.6888795 0.70710678 0.70710678 0 0
0.9 0 1.5 0 0 0 -0.85077785 -0.80469405 -0.74017673 2.442347 -2.2537949 -2.2537949 -3.6888795 0.70710678 0.70710678 0 0
0.9 3 1.5 0 0 0 -1.0634723 -0.95712508 -0.70898154 2.442347 -2.2537949 -2.2537949 -3.6888795 0.70710678 0.70710678 0 0
0.9 0 1.65 0 0 0 -0.85077785 -0.80469405 -0.74017673 2.442347 -2.2537949 -2.2537949 -3.6888795 0.70710678 0.70710678 0 0
0.9 3 1.65 0 0 0 -1.0634723 -0.95712508 -0.70898154 2.442347 -2.2537949 -2.2537949 -3.6888795 0.70710678 0.70710678 0 0
0.9 0 1.8 0 0 0 -0.85077785 -0.80469405 -0.74017673 2.442347 -2.2537949 -2.2537949 -3.6888795 0.70710678 0.70710678 0 0
0.9 3 1.8 0 0 0 -1.0634723 -0.95712508 -0.70898154 2.442347 -2.2537949 -2.2537949 -3.6888795 0.70710678 0.70710678 0 0
0.9 0 1.95 0 0 0 -0.85077785 -0.80469405 -0.74017673 2.442347 -2.2537949 -2.2537949 -3.6888795 0.70710678 0.70710678 0 0
0.9 3 1.95 0 0 0 -1.0634723 -0.95712508 -0.70898154 2.442347 -2.2537949 -2.2537949 -3.6888795 0.70710678 0.70710678 0 0
0.9 0 2.1 0 0 0 -0.85077785 -0.80469405 -0.74017673 2.442347 -2.2537949 -2.2537949 -3.6888795 0.70710678 0.70710678 0 0
0.9 3 2.1 0 0 0 -1.0634723 -0.95712508 -0.70898154 2.442347 -2.2537949 -2.2537949 -3.6888795 0.70710678 0.70710678 0 0
0.9 0 2.25 0 0 0 -0.28359262 -0.20914955 -0.10492927 2.442347 -2.2537949 -2.2537949 -3.6888795 0.70710678 0.70710678 0 0
0.9 3 2.25 0 0 0 -1.0634723 -0.95712508 -0.70898154 2.442347 -2.2537949 -2.2537949 -3.6888795 0.70710678 0.70710678 0 0
0.9 0 2.4 0 0 0 -0.28359262 -0.20914955 -0.10492927 2.442347 -2.2537949 -2.2537949 -3.6888795 0.70710678 0.70710678 0 0
0.9 3 2.4 0 0 0 -1.0634723 -0.95712508 -0.70898154 2.442347 -2.2537949 -2.2537949 -3.6888795 0.70710678 0.70710678 0 0
0.9 0 2.55 0 0 0 -0.28359262 -0.20914955 -0.10492927 2.442347 -2.2537949 -2.2537949 -3.6888795 0.70710678 0.70710678 0 0
0.9 3 2.55 0 0 0 -1.0634723 -0.95712508 -0.70898154 2.442347 -2.2537949 -2.2537949 -3.6888795 0.70710678 0.70710678 0 0
0.9 0 2.7 0 0 0 -0.28359262 -0.20914955 -0.10492927 2.442347 -2.2537949 -2.2537949 -3.6888795 0.70710678 0.70710678 0 0
0.9 3 2.7 0 0 0 -1.0634723 -0.95712508 -0.70898154 2.442347 -2.2537949 -2.2537949 -3.6888795 0.70710678 0.70710678 0 0
0.9 0 2.85 0 0 0 -0.28359262 -0.20914955 -0.10492927 2.442347 -2.2537949 -2.2537949 -3.6888795 0.70710678 0.70710678 0 0
0.9 3 2.85 0 0 0 -1.0634723 -0.95712508 -0.70898154 2.442347 -2.2537949 -2.2537949 -3.6888795 0.70710678 0.70710678 0 0
0.9 0 3 0 0 0 -0.85077785 -0.80469405 -0.74017673 2.442347 -2.2537949 -2.2537949 -3.6888795 0.70710678 0.70710678 0 0
0.9 3 3 0 0 0 -1.0634723 -0.95712508 -0.70898154 2.442347 -2.2537949 -2.2537949 -3.6888795 0.70710678 0.70710678 0 0
0.9 0 -3 0 0 0 -1.1343705 -0.77987969 -0.56718523 2.442347 -2.2537949 -2.2537949 -3.6888795 1 0 0 0
0.9 0 3 0 0 0 -0.56718523 -0.95712508 -1.1343705 2.442347 -2.2537949 -2.2537949 -3.6888795 1 0 0 0
-3 0 0.9 0 0 0 -0.88622693 -0.99257416 -0.63808339 2.442347 -2.2537949 -2.2537949 -3.6888795 0.70710678 0 0.70710678 0
3 0 0.9 0 0 0 -1.0280232 -0.70898154 -0.921676 2.442347 -2.2537949 -2.2537949 -3.6888795 0.70710678 0 0.70710678 0
0.9 0.15 -3 0 0 0 -1.1343705 -0.77987969 -0.56718523 2.442347 -2.2537949 -2.2537949 -3.6888795 1 0 0 0
0.9 0.15 3 0 0 0 -0.56718523 -0.95712508 -1.1343705 2.442347 -2.2537949 -2.2537949 -3.6888795 1 0 0 0
-3 0.15 0.9 0 0 0 -0.88622693 -0.99257416 -0.63808339 2.442347 -2.2537949 -2.2537949 -3.6888795 0.70710678 0 0.70710678 0
3 0.15 0.9 0 0 0 -1.0280232 -0.70898154 -0.921676 2.442347 -2.2537949 -2.2537949 -3.6888795 0.70710678 0 0.70710678 0
0.9 0.3 -3 0 0 0 -1.1343705 -0.77987969 -0.56718523 2.442347 -2.2537949 -2.2537949 -3.6888795 1 0 0 0
0.9 0.3 3 0 0 0 -0.56718523 -0.95712508 -1.1343705 2.442347 -2.2537949 -2.2537949 -3.6888795 1 0 0 0
-3 0.3 0.9 0 0 0 -0.88622693 -0.99257416 -0.63808339 2.442347 -2.2537949 -2.2537949 -3.6888795 0.70710678 0 0.70710678 0
3 0.3 0.9 0 0 0 -1.0280232 -0.70898154 -0.921676 2.442347 -2.2537949 -2.2537949 -3.6888795 0.70710678 0 0.70710678 0
0.9 0.45 -3 0 0 0 -1.1343705 -0.77987969 -0.56718523 2.442347 -2.2537949 -2.2537949 -3.6888795 1 0 0 0
0.9 0.45 3 0 0 0 -0.56718523 -0.95712508 -1.1343705 2.442347 -2.2537949 -2.2537949 -3.6888795 1 0 0 0
-3 0.45 0.9 0 0 0 -0.88622693 -0.99257416 -0.63808339 2.442347 -2.2537949 -2.2537949 -3.6888795 0.70710678 0 0.70710678 0
3 0.45 0.9 0 0 0 -1.0280232 -0.70898154 -0.921676 2.442347 -2.2537949 -2.2537949 -3.6888795 0.70710678 0 0.70710678 0
0.9 0.6 -3 0 0 0 -1.1343705 -0.77987969 -0.56718523 2.442347 -2.2537949 -2.2537949 -3.6888795 1 0 0 0
0.9 0.6 3 0 0 0 -0.56718523 -0.95712508 -1.1343705 2.442347 -2.2537949 -2.2537949 -3.6888795 1 0 0 0
-3 0.6 0.9 0 0 0 -0.88622693 -0.99257416 -0.63808339 2.442347 -2.2537949 -2.2537949 -3.6888795 0.70710678 0 0.70710678 0
3 0.6 0.9 0 0 0 -1.0280232 -0.70898154 -0.921676 2.442347 -2.2537949 -2.2537949 -3.6888795 0.70710678 0 0.70710678 0
0.9 0.75 -3 0 0 0 -1.4888612 0.56718523 0.99257416 2.442347 -2.2537949 -2.2537949 -3.6888795 1 0 0 0
0.9 0.75 3 0 0 0 1.4179631 -0.21269446 -1.3116158 2.442347 -2.2537949 -2.2537949 -3.6888795 1 0 0 0
-3 0.75 0.9 0 0 0 -0.38993985 -0.88622693 0.460838 2.442347 -2.2537949 -2.2537949 -3.6888795 0.70710678 0 0.70710678 0
3 0.75 0.9 0 0 0 -0.99257416 0.42538892 -0.38993985 2.442347 -2.2537949 -2.2537949 -3.6888795 0.70710678 0 0.70710678 0
0.9 0.9 -3 0 0 0 -1.4888612 0.56718523 0.99257416 2.442347 -2.2537949 -2.2537949 -3.6888795 1 0 0 0
0.9 0.9 3 0 0 0 1.4179631 -0.21269446 -1.3116158 2.442347 -2.2537949 -2.2537949 -3.6888795 1 0 0 0
-3 0.9 0.9 0 0 0 -0.38993985 -0.88622693 0.460838 2.442347 -2.2537949 -2.2537949 -3.6888795 0.70710678 0 0.70710678 0
3 0.9 0.9 0 0 0 -0.99257416 0.42538892 -0.38993985 2.442347 -2.2537949 -2.2537949 -3.6888795 0.70710678 0 0.70710678 0
0.9 1.05 -3 0 0 0 -1.4888612 0.56718523 0.99257416 2.442347 -2.2537949 -2.2537949 -3.6888795 1 0 0 0
0.9 1.05 3 0 0 0 1.4179631 -0.21269446 -1.3116158 2.442347 -2.2537949 -2.2537949 -3.6888795 1 0 0 0
-3 1.05 0.9 0 0 0 -0.38993985 -0.88622693 0.460838 2.442347 -2.2537949 -2.2537949 -3.6888795 0.70710678 0 0.70710678 0
3 1.05 0.9 0 0 0 -0.99257416 0.42538892 -0.38993985 2.442347 -2.2537949 -2.2537949 -3.6888795 0.70710678 0 0.70710678 0
0.9 1.2 -3 0 0 0 -1.4888612 0.56718523 0.99257416 2.442347 -2.2537949 -2.2537949 -3.6888795 1 0 0 0
0.9 1.2 3 0 0 0 1.4179631 -0.21269446 -1.3116158 2.442347 -2.2537949 -2.2537949 -3.6888795 1 0 0 0
-3 1.2 0.9 0 0 0 -0.38993985 -0.88622693 0.460838 2.442347 -2.2537949 -2.2537949 -3.6888795 0.70710678 0 0.70710678 0
3 1.2 0.9 0 0 0 -0.99257416 0.42538892 -0.38993985 2.442347 -2.2537949 -2.2537949 -3.6888795 0.70710678 0 0.70710678 0
0.9 1.35 -3 0 0 0 -1.4888612 0.56718523 0.99257416 2.442347 -2.2537949 -2.2537949 -3.6888795 1 0 0 0
0.9 1.35 3 0 0 0 1.4179631 -0.21269446 -1.3116158 2.442347 -2.2537949 -2.2537949 -3.6888795 1 0 0 0
-3 1.35 0.9 0 0 0 -0.38993985 -0.88622693 0.460838 2.442347 -2.2537949 -2.2537949 -3.6888795 0.70710678 0 0.70710678 0
3 1.35 0.9 0 0 0 -0.99257416 0.42538892 -0.38993985 2.442347 -2.2537949 -2.2537949 -3.6888795 0.70710678 0 0.70710678 0
0.9 1.5 -3 0 0 0 -1.4888612 0.56718523 0.99257416 2.442347 -2.2537949 -2.2537949 -3.6888795 1 0 0 0
0.9 1.5 3 0 0 0 1.4179631 -0.21269446 -1.3116158 2.442347 -2.2537949 -2.2537949 -3.6888795 1 0 0 0
-3 1.5 0.9 0 0 0 -0.38993985 -0.88622693 0.460838 2.442347 -2.2537949 -2.2537949 -3.6888795 0.70710678 0 0.70710678 0
3 1.5 0.9 0 0 0 -0.99257416 0.42538892 -0.38993985 2.442347 -2.2537949 -2.2537949 -3.6888795 0.70710678 0 0.70710678 0
0.9 1.65 -3 0 0 0 -1.4888612 0.56718523 0.99257416 2.442347 -2.2537949 -2.2537949 -3.6888795 1 0 0 0
0.9 1.65 3 0 0 0 1.4179631 -0.21269446 -1.3116158 2.442347 -2.2537949 -2.2537949 -3.6888795 1 0 0 0
-3 1.65 0.9 0 0 0 -0.38993985 -0.88622693 0.460838 2.442347 -2.2537949 -2.2537949 -3.6888795 0.70710678 0 0.70710678 0
3 1.65 0.9 0 0 0 -0.99257416 0.42538892 -0.38993985 2.442347 -2.2537949 -2.2537949 -3.6888795 0.70710678 0 0.70710678 0
0.9 1.8 -3 0 0 0 -1.4888612 0.56718523 0.99257416 2.442347 -2.2537949 -2.2537949 -3.6888795 1 0 0 0
0.9 1.8 3 0 0 0 1.4179631 -0.21269446 -1.3116158 2.442347 -2.2537949 -2.2537949 -3.6888795 1 0 0 0
-3 1.8 0.9 0 0 0 -0.38993985 -0.88622693 0.460838 2.442347 -2.2537949 -2.2537949 -3.6888795 0.70710678 0 0.70710678 0
3 1.8 0.9 0 0 0 -0.99257416 0.42538892 -0.38993985 2.442347 -2.2537949 -2.2537949 -3.6888795 0.70710678 0 0.70710678 0
0.9 1.95 -3 0 0 0 -1.4888612 0.56718523 0.99257416 2.442347 -2.2537949 -2.2537949 -3.6888795 1 0 0 0
0.9 1.95 3 0 0 0 1.4179631 -0.21269446 -1.3116158 2.442347 -2.2537949 -2.2537949 -3.6888795 1 0 0 0
-3 1.95 0.9 0 0 0 -0.38993985 -0.88622693 0.460838 2.442347 -2.2537949 -2.2537949 -3.6888795 0.70710678 0 0.70710678 0
3 1.95 0.9 0 0 0 -0.99257416 0.42538892 -0.38993985 2.442347 -2.2537949 -2.2537949 -3.6888795 0.70710678 0 0.70710678 0
0.9 2.1 -3 0 0 0 -1.4888612 0.56718523 0.99257416 2.442347 -2.2537949 -2.2537949 -3.6888795 1 0 0 0
0.9 2.1 3 0 0 0 1.4179631 -0.21269446 -1.3116158 2.442347 -2.2537949 -2.2537949 -3.6888795 1 0 0 0
-3 2.1 0.9 0 0 0 -0.38993985 -0.88622693 0.460838 2.442347 -2.2537949 -2.2537949 -3.6888795 0.70710678 0 0.70710678 0
3 2.1 0.9 0 0 0 -0.99257416 0.42538892 -0.38993985 2.442347 -2.2537949 -2.2537949 -3.6888795 0.70710678 0 0.70710678 0
0.9 2.25 -3 0 0 0 -1.4888612 0.56718523 0.99257416 2.442347 -2.2537949 -2.2537949 -3.6888795 1 0 0 0
0.9 2.25 3 0 0 0 1.4179631 -0.21269446 -1.3116158 2.442347 -2.2537949 -2.2537949 -3.6888795 1 0 0 0
-3 2.25 0.9 0 0 0 -0.38993985 -0.88622693 0.460838 2.442347 -2.2537949 -2.2537949 -3.6888795 0.70710678 0 0.70710678 0
3 2.25 0.9 0 0 0 -0.99257416 0.42538892 -0.38993985 2.442347 -2.2537949 -2.2537949 -3.6888795 0.70710678 0 0.70710678 0
0.9 2.4 -3 0 0 0 -1.1343705 -0.77987969 -0.56718523 2.442347 -2.2537949 -2.2537949 -3.6888795 1 0 0 0
0.9 2.4 3 0 0 0 -0.56718523 -0.95712508 -1.1343705 2.442347 -2.2537949 -2.2537949 -3.6888795 1 0 0 0
-3 2.4 0.9 0 0 0 -0.88622693 -0.99257416 -0.63808339 2.442347 -2.2537949 -2.2537949 -3.6888795 0.70710678 0 0.70710678 0
3 2.4 0.9 0 0 0 -1.0280232 -0.70898154 -0.921676 2.442347 -2.2537949 -2.2537949 -3.6888795 0.70710678 0 0.70710678 0
0.9 2.55 -3 0 0 0 -1.1343705 -0.77987969 -0.56718523 2.442347 -2.2537949 -2.2537949 -3.6888795 1 0 0 0
0.9 2.55 3 0 0 0 -0.56718523 -0.95712508 -1.1343705 2.442347 -2.2537949 -2.2537949 -3.6888795 1 0 0 0
-3 2.55 0.9 0 0 0 -0.88622693 -0.99257416 -0.63808339 2.442347 -2.2537949 -2.2537949 -3.6888795 0.70710678 0 0.70710678 0
3 2.55 0.9 0 0 0 -1.0280232 -0.70898154 -0.921676 2.442347 -2.2537949 -2.2537949 -3.6888795 0.70710678 0 0.70710678 0
0.9 2.7 -3 0 0 0 -1.1343705 -0.77987969 -0.56718523 2.442347 -2.2537949 -2.2537949 -3.6888795 1 0 0 0
0.9 2.7 3 0 0 0 -0.56718523 -0.95712508 -1.1343705 2.442347 -2.2537949 -2.2537949 -3.6888795 1 0 0 0
-3 2.7 0.9 0 0 0 -0.88622693 -0.99257416 -0.63808339 2.442347 -2.2537949 -2.2537949 -3.6888795 0.70710678 0 0.70710678 0
3 2.7 0.9 0 0 0 -1.0280232 -0.70898154 -0.921676 2.442347 -2.2537949 -2.2537949 -3.6888795 0.70710678 0 0.70710678 0
0.9 2.85 -3 0 0 0 -1.1343705 -0.77987969 -0.56718523 2.442347 -2.2537949 -2.2537949 -3.6888795 1 0 0 0
0.9 2.85 3 0 0 0 -0.56718523 -0.95712508 -1.1343705 2.442347 -2.2537949 -2.2537949 -3.6888795 1 0 0 0
-3 2.85 0.9 0 0 0 -0.88622693 -0.99257416 -0.63808339 2.442347 -2.2537949 -2.2537949 -3.6888795 0.70710678 0 0.70710678 0
3 2.85 0.9 0 0 0 -1.0280232 -0.70898154 -0.921676 2.442347 -2.2537949 -2.2537949 -3.6888795 0.70710678 0 0.70710678 0
0.9 3 -3 0 0 0 -1.1343705 -0.77987969 -0.56718523 2.442347 -2.2537949 -2.2537949 -3.6888795 1 0 0 0
0.9 3 3 0 0 0 -0.56718523 -0.95712508 -1.1343705 2.442347 -2.2537949 -2.2537949 -3.6888795 1 0 0 0
-3 3 0.9 0 0 0 -0.88622693 -0.99257416 -0.63808339 2.442347 -2.2537949 -2.2537949 -3.6888795 0.70710678 0 0.70710678 0
3 3 0.9 0 0 0 -1.0280232 -0.70898154 -0.921676 2.442347 -2.2537949 -2.2537949 -3.6888795 0.70710678 0 0.70710678 0
1.05 0 -3 0 0 0 -0.85077785 -0.80469405 -0.74017673 2.442347 -2.2537949 -2.2537949 -3.6888795 0.70710678 0.70710678 0 0
1.05 3 -3 0 0 0 -1.0634723 -0.95712508 -0.70898154 2.442347 -2.2537949 -2.2537949 -3.6888795 0.70710678 0.70710678 0 0
1.05 0 -2.85 0 0 0 -0.85077785 -0.80469405 -0.74017673 2.442347 -2.2537949 -2.2537949 -3.6888795 0.70710678 0.70710678 0 0
1.05 3 -2.85 0 0 0 -1.0634723 -0.95712508 -0.70898154 2.442347 -2.2537949 -2.2537949 -3.6888795 0.70710678 0.70710678 0 0
1.05 0 -2.7 0 0 0 -0.85077785 -0.80469405 -0.74017673 2.442347 -2.2537949 -2.2537949 -3.6888795 0.70710678 0.70710678 0 0
1.05 3 -2.7 0 0 0 -1.0634723 -0.95712508 -0.70898154 2.442347 -2.2537949 -2.2537949 -3.6888795 0.70710678 0.70710678 0 0
1.05 0 -2.55 0 0 0 -0.85077785 -0.80469405 -0.74017673 2.442347 -2.2537949 -2.2537949 -3.6888795 0.70710678 0.70710678 0 0
1.05 3 -2.55 0 0 0 -1.0634723 -0.95712508 -0.70898154 2.442347 -2.2537949 -2.2537949 -3.6888795 0.70710678 0.70710678 0 0
1.05 0 -2.4 0 0 0 -0.85077785 -0.80469405 -0.74017673 2.442347 -2.2537949 -2.2537949 -3.6888795 0.70710678 0.70710678 0 0
1.05 3 -2.4 0 0 0 -1.0634723 -0.95712508 -0.70898154 2.442347 -2.2537949 -2.2537949 -3.6888795 0.70710678 0.70710678 0 0
1.05 0 -2.25 0 0 0 -0.28359262 -0.20914955 -0.10492927 2.442347 -2.2537949 -2.2537949 -3.6888795 0.70710678 0.70710678 0 0
1.05 3 -2.25 0 0 0 -1.0634723 -0.95712508 -0.70898154 2.442347 -2.2537949 -2.2537949 -3.6888795 0.70710678 0.70710678 0 0
1.05 0 -2.1 0 0 0 -0.28359262 -0.20914955 -0.10492927 2.442347 -2.2537949 -2.2537949 -3.6888795 0.70710678 0.70710678 0 0
1.05 3 -2.1 0 0 0 -1.0634723 -0.95712508 -0.70898154 2.442347 -2.2537949 -2.2537949 -3.6888795 0.70710678 0.70710678 0 0
1.05 0 -1.95 0 0 0 -0.28359262 -0.20914955 -0.10492927 2.442347 -2.2537949 -2.2537949 -3.6888795 0.70710678 0.70710678 0 0
1.05 3 -1.95 0 0 0 -1.0634723 -0.95712508 -0.70898154 2.442347 -2.2537949 -2.2537949 -3.6888795 0.70710678 0.70710678 0 0
1.05 0 -1.8 0 0 0 -0.28359262 -0.20914955 -0.10492927 2.442347 -2.2537949 -2.2537949 -3.6888795 0.70710678 0.70710678 0 0
1.05 3 -1.8 0 0 0 -1.0634723 -0.95712508 -0.70898154 2.442347 -2.2537949 -2.2537949 -3.6888795 0.70710678 0.70710678 0 0
1.05 0 -1.65 0 0 0 -0.28359262 -0.20914955 -0.10492927 2.442347 -2.2537949 -2.2537949 -3.6888795 0.70710678 0.70710678 0 0
1.05 3 -1.65 0 0 0 -1.0634723 -0.95712508 -0.70898154 2.442347 -2.2537949 -2.2537949 -3.6888795 0.70710678 0.70710678 0 0
1.05 0 -1.5 0 0 0 -0.85077785 -0.80469405 -0.74017673 2.442347 -2.2537949 -2.2537949 -3.6888795 0.70710678 0.70710678 0 0
1.05 3 -1.5 0 0 0 -1.0634723 -0.95712508 -0.70898154 2.442347 -2.2537949 -2.2537949 -3.6888795 0.70710678 0.70710678 0 0
1.05 0 -1.35 0 0 0 -0.85077785 -0.80469405 -0.74017673 2.442347 -2.2537949 -2.2537949 -3.6888795 0.70710678 0.70710678 0 0
1.05 3 -1.35 0 0 0 -1.0634723 -0.95712508 -0.70898154 2.442347 -2.2537949 -2.2537949 -3.6888795 0.70710678 0.70710678 0 0
1.05 0 -1.2 0 0 0 -0.85077785 -0.80469405 -0.74017673 2.442347 -2.2537949 -2.2537949 -3.6888795 0.70710678 0.70710678 0 0
1.05 3 -1.2 0 0 0 -1.0634723 -0.95712508 -0.70898154 2.442347 -2.2537949 -2.2537949 -3.6888795 0.70710678 0.70710678 0 0
1.05 0 -1.05 0 0 0 -0.85077785 -0.80469405 -0.74017673 2.442347 -2.2537949 -2.2537949 -3.6888795 0.70710678 0.70710678 0 0
1.05 3 -1.05 0 0 0 -1.0634723 -0.95712508 -0.70898154 2.442347 -2.2537949 -2.2537949 -3.6888795 0.70710678 0.70710678 0 0
1.05 0 -0.9 0 0 0 -0.85077785 -0.80469405 -0.74017673 2.442347 -2.2537949 -2.2537949 -3.6888795 0.70710678 0.70710678 0 0
1.05 3 -0.9 0 0 0 -1.0634723 -0.95712508 -0.70898154 2.442347 -2.2537949 -2.2537949 -3.6888795 0.70710678 0.70710678 0 0
1.05 0 -0.75 0 0 0 -0.28359262 -0.20914955 -0.10492927 2.442347 -2.2537949 -2.2537949 -3.6888795 0.70710678 0.70710678 0 0
1.05 3 -0.75 0 0 0 -1.0634723 -0.95712508 -0.70898154 2.442347 -2.2537949 -2.2537949 -3.6888795 0.70710678 0.70710678 0 0
1.05 0 -0.6 0 0 0 -0.28359262 -0.20914955 -0.10492927 2.442347 -2.2537949 -2.2537949 -3.6888795 0.70710678 0.70710678 0 0
1.05 3 -0.6 0 0 0 -1.0634723 -0.95712508 -0.70898154 2.442347 -2.2537949 -2.2537949 -3.6888795 0.70710678 0.70710678 0 0
1.05 0 -0.45 0 0 0 -0.28359262 -0.20914955 -0.10492927 2.442347 -2.2537949 -2.2537949 -3.6888795 0.70710678 0.70710678 0 0
1.05 3 -0.45 0 0 0 -1.0634723 -0.95712508 -0.70898154 2.442347 -2.2537949 -2.2537949 -3.6888795 0.70710678 0.70710678 0 0
1.05 0 -0.3 0 0 0 -0.28359262 -0.20914955 -0.10492927 2.442347 -2.2537949 -2.2537949 -3.6888795 0.70710678 0.70710678 0 0
1.05 3 -0.3 0 0 0 -1.0634723 -0.95712508 -0.70898154 2.442347 -2.2537949 -2.2537949 -3.6888795 0.70710678 0.70710678 0 0
1.05 0 -0.15 0 0 0 -0.28359262 -0.20914955 -0.10492927 2.442347 -2.2537949 -2.2537949 -3.6888795 0.70710678 0.70710678 0 0
1.05 3 -0.15 0 0 0 -1.0634723 -0.95712508 -0.70898154 2.442347 -2.2537949 -2.2537949 -3.6888795 0.70710678 0.70710678 0 0
1.05 0 0 0 0 0 -0.85077785 -0.80469405 -0.74017673 2.442347 -2.2537949 -2.2537949 -3.6888795 0.70710678 0.70710678 0 0
1.05 3 0 0 0 0 -1.0634723 -0.95712508 -0.70898154 2.442347 -2.2537949 -2.2537949 -3.6888795 0.70710678 0.70710678 0 0
1.05 0 0.15 0 0 0 -0.85077785 -0.80469405 -0.74017673 2.442347 -2.2537949 -2.2537949 -3.6888795 0.70710678 0.70710678 0 0
1.05 3 0.15 0 0 0 -1.0634723 -0.95712508 -0.70898154 2.442347 -2.2537949 -2.2537949 -3.6888795 0.70710678 0.70710678 0 0
1.05 0 0.3 0 0 0 -0.85077785 -0.80469405 -0.74017673 2.442347 -2.2537949 -2.2537949 -3.6888795 0.70710678 0.70710678 0 0
1.05 3 0.3 0 0 0 -1.0634723 -0.95712508 -0.70898154 2.442347 -2.2537949 -2.2537949 -3.6888795 0.70710678 0.70710678 0 0
1.05 0 0.45 0 0 0 -0.85077785 -0.80469405 -0.74017673 2.442347 -2.2537949 -2.2537949 -3.6888795 0.70710678 0.70710678 0 0
1.05 3 0.45 0 0 0 -1.0634723 -0.95712508 -0.70898154 2.442347 -2.2537949 -2.2537949 -3.6888795 0.70710678 0.70710678 0 0
1.05 0 0.6 0 0 0 -0.85077785 -0.80469405 -0.74017673 2.442347 -2.2537949 -2.2537949 -3.6888795 0.70710678 0.70710678 0 0
1.05 3 0.6 0 0 0 -1.0634723 -0.95712508 -0.70898154 2.442347 -2.2537949 -2.2537949 -3.6888795 0.70710678 0.70710678 0 0
1.05 0 0.75 0 0 0 -0.28359262 -0.20914955 -0.10492927 2.442347 -2.2537949 -2.2537949 -3.6888795 0.70710678 0.70710678 0 0
1.05 3 0.75 0 0 0 -1.0634723 -0.95712508 -0.70898154 2.442347 -2.2537949 -2.2537949 -3.6888795 0.70710678 0.70710678 0 0
1.05 0 0.9 0 0 0 -0.28359262 -0.20914955 -0.10492927 2.442347 -2.2537949 -2.2537949 -3.6888795 0.70710678 0.70710678 0 0
1.05 3 0.9 0 0 0 -1.0634723 -0.95712508 -0.70898154 2.442347 -2.2537949 -2.2537949 -3.6888795 0.70710678 0.70710678 0 0
1.05 0 1.05 0 0 0 -0.28359262 -0.20914955 -0.10492927 2.442347 -2.2537949 -2.2537949 -3.6888795 0.70710678 0.70710678 0 0
1.05 3 1.05 0 0 0 -1.0634723 -0.95712508 -0.70898154 2.442347 -2.2537949 -2.2537949 -3.6888795 0.70710678 0.70710678 0 0
1.05 0 1.2 0 0 0 -0.28359262 -0.20914955 -0.10492927 2.442347 -2.2537949 -2.2537949 -3.6888795 0.70710678 0.70710678 0 0
1.05 3 1.2 0 0 0 -1.0634723 -0.95712508 -0.70898154 2.442347 -2.2537949 -2.2537949 -3.6888795 0.70710678 0.70710678 0 0
1.05 0 1.35 0 0 0 -0.28359262 -0.20914955 -0.10492927 2.442347 -2.2537949 -2.2537949 -3.6888795 0.70710678 0.70710678 0 0
1.05 3 1.35 0 0 0 -1.0634723 -0.95712508 -0.70898154 2.442347 -2.2537949 -2.2537949 -3.6888795 0.70710678 0.70710678 0 0
1.05 0 1.5 0 0 0 -0.85077785 -0.80469405 -0.74017673 2.442347 -2.2537949 -2.2537949 -3.6888795 0.70710678 0.70710678 0 0
1.05 3 1.5 0 0 0 -1.0634723 -0.95712508 -0.70898154 2.442347 -2.2537949 -2.2537949 -3.6888795 0.70710678 0.70710678 0 0
1.05 0 1.65 0 0 0 -0.85077785 -0.80469405 -0.74017673 2.442347 -2.2537949 -2.2537949 -3.6888795 0.70710678 0.70710678 0 0
1.05 3 1.65 0 0 0 -1.0634723 -0.95712508 -0.70898154 2.442347 -2.2537949 -2.2537949 -3.6888795 0.70710678 0.70710678 0 0
1.05 0 1.8 0 0 0 -0.85077785 -0.80469405 -0.74017673 2.442347 -2.2537949 -2.2537949 -3.6888795 0.70710678 0.70710678 0 0
1.05 3 1.8 0 0 0 -1.0634723 -0.95712508 -0.70898154 2.442347 -2.2537949 -2.2537949 -3.6888795 0.70710678 0.70710678 0 0
1.05 0 1.95 0 0 0 -0.85077785 -0.80469405 -0.74017673 2.442347 -2.2537949 -2.2537949 -3.6888795 0.70710678 0.70710678 0 0
1.05 3 1.95 0 0 0 -1.0634723 -0.95712508 -0.70898154 2.442347 -2.2537949 -2.2537949 -3.6888795 0.70710678 0.70710678 0 0
1.05 0 2.1 0 0 0 -0.85077785 -0.80469405 -0.74017673 2.442347 -2.2537949 -2.2537949 -3.6888795 0.70710678 0.70710678 0 0
1.05 3 2.1 0 0 0 -1.0634723 -0.95712508 -0.70898154 2.442347 -2.2537949 -2.2537949 -3.6888795 0.70710678 0.70710678 0 0
1.05 0 2.25 0 0 0 -0.28359262 -0.20914955 -0.10492927 2.442347 -2.2537949 -2.2537949 -3.6888795 0.70710678 0.70710678 0 0
1.05 3 2.25 0 0 0 -1.0634723 -0.95712508 -0.70898154 2.442347 -2.2537949 -2.2537949 -3.6888795 0.70710678 0.70710678 0 0
1.05 0 2.4 0 0 0 -0.28359262 -0.20914955 -0.10492927 2.442347 -2.2537949 -2.2537949 -3.6888795 0.70710678 0.70710678 0 0
1.05 3 2.4 0 0 0 -1.0634723 -0.95712508 -0.70898154 2.442347 -2.2537949 -2.2537949 -3.6888795 0.70710678 0.70710678 0 0
1.05 0 2.55 0 0 0 -0.28359262 -0.20914955 -0.10492927 2.442347 -2.2537949 -2.2537949 -3.6888795 0.70710678 0.70710678 0 0
1.05 3 2.55 0 0 0 -1.0634723 -0.95712508 -0.70898154 2.442347 -2.2537949 -2.2537949 -3.6888795 0.70710678 0.70710678 0 0
1.05 0 2.7 0 0 0 -0.28359262 -0.20914955 -0.10492927 2.442347 -2.2537949 -2.2537949 -3.6888795 0.70710678 0.70710678 0 0
1.05 3 2.7 0 0 0 -1.0634723 -0.95712508 -0.70898154 2.442347 -2.2537949 -2.2537949 -3.6888795 0.70710678 0.70710678 0 0
1.05 0 2.85 0 0 0 -0.28359262 -0.20914955 -0.10492927 2.442347 -2.2537949 -2.2537949 -3.6888795 0.70710678 0.70710678 0 0
1.05 3 2.85 0 0 0 -1.0634723 -0.95712508 -0.70898154 2.442347 -2.2537949 -2.2537949 -3.6888795 0.70710678 0.70710678 0 0
1.05 0 3 0 0 0 -0.85077785 -0.80469405 -0.74017673 2.442347 -2.2537949 -2.2537949 -3.6888795 0.70710678 0.70710678 0 0
1.05 3 3 0 0 0 -1.0634723 -0.95712508 -0.70898154 2.442347 -2.2537949 -2.2537949 -3.6888795 0.70710678 0.70710678 0 0
1.05 0 -3 0 0 0 -1.1343705 -0.77987969 -0.56718523 2.442347 -2.2537949 -2.2537949 -3.6888795 1 0 0 0
1.05 0 3 0 0 0 -0.56718523 -0.95712508 -1.1343705 2.442347 -2.2537949 -2.2537949 -3.6888795 1 0 0 0
-3 0 1.05 0 0 0 -0.88622693 -0.99257416 -0.63808339 2.442347 -2.2537949 -2.2537949 -3.6888795 0.70710678 0 0.70710678 0
3 0 1.05 0 0 0 -1.0280232 -0.70898154 -0.921676 2.442347 -2.2537949 -2.2537949 -3.6888795 0.70710678 0 0.70710678 0
1.05 0.15 -3 0 0 0 -1.1343705 -0.77987969 -0.56718523 2.442347 -2.2537949 -2.2537949 -3.6888795 1 0 0 0
1.05 0.15 3 0 0 0 -0.56718523 -0.95712508 -1.1343705 2.442347 -2.2537949 -2.2537949 -3.6888795 1 0 0 0
-3 0.15 1.05 0 0 0 -0.88622693 -0.99257416 -0.63808339 2.442347 -2.2537949 -2.2537949 -3.6888795 0.70710678 0 0.70710678 0
3 0.15 1.05 0 0 0 -1.0280232 -0.70898154 -0.921676 2.442347 -2.2537949 -2.2537949 -3.6888795 0.70710678 0 0.70710678 0
1.05 0.3 -3 0 0 0 -1.1343705 -0.77987969 -0.56718523 2.442347 -2.2537949 -2.2537949 -3.6888795 1 0 0 0
1.05 0.3 3 0 0 0 -0.56718523 -0.95712508 -1.1343705 2.442347 -2.2537949 -2.2537949 -3.6888795 1 0 0 0
-3 0.3 1.05 0 0 0 -0.88622693 -0.99257416 -0.63808339 2.442347 -2.2537949 -2.2537949 -3.6888795 0.70710678 0 0.70710678 0
3 0.3 1.05 0 0 0 -1.0280232 -0.70898154 -0.921676 2.442347 -2.2537949 -2.2537949 -3.6888795 0.70710678 0 0.70710678 0
1.05 0.45 -3 0 0 0 -1.1343705 -0.77987969 -0.56718523 2.442347 -2.2537949 -2.2537949 -3.6888795 1 0 0 0
1.05 0.45 3 0 0 0 -0.56718523 -0.95712508 -1.1343705 2.442347 -2.2537949 -2.2537949 -3.6888795 1 0 0 0
-3 0.45 1.05 0 0 0 -0.88622693 -0.99257416 -0.63808339 2.442347 -2.2537949 -2.2537949 -3.6888795 0.70710678 0 0.70710678 0
3 0.45 1.05 0 0 0 -1.0280232 -0.70898154 -0.921676 2.442347 -2.2537949 -2.2537949 -3.6888795 0.70710678 0 0.70710678 0
1.05 0.6 -3 0 0 0 -1.1343705 -0.77987969 -0.56718523 2.442347 -2.2537949 -2.2537949 -3.6888795 1 0 0 0
1.05 0.6 3 0 0 0 -0.56718523 -0.95712508 -1.1343705 2.442347 -2.2537949 -2.2537949 -3.6888795 1 0 0 0
-3 0.6 1.05 0 0 0 -0.88622693 -0.99257416 -0.63808339 2.442347 -2.2537949 -2.2537949 -3.6888795 0.70710678 0 0.70710678 0
3 0.6 1.05 0 0 0 -1.0280232 -0.70898154 -0.921676 2.442347 -2.2537949 -2.2537949 -3.6888795 0.70710678 0 0.70710678 0
1.05 0.75 -3 0 0 0 -1.4888612 0.56718523 0.99257416 2.442347 -2.2537949 -2.2537949 -3.6888795 1 0 0 0
1.05 0.75 3 0 0 0 1.4179631 -0.21269446 -1.3116158 2.442347 -2.2537949 -2.2537949 -3.6888795 1 0 0 0
-3 0.75 1.05 0 0 0 -0.38993985 -0.88622693 0.460838 2.442347 -2.2537949 -2.2537949 -3.6888795 0.70710678 0 0.70710678 0
3 0.75 1.05 0 0 0 -0.99257416 0.42538892 -0.38993985 2.442347 -2.2537949 -2.2537949 -3.6888795 0.70710678 0 0.70710678 0
1.05 0.9 -3 0 0 0 -1.4888612 0.56718523 0.99257416 2.442347 -2.2537949 -2.2537949 -3.6888795 1 0 0 0
1.05 0.9 3 0 0 0 1.4179631 -0.21269446 -1.3116158 2.442347 -2.2537949 -2.2537949 -3.6888795 1 0 0 0
-3 0.9 1.05 0 0 0 -0.38993985 -0.88622693 0.460838 2.442347 -2.2537949 -2.2537949 -3.6888795 0.70710678 0 0.70710678 0
3 0.9 1.05 0 0 0 -0.99257416 0.42538892 -0.38993985 2.442347 -2.2537949 -2.2537949 -3.6888795 0.70710678 0 0.70710678 0
1.05 1.05 -3 0 0 0 -1.4888612 0.56718523 0.99257416 2.442347 -2.2537949 -2.2537949 -3.6888795 1 0 0 0
1.05 1.05 3 0 0 0 1.4179631 -0.21269446 -1.3116158 2.442347 -2.2537949 -2.2537949 -3.6888795 1 0 0 0
-3 1.05 1.05 0 0 0 -0.38993985 -0.88622693 0.460838 2.442347 -2.2537949 -2.2537949 -3.6888795 0.70710678 0 0.70710678 0
3 1.05 1.05 0 0 0 -0.99257416 0.42538892 -0.38993985 2.442347 -2.2537949 -2.2537949 -3.6888795 0.70710678 0 0.70710678 0
1.05 1.2 -3 0 0 0 -1.4888612 0.56718523 0.99257416 2.442347 -2.2537949 -2.2537949 -3.6888795 1 0 0 0
1.05 1.2 3 0 0 0 1.4179631 -0.21269446 -1.3116158 2.442347 -2.2537949 -2.2537949 -3.6888795 1 0 0 0
-3 1.2 1.05 0 0 0 -0.38993985 -0.88622693 0.460838 2.442347 -2.2537949 -2.2537949 -3.6888795 0.70710678 0 0.70710678 0
3 1.2 1.05 0 0 0 -0.99257416 0.42538892 -0.38993985 2.442347 -2.2537949 -2.2537949 -3.6888795 0.70710678 0 0.70710678 0
1.05 1.35 -3 0 0 0 -1.4888612 0.56718523 0.99257416 2.442347 -2.2537949 -2.2537949 -3.6888795 1 0 0 0
1.05 1.35 3 0 0 0 1.4179631 -0.21269446 -1.3116158 2.442347 -2.2537949 -2.2537949 -3.6888795 1 0 0 0
-3 1.35 1.05 0 0 0 -0.38993985 -0.88622693 0.460838 2.442347 -2.2537949 -2.2537949 -3.6888795 0.70710678 0 0.70710678 0
3 1.35 1.05 0 0 0 -0.99257416 0.42538892 -0.38993985 2.442347 -2.2537949 -2.2537949 -3.6888795 0.70710678 0 0.70710678 0
1.05 1.5 -3 0 0 0 -1.4888612 0.56718523 0.99257416 2.442347 -2.2537949 -2.2537949 -3.6888795 1 0 0 0
1.05 1.5 3 0 0 0 1.4179631 -0.21269446 -1.3116158 2.442347 -2.2537949 -2.2537949 -3.6888795 1 0 0 0
-3 1.5 1.05 0 0 0 -0.38993985 -0.88622693 0.460838 2.442347 -2.2537949 -2.2537949 -3.6888795 0.70710678 0 0.70710678 0
3 1.5 1.05 0 0 0 -0.99257416 0.42538892 -0.38993985 2.442347 -2.2537949 -2.2537949 -3.6888795 0.70710678 0 0.70710678 0
1.05 1.65 -3 0 0 0 -1.4888612 0.56718523 0.99257416 2.442347 -2.2537949 -2.2537949 -3.6888795 1 0 0 0
1.05 1.65 3 0 0 0 1.4179631 -0.21269446 -1.3116158 2.442347 -2.2537949 -2.2537949 -3.6888795 1 0 0 0
-3 1.65 1.05 0 0 0 -0.38993985 -0.88622693 0.460838 2.442347 -2.2537949 -2.2537949 -3.6888795 0.70710678 0 0.70710678 0
3 1.65 1.05 0 0 0 -0.99257416 0.42538892 -0.38993985 2.442347 -2.2537949 -2.2537949 -3.6888795 0.70710678 0 0.70710678 0
1.05 1.8 -3 0 0 0 -1.4888612 0.56718523 0.99257416 2.442347 -2.2537949 -2.2537949 -3.6888795 1 0 0 0
1.05 1.8 3 0 0 0 1.4179631 -0.21269446 -1.3116158 2.442347 -2.2537949 -2.2537949 -3.6888795 1 0 0 0
-3 1.8 1.05 0 0 0 -0.38993985 -0.88622693 0.460838 2.442347 -2.2537949 -2.2537949 -3.6888795 0.70710678 0 0.70710678 0
3 1.8 1.05 0 0 0 -0.99257416 0.42538892 -0.38993985 2.442347 -2.2537949 -2.2537949 -3.6888795 0.70710678 0 0.70710678 0
1.05 1.95 -3 0 0 0 -1.4888612 0.56718523 0.99257416 2.442347 -2.2537949 -2.2537949 -3.6888795 1 0 0 0
1.05 1.95 3 0 0 0 1.4179631 -0.21269446 -1.3116158 2.442347 -2.2537949 -2.2537949 -3.6888795 1 0 0 0
-3 1.95 1.05 0 0 0 -0.38993985 -0.88622693 0.460838 2.442347 -2.2537949 -2.2537949 -3.6888795 0.70710678 0 0.70710678 0
3 1.95 1.05 0 0 0 -0.99257416 0.42538892 -0.38993985 2.442347 -2.2537949 -2.2537949 -3.6888795 0.70710678 0 0.70710678 0
1.05 2.1 -3 0 0 0 -1.4888612 0.56718523 0.99257416 2.442347 -2.2537949 -2.2537949 -3.6888795 1 0 0 0
1.05 2.1 3 0 0 0 1.4179631 -0.21269446 -1.3116158 2.442347 -2.2537949 -2.2537949 -3.6888795 1 0 0 0
-3 2.1 1.05 0 0 0 -0.38993985 -0.88622693 0.460838 2.442347 -2.2537949 -2.2537949 -3.6888795 0.70710678 0 0.70710678 0
3 2.1 1.05 0 0 0 -0.99257416 0.42538892 -0.38993985 2.442347 -2.2537949 -2.2537949 -3.6888795 0.70710678 0 0.70710678 0
1.05 2.25 -3 0 0 0 -1.4888612 0.56718523 0.99257416 2.442347 -2.2537949 -2.2537949 -3.6888795 1 0 0 0
1.05 2.25 3 0 0 0 1.4179631 -0.21269446 -1.3116158 2.442347 -2.2537949 -2.2537949 -3.6888795 1 0 0 0
-3 2.25 1.05 0 0 0 -0.38993985 -0.88622693 0.460838 2.442347 -2.2537949 -2.2537949 -3.6888795 0.70710678 0 0.70710678 0
3 2.25 1.05 0 0 0 -0.99257416 0.42538892 -0.38993985 2.442347 -2.2537949 -2.2537949 -3.6888795 0.70710678 0 0.70710678 0
1.05 2.4 -3 0 0 0 -1.1343705 -0.77987969 -0.56718523 2.442347 -2.2537949 -2.2537949 -3.6888795 1 0 0 0
1.05 2.4 3 0 0 0 -0.56718523 -0.95712508 -1.1343705 2.442347 -2.2537949 -2.2537949 -3.6888795 1 0 0 0
-3 2.4 1.05 0 0 0 -0.88622693 -0.99257416 -0.63808339 2.442347 -2.2537949 -2.2537949 -3.6888795 0.70710678 0 0.70710678 0
3 2.4 1.05 0 0 0 -1.0280232 -0.70898154 -0.921676 2.442347 -2.2537949 -2.2537949 -3.6888795 0.70710678 0 0.70710678 0
1.05 2.55 -3 0 0 0 -1.1343705 -0.77987969 -0.56718523 2.442347 -2.2537949 -2.2537949 -3.6888795 1 0 0 0
1.05 2.55 3 0 0 0 -0.56718523 -0.95712508 -1.1343705 2.442347 -2.2537949 -2.2537949 -3.6888795 1 0 0 0
-3 2.55 1.05 0 0 0 -0.88622693 -0.99257416 -0.63808339 2.442347 -2.2537949 -2.2537949 -3.6888795 0.70710678 0 0.70710678 0
3 2.55 1.05 0 0 0 -1.0280232 -0.70898154 -0.921676 2.442347 -2.2537949 -2.2537949 -3.6888795 0.70710678 0 0.70710678 0
1.05 2.7 -3 0 0 0 -1.1343705 -0.77987969 -0.56718523 2.442347 -2.2537949 -2.2537949 -3.6888795 1 0 0 0
1.05 2.7 3 0 0 0 -0.56718523 -0.95712508 -1.1343705 2.442347 -2.2537949 -2.2537949 -3.6888795 1 0 0 0
-3 2.7 1.05 0 0 0 -0.88622693 -0.99257416 -0.63808339 2.442347 -2.2537949 -2.2537949 -3.6888795 0.70710678 0 0.70710678 0
3 2.7 1.05 0 0 0 -1.0280232 -0.70898154 -0.921676 2.442347 -2.2537949 -2.2537949 -3.6888795 0.70710678 0 0.70710678 0
1.05 2.85 -3 0 0 0 -1.1343705 -0.77987969 -0.56718523 2.442347 -2.2537949 -2.2537949 -3.6888795 1 0 0 0
1.05 2.85 3 0 0 0 -0.56718523 -0.95712508 -1.1343705 2.442347 -2.2537949 -2.2537949 -3.6888795 1 0 0 0
-3 2.85 1.05 0 0 0 -0.88622693 -0.99257416 -0.63808339 2.442347 -2.2537949 -2.2537949 -3.6888795 0.70710678 0 0.70710678 0
3 2.85 1.05 0 0 0 -1.0280232 -0.70898154 -0.921676 2.442347 -2.2537949 -2.2537949 -3.6888795 0.70710678 0 0.70710678 0
1.05 3 -3 0 0 0 -1.1343705 -0.77987969 -0.56718523 2.442347 -2.2537949 -2.2537949 -3.6888795 1 0 0 0
1.05 3 3 0 0 0 -0.56718523 -0.95712508 -1.1343705 2.442347 -2.2537949 -2.2537949 -3.6888795 1 0 0 0
-3 3 1.05 0 0 0 -0.88622693 -0.99257416 -0.63808339 2.442347 -2.2537949 -2.2537949 -3.6888795 0.70710678 0 0.70710678 0
3 3 1.05 0 0 0 -1.0280232 -0.70898154 -0.921676 2.442347 -2.2537949 -2.2537949 -3.6888795 0.70710678 0 0.70710678 0
1.2 0 -3 0 0 0 -0.85077785 -0.80469405 -0.74017673 2.442347 -2.2537949 -2.2537949 -3.6888795 0.70710678 0.70710678 0 0
1.2 3 -3 0 0 0 -1.0634723 -0.95712508 -0.70898154 2.442347 -2.2537949 -2.2537949 -3.6888795 0.70710678 0.70710678 0 0
1.2 0 -2.85 0 0 0 -0.85077785 -0.80469405 -0.74017673 2.442347 -2.2537949 -2.2537949 -3.6888795 0.70710678 0.70710678 0 0
1.2 3 -2.85 0 0 0 -1.0634723 -0.95712508 -0.70898154 2.442347 -2.2537949 -2.2537949 -3.6888795 0.70710678 0.70710678 0 0
1.2 0 -2.7 0 0 0 -0.85077785 -0.80469405 -0.74017673 2.442347 -2.2537949 -2.2537949 -3.6888795 0.70710678 0.70710678 0 0
1.2 3 -2.7 0 0 0 -1.0634723 -0.95712508 -0.70898154 2.442347 -2.2537949 -2.2537949 -3.6888795 0.70710678 0.70710678 0 0
1.2 0 -2.55 0 0 0 -0.85077785 -0.80469405 -0.74017673 2.442347 -2.2537949 -2.2537949 -3.6888795 0.70710678 0.70710678 0 0
1.2 3 -2.55 0 0 0 -1.0634723 -0.95712508 -0.70898154 2.442347 -2.2537949 -2.2537949 -3.6888795 0.70710678 0.70710678 0 0
1.2 0 -2.4 0 0 0 -0.85077785 -0.80469405 -0.74017673 2.442347 -2.2537949 -2.2537949 -3.6888795 0.70710678 0.70710678 0 0
1.2 3 -2.4 0 0 0 -1.0634723 -0.95712508 -0.70898154 2.442347 -2.2537949 -2.2537949 -3.6888795 0.70710678 0.70710678 0 0
1.2 0 -2.25 0 0 0 -0.28359262 -0.20914955 -0.10492927 2.442347 -2.2537949 -2.2537949 -3.6888795 0.70710678 0.70710678 0 0
1.2 3 -2.25 0 0 0 -1.0634723 -0.95712508 -0.70898154 2.442347 -2.2537949 -2.2537949 -3.6888795 0.70710678 0.70710678 0 0
1.2 0 -2.1 0 0 0 -0.28359262 -0.20914955 -0.10492927 2.442347 -2.2537949 -2.2537949 -3.6888795 0.70710678 0.70710678 0 0
1.2 3 -2.1 0 0 0 -1.0634723 -0.95712508 -0.70898154 2.442347 -2.2537949 -2.2537949 -3.6888795 0.70710678 0.70710678 0 0
1.2 0 -1.95 0 0 0 -0.28359262 -0.20914955 -0.10492927 2.442347 -2.2537949 -2.2537949 -3.6888795 0.70710678 0.70710678 0 0
1.2 3 -1.95 0 0 0 -1.0634723 -0.95712508 -0.70898154 2.442347 -2.2537949 -2.2537949 -3.6888795 0.70710678 0.70710678 0 0
1.2 0 -1.8 0 0 0 -0.28359262 -0.20914955 -0.10492927 2.442347 -2.2537949 -2.2537949 -3.6888795 0.70710678 0.70710678 0 0
1.2 3 -1.8 0 0 0 -1.0634723 -0.95712508 -0.70898154 2.442347 -2.2537949 -2.2537949 -3.6888795 0.70710678 0.70710678 0 0
1.2 0 -1.65 0 0 0 -0.28359262 -0.20914955 -0.10492927 2.442347 -2.2537949 -2.2537949 -3.6888795 0.70710678 0.70710678 0 0
1.2 3 -1.65 0 0 0 -1.0634723 -0.95712508 -0.70898154 2.442347 -2.2537949 -2.2537949 -3.6888795 0.70710678 0.70710678 0 0
1.2 0 -1.5 0 0 0 -0.85077785 -0.80469405 -0.74017673 2.442347 -2.2537949 -2.2537949 -3.6888795 0.70710678 0.70710678 0 0
1.2 3 -1.5 0 0 0 -1.0634723 -0.95712508 -0.70898154 2.442347 -2.2537949 -2.2537949 -3.6888795 0.70710678 0.70710678 0 0
1.2 0 -1.35 0 0 0 -0.85077785 -0.80469405 -0.74017673 2.442347 -2.2537949 -2.2537949 -3.6888795 0.70710678 0.70710678 0 0
1.2 3 -1.35 0 0 0 -1.0634723 -0.95712508 -0.70898154 2.442347 -2.2537949 -2.2537949 -3.6888795 0.70710678 0.70710678 0 0
1.2 0 -1.2 0 0 0 -0.85077785 -0.80469405 -0.74017673 2.442347 -2.2537949 -2.2537949 -3.6888795 0.70710678 0.70710678 0 0
1.2 3 -1.2 0 0 0 -1.0634723 -0.95712508 -0.70898154 2.442347 -2.2537949 -2.2537949 -3.6888795 0.70710678 0.70710678 0 0
1.2 0 -1.05 0 0 0 -0.85077785 -0.80469405 -0.74017673 2.442347 -2.2537949 -2.2537949 -3.6888795 0.70710678 0.70710678 0 0
1.2 3 -1.05 0 0 0 -1.0634723 -0.95712508 -0.70898154 2.442347 -2.2537949 -2.2537949 -3.6888795 0.70710678 0.70710678 0 0
1.2 0 -0.9 0 0 0 -0.85077785 -0.80469405 -0.74017673 2.442347 -2.2537949 -2.2537949 -3.6888795 0.70710678 0.70710678 0 0
1.2 3 -0.9 0 0 0 -1.0634723 -0.95712508 -0.70898154 2.442347 -2.2537949 -2.2537949 -3.6888795 0.70710678 0.70710678 0 0
1.2 0 -0.75 0 0 0 -0.28359262 -0.20914955 -0.10492927 2.442347 -2.2537949 -2.2537949 -3.6888795 0.70710678 0.70710678 0 0
1.2 3 -0.75 0 0 0 -1.0634723 -0.95712508 -0.70898154 2.442347 -2.2537949 -2.2537949 -3.6888795 0.70710678 0.70710678 0 0
1.2 0 -0.6 0 0 0 -0.28359262 -0.20914955 -0.10492927 2.442347 -2.2537949 -2.2537949 -3.6888795 0.70710678 0.70710678 0 0
1.2 3 -0.6 0 0 0 -1.0634723 -0.95712508 -0.70898154 2.442347 -2.2537949 -2.2537949 -3.6888795 0.70710678 0.70710678 0 0
1.2 0 -0.45 0 0 0 -0.28359262 -0.20914955 -0.10492927 2.442347 -2.2537949 -2.2537949 -3.6888795 0.70710678 0.70710678 0 0
1.2 3 -0.45 0 0 0 -1.0634723 -0.95712508 -0.70898154 2.442347 -2.2537949 -2.2537949 -3.6888795 0.70710678 0.70710678 0 0
1.2 0 -0.3 0 0 0 -0.28359262 -0.20914955 -0.10492927 2.442347 -2.2537949 -2.2537949 -3.6888795 0.70710678 0.70710678 0 0
1.2 3 -0.3 0 0 0 -1.0634723 -0.95712508 -0.70898154 2.442347 -2.2537949 -2.2537949 -3.6888795 0.70710678 0.70710678 0 0
1.2 0 -0.15 0 0 0 -0.28359262 -0.20914955 -0.10492927 2.442347 -2.2537949 -2.2537949 -3.6888795 0.70710678 0.70710678 0 0
1.2 3 -0.15 0 0 0 -1.0634723 -0.95712508 -0.70898154 2.442347 -2.2537949 -2.2537949 -3.6888795 0.70710678 0.70710678 0 0
1.2 0 0 0 0 0 -0.85077785 -0.80469405 -0.74017673 2.442347 -2.2537949 -2.2537949 -3.6888795 0.70710678 0.70710678 0 0
1.2 3 0 0 0 0 -1.0634723 -0.95712508 -0.70898154 2.442347 -2.2537949 -2.2537949 -3.6888795 0.70710678 0.70710678 0 0
1.2 0 0.15 0 0 0 -0.85077785 -0.80469405 -0.74017673 2.442347 -2.2537949 -2.2537949 -3.6888795 0.70710678 0.70710678 0 0
1.2 3 0.15 0 0 0 -1.0634723 -0.95712508 -0.70898154 2.442347 -2.2537949 -2.2537949 -3.6888795 0.70710678 0.70710678 0 0
1.2 0 0.3 0 0 0 -0.85077785 -0.80469405 -0.74017673 2.442347 -2.2537949 -2.2537949 -3.6888795 0.70710678 0.70710678 0 0
1.2 3 0.3 0 0 0 -1.0634723 -0.95712508 -0.70898154 2.442347 -2.2537949 -2.2537949 -3.6888795 0.70710678 0.70710678 0 0
1.2 0 0.45 0 0 0 -0.85077785 -0.80469405 -0.74017673 2.442347 -2.2537949 -2.2537949 -3.6888795 0.70710678 0.70710678 0 0
1.2 3 0.45 0 0 0 -1.0634723 -0.95712508 -0.70898154 2.442347 -2.2537949 -2.2537949 -3.6888795 0.70710678 0.70710678 0 0
1.2 0 0.6 0 0 0 -0.85077785 -0.80469405 -0.74017673 2.442347 -2.2537949 -2.2537949 -3.6888795 0.70710678 0.70710678 0 0
1.2 3 0.6 0 0 0 -1.0634723 -0.95712508 -0.70898154 2.442347 -2.2537949 -2.2537949 -3.6888795 0.70710678 0.70710678 0 0
1.2 0 0.75 0 0 0 -0.28359262 -0.20914955 -0.10492927 2.442347 -2.2537949 -2.2537949 -3.6888795 0.70710678 0.70710678 0 0
1.2 3 0.75 0 0 0 -1.0634723 -0.95712508 -0.70898154 2.442347 -2.2537949 -2.2537949 -3.6888795 0.70710678 0.70710678 0 0
1.2 0 0.9 0 0 0 -0.28359262 -0.20914955 -0.10492927 2.442347 -2.2537949 -2.2537949 -3.6888795 0.70710678 0.70710678 0 0
1.2 3 0.9 0 0 0 -1.0634723 -0.95712508 -0.70898154 2.442347 -2.2537949 -2.2537949 -3.6888795 0.70710678 0.70710678 0 0
1.2 0 1.05 0 0 0 -0.28359262 -0.20914955 -0.10492927 2.442347 -2.2537949 -2.2537949 -3.6888795 0.70710678 0.70710678 0 0
1.2 3 1.05 0 0 0 -1.0634723 -0.95712508 -0.70898154 2.442347 -2.2537949 -2.2537949 -3.6888795 0.70710678 0.70710678 0 0
1.2 0 1.2 0 0 0 -0.28359262 -0.20914955 -0.10492927 2.442347 -2.2537949 -2.2537949 -3.6888795 0.70710678 0.70710678 0 0
1.2 3 1.2 0 0 0 -1.0634723 -0.95712508 -0.70898154 2.442347 -2.2537949 -2.2537949 -3.6888795 0.70710678 0.70710678 0 0
1.2 0 1.35 0 0 0 -0.28359262 -0.20914955 -0.10492927 2.442347 -2.2537949 -2.2537949 -3.6888795 0.70710678 0.70710678 0 0
1.2 3 1.35 0 0 0 -1.0634723 -0.95712508 -0.70898154 2.442347 -2.2537949 -2.2537949 -3.6888795 0.70710678 0.70710678 0 0
1.2 0 1.5 0 0 0 -0.85077785 -0.80469405 -0.74017673 2.442347 -2.2537949 -2.2537949 -3.6888795 0.70710678 0.70710678 0 0
1.2 3 1.5 0 0 0 -1.0634723 -0.95712508 -0.70898154 2.442347 -2.2537949 -2.2537949 -3.6888795 0.70710678 0.70710678 0 0
1.2 0 1.65 0 0 0 -0.85077785 -0.80469405 -0.74017673 2.442347 -2.2537949 -2.2537949 -3.6888795 0.70710678 0.70710678 0 0
1.2 3 1.65 0 0 0 -1.0634723 -0.95712508 -0.70898154 2.442347 -2.2537949 -2.2537949 -3.6888795 0.70710678 0.70710678 0 0
1.2 0 1.8 0 0 0 -0.85077785 -0.80469405 -0.74017673 2.442347 -2.2537949 -2.2537949 -3.6888795 0.70710678 0.70710678 0 0
1.2 3 1.8 0 0 0 -1.0634723 -0.95712508 -0.70898154 2.442347 -2.2537949 -2.2537949 -3.6888795 0.70710678 0.70710678 0 0
1.2 0 1.95 0 0 0 -0.85077785 -0.80469405 -0.74017673 2.442347 -2.2537949 -2.2537949 -3.6888795 0.70710678 0.70710678 0 0
1.2 3 1.95 0 0 0 -1.0634723 -0.95712508 -0.70898154 2.442347 -2.2537949 -2.2537949 -3.6888795 0.70710678 0.70710678 0 0
1.2 0 2.1 0 0 0 -0.85077785 -0.80469405 -0.74017673 2.442347 -2.2537949 -2.2537949 -3.6888795 0.70710678 0.70710678 0 0
1.2 3 2.1 0 0 0 -1.0634723 -0.95712508 -0.70898154 2.442347 -2.2537949 -2.2537949 -3.6888795 0.70710678 0.70710678 0 0
1.2 0 2.25 0 0 0 -0.28359262 -0.20914955 -0.10492927 2.442347 -2.2537949 -2.2537949 -3.6888795 0.70710678 0.70710678 0 0
1.2 3 2.25 0 0 0 -1.0634723 -0.95712508 -0.70898154 2.442347 -2.2537949 -2.2537949 -3.6888795 0.70710678 0.70710678 0 0
1.2 0 2.4 0 0 0 -0.28359262 -0.20914955 -0.10492927 2.442347 -2.2537949 -2.2537949 -3.6888795 0.70710678 0.70710678 0 0
1.2 3 2.4 0 0 0 -1.0634723 -0.95712508 -0.70898154 2.442347 -2.2537949 -2.2537949 -3.6888795 0.70710678 0.70710678 0 0
1.2 0 2.55 0 0 0 -0.28359262 -0.20914955 -0.10492927 2.442347 -2.2537949 -2.2537949 -3.6888795 0.70710678 0.70710678 0 0
1.2 3 2.55 0 0 0 -1.0634723 -0.95712508 -0.70898154 2.442347 -2.2537949 -2.2537949 -3.6888795 0.70710678 0.70710678 0 0
1.2 0 2.7 0 0 0 -0.28359262 -0.20914955 -0.10492927 2.442347 -2.2537949 -2.2537949 -3.6888795 0.70710678 0.70710678 0 0
1.2 3 2.7 0 0 0 -1.0634723 -0.95712508 -0.70898154 2.442347 -2.2537949 -2.2537949 -3.6888795 0.70710678 0.70710678 0 0
1.2 0 2.85 0 0 0 -0.28359262 -0.20914955 -0.10492927 2.442347 -2.2537949 -2.2537949 -3.6888795 0.70710678 0.70710678 0 0
1.2 3 2.85 0 0 0 -1.0634723 -0.95712508 -0.70898154 2.442347 -2.2537949 -2.2537949 -3.6888795 0.70710678 0.70710678 0 0
1.2 0 3 0 0 0 -0.85077785 -0.80469405 -0.74017673 2.442347 -2.2537949 -2.2537949 -3.6888795 0.70710678 0.70710678 0 0
1.2 3 3 0 0 0 -1.0634723 -0.95712508 -0.70898154 2.442347 -2.2537949 -2.2537949 -3.6888795 0.70710678 0.70710678 0 0
1.2 0 -3 0 0 0 -1.1343705 -0.77987969 -0.56718523 2.442347 -2.2537949 -2.2537949 -3.6888795 1 0 0 0
1.2 0 3 0 0 0 -0.56718523 -0.95712508 -1.1343705 2.442347 -2.2537949 -2.2537949 -3.6888795 1 0 0 0
-3 0 1.2 0 0 0 -0.88622693 -0.99257416 -0.63808339 2.442347 -2.2537949 -2.2537949 -3.6888795 0.70710678 0 0.70710678 0
3 0 1.2 0 0 0 -1.0280232 -0.70898154 -0.921676 2.442347 -2.2537949 -2.2537949 -3.6888795 0.70710678 0 0.70710678 0
1.2 0.15 -3 0 0 0 -1.1343705 -0.77987969 -0.56718523 2.442347 -2.2537949 -2.2537949 -3.6888795 1 0 0 0
1.2 0.15 3 0 0 0 -0.56718523 -0.95712508 -1.1343705 2.442347 -2.2537949 -2.2537949 -3.6888795 1 0 0 0
-3 0.15 1.2 0 0 0 -0.88622693 -0.99257416 -0.63808339 2.442347 -2.2537949 -2.2537949 -3.6888795 0.70710678 0 0.70710678 0
3 0.15 1.2 0 0 0 -1.0280232 -0.70898154 -0.921676 2.442347 -2.2537949 -2.2537949 -3.6888795 0.70710678 0 0.70710678 0
1.2 0.3 -3 0 0 0 -1.1343705 -0.77987969 -0.56718523 2.442347 -2.2537949 -2.2537949 -3.6888795 1 0 0 0
1.2 0.3 3 0 0 0 -0.56718523 -0.95712508 -1.1343705 2.442347 -2.2537949 -2.2537949 -3.6888795 1 0 0 0
-3 0.3 1.2 0 0 0 -0.88622693 -0.99257416 -0.63808339 2.442347 -2.2537949 -2.2537949 -3.6888795 0.70710678 0 0.70710678 0
3 0.3 1.2 0 0 0 -1.0280232 -0.70898154 -0.921676 2.442347 -2.2537949 -2.2537949 -3.6888795 0.70710678 0 0.70710678 0
1.2 0.45 -3 0 0 0 -1.1343705 -0.77987969 -0.56718523 2.442347 -2.2537949 -2.2537949 -3.6888795 1 0 0 0
1.2 0.45 3 0 0 0 -0.56718523 -0.95712508 -1.1343705 2.442347 -2.2537949 -2.2537949 -3.6888795 1 0 0 0
-3 0.45 1.2 0 0 0 -0.88622693 -0.99257416 -0.63808339 2.442347 -2.2537949 -2.2537949 -3.6888795 0.70710678 0 0.70710678 0
3 0.45 1.2 0 0 0 -1.0280232 -0.70898154 -0.921676 2.442347 -2.2537949 -2.2537949 -3.6888795 0.70710678 0 0.70710678 0
1.2 0.6 -3 0 0 0 -1.1343705 -0.77987969 -0.56718523 2.442347 -2.2537949 -2.2537949 -3.6888795 1 0 0 0
1.2 0.6 3 0 0 0 -0.56718523 -0.95712508 -1.1343705 2.442347 -2.2537949 -2.2537949 -3.6888795 1 0 0 0
-3 0.6 1.2 0 0 0 -0.88622693 -0.99257416 -0.63808339 2.442347 -2.2537949 -2.2537949 -3.6888795 0.70710678 0 0.70710678 0
3 0.6 1.2 0 0 0 -1.0280232 -0.70898154 -0.921676 2.442347 -2.2537949 -2.2537949 -3.6888795 0.70710678 0 0.70710678 0
1.2 0.75 -3 0 0 0 -1.1343705 -0.77987969 -0.56718523 2.442347 -2.2537949 -2.2537949 -3.6888795 1 0 0 0
1.2 0.75 3 0 0 0 -0.56718523 -0.95712508 -1.1343705 2.442347 -2.2537949 -2.2537949 -3.6888795 1 0 0 0
-3 0.75 1.2 0 0 0 -0.88622693 -0.99257416 -0.63808339 2.442347 -2.2537949 -2.2537949 -3.6888795 0.70710678 0 0.70710678 0
3 0.75 1.2 0 0 0 -1.0280232 -0.70898154 -0.921676 2.442347 -2.2537949 -2.2537949 -3.6888795 0.70710678 0 0.70710678 0
1.2 0.9 -3 0 0 0 -1.1343705 -0.77987969 -0.56718523 2.442347 -2.2537949 -2.2537949 -3.6888795 1 0 0 0
1.2 0.9 3 0 0 0 -0.56718523 -0.95712508 -1.1343705 2.442347 -2.2537949 -2.2537949 -3.6888795 1 0 0 0
-3 0.9 1.2 0 0 0 -0.88622693 -0.99257416 -0.63808339 2.442347 -2.2537949 -2.2537949 -3.6888795 0.70710678 0 0.70710678 0
3 0.9 1.2 0 0 0 -1.0280232 -0.70898154 -0.921676 2.442347 -2.2537949 -2.2537949 -3.6888795 0.70710678 0 0.70710678 0
1.2 1.05 -3 0 0 0 -1.1343705 -0.77987969 -0.56718523 2.442347 -2.2537949 -2.2537949 -3.6888795 1 0 0 0
1.2 1.05 3 0 0 0 -0.56718523 -0.95712508 -1.1343705 2.442347 -2.2537949 -2.2537949 -3.6888795 1 0 0 0
-3 1.05 1.2 0 0 0 -0.88622693 -0.99257416 -0.63808339 2.442347 -2.2537949 -2.2537949 -3.6888795 0.70710678 0 0.70710678 0
3 1.05 1.2 0 0 0 -1.0280232 -0.70898154 -0.921676 2.442347 -2.2537949 -2.2537949 -3.6888795 0.70710678 0 0.70710678 0
1.2 1.2 -3 0 0 0 -1.1343705 -0.77987969 -0.56718523 2.442347 -2.2537949 -2.2537949 -3.6888795 1 0 0 0
1.2 1.2 3 0 0 0 -0.56718523 -0.95712508 -1.1343705 2.442347 -2.2537949 -2.2537949 -3.6888795 1 0 0 0
-3 1.2 1.2 0 0 0 -0.88622693 -0.99257416 -0.63808339 2.442347 -2.2537949 -2.2537949 -3.6888795 0.70710678 0 0.70710678 0
3 1.2 1.2 0 0 0 -1.0280232 -0.70898154 -0.921676 2.442347 -2.2537949 -2.2537949 -3.6888795 0.70710678 0 0.70710678 0
1.2 1.35 -3 0 0 0 -1.1343705 -0.77987969 -0.56718523 2.442347 -2.2537949 -2.2537949 -3.6888795 1 0 0 0
1.2 1.35 3 0 0 0 -0.56718523 -0.95712508 -1.1343705 2.442347 -2.2537949 -2.2537949 -3.6888795 1 0 0 0
-3 1.35 1.2 0 0 0 -0.88622693 -0.99257416 -0.63808339 2.442347 -2.2537949 -2.2537949 -3.6888795 0.70710678 0 0.70710678 0
3 1.35 1.2 0 0 0 -1.0280232 -0.70898154 -0.921676 2.442347 -2.2537949 -2.2537949 -3.6888795 0.70710678 0 0.70710678 0
1.2 1.5 -3 0 0 0 -1.1343705 -0.77987969 -0.56718523 2.442347 -2.2537949 -2.2537949 -3.6888795 1 0 0 0
1.2 1.5 3 0 0 0 -0.56718523 -0.95712508 -1.1343705 2.442347 -2.2537949 -2.2537949 -3.6888795 1 0 0 0
-3 1.5 1.2 0 0 0 -0.88622693 -0.99257416 -0.63808339 2.442347 -2.2537949 -2.2537949 -3.6888795 0.70710678 0 0.70710678 0
3 1.5 1.2 0 0 0 -1.0280232 -0.70898154 -0.921676 2.442347 -2.2537949 -2.2537949 -3.6888795 0.70710678 0 0.70710678 0
1.2 1.65 -3 0 0 0 -1.1343705 -0.77987969 -0.56718523 2.442347 -2.2537949 -2.2537949 -3.6888795 1 0 0 0
1.2 1.65 3 0 0 0 -0.56718523 -0.95712508 -1.1343705 2.442347 -2.2537949 -2.2537949 -3.6888795 1 0 0 0
-3 1.65 1.2 0 0 0 -0.88622693 -0.99257416 -0.63808339 2.442347 -2.2537949 -2.2537949 -3.6888795 0.70710678 0 0.70710678 0
3 1.65 1.2 0 0 0 -1.0280232 -0.70898154 -0.921676 2.442347 -2.2537949 -2.2537949 -3.6888795 0.70710678 0 0.70710678 0
1.2 1.8 -3 0 0 0 -1.1343705 -0.77987969 -0.56718523 2.442347 -2.2537949 -2.2537949 -3.6888795 1 0 0 0
1.2 1.8 3 0 0 0 -0.56718523 -0.95712508 -1.1343705 2.442347 -2.2537949 -2.2537949 -3.6888795 1 0 0 0
-3 1.8 1.2 0 0 0 -0.88622693 -0.99257416 -0.63808339 2.442347 -2.2537949 -2.2537949 -3.6888795 0.70710678 0 0.70710678 0
3 1.8 1.2 0 0 0 -1.0280232 -0.70898154 -0.921676 2.442347 -2.2537949 -2.2537949 -3.6888795 0.70710678 0 0.70710678 0
1.2 1.95 -3 0 0 0 -1.1343705 -0.77987969 -0.56718523 2.442347 -2.2537949 -2.2537949 -3.6888795 1 0 0 0
1.2 1.95 3 0 0 0 -0.56718523 -0.95712508 -1.1343705 2.442347 -2.2537949 -2.2537949 -3.6888795 1 0 0 0
-3 1.95 1.2 0 0 0 -0.88622693 -0.99257416 -0.63808339 2.442347 -2.2537949 -2.2537949 -3.6888795 0.70710678 0 0.70710678 0
3 1.95 1.2 0 0 0 -1.0280232 -0.70898154 -0.921676 2.442347 -2.2537949 -2.2537949 -3.6888795 0.70710678 0 0.70710678 0
1.2 2.1 -3 0 0 0 -1.1343705 -0.77987969 -0.56718523 2.442347 -2.2537949 -2.2537949 -3.6888795 1 0 0 0
1.2 2.1 3 0 0 0 -0.56718523 -0.95712508 -1.1343705 2.442347 -2.2537949 -2.2537949 -3.6888795 1 0 0 0
-3 2.1 1.2 0 0 0 -0.88622693 -0.99257416 -0.63808339 2.442347 -2.2537949 -2.2537949 -3.6888795 0.70710678 0 0.70710678 0
3 2.1 1.2 0 0 0 -1.0280232 -0.70898154 -0.921676 2.442347 -2.2537949 -2.2537949 -3.6888795 0.70710678 0 0.70710678 0
1.2 2.25 -3 0 0 0 -1.1343705 -0.77987969 -0.56718523 2.442347 -2.2537949 -2.2537949 -3.6888795 1 0 0 0
1.2 2.25 3 0 0 0 -0.56718523 -0.95712508 -1.1343705 2.442347 -2.2537949 -2.2537949 -3.6888795 1 0 0 0
-3 2.25 1.2 0 0 0 -0.88622693 -0.99257416 -0.63808339 2.442347 -2.2537949 -2.2537949 -3.6888795 0.70710678 0 0.70710678 0
3 2.25 1.2 0 0 0 -1.0280232 -0.70898154 -0.921676 2.442347 -2.2537949 -2.2537949 -3.6888795 0.70710678 0 0.70710678 0
1.2 2.4 -3 0 0 0 -1.1343705 -0.77987969 -0.56718523 2.442347 -2.2537949 -2.2537949 -3.6888795 1 0 0 0
1.2 2.4 3 0 0 0 -0.56718523 -0.95712508 -1.1343705 2.442347 -2.2537949 -2.2537949 -3.6888795 1 0 0 0
-3 2.4 1.2 0 0 0 -0.88622693 -0.99257416 -0.63808339 2.442347 -2.2537949 -2.2537949 -3.6888795 0.70710678 0 0.70710678 0
3 2.4 1.2 0 0 0 -1.0280232 -0.70898154 -0.921676 2.442347 -2.2537949 -2.2537949 -3.6888795 0.70710678 0 0.70710678 0
1.2 2.55 -3 0 0 0 -1.1343705 -0.77987969 -0.56718523 2.442347 -2.2537949 -2.2537949 -3.6888795 1 0 0 0
1.2 2.55 3 0 0 0 -0.56718523 -0.95712508 -1.1343705 2.442347 -2.2537949 -2.2537949 -3.6888795 1 0 0 0
-3 2.55 1.2 0 0 0 -0.88622693 -0.99257416 -0.63808339 2.442347 -2.2537949 -2.2537949 -3.6888795 0.70710678 0 0.70710678 0
3 2.55 1.2 0 0 0 -1.0280232 -0.70898154 -0.921676 2.442347 -2.2537949 -2.2537949 -3.6888795 0.70710678 0 0.70710678 0
1.2 2.7 -3 0 0 0 -1.1343705 -0.77987969 -0.56718523 2.442347 -2.2537949 -2.2537949 -3.6888795 1 0 0 0
1.2 2.7 3 0 0 0 -0.56718523 -0.95712508 -1.1343705 2.442347 -2.2537949 -2.2537949 -3.6888795 1 0 0 0
-3 2.7 1.2 0 0 0 -0.88622693 -0.99257416 -0.63808339 2.442347 -2.2537949 -2.2537949 -3.6888795 0.70710678 0 0.70710678 0
3 2.7 1.2 0 0 0 -1.0280232 -0.70898154 -0.921676 2.442347 -2.2537949 -2.2537949 -3.6888795 0.70710678 0 0.70710678 0
1.2 2.85 -3 0 0 0 -1.1343705 -0.77987969 -0.56718523 2.442347 -2.2537949 -2.2537949 -3.6888795 1 0 0 0
1.2 2.85 3 0 0 0 -0.56718523 -0.95712508 -1.1343705 2.442347 -2.2537949 -2.2537949 -3.6888795 1 0 0 0
-3 2.85 1.2 0 0 0 -0.88622693 -0.99257416 -0.63808339 2.442347 -2.2537949 -2.2537949 -3.6888795 0.70710678 0 0.70710678 0
3 2.85 1.2 0 0 0 -1.0280232 -0.70898154 -0.921676 2.442347 -2.2537949 -2.2537949 -3.6888795 0.70710678 0 0.70710678 0
1.2 3 -3 0 0 0 -1.1343705 -0.77987969 -0.56718523 2.442347 -2.2537949 -2.2537949 -3.6888795 1 0 0 0
1.2 3 3 0 0 0 -0.56718523 -0.95712508 -1.1343705 2.442347 -2.2537949 -2.2537949 -3.6888795 1 0 0 0
-3 3 1.2 0 0 0 -0.88622693 -0.99257416 -0.63808339 2.442347 -2.2537949 -2.2537949 -3.6888795 0.70710678 0 0.70710678 0
3 3 1.2 0 0 0 -1.0280232 -0.70898154 -0.921676 2.442347 -2.2537949 -2.2537949 -3.6888795 0.70710678 0 0.70710678 0
1.35 0 -3 0 0 0 -0.85077785 -0.80469405 -0.74017673 2.442347 -2.2537949 -2.2537949 -3.6888795 0.70710678 0.70710678 0 0
1.35 3 -3 0 0 0 -1.0634723 -0.95712508 -0.70898154 2.442347 -2.2537949 -2.2537949 -3.6888795 0.70710678 0.70710678 0 0
1.35 0 -2.85 0 0 0 -0.85077785 -0.80469405 -0.74017673 2.442347 -2.2537949 -2.2537949 -3.6888795 0.70710678 0.70710678 0 0
1.35 3 -2.85 0 0 0 -1.0634723 -0.95712508 -0.70898154 2.442347 -2.2537949 -2.2537949 -3.6888795 0.70710678 0.70710678 0 0
1.35 0 -2.7 0 0 0 -0.85077785 -0.80469405 -0.74017673 2.442347 -2.2537949 -2.2537949 -3.6888795 0.70710678 0.70710678 0 0
1.35 3 -2.7 0 0 0 -1.0634723 -0.95712508 -0.70898154 2.442347 -2.2537949 -2.2537949 -3.6888795 0.70710678 0.70710678 0 0
1.35 0 -2.55 0 0 0 -0.85077785 -0.80469405 -0.74017673 2.442347 -2.2537949 -2.2537949 -3.6888795 0.70710678 0.70710678 0 0
1.35 3 -2.55 0 0 0 -1.0634723 -0.95712508 -0.70898154 2.442347 -2.2537949 -2.2537949 -3.6888795 0.70710678 0.70710678 0 0
1.35 0 -2.4 0 0 0 -0.85077785 -0.80469405 -0.74017673 2.442347 -2.2537949 -2.2537949 -3.6888795 0.70710678 0.70710678 0 0
1.35 3 -2.4 0 0 0 -1.0634723 -0.95712508 -0.70898154 2.442347 -2.2537949 -2.2537949 -3.6888795 0.70710678 0.70710678 0 0
1.35 0 -2.25 0 0 0 -0.28359262 -0.20914955 -0.10492927 2.442347 -2.2537949 -2.2537949 -3.6888795 0.70710678 0.70710678 0 0
1.35 3 -2.25 0 0 0 -1.0634723 -0.95712508 -0.70898154 2.442347 -2.2537949 -2.2537949 -3.6888795 0.70710678 0.70710678 0 0
1.35 0 -2.1 0 0 0 -0.28359262 -0.20914955 -0.10492927 2.442347 -2.2537949 -2.2537949 -3.6888795 0.70710678 0.70710678 0 0
1.35 3 -2.1 0 0 0 -1.0634723 -0.95712508 -0.70898154 2.442347 -2.2537949 -2.2537949 -3.6888795 0.70710678 0.70710678 0 0
1.35 0 -1.95 0 0 0 -0.28359262 -0.20914955 -0.10492927 2.442347 -2.2537949 -2.2537949 -3.6888795 0.70710678 0.70710678 0 0
1.35 3 -1.95 0 0 0 -1.0634723 -0.95712508 -0.70898154 2.442347 -2.2537949 -2.2537949 -3.6888795 0.70710678 0.70710678 0 0
1.35 0 -1.8 0 0 0 -0.28359262 -0.20914955 -0.10492927 2.442347 -2.2537949 -2.2537949 -3.6888795 0.70710678 0.70710678 0 0
1.35 3 -1.8 0 0 0 -1.0634723 -0.95712508 -0.70898154 2.442347 -2.2537949 -2.2537949 -3.6888795 0.70710678 0.70710678 0 0
1.35 0 -1.65 0 0 0 -0.28359262 -0.20914955 -0.10492927 2.442347 -2.2537949 -2.2537949 -3.6888795 0.70710678 0.70710678 0 0
1.35 3 -1.65 0 0 0 -1.0634723 -0.95712508 -0.70898154 2.442347 -2.2537949 -2.2537949 -3.6888795 0.70710678 0.70710678 0 0
1.35 0 -1.5 0 0 0 -0.85077785 -0.80469405 -0.74017673 2.442347 -2.2537949 -2.2537949 -3.6888795 0.70710678 0.70710678 0 0
1.35 3 -1.5 0 0 0 -1.0634723 -0.95712508 -0.70898154 2.442347 -2.2537949 -2.2537949 -3.6888795 0.70710678 0.70710678 0 0
1.35 0 -1.35 0 0 0 -0.85077785 -0.80469405 -0.74017673 2.442347 -2.2537949 -2.2537949 -3.6888795 0.70710678 0.70710678 0 0
1.35 3 -1.35 0 0 0 -1.0634723 -0.95712508 -0.70898154 2.442347 -2.2537949 -2.2537949 -3.6888795 0.70710678 0.70710678 0 0
1.35 0 -1.2 0 0 0 -0.85077785 -0.80469405 -0.74017673 2.442347 -2.2537949 -2.2537949 -3.6888795 0.70710678 0.70710678 0 0
1.35 3 -1.2 0 0 0 -1.0634723 -0.95712508 -0.70898154 2.442347 -2.2537949 -2.2537949 -3.6888795 0.70710678 0.70710678 0 0
1.35 0 -1.05 0 0 0 -0.85077785 -0.80469405 -0.74017673 2.442347 -2.2537949 -2.2537949 -3.6888795 0.70710678 0.70710678 0 0
1.35 3 -1.05 0 0 0 -1.0634723 -0.95712508 -0.70898154 2.442347 -2.2537949 -2.2537949 -3.6888795 0.70710678 0.70710678 0 0
1.35 0 -0.9 0 0 0 -0.85077785 -0.80469405 -0.74017673 2.442347 -2.2537949 -2.2537949 -3.6888795 0.70710678 0.70710678 0 0
1.35 3 -0.9 0 0 0 -1.0634723 -0.95712508 -0.70898154 2.442347 -2.2537949 -2.2537949 -3.6888795 0.70710678 0.70710678 0 0
1.35 0 -0.75 0 0 0 -0.28359262 -0.20914955 -0.10492927 2.442347 -2.2537949 -2.2537949 -3.6888795 0.70710678 0.70710678 0 0
1.35 3 -0.75 0 0 0 -1.0634723 -0.95712508 -0.70898154 2.442347 -2.2537949 -2.2537949 -3.6888795 0.70710678 0.70710678 0 0
1.35 0 -0.6 0 0 0 -0.28359262 -0.20914955 -0.10492927 2.442347 -2.2537949 -2.2537949 -3.6888795 0.70710678 0.70710678 0 0
1.35 3 -0.6 0 0 0 -1.0634723 -0.95712508 -0.70898154 2.442347 -2.2537949 -2.2537949 -3.6888795 0.70710678 0.70710678 0 0
1.35 0 -0.45 0 0 0 -0.28359262 -0.20914955 -0.10492927 2.442347 -2.2537949 -2.2537949 -3.6888795 0.70710678 0.70710678 0 0
1.35 3 -0.45 0 0 0 -1.0634723 -0.95712508 -0.70898154 2.442347 -2.2537949 -2.2537949 -3.6888795 0.70710678 0.70710678 0 0
1.35 0 -0.3 0 0 0 -0.28359262 -0.20914955 -0.10492927 2.442347 -2.2537949 -2.2537949 -3.6888795 0.70710678 0.70710678 0 0
1.35 3 -0.3 0 0 0 -1.0634723 -0.95712508 -0.70898154 2.442347 -2.2537949 -2.2537949 -3.6888795 0.70710678 0.70710678 0 0
1.35 0 -0.15 0 0 0 -0.28359262 -0.20914955 -0.10492927 2.442347 -2.2537949 -2.2537949 -3.6888795 0.70710678 0.70710678 0 0
1.35 3 -0.15 0 0 0 -1.0634723 -0.95712508 -0.70898154 2.442347 -2.2537949 -2.2537949 -3.6888795 0.70710678 0.70710678 0 0
1.35 0 0 0 0 0 -0.85077785 -0.80469405 -0.74017673 2.442347 -2.2537949 -2.2537949 -3.6888795 0.70710678 0.70710678 0 0
1.35 3 0 0 0 0 -1.0634723 -0.95712508 -0.70898154 2.442347 -2.2537949 -2.2537949 -3.6888795 0.70710678 0.70710678 0 0
1.35 0 0.15 0 0 0 -0.85077785 -0.80469405 -0.74017673 2.442347 -2.2537949 -2.2537949 -3.6888795 0.70710678 0.70710678 0 0
1.35 3 0.15 0 0 0 -1.0634723 -0.95712508 -0.70898154 2.442347 -2.2537949 -2.2537949 -3.6888795 0.70710678 0.70710678 0 0
1.35 0 0.3 0 0 0 -0.85077785 -0.80469405 -0.74017673 2.442347 -2.2537949 -2.2537949 -3.6888795 0.70710678 0.70710678 0 0
1.35 3 0.3 0 0 0 -1.0634723 -0.95712508 -0.70898154 2.442347 -2.2537949 -2.2537949 -3.6888795 0.70710678 0.70710678 0 0
1.35 0 0.45 0 0 0 -0.85077785 -0.80469405 -0.74017673 2.442347 -2.2537949 -2.2537949 -3.6888795 0.70710678 0.70710678 0 0
1.35 3 0.45 0 0 0 -1.0634723 -0.95712508 -0.70898154 2.442347 -2.2537949 -2.2537949 -3.6888795 0.70710678 0.70710678 0 0
1.35 0 0.6 0 0 0 -0.85077785 -0.80469405 -0.74017673 2.442347 -2.2537949 -2.2537949 -3.6888795 0.70710678 0.70710678 0 0
1.35 3 0.6 0 0 0 -1.0634723 -0.95712508 -0.70898154 2.442347 -2.2537949 -2.2537949 -3.6888795 0.70710678 0.70710678 0 0
1.35 0 0.75 0 0 0 -0.28359262 -0.20914955 -0.10492927 2.442347 -2.2537949 -2.2537949 -3.6888795 0.70710678 0.70710678 0 0
1.35 3 0.75 0 0 0 -1.0634723 -0.95712508 -0.70898154 2.442347 -2.2537949 -2.2537949 -3.6888795 0.70710678 0.70710678 0 0
1.35 0 0.9 0 0 0 -0.28359262 -0.20914955 -0.10492927 2.442347 -2.2537949 -2.2537949 -3.6888795 0.70710678 0.70710678 0 0
1.35 3 0.9 0 0 0 -1.0634723 -0.95712508 -0.70898154 2.442347 -2.2537949 -2.2537949 -3.6888795 0.70710678 0.70710678 0 0
1.35 0 1.05 0 0 0 -0.28359262 -0.20914955 -0.10492927 2.442347 -2.2537949 -2.2537949 -3.6888795 0.70710678 0.70710678 0 0
1.35 3 1.05 0 0 0 -1.0634723 -0.95712508 -0.70898154 2.442347 -2.2537949 -2.2537949 -3.6888795 0.70710678 0.70710678 0 0
1.35 0 1.2 0 0 0 -0.28359262 -0.20914955 -0.10492927 2.442347 -2.2537949 -2.2537949 -3.6888795 0.70710678 0.70710678 0 0
1.35 3 1.2 0 0 0 -1.0634723 -0.95712508 -0.70898154 2.442347 -2.2537949 -2.2537949 -3.6888795 0.70710678 0.70710678 0 0
1.35 0 1.35 0 0 0 -0.28359262 -0.20914955 -0.10492927 2.442347 -2.2537949 -2.2537949 -3.6888795 0.70710678 0.70710678 0 0
1.35 3 1.35 0 0 0 -1.0634723 -0.95712508 -0.70898154 2.442347 -2.2537949 -2.2537949 -3.6888795 0.70710678 0.70710678 0 0
1.35 0 1.5 0 0 0 -0.85077785 -0.80469405 -0.74017673 2.442347 -2.2537949 -2.2537949 -3.6888795 0.70710678 0.70710678 0 0
1.35 3 1.5 0 0 0 -1.0634723 -0.95712508 -0.70898154 2.442347 -2.2537949 -2.2537949 -3.6888795 0.70710678 0.70710678 0 0
1.35 0 1.65 0 0 0 -0.85077785 -0.80469405 -0.74017673 2.442347 -2.2537949 -2.2537949 -3.6888795 0.70710678 0.70710678 0 0
1.35 3 1.65 0 0 0 -1.0634723 -0.95712508 -0.70898154 2.442347 -2.2537949 -2.2537949 -3.6888795 0.70710678 0.70710678 0 0
1.35 0 1.8 0 0 0 -0.85077785 -0.80469405 -0.74017673 2.442347 -2.2537949 -2.2537949 -3.6888795 0.70710678 0.70710678 0 0
1.35 3 1.8 0 0 0 -1.0634723 -0.95712508 -0.70898154 2.442347 -2.2537949 -2.2537949 -3.6888795 0.70710678 0.70710678 0 0
1.35 0 1.95 0 0 0 -0.85077785 -0.80469405 -0.74017673 2.442347 -2.2537949 -2.2537949 -3.6888795 0.70710678 0.70710678 0 0
1.35 3 1.95 0 0 0 -1.0634723 -0.95712508 -0.70898154 2.442347 -2.2537949 -2.2537949 -3.6888795 0.70710678 0.70710678 0 0
1.35 0 2.1 0 0 0 -0.85077785 -0.80469405 -0.74017673 2.442347 -2.2537949 -2.2537949 -3.6888795 0.70710678 0.70710678 0 0
1.35 3 2.1 0 0 0 -1.0634723 -0.95712508 -0.70898154 2.442347 -2.2537949 -2.2537949 -3.6888795 0.70710678 0.70710678 0 0
1.35 0 2.25 0 0 0 -0.28359262 -0.20914955 -0.10492927 2.442347 -2.2537949 -2.2537949 -3.6888795 0.70710678 0.70710678 0 0
1.35 3 2.25 0 0 0 -1.0634723 -0.95712508 -0.70898154 2.442347 -2.2537949 -2.2537949 -3.6888795 0.70710678 0.70710678 0 0
1.35 0 2.4 0 0 0 -0.28359262 -0.20914955 -0.10492927 2.442347 -2.2537949 -2.2537949 -3.6888795 0.70710678 0.70710678 0 0
1.35 3 2.4 0 0 0 -1.0634723 -0.95712508 -0.70898154 2.442347 -2.2537949 -2.2537949 -3.6888795 0.70710678 0.70710678 0 0
1.35 0 2.55 0 0 0 -0.28359262 -0.20914955 -0.10492927 2.442347 -2.2537949 -2.2537949 -3.6888795 0.70710678 0.70710678 0 0
1.35 3 2.55 0 0 0 -1.0634723 -0.95712508 -0.70898154 2.442347 -2.2537949 -2.2537949 -3.6888795 0.70710678 0.70710678 0 0
1.35 0 2.7 0 0 0 -0.28359262 -0.20914955 -0.10492927 2.442347 -2.2537949 -2.2537949 -3.6888795 0.70710678 0.70710678 0 0
1.35 3 2.7 0 0 0 -1.0634723 -0.95712508 -0.70898154 2.442347 -2.2537949 -2.2537949 -3.6888795 0.70710678 0.70710678 0 0
1.35 0 2.85 0 0 0 -0.28359262 -0.20914955 -0.10492927 2.442347 -2.2537949 -2.2537949 -3.6888795 0.70710678 0.70710678 0 0
1.35 3 2.85 0 0 0 -1.0634723 -0.95712508 -0.70898154 2.442347 -2.2537949 -2.2537949 -3.6888795 0.70710678 0.70710678 0 0
1.35 0 3 0 0 0 -0.85077785 -0.80469405 -0.74017673 2.442347 -2.2537949 -2.2537949 -3.6888795 0.70710678 0.70710678 0 0
1.35 3 3 0 0 0 -1.0634723 -0.95712508 -0.70898154 2.442347 -2.2537949 -2.2537949 -3.6888795 0.70710678 0.70710678 0 0
1.35 0 -3 0 0 0 -1.1343705 -0.77987969 -0.56718523 2.442347 -2.2537949 -2.2537949 -3.6888795 1 0 0 0
1.35 0 3 0 0 0 -0.56718523 -0.95712508 -1.1343705 2.442347 -2.2537949 -2.2537949 -3.6888795 1 0 0 0
-3 0 1.35 0 0 0 -0.88622693 -0.99257416 -0.63808339 2.442347 -2.2537949 -2.2537949 -3.6888795 0.70710678 0 0.70710678 0
3 0 1.35 0 0 0 -1.0280232 -0.70898154 -0.921676 2.442347 -2.2537949 -2.2537949 -3.6888795 0.70710678 0 0.70710678 0
1.35 0.15 -3 0 0 0 -1.1343705 -0.77987969 -0.56718523 2.442347 -2.2537949 -2.2537949 -3.6888795 1 0 0 0
1.35 0.15 3 0 0 0 -0.56718523 -0.95712508 -1.1343705 2.442347 -2.2537949 -2.2537949 -3.6888795 1 0 0 0
-3 0.15 1.35 0 0 0 -0.88622693 -0.99257416 -0.63808339 2.442347 -2.2537949 -2.2537949 -3.6888795 0.70710678 0 0.70710678 0
3 0.15 1.35 0 0 0 -1.0280232 -0.70898154 -0.921676 2.442347 -2.2537949 -2.2537949 -3.6888795 0.70710678 0 0.70710678 0
1.35 0.3 -3 0 0 0 -1.1343705 -0.77987969 -0.56718523 2.442347 -2.2537949 -2.2537949 -3.6888795 1 0 0 0
1.35 0.3 3 0 0 0 -0.56718523 -0.95712508 -1.1343705 2.442347 -2.2537949 -2.2537949 -3.6888795 1 0 0 0
-3 0.3 1.35 0 0 0 -0.88622693 -0.99257416 -0.63808339 2.442347 -2.2537949 -2.2537949 -3.6888795 0.70710678 0 0.70710678 0
3 0.3 1.35 0 0 0 -1.0280232 -0.70898154 -0.921676 2.442347 -2.2537949 -2.2537949 -3.6888795 0.70710678 0 0.70710678 0
1.35 0.45 -3 0 0 0 -1.1343705 -0.77987969 -0.56718523 2.442347 -2.2537949 -2.2537949 -3.6888795 1 0 0 0
1.35 0.45 3 0 0 0 -0.56718523 -0.95712508 -1.1343705 2.442347 -2.2537949 -2.2537949 -3.6888795 1 0 0 0
-3 0.45 1.35 0 0 0 -0.88622693 -0.99257416 -0.63808339 2.442347 -2.2537949 -2.2537949 -3.6888795 0.70710678 0 0.70710678 0
3 0.45 1.35 0 0 0 -1.0280232 -0.70898154 -0.921676 2.442347 -2.2537949 -2.2537949 -3.6888795 0.70710678 0 0.70710678 0
1.35 0.6 -3 0 0 0 -1.1343705 -0.77987969 -0.56718523 2.442347 -2.2537949 -2.2537949 -3.6888795 1 0 0 0
1.35 0.6 3 0 0 0 -0.56718523 -0.95712508 -1.1343705 2.442347 -2.2537949 -2.2537949 -3.6888795 1 0 0 0
-3 0.6 1.35 0 0 0 -0.88622693 -0.99257416 -0.63808339 2.442347 -2.2537949 -2.2537949 -3.6888795 0.70710678 0 0.70710678 0
3 0.6 1.35 0 0 0 -1.0280232 -0.70898154 -0.921676 2.442347 -2.2537949 -2.2537949 -3.6888795 0.70710678 0 0.70710678 0
1.35 0.75 -3 0 0 0 -1.1343705 -0.77987969 -0.56718523 2.442347 -2.2537949 -2.2537949 -3.6888795 1 0 0 0
1.35 0.75 3 0 0 0 -0.56718523 -0.95712508 -1.1343705 2.442347 -2.2537949 -2.2537949 -3.6888795 1 0 0 0
-3 0.75 1.35 0 0 0 -0.88622693 -0.99257416 -0.63808339 2.442347 -2.2537949 -2.2537949 -3.6888795 0.70710678 0 0.70710678 0
3 0.75 1.35 0 0 0 -1.0280232 -0.70898154 -0.921676 2.442347 -2.2537949 -2.2537949 -3.6888795 0.70710678 0 0.70710678 0
1.35 0.9 -3 0 0 0 -1.1343705 -0.77987969 -0.56718523 2.442347 -2.2537949 -2.2537949 -3.6888795 1 0 0 0
1.35 0.9 3 0 0 0 -0.56718523 -0.95712508 -1.1343705 2.442347 -2.2537949 -2.2537949 -3.6888795 1 0 0 0
-3 0.9 1.35 0 0 0 -0.88622693 -0.99257416 -0.63808339 2.442347 -2.2537949 -2.2537949 -3.6888795 0.70710678 0 0.70710678 0
3 0.9 1.35 0 0 0 -1.0280232 -0.70898154 -0.921676 2.442347 -2.2537949 -2.2537949 -3.6888795 0.70710678 0 0.70710678 0
1.35 1.05 -3 0 0 0 -1.1343705 -0.77987969 -0.56718523 2.442347 -2.2537949 -2.2537949 -3.6888795 1 0 0 0
1.35 1.05 3 0 0 0 -0.56718523 -0.95712508 -1.1343705 2.442347 -2.2537949 -2.2537949 -3.6888795 1 0 0 0
-3 1.05 1.35 0 0 0 -0.88622693 -0.99257416 -0.63808339 2.442347 -2.2537949 -2.2537949 -3.6888795 0.70710678 0 0.70710678 0
3 1.05 1.35 0 0 0 -1.0280232 -0.70898154 -0.921676 2.442347 -2.2537949 -2.2537949 -3.6888795 0.70710678 0 0.70710678 0
1.35 1.2 -3 0 0 0 -1.1343705 -0.77987969 -0.56718523 2.442347 -2.2537949 -2.2537949 -3.6888795 1 0 0 0
1.35 1.2 3 0 0 0 -0.56718523 -0.95712508 -1.1343705 2.442347 -2.2537949 -2.2537949 -3.6888795 1 0 0 0
-3 1.2 1.35 0 0 0 -0.88622693 -0.99257416 -0.63808339 2.442347 -2.2537949 -2.2537949 -3.6888795 0.70710678 0 0.70710678 0
3 1.2 1.35 0 0 0 -1.0280232 -0.70898154 -0.921676 2.442347 -2.2537949 -2.2537949 -3.6888795 0.70710678 0 0.70710678 0
1.35 1.35 -3 0 0 0 -1.1343705 -0.77987969 -0.56718523 2.442347 -2.2537949 -2.2537949 -3.6888795 1 0 0 0
1.35 1.35 3 0 0 0 -0.56718523 -0.95712508 -1.1343705 2.442347 -2.2537949 -2.2537949 -3.6888795 1 0 0 0
-3 1.35 1.35 0 0 0 -0.88622693 -0.99257416 -0.63808339 2.442347 -2.2537949 -2.2537949 -3.6888795 0.70710678 0 0.70710678 0
3 1.35 1.35 0 0 0 -1.0280232 -0.70898154 -0.921676 2.442347 -2.2537949 -2.2537949 -3.6888795 0.70710678 0 0.70710678 0
1.35 1.5 -3 0 0 0 -1.1343705 -0.77987969 -0.56718523 2.442347 -2.2537949 -2.2537949 -3.6888795 1 0 0 0
1.35 1.5 3 0 0 0 -0.56718523 -0.95712508 -1.1343705 2.442347 -2.2537949 -2.2537949 -3.6888795 1 0 0 0
-3 1.5 1.35 0 0 0 -0.88622693 -0.99257416 -0.63808339 2.442347 -2.2537949 -2.2537949 -3.6888795 0.70710678 0 0.70710678 0
3 1.5 1.35 0 0 0 -1.0280232 -0.70898154 -0.921676 2.442347 -2.2537949 -2.2537949 -3.6888795 0.70710678 0 0.70710678 0
1.35 1.65 -3 0 0 0 -1.1343705 -0.77987969 -0.56718523 2.442347 -2.2537949 -2.2537949 -3.6888795 1 0 0 0
1.35 1.65 3 0 0 0 -0.56718523 -0.95712508 -1.1343705 2.442347 -2.2537949 -2.2537949 -3.6888795 1 0 0 0
-3 1.65 1.35 0 0 0 -0.88622693 -0.99257416 -0.63808339 2.442347 -2.2537949 -2.2537949 -3.6888795 0.70710678 0 0.70710678 0
3 1.65 1.35 0 0 0 -1.0280232 -0.70898154 -0.921676 2.442347 -2.2537949 -2.2537949 -3.6888795 0.70710678 0 0.70710678 0
1.35 1.8 -3 0 0 0 -1.1343705 -0.77987969 -0.56718523 2.442347 -2.2537949 -2.2537949 -3.6888795 1 0 0 0
1.35 1.8 3 0 0 0 -0.56718523 -0.95712508 -1.1343705 2.442347 -2.2537949 -2.2537949 -3.6888795 1 0 0 0
-3 1.8 1.35 0 0 0 -0.88622693 -0.99257416 -0.63808339 2.442347 -2.2537949 -2.2537949 -3.6888795 0.70710678 0 0.70710678 0
3 1.8 1.35 0 0 0 -1.0280232 -0.70898154 -0.921676 2.442347 -2.2537949 -2.2537949 -3.6888795 0.70710678 0 0.70710678 0
1.35 1.95 -3 0 0 0 -1.1343705 -0.77987969 -0.56718523 2.442347 -2.2537949 -2.2537949 -3.6888795 1 0 0 0
1.35 1.95 3 0 0 0 -0.56718523 -0.95712508 -1.1343705 2.442347 -2.2537949 -2.2537949 -3.6888795 1 0 0 0
-3 1.95 1.35 0 0 0 -0.88622693 -0.99257416 -0.63808339 2.442347 -2.2537949 -2.2537949 -3.6888795 0.70710678 0 0.70710678 0
3 1.95 1.35 0 0 0 -1.0280232 -0.70898154 -0.921676 2.442347 -2.2537949 -2.2537949 -3.6888795 0.70710678 0 0.70710678 0
1.35 2.1 -3 0 0 0 -1.1343705 -0.77987969 -0.56718523 2.442347 -2.2537949 -2.2537949 -3.6888795 1 0 0 0
1.35 2.1 3 0 0 0 -0.56718523 -0.95712508 -1.1343705 2.442347 -2.2537949 -2.2537949 -3.6888795 1 0 0 0
-3 2.1 1.35 0 0 0 -0.88622693 -0.99257416 -0.63808339 2.442347 -2.2537949 -2.2537949 -3.6888795 0.70710678 0 0.70710678 0
3 2.1 1.35 0 0 0 -1.0280232 -0.70898154 -0.921676 2.442347 -2.2537949 -2.2537949 -3.6888795 0.70710678 0 0.70710678 0
1.35 2.25 -3 0 0 0 -1.1343705 -0.77987969 -0.56718523 2.442347 -2.2537949 -2.2537949 -3.6888795 1 0 0 0
1.35 2.25 3 0 0 0 -0.56718523 -0.95712508 -1.1343705 2.442347 -2.2537949 -2.2537949 -3.6888795 1 0 0 0
-3 2.25 1.35 0 0 0 -0.88622693 -0.99257416 -0.63808339 2.442347 -2.2537949 -2.2537949 -3.6888795 0.70710678 0 0.70710678 0
3 2.25 1.35 0 0 0 -1.0280232 -0.70898154 -0.921676 2.442347 -2.2537949 -2.2537949 -3.6888795 0.70710678 0 0.70710678 0
1.35 2.4 -3 0 0 0 -1.1343705 -0.77987969 -0.56718523 2.442347 -2.2537949 -2.2537949 -3.6888795 1 0 0 0
1.35 2.4 3 0 0 0 -0.56718523 -0.95712508 -1.1343705 2.442347 -2.2537949 -2.2537949 -3.6888795 1 0 0 0
-3 2.4 1.35 0 0 0 -0.88622693 -0.99257416 -0.63808339 2.442347 -2.2537949 -2.2537949 -3.6888795 0.70710678 0 0.70710678 0
3 2.4 1.35 0 0 0 -1.0280232 -0.70898154 -0.921676 2.442347 -2.2537949 -2.2537949 -3.6888795 0.70710678 0 0.70710678 0
1.35 2.55 -3 0 0 0 -1.1343705 -0.77987969 -0.56718523 2.442347 -2.2537949 -2.2537949 -3.6888795 1 0 0 0
1.35 2.55 3 0 0 0 -0.56718523 -0.95712508 -1.1343705 2.442347 -2.2537949 -2.2537949 -3.6888795 1 0 0 0
-3 2.55 1.35 0 0 0 -0.88622693 -0.99257416 -0.63808339 2.442347 -2.2537949 -2.2537949 -3.6888795 0.70710678 0 0.70710678 0
3 2.55 1.35 0 0 0 -1.0280232 -0.70898154 -0.921676 2.442347 -2.2537949 -2.2537949 -3.6888795 0.70710678 0 0.70710678 0
1.35 2.7 -3 0 0 0 -1.1343705 -0.77987969 -0.56718523 2.442347 -2.2537949 -2.2537949 -3.6888795 1 0 0 0
1.35 2.7 3 0 0 0 -0.56718523 -0.95712508 -1.1343705 2.442347 -2.2537949 -2.2537949 -3.6888795 1 0 0 0
-3 2.7 1.35 0 0 0 -0.88622693 -0.99257416 -0.63808339 2.442347 -2.2537949 -2.2537949 -3.6888795 0.70710678 0 0.70710678 0
3 2.7 1.35 0 0 0 -1.0280232 -0.70898154 -0.921676 2.442347 -2.2537949 -2.2537949 -3.6888795 0.70710678 0 0.70710678 0
1.35 2.85 -3 0 0 0 -1.1343705 -0.77987969 -0.56718523 2.442347 -2.2537949 -2.2537949 -3.6888795 1 0 0 0
1.35 2.85 3 0 0 0 -0.56718523 -0.95712508 -1.1343705 2.442347 -2.2537949 -2.2537949 -3.6888795 1 0 0 0
-3 2.85 1.35 0 0 0 -0.88622693 -0.99257416 -0.63808339 2.442347 -2.2537949 -2.2537949 -3.6888795 0.70710678 0 0.70710678 0
3 2.85 1.35 0 0 0 -1.0280232 -0.70898154 -0.921676 2.442347 -2.2537949 -2.2537949 -3.6888795 0.70710678 0 0.70710678 0
1.35 3 -3 0 0 0 -1.1343705 -0.77987969 -0.56718523 2.442347 -2.2537949 -2.2537949 -3.6888795 1 0 0 0
1.35 3 3 0 0 0 -0.56718523 -0.95712508 -1.1343705 2.442347 -2.2537949 -2.2537949 -3.6888795 1 0 0 0
-3 3 1.35 0 0 0 -0.88622693 -0.99257416 -0.63808339 2.442347 -2.2537949 -2.2537949 -3.6888795 0.70710678 0 0.70710678 0
3 3 1.35 0 0 0 -1.0280232 -0.70898154 -0.921676 2.442347 -2.2537949 -2.2537949 -3.6888795 0.70710678 0 0.70710678 0
1.5 0 -3 0 0 0 -0.28359262 -0.20914955 -0.10492927 2.442347 -2.2537949 -2.2537949 -3.6888795 0.70710678 0.70710678 0 0
1.5 3 -3 0 0 0 -1.0634723 -0.95712508 -0.70898154 2.442347 -2.2537949 -2.2537949 -3.6888795 0.70710678 0.70710678 0 0
1.5 0 -2.85 0 0 0 -0.28359262 -0.20914955 -0.10492927 2.442347 -2.2537949 -2.2537949 -3.6888795 0.70710678 0.70710678 0 0
1.5 3 -2.85 0 0 0 -1.0634723 -0.95712508 -0.70898154 2.442347 -2.2537949 -2.2537949 -3.6888795 0.70710678 0.70710678 0 0
1.5 0 -2.7 0 0 0 -0.28359262 -0.20914955 -0.10492927 2.442347 -2.2537949 -2.2537949 -3.6888795 0.70710678 0.70710678 0 0
1.5 3 -2.7 0 0 0 -1.0634723 -0.95712508 -0.70898154 2.442347 -2.2537949 -2.2537949 -3.6888795 0.70710678 0.70710678 0 0
1.5 0 -2.55 0 0 0 -0.28359262 -0.20914955 -0.10492927 2.442347 -2.2537949 -2.2537949 -3.6888795 0.70710678 0.70710678 0 0
1.5 3 -2.55 0 0 0 -1.0634723 -0.95712508 -0.70898154 2.442347 -2.2537949 -2.2537949 -3.6888795 0.70710678 0.70710678 0 0
1.5 0 -2.4 0 0 0 -0.28359262 -0.20914955 -0.10492927 2.442347 -2.2537949 -2.2537949 -3.6888795 0.70710678 0.70710678 0 0
1.5 3 -2.4 0 0 0 -1.0634723 -0.95712508 -0.70898154 2.442347 -2.2537949 -2.2537949 -3.6888795 0.70710678 0.70710678 0 0
1.5 0 -2.25 0 0 0 -0.85077785 -0.80469405 -0.74017673 2.442347 -2.2537949 -2.2537949 -3.6888795 0.70710678 0.70710678 0 0
1.5 3 -2.25 0 0 0 -1.0634723 -0.95712508 -0.70898154 2.442347 -2.2537949 -2.2537949 -3.6888795 0.70710678 0.70710678 0 0
1.5 0 -2.1 0 0 0 -0.85077785 -0.80469405 -0.74017673 2.442347 -2.2537949 -2.2537949 -3.6888795 0.70710678 0.70710678 0 0
1.5 3 -2.1 0 0 0 -1.0634723 -0.95712508 -0.70898154 2.442347 -2.2537949 -2.2537949 -3.6888795 0.70710678 0.70710678 0 0
1.5 0 -1.95 0 0 0 -0.85077785 -0.80469405 -0.74017673 2.442347 -2.2537949 -2.2537949 -3.6888795 0.70710678 0.70710678 0 0
1.5 3 -1.95 0 0 0 -1.0634723 -0.95712508 -0.70898154 2.442347 -2.2537949 -2.2537949 -3.6888795 0.70710678 0.70710678 0 0
1.5 0 -1.8 0 0 0 -0.85077785 -0.80469405 -0.74017673 2.442347 -2.2537949 -2.2537949 -3.6888795 0.70710678 0.70710678 0 0
1.5 3 -1.8 0 0 0 -1.0634723 -0.95712508 -0.70898154 2.442347 -2.2537949 -2.2537949 -3.6888795 0.70710678 0.70710678 0 0
1.5 0 -1.65 0 0 0 -0.85077785 -0.80469405 -0.74017673 2.442347 -2.2537949 -2.2537949 -3.6888795 0.70710678 0.70710678 0 0
1.5 3 -1.65 0 0 0 -1.0634723 -0.95712508 -0.70898154 2.442347 -2.2537949 -2.2537949 -3.6888795 0.70710678 0.70710678 0 0
1.5 0 -1.5 0 0 0 -0.28359262 -0.20914955 -0.10492927 2.442347 -2.2537949 -2.2537949 -3.6888795 0.70710678 0.70710678 0 0
1.5 3 -1.5 0 0 0 -1.0634723 -0.95712508 -0.70898154 2.442347 -2.2537949 -2.2537949 -3.6888795 0.70710678 0.70710678 0 0
1.5 0 -1.35 0 0 0 -0.28359262 -0.20914955 -0.10492927 2.442347 -2.2537949 -2.2537949 -3.6888795 0.70710678 0.70710678 0 0
1.5 3 -1.35 0 0 0 -1.0634723 -0.95712508 -0.70898154 2.442347 -2.2537949 -2.2537949 -3.6888795 0.70710678 0.70710678 0 0
1.5 0 -1.2 0 0 0 -0.28359262 -0.20914955 -0.10492927 2.442347 -2.2537949 -2.2537949 -3.6888795 0.70710678 0.70710678 0 0
1.5 3 -1.2 0 0 0 -1.0634723 -0.95712508 -0.70898154 2.442347 -2.2537949 -2.2537949 -3.6888795 0.70710678 0.70710678 0 0
1.5 0 -1.05 0 0 0 -0.28359262 -0.20914955 -0.10492927 2.442347 -2.2537949 -2.2537949 -3.6888795 0.70710678 0.70710678 0 0
1.5 3 -1.05 0 0 0 -1.0634723 -0.95712508 -0.70898154 2.442347 -2.2537949 -2.2537949 -3.6888795 0.70710678 0.70710678 0 0
1.5 0 -0.9 0 0 0 -0.28359262 -0.20914955 -0.10492927 2.442347 -2.2537949 -2.2537949 -3.6888795 0.70710678 0.70710678 0 0
1.5 3 -0.9 0 0 0 -1.0634723 -0.95712508 -0.70898154 2.442347 -2.2537949 -2.2537949 -3.6888795 0.70710678 0.70710678 0 0
1.5 0 -0.75 0 0 0 -0.85077785 -0.80469405 -0.74017673 2.442347 -2.2537949 -2.2537949 -3.6888795 0.70710678 0.70710678 0 0
1.5 3 -0.75 0 0 0 -1.0634723 -0.95712508 -0.70898154 2.442347 -2.2537949 -2.2537949 -3.6888795 0.70710678 0.70710678 0 0
1.5 0 -0.6 0 0 0 -0.85077785 -0.80469405 -0.74017673 2.442347 -2.2537949 -2.2537949 -3.6888795 0.70710678 0.70710678 0 0
1.5 3 -0.6 0 0 0 -1.0634723 -0.95712508 -0.70898154 2.442347 -2.2537949 -2.2537949 -3.6888795 0.70710678 0.70710678 0 0
1.5 0 -0.45 0 0 0 -0.85077785 -0.80469405 -0.74017673 2.442347 -2.2537949 -2.2537949 -3.6888795 0.70710678 0.70710678 0 0
1.5 3 -0.45 0 0 0 -1.0634723 -0.95712508 -0.70898154 2.442347 -2.2537949 -2.2537949 -3.6888795 0.70710678 0.70710678 0 0
1.5 0 -0.3 0 0 0 -0.85077785 -0.80469405 -0.74017673 2.442347 -2.2537949 -2.2537949 -3.6888795 0.70710678 0.70710678 0 0
1.5 3 -0.3 0 0 0 -1.0634723 -0.95712508 -0.70898154 2.442347 -2.2537949 -2.2537949 -3.6888795 0.70710678 0.70710678 0 0
1.5 0 -0.15 0 0 0 -0.85077785 -0.80469405 -0.74017673 2.442347 -2.2537949 -2.2537949 -3.6888795 0.70710678 0.70710678 0 0
1.5 3 -0.15 0 0 0 -1.0634723 -0.95712508 -0.70898154 2.442347 -2.2537949 -2.2537949 -3.6888795 0.70710678 0.70710678 0 0
1.5 0 0 0 0 0 -0.28359262 -0.20914955 -0.10492927 2.442347 -2.2537949 -2.2537949 -3.6888795 0.70710678 0.70710678 0 0
1.5 3 0 0 0 0 -1.0634723 -0.95712508 -0.70898154 2.442347 -2.2537949 -2.2537949 -3.6888795 0.70710678 0.70710678 0 0
1.5 0 0.15 0 0 0 -0.28359262 -0.20914955 -0.10492927 2.442347 -2.2537949 -2.2537949 -3.6888795 0.70710678 0.70710678 0 0
1.5 3 0.15 0 0 0 -1.0634723 -0.95712508 -0.70898154 2.442347 -2.2537949 -2.2537949 -3.6888795 0.70710678 0.70710678 0 0
1.5 0 0.3 0 0 0 -0.28359262 -0.20914955 -0.10492927 2.442347 -2.2537949 -2.2537949 -3.6888795 0.70710678 0.70710678 0 0
1.5 3 0.3 0 0 0 -1.0634723 -0.95712508 -0.70898154 2.442347 -2.2537949 -2.2537949 -3.6888795 0.70710678 0.70710678 0 0
1.5 0 0.45 0 0 0 -0.28359262 -0.20914955 -0.10492927 2.442347 -2.2537949 -2.2537949 -3.6888795 0.70710678 0.70710678 0 0
1.5 3 0.45 0 0 0 -1.0634723 -0.95712508 -0.70898154 2.442347 -2.2537949 -2.2537949 -3.6888795 0.70710678 0.70710678 0 0
1.5 0 0.6 0 0 0 -0.28359262 -0.20914955 -0.10492927 2.442347 -2.2537949 -2.2537949 -3.6888795 0.70710678 0.70710678 0 0
1.5 3 0.6 0 0 0 -1.0634723 -0.95712508 -0.70898154 2.442347 -2.2537949 -2.2537949 -3.6888795 0.70710678 0.70710678 0 0
1.5 0 0.75 0 0 0 -0.85077785 -0.80469405 -0.74017673 2.442347 -2.2537949 -2.2537949 -3.6888795 0.70710678 0.70710678 0 0
1.5 3 0.75 0 0 0 -1.0634723 -0.95712508 -0.70898154 2.442347 -2.2537949 -2.2537949 -3.6888795 0.70710678 0.70710678 0 0
1.5 0 0.9 0 0 0 -0.85077785 -0.80469405 -0.74017673 2.442347 -2.2537949 -2.2537949 -3.6888795 0.70710678 0.70710678 0 0
1.5 3 0.9 0 0 0 -1.0634723 -0.95712508 -0.70898154 2.442347 -2.2537949 -2.2537949 -3.6888795 0.70710678 0.70710678 0 0
1.5 0 1.05 0 0 0 -0.85077785 -0.80469405 -0.74017673 2.442347 -2.2537949 -2.2537949 -3.6888795 0.70710678 0.70710678 0 0
1.5 3 1.05 0 0 0 -1.0634723 -0.95712508 -0.70898154 2.442347 -2.2537949 -2.2537949 -3.6888795 0.70710678 0.70710678 0 0
1.5 0 1.2 0 0 0 -0.85077785 -0.80469405 -0.74017673 2.442347 -2.2537949 -2.2537949 -3.6888795 0.70710678 0.70710678 0 0
1.5 3 1.2 0 0 0 -1.0634723 -0.95712508 -0.70898154 2.442347 -2.2537949 -2.2537949 -3.6888795 0.70710678 0.70710678 0 0
1.5 0 1.35 0 0 0 -0.85077785 -0.80469405 -0.74017673 2.442347 -2.2537949 -2.2537949 -3.6888795 0.70710678 0.70710678 0 0
1.5 3 1.35 0 0 0 -1.0634723 -0.95712508 -0.70898154 2.442347 -2.2537949 -2.2537949 -3.6888795 0.70710678 0.70710678 0 0
1.5 0 1.5 0 0 0 -0.28359262 -0.20914955 -0.10492927 2.442347 -2.2537949 -2.2537949 -3.6888795 0.70710678 0.70710678 0 0
1.5 3 1.5 0 0 0 -1.0634723 -0.95712508 -0.70898154 2.442347 -2.2537949 -2.2537949 -3.6888795 0.70710678 0.70710678 0 0
1.5 0 1.65 0 0 0 -0.28359262 -0.20914955 -0.10492927 2.442347 -2.2537949 -2.2537949 -3.6888795 0.70710678 0.70710678 0 0
1.5 3 1.65 0 0 0 -1.0634723 -0.95712508 -0.70898154 2.442347 -2.2537949 -2.2537949 -3.6888795 0.70710678 0.70710678 0 0
1.5 0 1.8 0 0 0 -0.28359262 -0.20914955 -0.10492927 2.442347 -2.2537949 -2.2537949 -3.6888795 0.70710678 0.70710678 0 0
1.5 3 1.8 0 0 0 -1.0634723 -0.95712508 -0.70898154 2.442347 -2.2537949 -2.2537949 -3.6888795 0.70710678 0.70710678 0 0
1.5 0 1.95 0 0 0 -0.28359262 -0.20914955 -0.10492927 2.442347 -2.2537949 -2.2537949 -3.6888795 0.70710678 0.70710678 0 0
1.5 3 1.95 0 0 0 -1.0634723 -0.95712508 -0.70898154 2.442347 -2.2537949 -2.2537949 -3.6888795 0.70710678 0.70710678 0 0
1.5 0 2.1 0 0 0 -0.28359262 -0.20914955 -0.10492927 2.442347 -2.2537949 -2.2537949 -3.6888795 0.70710678 0.70710678 0 0
1.5 3 2.1 0 0 0 -1.0634723 -0.95712508 -0.70898154 2.442347 -2.2537949 -2.2537949 -3.6888795 0.70710678 0.70710678 0 0
1.5 0 2.25 0 0 0 -0.85077785 -0.80469405 -0.74017673 2.442347 -2.2537949 -2.2537949 -3.6888795 0.70710678 0.70710678 0 0
1.5 3 2.25 0 0 0 -1.0634723 -0.95712508 -0.70898154 2.442347 -2.2537949 -2.2537949 -3.6888795 0.70710678 0.70710678 0 0
1.5 0 2.4 0 0 0 -0.85077785 -0.80469405 -0.74017673 2.442347 -2.2537949 -2.2537949 -3.6888795 0.70710678 0.70710678 0 0
1.5 3 2.4 0 0 0 -1.0634723 -0.95712508 -0.70898154 2.442347 -2.2537949 -2.2537949 -3.6888795 0.70710678 0.70710678 0 0
1.5 0 2.55 0 0 0 -0.85077785 -0.80469405 -0.74017673 2.442347 -2.2537949 -2.2537949 -3.6888795 0.70710678 0.70710678 0 0
1.5 3 2.55 0 0 0 -1.0634723 -0.95712508 -0.70898154 2.442347 -2.2537949 -2.2537949 -3.6888795 0.70710678 0.70710678 0 0
1.5 0 2.7 0 0 0 -0.85077785 -0.80469405 -0.74017673 2.442347 -2.2537949 -2.2537949 -3.6888795 0.70710678 0.70710678 0 0
1.5 3 2.7 0 0 0 -1.0634723 -0.95712508 -0.70898154 2.442347 -2.2537949 -2.2537949 -3.6888795 0.70710678 0.70710678 0 0
1.5 0 2.85 0 0 0 -0.85077785 -0.80469405 -0.74017673 2.442347 -2.2537949 -2.2537949 -3.6888795 0.70710678 0.70710678 0 0
1.5 3 2.85 0 0 0 -1.0634723 -0.95712508 -0.70898154 2.442347 -2.2537949 -2.2537949 -3.6888795 0.70710678 0.70710678 0 0
1.5 0 3 0 0 0 -0.28359262 -0.20914955 -0.10492927 2.442347 -2.2537949 -2.2537949 -3.6888795 0.70710678 0.70710678 0 0
1.5 3 3 0 0 0 -1.0634723 -0.95712508 -0.70898154 2.442347 -2.2537949 -2.2537949 -3.6888795 0.70710678 0.70710678 0 0
1.5 0 -3 0 0 0 -1.1343705 -0.77987969 -0.56718523 2.442347 -2.2537949 -2.2537949 -3.6888795 1 0 0 0
1.5 0 3 0 0 0 -0.56718523 -0.95712508 -1.1343705 2.442347 -2.2537949 -2.2537949 -3.6888795 1 0 0 0
-3 0 1.5 0 0 0 -0.88622693 -0.99257416 -0.63808339 2.442347 -2.2537949 -2.2537949 -3.6888795 0.70710678 0 0.70710678 0
3 0 1.5 0 0 0 -1.0280232 -0.70898154 -0.921676 2.442347 -2.2537949 -2.2537949 -3.6888795 0.70710678 0 0.70710678 0
1.5 0.15 -3 0 0 0 -1.1343705 -0.77987969 -0.56718523 2.442347 -2.2537949 -2.2537949 -3.6888795 1 0 0 0
1.5 0.15 3 0 0 0 -0.56718523 -0.95712508 -1.1343705 2.442347 -2.2537949 -2.2537949 -3.6888795 1 0 0 0
-3 0.15 1.5 0 0 0 -0.88622693 -0.99257416 -0.63808339 2.442347 -2.2537949 -2.2537949 -3.6888795 0.70710678 0 0.70710678 0
3 0.15 1.5 0 0 0 -1.0280232 -0.70898154 -0.921676 2.442347 -2.2537949 -2.2537949 -3.6888795 0.70710678 0 0.70710678 0
1.5 0.3 -3 0 0 0 -1.1343705 -0.77987969 -0.56718523 2.442347 -2.2537949 -2.2537949 -3.6888795 1 0 0 0
1.5 0.3 3 0 0 0 -0.56718523 -0.95712508 -1.1343705 2.442347 -2.2537949 -2.2537949 -3.6888795 1 0 0 0
-3 0.3 1.5 0 0 0 -0.88622693 -0.99257416 -0.63808339 2.442347 -2.2537949 -2.2537949 -3.6888795 0.70710678 0 0.70710678 0
3 0.3 1.5 0 0 0 -1.0280232 -0.70898154 -0.921676 2.442347 -2.2537949 -2.2537949 -3.6888795 0.70710678 0 0.70710678 0
1.5 0.45 -3 0 0 0 -1.1343705 -0.77987969 -0.56718523 2.442347 -2.2537949 -2.2537949 -3.6888795 1 0 0 0
1.5 0.45 3 0 0 0 -0.56718523 -0.95712508 -1.1343705 2.442347 -2.2537949 -2.2537949 -3.6888795 1 0 0 0
-3 0.45 1.5 0 0 0 -0.88622693 -0.99257416 -0.63808339 2.442347 -2.2537949 -2.2537949 -3.6888795 0.70710678 0 0.70710678 0
3 0.45 1.5 0 0 0 -1.0280232 -0.70898154 -0.921676 2.442347 -2.2537949 -2.2537949 -3.6888795 0.70710678 0 0.70710678 0
1.5 0.6 -3 0 0 0 -1.1343705 -0.77987969 -0.56718523 2.442347 -2.2537949 -2.2537949 -3.6888795 1 0 0 0
1.5 0.6 3 0 0 0 -0.56718523 -0.95712508 -1.1343705 2.442347 -2.2537949 -2.2537949 -3.6888795 1 0 0 0
-3 0.6 1.5 0 0 0 -0.88622693 -0.99257416 -0.63808339 2.442347 -2.2537949 -2.2537949 -3.6888795 0.70710678 0 0.70710678 0
3 0.6 1.5 0 0 0 -1.0280232 -0.70898154 -0.921676 2.442347 -2.2537949 -2.2537949 -3.6888795 0.70710678 0 0.70710678 0
1.5 0.75 -3 0 0 0 -1.1343705 -0.77987969 -0.56718523 2.442347 -2.2537949 -2.2537949 -3.6888795 1 0 0 0
1.5 0.75 3 0 0 0 -0.56718523 -0.95712508 -1.1343705 2.442347 -2.2537949 -2.2537949 -3.6888795 1 0 0 0
-3 0.75 1.5 0 0 0 -0.88622693 -0.99257416 -0.63808339 2.442347 -2.2537949 -2.2537949 -3.6888795 0.70710678 0 0.70710678 0
3 0.75 1.5 0 0 0 -1.0280232 -0.70898154 -0.921676 2.442347 -2.2537949 -2.2537949 -3.6888795 0.70710678 0 0.70710678 0
1.5 0.9 -3 0 0 0 -1.1343705 -0.77987969 -0.56718523 2.442347 -2.2537949 -2.2537949 -3.6888795 1 0 0 0
1.5 0.9 3 0 0 0 -0.56718523 -0.95712508 -1.1343705 2.442347 -2.2537949 -2.2537949 -3.6888795 1 0 0 0
-3 0.9 1.5 0 0 0 -0.88622693 -0.99257416 -0.63808339 2.442347 -2.2537949 -2.2537949 -3.6888795 0.70710678 0 0.70710678 0
3 0.9 1.5 0 0 0 -1.0280232 -0.70898154 -0.921676 2.442347 -2.2537949 -2.2537949 -3.6888795 0.70710678 0 0.70710678 0
1.5 1.05 -3 0 0 0 -1.1343705 -0.77987969 -0.56718523 2.442347 -2.2537949 -2.2537949 -3.6888795 1 0 0 0
1.5 1.05 3 0 0 0 -0.56718523 -0.95712508 -1.1343705 2.442347 -2.2537949 -2.2537949 -3.6888795 1 0 0 0
-3 1.05 1.5 0 0 0 -0.88622693 -0.99257416 -0.63808339 2.442347 -2.2537949 -2.2537949 -3.6888795 0.70710678 0 0.70710678 0
3 1.05 1.5 0 0 0 -1.0280232 -0.70898154 -0.921676 2.442347 -2.2537949 -2.2537949 -3.6888795 0.70710678 0 0.70710678 0
1.5 1.2 -3 0 0 0 -1.1343705 -0.77987969 -0.56718523 2.442347 -2.2537949 -2.2537949 -3.6888795 1 0 0 0
1.5 1.2 3 0 0 0 -0.56718523 -0.95712508 -1.1343705 2.442347 -2.2537949 -2.2537949 -3.6888795 1 0 0 0
-3 1.2 1.5 0 0 0 -0.88622693 -0.99257416 -0.63808339 2.442347 -2.2537949 -2.2537949 -3.6888795 0.70710678 0 0.70710678 0
3 1.2 1.5 0 0 0 -1.0280232 -0.70898154 -0.921676 2.442347 -2.2537949 -2.2537949 -3.6888795 0.70710678 0 0.70710678 0
1.5 1.35 -3 0 0 0 -1.1343705 -0.77987969 -0.56718523 2.442347 -2.2537949 -2.2537949 -3.6888795 1 0 0 0
1.5 1.35 3 0 0 0 -0.56718523 -0.95712508 -1.1343705 2.442347 -2.2537949 -2.2537949 -3.6888795 1 0 0 0
-3 1.35 1.5 0 0 0 -0.88622693 -0.99257416 -0.63808339 2.442347 -2.2537949 -2.2537949 -3.6888795 0.70710678 0 0.70710678 0
3 1.35 1.5 0 0 0 -1.0280232 -0.70898154 -0.921676 2.442347 -2.2537949 -2.2537949 -3.6888795 0.70710678 0 0.70710678 0
1.5 1.5 -3 0 0 0 -1.1343705 -0.77987969 -0.56718523 2.442347 -2.2537949 -2.2537949 -3.6888795 1 0 0 0
1.5 1.5 3 0 0 0 -0.56718523 -0.95712508 -1.1343705 2.442347 -2.2537949 -2.2537949 -3.6888795 1 0 0 0
-3 1.5 1.5 0 0 0 -0.88622693 -0.99257416 -0.63808339 2.442347 -2.2537949 -2.2537949 -3.6888795 0.70710678 0 0.70710678 0
3 1.5 1.5 0 0 0 -1.0280232 -0.70898154 -0.921676 2.442347 -2.2537949 -2.2537949 -3.6888795 0.70710678 0 0.70710678 0
1.5 1.65 -3 0 0 0 -1.1343705 -0.77987969 -0.56718523 2.442347 -2.2537949 -2.2537949 -3.6888795 1 0 0 0
1.5 1.65 3 0 0 0 -0.56718523 -0.95712508 -1.1343705 2.442347 -2.2537949 -2.2537949 -3.6888795 1 0 0 0
-3 1.65 1.5 0 0 0 -0.88622693 -0.99257416 -0.63808339 2.442347 -2.2537949 -2.2537949 -3.6888795 0.70710678 0 0.70710678 0
3 1.65 1.5 0 0 0 -1.0280232 -0.70898154 -0.921676 2.442347 -2.2537949 -2.2537949 -3.6888795 0.70710678 0 0.70710678 0
1.5 1.8 -3 0 0 0 -1.1343705 -0.77987969 -0.56718523 2.442347 -2.2537949 -2.2537949 -3.6888795 1 0 0 0
1.5 1.8 3 0 0 0 -0.56718523 -0.95712508 -1.1343705 2.442347 -2.2537949 -2.2537949 -3.6888795 1 0 0 0
-3 1.8 1.5 0 0 0 -0.88622693 -0.99257416 -0.63808339 2.442347 -2.2537949 -2.2537949 -3.6888795 0.70710678 0 0.70710678 0
3 1.8 1.5 0 0 0 -1.0280232 -0.70898154 -0.921676 2.442347 -2.2537949 -2.2537949 -3.6888795 0.70710678 0 0.70710678 0
1.5 1.95 -3 0 0 0 -1.1343705 -0.77987969 -0.56718523 2.442347 -2.2537949 -2.2537949 -3.6888795 1 0 0 0
1.5 1.95 3 0 0 0 -0.56718523 -0.95712508 -1.1343705 2.442347 -2.2537949 -2.2537949 -3.6888795 1 0 0 0
-3 1.95 1.5 0 0 0 -0.88622693 -0.99257416 -0.63808339 2.442347 -2.2537949 -2.2537949 -3.6888795 0.70710678 0 0.70710678 0
3 1.95 1.5 0 0 0 -1.0280232 -0.70898154 -0.921676 2.442347 -2.2537949 -2.2537949 -3.6888795 0.70710678 0 0.70710678 0
1.5 2.1 -3 0 0 0 -1.1343705 -0.77987969 -0.56718523 2.442347 -2.2537949 -2.2537949 -3.6888795 1 0 0 0
1.5 2.1 3 0 0 0 -0.56718523 -0.95712508 -1.1343705 2.442347 -2.2537949 -2.2537949 -3.6888795 1 0 0 0
-3 2.1 1.5 0 0 0 -0.88622693 -0.99257416 -0.63808339 2.442347 -2.2537949 -2.2537949 -3.6888795 0.70710678 0 0.70710678 0
3 2.1 1.5 0 0 0 -1.0280232 -0.70898154 -0.921676 2.442347 -2.2537949 -2.2537949 -3.6888795 0.70710678 0 0.70710678 0
1.5 2.25 -3 0 0 0 -1.1343705 -0.77987969 -0.56718523 2.442347 -2.2537949 -2.2537949 -3.6888795 1 0 0 0
1.5 2.25 3 0 0 0 -0.56718523 -0.95712508 -1.1343705 2.442347 -2.2537949 -2.2537949 -3.6888795 1 0 0 0
-3 2.25 1.5 0 0 0 -0.88622693 -0.99257416 -0.63808339 2.442347 -2.2537949 -2.2537949 -3.6888795 0.70710678 0 0.70710678 0
3 2.25 1.5 0 0 0 -1.0280232 -0.70898154 -0.921676 2.442347 -2.2537949 -2.2537949 -3.6888795 0.70710678 0 0.70710678 0
1.5 2.4 -3 0 0 0 -1.1343705 -0.77987969 -0.56718523 2.442347 -2.2537949 -2.2537949 -3.6888795 1 0 0 0
1.5 2.4 3 0 0 0 -0.56718523 -0.95712508 -1.1343705 2.442347 -2.2537949 -2.2537949 -3.6888795 1 0 0 0
-3 2.4 1.5 0 0 0 -0.88622693 -0.99257416 -0.63808339 2.442347 -2.2537949 -2.2537949 -3.6888795 0.70710678 0 0.70710678 0
3 2.4 1.5 0 0 0 -1.0280232 -0.70898154 -0.921676 2.442347 -2.2537949 -2.2537949 -3.6888795 0.70710678 0 0.70710678 0
1.5 2.55 -3 0 0 0 -1.1343705 -0.77987969 -0.56718523 2.442347 -2.2537949 -2.2537949 -3.6888795 1 0 0 0
1.5 2.55 3 0 0 0 -0.56718523 -0.95712508 -1.1343705 2.442347 -2.2537949 -2.2537949 -3.6888795 1 0 0 0
-3 2.55 1.5 0 0 0 -0.88622693 -0.99257416 -0.63808339 2.442347 -2.2537949 -2.2537949 -3.6888795 0.70710678 0 0.70710678 0
3 2.55 1.5 0 0 0 -1.0280232 -0.70898154 -0.921676 2.442347 -2.2537949 -2.2537949 -3.6888795 0.70710678 0 0.70710678 0
1.5 2.7 -3 0 0 0 -1.1343705 -0.77987969 -0.56718523 2.442347 -2.2537949 -2.2537949 -3.6888795 1 0 0 0
1.5 2.7 3 0 0 0 -0.56718523 -0.95712508 -1.1343705 2.442347 -2.2537949 -2.2537949 -3.6888795 1 0 0 0
-3 2.7 1.5 0 0 0 -0.88622693 -0.99257416 -0.63808339 2.442347 -2.2537949 -2.2537949 -3.6888795 0.70710678 0 0.70710678 0
3 2.7 1.5 0 0 0 -1.0280232 -0.70898154 -0.921676 2.442347 -2.2537949 -2.2537949 -3.6888795 0.70710678 0 0.70710678 0
1.5 2.85 -3 0 0 0 -1.1343705 -0.77987969 -0.56718523 2.442347 -2.2537949 -2.2537949 -3.6888795 1 0 0 0
1.5 2.85 3 0 0 0 -0.56718523 -0.95712508 -1.1343705 2.442347 -2.2537949 -2.2537949 -3.6888795 1 0 0 0
-3 2.85 1.5 0 0 0 -0.88622693 -0.99257416 -0.63808339 2.442347 -2.2537949 -2.2537949 -3.6888795 0.70710678 0 0.70710678 0
3 2.85 1.5 0 0 0 -1.0280232 -0.70898154 -0.921676 2.442347 -2.2537949 -2.2537949 -3.6888795 0.70710678 0 0.70710678 0
1.5 3 -3 0 0 0 -1.1343705 -0.77987969 -0.56718523 2.442347 -2.2537949 -2.2537949 -3.6888795 1 0 0 0
1.5 3 3 0 0 0 -0.56718523 -0.95712508 -1.1343705 2.442347 -2.2537949 -2.2537949 -3.6888795 1 0 0 0
-3 3 1.5 0 0 0 -0.88622693 -0.99257416 -0.63808339 2.442347 -2.2537949 -2.2537949 -3.6888795 0.70710678 0 0.70710678 0
3 3 1.5 0 0 0 -1.0280232 -0.70898154 -0.921676 2.442347 -2.2537949 -2.2537949 -3.6888795 0.70710678 0 0.70710678 0
1.65 0 -3 0 0 0 -0.28359262 -0.20914955 -0.10492927 2.442347 -2.2537949 -2.2537949 -3.6888795 0.70710678 0.70710678 0 0
1.65 3 -3 0 0 0 -1.0634723 -0.95712508 -0.70898154 2.442347 -2.2537949 -2.2537949 -3.6888795 0.70710678 0.70710678 0 0
1.65 0 -2.85 0 0 0 -0.28359262 -0.20914955 -0.10492927 2.442347 -2.2537949 -2.2537949 -3.6888795 0.70710678 0.70710678 0 0
1.65 3 -2.85 0 0 0 -1.0634723 -0.95712508 -0.70898154 2.442347 -2.2537949 -2.2537949 -3.6888795 0.70710678 0.70710678 0 0
1.65 0 -2.7 0 0 0 -0.28359262 -0.20914955 -0.10492927 2.442347 -2.2537949 -2.2537949 -3.6888795 0.70710678 0.70710678 0 0
1.65 3 -2.7 0 0 0 -1.0634723 -0.95712508 -0.70898154 2.442347 -2.2537949 -2.2537949 -3.6888795 0.70710678 0.70710678 0 0
1.65 0 -2.55 0 0 0 -0.28359262 -0.20914955 -0.10492927 2.442347 -2.2537949 -2.2537949 -3.6888795 0.70710678 0.70710678 0 0
1.65 3 -2.55 0 0 0 -1.0634723 -0.95712508 -0.70898154 2.442347 -2.2537949 -2.2537949 -3.6888795 0.70710678 0.70710678 0 0
1.65 0 -2.4 0 0 0 -0.28359262 -0.20914955 -0.10492927 2.442347 -2.2537949 -2.2537949 -3.6888795 0.70710678 0.70710678 0 0
1.65 3 -2.4 0 0 0 -1.0634723 -0.95712508 -0.70898154 2.442347 -2.2537949 -2.2537949 -3.6888795 0.70710678 0.70710678 0 0
1.65 0 -2.25 0 0 0 -0.85077785 -0.80469405 -0.74017673 2.442347 -2.2537949 -2.2537949 -3.6888795 0.70710678 0.70710678 0 0
1.65 3 -2.25 0 0 0 -1.0634723 -0.95712508 -0.70898154 2.442347 -2.2537949 -2.2537949 -3.6888795 0.70710678 0.70710678 0 0
1.65 0 -2.1 0 0 0 -0.85077785 -0.80469405 -0.74017673 2.442347 -2.2537949 -2.2537949 -3.6888795 0.70710678 0.70710678 0 0
1.65 3 -2.1 0 0 0 -1.0634723 -0.95712508 -0.70898154 2.442347 -2.2537949 -2.2537949 -3.6888795 0.70710678 0.70710678 0 0
1.65 0 -1.95 0 0 0 -0.85077785 -0.80469405 -0.74017673 2.442347 -2.2537949 -2.2537949 -3.6888795 0.70710678 0.70710678 0 0
1.65 3 -1.95 0 0 0 -1.0634723 -0.95712508 -0.70898154 2.442347 -2.2537949 -2.2537949 -3.6888795 0.70710678 0.70710678 0 0
1.65 0 -1.8 0 0 0 -0.85077785 -0.80469405 -0.74017673 2.442347 -2.2537949 -2.2537949 -3.6888795 0.70710678 0.70710678 0 0
1.65 3 -1.8 0 0 0 -1.0634723 -0.95712508 -0.70898154 2.442347 -2.2537949 -2.2537949 -3.6888795 0.70710678 0.70710678 0 0
1.65 0 -1.65 0 0 0 -0.85077785 -0.80469405 -0.74017673 2.442347 -2.2537949 -2.2537949 -3.6888795 0.70710678 0.70710678 0 0
1.65 3 -1.65 0 0 0 -1.0634723 -0.95712508 -0.70898154 2.442347 -2.2537949 -2.2537949 -3.6888795 0.70710678 0.70710678 0 0
1.65 0 -1.5 0 0 0 -0.28359262 -0.20914955 -0.10492927 2.442347 -2.2537949 -2.2537949 -3.6888795 0.70710678 0.70710678 0 0
1.65 3 -1.5 0 0 0 -1.0634723 -0.95712508 -0.70898154 2.442347 -2.2537949 -2.2537949 -3.6888795 0.70710678 0.70710678 0 0
1.65 0 -1.35 0 0 0 -0.28359262 -0.20914955 -0.10492927 2.442347 -2.2537949 -2.2537949 -3.6888795 0.70710678 0.70710678 0 0
1.65 3 -1.35 0 0 0 -1.0634723 -0.95712508 -0.70898154 2.442347 -2.2537949 -2.2537949 -3.6888795 0.70710678 0.70710678 0 0
1.65 0 -1.2 0 0 0 -0.28359262 -0.20914955 -0.10492927 2.442347 -2.2537949 -2.2537949 -3.6888795 0.70710678 0.70710678 0 0
1.65 3 -1.2 0 0 0 -1.0634723 -0.95712508 -0.70898154 2.442347 -2.2537949 -2.2537949 -3.6888795 0.70710678 0.70710678 0 0
1.65 0 -1.05 0 0 0 -0.28359262 -0.20914955 -0.10492927 2.442347 -2.2537949 -2.2537949 -3.6888795 0.70710678 0.70710678 0 0
1.65 3 -1.05 0 0 0 -1.0634723 -0.95712508 -0.70898154 2.442347 -2.2537949 -2.2537949 -3.6888795 0.70710678 0.70710678 0 0
1.65 0 -0.9 0 0 0 -0.28359262 -0.20914955 -0.10492927 2.442347 -2.2537949 -2.2537949 -3.6888795 0.70710678 0.70710678 0 0
1.65 3 -0.9 0 0 0 -1.0634723 -0.95712508 -0.70898154 2.442347 -2.2537949 -2.2537949 -3.6888795 0.70710678 0.70710678 0 0
1.65 0 -0.75 0 0 0 -0.85077785 -0.80469405 -0.74017673 2.442347 -2.2537949 -2.2537949 -3.6888795 0.70710678 0.70710678 0 0
1.65 3 -0.75 0 0 0 -1.0634723 -0.95712508 -0.70898154 2.442347 -2.2537949 -2.2537949 -3.6888795 0.70710678 0.70710678 0 0
1.65 0 -0.6 0 0 0 -0.85077785 -0.80469405 -0.74017673 2.442347 -2.2537949 -2.2537949 -3.6888795 0.70710678 0.70710678 0 0
1.65 3 -0.6 0 0 0 -1.0634723 -0.95712508 -0.70898154 2.442347 -2.2537949 -2.2537949 -3.6888795 0.70710678 0.70710678 0 0
1.65 0 -0.45 0 0 0 -0.85077785 -0.80469405 -0.74017673 2.442347 -2.2537949 -2.2537949 -3.6888795 0.70710678 0.70710678 0 0
1.65 3 -0.45 0 0 0 -1.0634723 -0.95712508 -0.70898154 2.442347 -2.2537949 -2.2537949 -3.6888795 0.70710678 0.70710678 0 0
1.65 0 -0.3 0 0 0 -0.85077785 -0.80469405 -0.74017673 2.442347 -2.2537949 -2.2537949 -3.6888795 0.70710678 0.70710678 0 0
1.65 3 -0.3 0 0 0 -1.0634723 -0.95712508 -0.70898154 2.442347 -2.2537949 -2.2537949 -3.6888795 0.70710678 0.70710678 0 0
1.65 0 -0.15 0 0 0 -0.85077785 -0.80469405 -0.74017673 2.442347 -2.2537949 -2.2537949 -3.6888795 0.70710678 0.70710678 0 0
1.65 3 -0.15 0 0 0 -1.0634723 -0.95712508 -0.70898154 2.442347 -2.2537949 -2.2537949 -3.6888795 0.70710678 0.70710678 0 0
1.65 0 0 0 0 0 -0.28359262 -0.20914955 -0.10492927 2.442347 -2.2537949 -2.2537949 -3.6888795 0.70710678 0.70710678 0 0
1.65 3 0 0 0 0 -1.0634723 -0.95712508 -0.70898154 2.442347 -2.2537949 -2.2537949 -3.6888795 0.70710678 0.70710678 0 0
1.65 0 0.15 0 0 0 -0.28359262 -0.20914955 -0.10492927 2.442347 -2.2537949 -2.2537949 -3.6888795 0.70710678 0.70710678 0 0
1.65 3 0.15 0 0 0 -1.0634723 -0.95712508 -0.70898154 2.442347 -2.2537949 -2.2537949 -3.6888795 0.70710678 0.70710678 0 0
1.65 0 0.3 0 0 0 -0.28359262 -0.20914955 -0.10492927 2.442347 -2.2537949 -2.2537949 -3.6888795 0.70710678 0.70710678 0 0
1.65 3 0.3 0 0 0 -1.0634723 -0.95712508 -0.70898154 2.442347 -2.2537949 -2.2537949 -3.6888795 0.70710678 0.70710678 0 0
1.65 0 0.45 0 0 0 -0.28359262 -0.20914955 -0.10492927 2.442347 -2.2537949 -2.2537949 -3.6888795 0.70710678 0.70710678 0 0
1.65 3 0.45 0 0 0 -1.0634723 -0.95712508 -0.70898154 2.442347 -2.2537949 -2.2537949 -3.6888795 0.70710678 0.70710678 0 0
1.65 0 0.6 0 0 0 -0.28359262 -0.20914955 -0.10492927 2.442347 -2.2537949 -2.2537949 -3.6888795 0.70710678 0.70710678 0 0
1.65 3 0.6 0 0 0 -1.0634723 -0.95712508 -0.70898154 2.442347 -2.2537949 -2.2537949 -3.6888795 0.70710678 0.70710678 0 0
1.65 0 0.75 0 0 0 -0.85077785 -0.80469405 -0.74017673 2.442347 -2.2537949 -2.2537949 -3.6888795 0.70710678 0.70710678 0 0
1.65 3 0.75 0 0 0 -1.0634723 -0.95712508 -0.70898154 2.442347 -2.2537949 -2.2537949 -3.6888795 0.70710678 0.70710678 0 0
1.65 0 0.9 0 0 0 -0.85077785 -0.80469405 -0.74017673 2.442347 -2.2537949 -2.2537949 -3.6888795 0.70710678 0.70710678 0 0
1.65 3 0.9 0 0 0 -1.0634723 -0.95712508 -0.70898154 2.442347 -2.2537949 -2.2537949 -3.6888795 0.70710678 0.70710678 0 0
1.65 0 1.05 0 0 0 -0.85077785 -0.80469405 -0.74017673 2.442347 -2.2537949 -2.2537949 -3.6888795 0.70710678 0.70710678 0 0
1.65 3 1.05 0 0 0 -1.0634723 -0.95712508 -0.70898154 2.442347 -2.2537949 -2.2537949 -3.6888795 0.70710678 0.70710678 0 0
1.65 0 1.2 0 0 0 -0.85077785 -0.80469405 -0.74017673 2.442347 -2.2537949 -2.2537949 -3.6888795 0.70710678 0.70710678 0 0
1.65 3 1.2 0 0 0 -1.0634723 -0.95712508 -0.70898154 2.442347 -2.2537949 -2.2537949 -3.6888795 0.70710678 0.70710678 0 0
1.65 0 1.35 0 0 0 -0.85077785 -0.80469405 -0.74017673 2.442347 -2.2537949 -2.2537949 -3.6888795 0.70710678 0.70710678 0 0
1.65 3 1.35 0 0 0 -1.0634723 -0.95712508 -0.70898154 2.442347 -2.2537949 -2.2537949 -3.6888795 0.70710678 0.70710678 0 0
1.65 0 1.5 0 0 0 -0.28359262 -0.20914955 -0.10492927 2.442347 -2.2537949 -2.2537949 -3.6888795 0.70710678 0.70710678 0 0
1.65 3 1.5 0 0 0 -1.0634723 -0.95712508 -0.70898154 2.442347 -2.2537949 -2.2537949 -3.6888795 0.70710678 0.70710678 0 0
1.65 0 1.65 0 0 0 -0.28359262 -0.20914955 -0.10492927 2.442347 -2.2537949 -2.2537949 -3.6888795 0.70710678 0.70710678 0 0
1.65 3 1.65 0 0 0 -1.0634723 -0.95712508 -0.70898154 2.442347 -2.2537949 -2.2537949 -3.6888795 0.70710678 0.70710678 0 0
1.65 0 1.8 0 0 0 -0.28359262 -0.20914955 -0.10492927 2.442347 -2.2537949 -2.2537949 -3.6888795 0.70710678 0.70710678 0 0
1.65 3 1.8 0 0 0 -1.0634723 -0.95712508 -0.70898154 2.442347 -2.2537949 -2.2537949 -3.6888795 0.70710678 0.70710678 0 0
1.65 0 1.95 0 0 0 -0.28359262 -0.20914955 -0.10492927 2.442347 -2.2537949 -2.2537949 -3.6888795 0.70710678 0.70710678 0 0
1.65 3 1.95 0 0 0 -1.0634723 -0.95712508 -0.70898154 2.442347 -2.2537949 -2.2537949 -3.6888795 0.70710678 0.70710678 0 0
1.65 0 2.1 0 0 0 -0.28359262 -0.20914955 -0.10492927 2.442347 -2.2537949 -2.2537949 -3.6888795 0.70710678 0.70710678 0 0
1.65 3 2.1 0 0 0 -1.0634723 -0.95712508 -0.70898154 2.442347 -2.2537949 -2.2537949 -3.6888795 0.70710678 0.70710678 0 0
1.65 0 2.25 0 0 0 -0.85077785 -0.80469405 -0.74017673 2.442347 -2.2537949 -2.2537949 -3.6888795 0.70710678 0.70710678 0 0
1.65 3 2.25 0 0 0 -1.0634723 -0.95712508 -0.70898154 2.442347 -2.2537949 -2.2537949 -3.6888795 0.70710678 0.70710678 0 0
1.65 0 2.4 0 0 0 -0.85077785 -0.80469405 -0.74017673 2.442347 -2.2537949 -2.2537949 -3.6888795 0.70710678 0.70710678 0 0
1.65 3 2.4 0 0 0 -1.0634723 -0.95712508 -0.70898154 2.442347 -2.2537949 -2.2537949 -3.6888795 0.70710678 0.70710678 0 0
1.65 0 2.55 0 0 0 -0.85077785 -0.80469405 -0.74017673 2.442347 -2.2537949 -2.2537949 -3.6888795 0.70710678 0.70710678 0 0
1.65 3 2.55 0 0 0 -1.0634723 -0.95712508 -0.70898154 2.442347 -2.2537949 -2.2537949 -3.6888795 0.70710678 0.70710678 0 0
1.65 0 2.7 0 0 0 -0.85077785 -0.80469405 -0.74017673 2.442347 -2.2537949 -2.2537949 -3.6888795 0.70710678 0.70710678 0 0
1.65 3 2.7 0 0 0 -1.0634723 -0.95712508 -0.70898154 2.442347 -2.2537949 -2.2537949 -3.6888795 0.70710678 0.70710678 0 0
1.65 0 2.85 0 0 0 -0.85077785 -0.80469405 -0.74017673 2.442347 -2.2537949 -2.2537949 -3.6888795 0.70710678 0.70710678 0 0
1.65 3 2.85 0 0 0 -1.0634723 -0.95712508 -0.70898154 2.442347 -2.2537949 -2.2537949 -3.6888795 0.70710678 0.70710678 0 0
1.65 0 3 0 0 0 -0.28359262 -0.20914955 -0.10492927 2.442347 -2.2537949 -2.2537949 -3.6888795 0.70710678 0.70710678 0 0
1.65 3 3 0 0 0 -1.0634723 -0.95712508 -0.70898154 2.442347 -2.2537949 -2.2537949 -3.6888795 0.70710678 0.70710678 0 0
1.65 0 -3 0 0 0 -1.1343705 -0.77987969 -0.56718523 2.442347 -2.2537949 -2.2537949 -3.6888795 1 0 0 0
1.65 0 3 0 0 0 -0.56718523 -0.95712508 -1.1343705 2.442347 -2.2537949 -2.2537949 -3.6888795 1 0 0 0
-3 0 1.65 0 0 0 -0.88622693 -0.99257416 -0.63808339 2.442347 -2.2537949 -2.2537949 -3.6888795 0.70710678 0 0.70710678 0
3 0 1.65 0 0 0 -1.0280232 -0.70898154 -0.921676 2.442347 -2.2537949 -2.2537949 -3.6888795 0.70710678 0 0.70710678 0
1.65 0.15 -3 0 0 0 -1.1343705 -0.77987969 -0.56718523 2.442347 -2.2537949 -2.2537949 -3.6888795 1 0 0 0
1.65 0.15 3 0 0 0 -0.56718523 -0.95712508 -1.1343705 2.442347 -2.2537949 -2.2537949 -3.6888795 1 0 0 0
-3 0.15 1.65 0 0 0 -0.88622693 -0.99257416 -0.63808339 2.442347 -2.2537949 -2.2537949 -3.6888795 0.70710678 0 0.70710678 0
3 0.15 1.65 0 0 0 -1.0280232 -0.70898154 -0.921676 2.442347 -2.2537949 -2.2537949 -3.6888795 0.70710678 0 0.70710678 0
1.65 0.3 -3 0 0 0 -1.1343705 -0.77987969 -0.56718523 2.442347 -2.2537949 -2.2537949 -3.6888795 1 0 0 0
1.65 0.3 3 0 0 0 -0.56718523 -0.95712508 -1.1343705 2.442347 -2.2537949 -2.2537949 -3.6888795 1 0 0 0
-3 0.3 1.65 0 0 0 -0.88622693 -0.99257416 -0.63808339 2.442347 -2.2537949 -2.2537949 -3.6888795 0.70710678 0 0.70710678 0
3 0.3 1.65 0 0 0 -1.0280232 -0.70898154 -0.921676 2.442347 -2.2537949 -2.2537949 -3.6888795 0.70710678 0 0.70710678 0
1.65 0.45 -3 0 0 0 -1.1343705 -0.77987969 -0.56718523 2.442347 -2.2537949 -2.2537949 -3.6888795 1 0 0 0
1.65 0.45 3 0 0 0 -0.56718523 -0.95712508 -1.1343705 2.442347 -2.2537949 -2.2537949 -3.6888795 1 0 0 0
-3 0.45 1.65 0 0 0 -0.88622693 -0.99257416 -0.63808339 2.442347 -2.2537949 -2.2537949 -3.6888795 0.70710678 0 0.70710678 0
3 0.45 1.65 0 0 0 -1.0280232 -0.70898154 -0.921676 2.442347 -2.2537949 -2.2537949 -3.6888795 0.70710678 0 0.70710678 0
1.65 0.6 -3 0 0 0 -1.1343705 -0.77987969 -0.56718523 2.442347 -2.2537949 -2.2537949 -3.6888795 1 0 0 0
1.65 0.6 3 0 0 0 -0.56718523 -0.95712508 -1.1343705 2.442347 -2.2537949 -2.2537949 -3.6888795 1 0 0 0
-3 0.6 1.65 0 0 0 -0.88622693 -0.99257416 -0.63808339 2.442347 -2.2537949 -2.2537949 -3.6888795 0.70710678 0 0.70710678 0
3 0.6 1.65 0 0 0 -1.0280232 -0.70898154 -0.921676 2.442347 -2.2537949 -2.2537949 -3.6888795 0.70710678 0 0.70710678 0
1.65 0.75 -3 0 0 0 -1.1343705 -0.77987969 -0.56718523 2.442347 -2.2537949 -2.2537949 -3.6888795 1 0 0 0
1.65 0.75 3 0 0 0 -0.56718523 -0.95712508 -1.1343705 2.442347 -2.2537949 -2.2537949 -3.6888795 1 0 0 0
-3 0.75 1.65 0 0 0 -0.88622693 -0.99257416 -0.63808339 2.442347 -2.2537949 -2.2537949 -3.6888795 0.70710678 0 0.70710678 0
3 0.75 1.65 0 0 0 -1.0280232 -0.70898154 -0.921676 2.442347 -2.2537949 -2.2537949 -3.6888795 0.70710678 0 0.70710678 0
1.65 0.9 -3 0 0 0 -1.1343705 -0.77987969 -0.56718523 2.442347 -2.2537949 -2.2537949 -3.6888795 1 0 0 0
1.65 0.9 3 0 0 0 -0.56718523 -0.95712508 -1.1343705 2.442347 -2.2537949 -2.2537949 -3.6888795 1 0 0 0
-3 0.9 1.65 0 0 0 -0.88622693 -0.99257416 -0.63808339 2.442347 -2.2537949 -2.2537949 -3.6888795 0.70710678 0 0.70710678 0
3 0.9 1.65 0 0 0 -1.0280232 -0.70898154 -0.921676 2.442347 -2.2537949 -2.2537949 -3.6888795 0.70710678 0 0.70710678 0
1.65 1.05 -3 0 0 0 -1.1343705 -0.77987969 -0.56718523 2.442347 -2.2537949 -2.2537949 -3.6888795 1 0 0 0
1.65 1.05 3 0 0 0 -0.56718523 -0.95712508 -1.1343705 2.442347 -2.2537949 -2.2537949 -3.6888795 1 0 0 0
-3 1.05 1.65 0 0 0 -0.88622693 -0.99257416 -0.63808339 2.442347 -2.2537949 -2.2537949 -3.6888795 0.70710678 0 0.70710678 0
3 1.05 1.65 0 0 0 -1.0280232 -0.70898154 -0.921676 2.442347 -2.2537949 -2.2537949 -3.6888795 0.70710678 0 0.70710678 0
1.65 1.2 -3 0 0 0 -1.1343705 -0.77987969 -0.56718523 2.442347 -2.2537949 -2.2537949 -3.6888795 1 0 0 0
1.65 1.2 3 0 0 0 -0.56718523 -0.95712508 -1.1343705 2.442347 -2.2537949 -2.2537949 -3.6888795 1 0 0 0
-3 1.2 1.65 0 0 0 -0.88622693 -0.99257416 -0.63808339 2.442347 -2.2537949 -2.2537949 -3.6888795 0.70710678 0 0.70710678 0
3 1.2 1.65 0 0 0 -1.0280232 -0.70898154 -0.921676 2.442347 -2.2537949 -2.2537949 -3.6888795 0.70710678 0 0.70710678 0
1.65 1.35 -3 0 0 0 -1.1343705 -0.77987969 -0.56718523 2.442347 -2.2537949 -2.2537949 -3.6888795 1 0 0 0
1.65 1.35 3 0 0 0 -0.56718523 -0.95712508 -1.1343705 2.442347 -2.2537949 -2.2537949 -3.6888795 1 0 0 0
-3 1.35 1.65 0 0 0 -0.88622693 -0.99257416 -0.63808339 2.442347 -2.2537949 -2.2537949 -3.6888795 0.70710678 0 0.70710678 0
3 1.35 1.65 0 0 0 -1.0280232 -0.70898154 -0.921676 2.442347 -2.2537949 -2.2537949 -3.6888795 0.70710678 0 0.70710678 0
1.65 1.5 -3 0 0 0 -1.1343705 -0.77987969 -0.56718523 2.442347 -2.2537949 -2.2537949 -3.6888795 1 0 0 0
1.65 1.5 3 0 0 0 -0.56718523 -0.95712508 -1.1343705 2.442347 -2.2537949 -2.2537949 -3.6888795 1 0 0 0
-3 1.5 1.65 0 0 0 -0.88622693 -0.99257416 -0.63808339 2.442347 -2.2537949 -2.2537949 -3.6888795 0.70710678 0 0.70710678 0
3 1.5 1.65 0 0 0 -1.0280232 -0.70898154 -0.921676 2.442347 -2.2537949 -2.2537949 -3.6888795 0.70710678 0 0.70710678 0
1.65 1.65 -3 0 0 0 -1.1343705 -0.77987969 -0.56718523 2.442347 -2.2537949 -2.2537949 -3.6888795 1 0 0 0
1.65 1.65 3 0 0 0 -0.56718523 -0.95712508 -1.1343705 2.442347 -2.2537949 -2.2537949 -3.6888795 1 0 0 0
-3 1.65 1.65 0 0 0 -0.88622693 -0.99257416 -0.63808339 2.442347 -2.2537949 -2.2537949 -3.6888795 0.70710678 0 0.70710678 0
3 1.65 1.65 0 0 0 -1.0280232 -0.70898154 -0.921676 2.442347 -2.2537949 -2.2537949 -3.6888795 0.70710678 0 0.70710678 0
1.65 1.8 -3 0 0 0 -1.1343705 -0.77987969 -0.56718523 2.442347 -2.2537949 -2.2537949 -3.6888795 1 0 0 0
1.65 1.8 3 0 0 0 -0.56718523 -0.95712508 -1.1343705 2.442347 -2.2537949 -2.2537949 -3.6888795 1 0 0 0
-3 1.8 1.65 0 0 0 -0.88622693 -0.99257416 -0.63808339 2.442347 -2.2537949 -2.2537949 -3.6888795 0.70710678 0 0.70710678 0
3 1.8 1.65 0 0 0 -1.0280232 -0.70898154 -0.921676 2.442347 -2.2537949 -2.2537949 -3.6888795 0.70710678 0 0.70710678 0
1.65 1.95 -3 0 0 0 -1.1343705 -0.77987969 -0.56718523 2.442347 -2.2537949 -2.2537949 -3.6888795 1 0 0 0
1.65 1.95 3 0 0 0 -0.56718523 -0.95712508 -1.1343705 2.442347 -2.2537949 -2.2537949 -3.6888795 1 0 0 0
-3 1.95 1.65 0 0 0 -0.88622693 -0.99257416 -0.63808339 2.442347 -2.2537949 -2.2537949 -3.6888795 0.70710678 0 0.70710678 0
3 1.95 1.65 0 0 0 -1.0280232 -0.70898154 -0.921676 2.442347 -2.2537949 -2.2537949 -3.6888795 0.70710678 0 0.70710678 0
1.65 2.1 -3 0 0 0 -1.1343705 -0.77987969 -0.56718523 2.442347 -2.2537949 -2.2537949 -3.6888795 1 0 0 0
1.65 2.1 3 0 0 0 -0.56718523 -0.95712508 -1.1343705 2.442347 -2.2537949 -2.2537949 -3.6888795 1 0 0 0
-3 2.1 1.65 0 0 0 -0.88622693 -0.99257416 -0.63808339 2.442347 -2.2537949 -2.2537949 -3.6888795 0.70710678 0 0.70710678 0
3 2.1 1.65 0 0 0 -1.0280232 -0.70898154 -0.921676 2.442347 -2.2537949 -2.2537949 -3.6888795 0.70710678 0 0.70710678 0
1.65 2.25 -3 0 0 0 -1.1343705 -0.77987969 -0.56718523 2.442347 -2.2537949 -2.2537949 -3.6888795 1 0 0 0
1.65 2.25 3 0 0 0 -0.56718523 -0.95712508 -1.1343705 2.442347 -2.2537949 -2.2537949 -3.6888795 1 0 0 0
-3 2.25 1.65 0 0 0 -0.88622693 -0.99257416 -0.63808339 2.442347 -2.2537949 -2.2537949 -3.6888795 0.70710678 0 0.70710678 0
3 2.25 1.65 0 0 0 -1.0280232 -0.70898154 -0.921676 2.442347 -2.2537949 -2.2537949 -3.6888795 0.70710678 0 0.70710678 0
1.65 2.4 -3 0 0 0 -1.1343705 -0.77987969 -0.56718523 2.442347 -2.2537949 -2.2537949 -3.6888795 1 0 0 0
1.65 2.4 3 0 0 0 -0.56718523 -0.95712508 -1.1343705 2.442347 -2.2537949 -2.2537949 -3.6888795 1 0 0 0
-3 2.4 1.65 0 0 0 -0.88622693 -0.99257416 -0.63808339 2.442347 -2.2537949 -2.2537949 -3.6888795 0.70710678 0 0.70710678 0
3 2.4 1.65 0 0 0 -1.0280232 -0.70898154 -0.921676 2.442347 -2.2537949 -2.2537949 -3.6888795 0.70710678 0 0.70710678 0
1.65 2.55 -3 0 0 0 -1.1343705 -0.77987969 -0.56718523 2.442347 -2.2537949 -2.2537949 -3.6888795 1 0 0 0
1.65 2.55 3 0 0 0 -0.56718523 -0.95712508 -1.1343705 2.442347 -2.2537949 -2.2537949 -3.6888795 1 0 0 0
-3 2.55 1.65 0 0 0 -0.88622693 -0.99257416 -0.63808339 2.442347 -2.2537949 -2.2537949 -3.6888795 0.70710678 0 0.70710678 0
3 2.55 1.65 0 0 0 -1.0280232 -0.70898154 -0.921676 2.442347 -2.2537949 -2.2537949 -3.6888795 0.70710678 0 0.70710678 0
1.65 2.7 -3 0 0 0 -1.1343705 -0.77987969 -0.56718523 2.442347 -2.2537949 -2.2537949 -3.6888795 1 0 0 0
1.65 2.7 3 0 0 0 -0.56718523 -0.95712508 -1.1343705 2.442347 -2.2537949 -2.2537949 -3.6888795 1 0 0 0
-3 2.7 1.65 0 0 0 -0.88622693 -0.99257416 -0.63808339 2.442347 -2.2537949 -2.2537949 -3.6888795 0.70710678 0 0.70710678 0
3 2.7 1.65 0 0 0 -1.0280232 -0.70898154 -0.921676 2.442347 -2.2537949 -2.2537949 -3.6888795 0.70710678 0 0.70710678 0
1.65 2.85 -3 0 0 0 -1.1343705 -0.77987969 -0.56718523 2.442347 -2.2537949 -2.2537949 -3.6888795 1 0 0 0
1.65 2.85 3 0 0 0 -0.56718523 -0.95712508 -1.1343705 2.442347 -2.2537949 -2.2537949 -3.6888795 1 0 0 0
-3 2.85 1.65 0 0 0 -0.88622693 -0.99257416 -0.63808339 2.442347 -2.2537949 -2.2537949 -3.6888795 0.70710678 0 0.70710678 0
3 2.85 1.65 0 0 0 -1.0280232 -0.70898154 -0.921676 2.442347 -2.2537949 -2.2537949 -3.6888795 0.70710678 0 0.70710678 0
1.65 3 -3 0 0 0 -1.1343705 -0.77987969 -0.56718523 2.442347 -2.2537949 -2.2537949 -3.6888795 1 0 0 0
1.65 3 3 0 0 0 -0.56718523 -0.95712508 -1.1343705 2.442347 -2.2537949 -2.2537949 -3.6888795 1 0 0 0
-3 3 1.65 0 0 0 -0.88622693 -0.99257416 -0.63808339 2.442347 -2.2537949 -2.2537949 -3.6888795 0.70710678 0 0.70710678 0
3 3 1.65 0 0 0 -1.0280232 -0.70898154 -0.921676 2.442347 -2.2537949 -2.2537949 -3.6888795 0.70710678 0 0.70710678 0
1.8 0 -3 0 0 0 -0.28359262 -0.20914955 -0.10492927 2.442347 -2.2537949 -2.2537949 -3.6888795 0.70710678 0.70710678 0 0
1.8 3 -3 0 0 0 -1.0634723 -0.95712508 -0.70898154 2.442347 -2.2537949 -2.2537949 -3.6888795 0.70710678 0.70710678 0 0
1.8 0 -2.85 0 0 0 -0.28359262 -0.20914955 -0.10492927 2.442347 -2.2537949 -2.2537949 -3.6888795 0.70710678 0.70710678 0 0
1.8 3 -2.85 0 0 0 -1.0634723 -0.95712508 -0.70898154 2.442347 -2.2537949 -2.2537949 -3.6888795 0.70710678 0.70710678 0 0
1.8 0 -2.7 0 0 0 -0.28359262 -0.20914955 -0.10492927 2.442347 -2.2537949 -2.2537949 -3.6888795 0.70710678 0.70710678 0 0
1.8 3 -2.7 0 0 0 -1.0634723 -0.95712508 -0.70898154 2.442347 -2.2537949 -2.2537949 -3.6888795 0.70710678 0.70710678 0 0
1.8 0 -2.55 0 0 0 -0.28359262 -0.20914955 -0.10492927 2.442347 -2.2537949 -2.2537949 -3.6888795 0.70710678 0.70710678 0 0
1.8 3 -2.55 0 0 0 -1.0634723 -0.95712508 -0.70898154 2.442347 -2.2537949 -2.2537949 -3.6888795 0.70710678 0.70710678 0 0
1.8 0 -2.4 0 0 0 -0.28359262 -0.20914955 -0.10492927 2.442347 -2.2537949 -2.2537949 -3.6888795 0.70710678 0.70710678 0 0
1.8 3 -2.4 0 0 0 -1.0634723 -0.95712508 -0.70898154 2.442347 -2.2537949 -2.2537949 -3.6888795 0.70710678 0.70710678 0 0
1.8 0 -2.25 0 0 0 -0.85077785 -0.80469405 -0.74017673 2.442347 -2.2537949 -2.2537949 -3.6888795 0.70710678 0.70710678 0 0
1.8 3 -2.25 0 0 0 -1.0634723 -0.95712508 -0.70898154 2.442347 -2.2537949 -2.2537949 -3.6888795 0.70710678 0.70710678 0 0
1.8 0 -2.1 0 0 0 -0.85077785 -0.80469405 -0.74017673 2.442347 -2.2537949 -2.2537949 -3.6888795 0.70710678 0.70710678 0 0
1.8 3 -2.1 0 0 0 -1.0634723 -0.95712508 -0.70898154 2.442347 -2.2537949 -2.2537949 -3.6888795 0.70710678 0.70710678 0 0
1.8 0 -1.95 0 0 0 -0.85077785 -0.80469405 -0.74017673 2.442347 -2.2537949 -2.2537949 -3.6888795 0.70710678 0.70710678 0 0
1.8 3 -1.95 0 0 0 -1.0634723 -0.95712508 -0.70898154 2.442347 -2.2537949 -2.2537949 -3.6888795 0.70710678 0.70710678 0 0
1.8 0 -1.8 0 0 0 -0.85077785 -0.80469405 -0.74017673 2.442347 -2.2537949 -2.2537949 -3.6888795 0.70710678 0.70710678 0 0
1.8 3 -1.8 0 0 0 -1.0634723 -0.95712508 -0.70898154 2.442347 -2.2537949 -2.2537949 -3.6888795 0.70710678 0.70710678 0 0
1.8 0 -1.65 0 0 0 -0.85077785 -0.80469405 -0.74017673 2.442347 -2.2537949 -2.2537949 -3.6888795 0.70710678 0.70710678 0 0
1.8 3 -1.65 0 0 0 -1.0634723 -0.95712508 -0.70898154 2.442347 -2.2537949 -2.2537949 -3.6888795 0.70710678 0.70710678 0 0
1.8 0 -1.5 0 0 0 -0.28359262 -0.20914955 -0.10492927 2.442347 -2.2537949 -2.2537949 -3.6888795 0.70710678 0.70710678 0 0
1.8 3 -1.5 0 0 0 -1.0634723 -0.95712508 -0.70898154 2.442347 -2.2537949 -2.2537949 -3.6888795 0.70710678 0.70710678 0 0
1.8 0 -1.35 0 0 0 -0.28359262 -0.20914955 -0.10492927 2.442347 -2.2537949 -2.2537949 -3.6888795 0.70710678 0.70710678 0 0
1.8 3 -1.35 0 0 0 -1.0634723 -0.95712508 -0.70898154 2.442347 -2.2537949 -2.2537949 -3.6888795 0.70710678 0.70710678 0 0
1.8 0 -1.2 0 0 0 -0.28359262 -0.20914955 -0.10492927 2.442347 -2.2537949 -2.2537949 -3.6888795 0.70710678 0.70710678 0 0
1.8 3 -1.2 0 0 0 -1.0634723 -0.95712508 -0.70898154 2.442347 -2.2537949 -2.2537949 -3.6888795 0.70710678 0.70710678 0 0
1.8 0 -1.05 0 0 0 -0.28359262 -0.20914955 -0.10492927 2.442347 -2.2537949 -2.2537949 -3.6888795 0.70710678 0.70710678 0 0
1.8 3 -1.05 0 0 0 -1.0634723 -0.95712508 -0.70898154 2.442347 -2.2537949 -2.2537949 -3.6888795 0.70710678 0.70710678 0 0
1.8 0 -0.9 0 0 0 -0.28359262 -0.20914955 -0.10492927 2.442347 -2.2537949 -2.2537949 -3.6888795 0.70710678 0.70710678 0 0
1.8 3 -0.9 0 0 0 -1.0634723 -0.95712508 -0.70898154 2.442347 -2.2537949 -2.2537949 -3.6888795 0.70710678 0.70710678 0 0
1.8 0 -0.75 0 0 0 -0.85077785 -0.80469405 -0.74017673 2.442347 -2.2537949 -2.2537949 -3.6888795 0.70710678 0.70710678 0 0
1.8 3 -0.75 0 0 0 -1.0634723 -0.95712508 -0.70898154 2.442347 -2.2537949 -2.2537949 -3.6888795 0.70710678 0.70710678 0 0
1.8 0 -0.6 0 0 0 -0.85077785 -0.80469405 -0.74017673 2.442347 -2.2537949 -2.2537949 -3.6888795 0.70710678 0.70710678 0 0
1.8 3 -0.6 0 0 0 -1.0634723 -0.95712508 -0.70898154 2.442347 -2.2537949 -2.2537949 -3.6888795 0.70710678 0.70710678 0 0
1.8 0 -0.45 0 0 0 -0.85077785 -0.80469405 -0.74017673 2.442347 -2.2537949 -2.2537949 -3.6888795 0.70710678 0.70710678 0 0
1.8 3 -0.45 0 0 0 -1.0634723 -0.95712508 -0.70898154 2.442347 -2.2537949 -2.2537949 -3.6888795 0.70710678 0.70710678 0 0
1.8 0 -0.3 0 0 0 -0.85077785 -0.80469405 -0.74017673 2.442347 -2.2537949 -2.2537949 -3.6888795 0.70710678 0.70710678 0 0
1.8 3 -0.3 0 0 0 -1.0634723 -0.95712508 -0.70898154 2.442347 -2.2537949 -2.2537949 -3.6888795 0.70710678 0.70710678 0 0
1.8 0 -0.15 0 0 0 -0.85077785 -0.80469405 -0.74017673 2.442347 -2.2537949 -2.2537949 -3.6888795 0.70710678 0.70710678 0 0
1.8 3 -0.15 0 0 0 -1.0634723 -0.95712508 -0.70898154 2.442347 -2.2537949 -2.2537949 -3.6888795 0.70710678 0.70710678 0 0
1.8 0 0 0 0 0 -0.28359262 -0.20914955 -0.10492927 2.442347 -2.2537949 -2.2537949 -3.6888795 0.70710678 0.70710678 0 0
1.8 3 0 0 0 0 -1.0634723 -0.95712508 -0.70898154 2.442347 -2.2537949 -2.2537949 -3.6888795 0.70710678 0.70710678 0 0
1.8 0 0.15 0 0 0 -0.28359262 -0.20914955 -0.10492927 2.442347 -2.2537949 -2.2537949 -3.6888795 0.70710678 0.70710678 0 0
1.8 3 0.15 0 0 0 -1.0634723 -0.95712508 -0.70898154 2.442347 -2.2537949 -2.2537949 -3.6888795 0.70710678 0.70710678 0 0
1.8 0 0.3 0 0 0 -0.28359262 -0.20914955 -0.10492927 2.442347 -2.2537949 -2.2537949 -3.6888795 0.70710678 0.70710678 0 0
1.8 3 0.3 0 0 0 -1.0634723 -0.95712508 -0.70898154 2.442347 -2.2537949 -2.2537949 -3.6888795 0.70710678 0.70710678 0 0
1.8 0 0.45 0 0 0 -0.28359262 -0.20914955 -0.10492927 2.442347 -2.2537949 -2.2537949 -3.6888795 0.70710678 0.70710678 0 0
1.8 3 0.45 0 0 0 -1.0634723 -0.95712508 -0.70898154 2.442347 -2.2537949 -2.2537949 -3.6888795 0.70710678 0.70710678 0 0
1.8 0 0.6 0 0 0 -0.28359262 -0.20914955 -0.10492927 2.442347 -2.2537949 -2.2537949 -3.6888795 0.70710678 0.70710678 0 0
1.8 3 0.6 0 0 0 -1.0634723 -0.95712508 -0.70898154 2.442347 -2.2537949 -2.2537949 -3.6888795 0.70710678 0.70710678 0 0
1.8 0 0.75 0 0 0 -0.85077785 -0.80469405 -0.74017673 2.442347 -2.2537949 -2.2537949 -3.6888795 0.70710678 0.70710678 0 0
1.8 3 0.75 0 0 0 -1.0634723 -0.95712508 -0.70898154 2.442347 -2.2537949 -2.2537949 -3.6888795 0.70710678 0.70710678 0 0
1.8 0 0.9 0 0 0 -0.85077785 -0.80469405 -0.74017673 2.442347 -2.2537949 -2.2537949 -3.6888795 0.70710678 0.70710678 0 0
1.8 3 0.9 0 0 0 -1.0634723 -0.95712508 -0.70898154 2.442347 -2.2537949 -2.2537949 -3.6888795 0.70710678 0.70710678 0 0
1.8 0 1.05 0 0 0 -0.85077785 -0.80469405 -0.74017673 2.442347 -2.2537949 -2.2537949 -3.6888795 0.70710678 0.70710678 0 0
1.8 3 1.05 0 0 0 -1.0634723 -0.95712508 -0.70898154 2.442347 -2.2537949 -2.2537949 -3.6888795 0.70710678 0.70710678 0 0
1.8 0 1.2 0 0 0 -0.85077785 -0.80469405 -0.74017673 2.442347 -2.2537949 -2.2537949 -3.6888795 0.70710678 0.70710678 0 0
1.8 3 1.2 0 0 0 -1.0634723 -0.95712508 -0.70898154 2.442347 -2.2537949 -2.2537949 -3.6888795 0.70710678 0.70710678 0 0
1.8 0 1.35 0 0 0 -0.85077785 -0.80469405 -0.74017673 2.442347 -2.2537949 -2.2537949 -3.6888795 0.70710678 0.70710678 0 0
1.8 3 1.35 0 0 0 -1.0634723 -0.95712508 -0.70898154 2.442347 -2.2537949 -2.2537949 -3.6888795 0.70710678 0.70710678 0 0
1.8 0 1.5 0 0 0 -0.28359262 -0.20914955 -0.10492927 2.442347 -2.2537949 -2.2537949 -3.6888795 0.70710678 0.70710678 0 0
1.8 3 1.5 0 0 0 -1.0634723 -0.95712508 -0.70898154 2.442347 -2.2537949 -2.2537949 -3.6888795 0.70710678 0.70710678 0 0
1.8 0 1.65 0 0 0 -0.28359262 -0.20914955 -0.10492927 2.442347 -2.2537949 -2.2537949 -3.6888795 0.70710678 0.70710678 0 0
1.8 3 1.65 0 0 0 -1.0634723 -0.95712508 -0.70898154 2.442347 -2.2537949 -2.2537949 -3.6888795 0.70710678 0.70710678 0 0
1.8 0 1.8 0 0 0 -0.28359262 -0.20914955 -0.10492927 2.442347 -2.2537949 -2.2537949 -3.6888795 0.70710678 0.70710678 0 0
1.8 3 1.8 0 0 0 -1.0634723 -0.95712508 -0.70898154 2.442347 -2.2537949 -2.2537949 -3.6888795 0.70710678 0.70710678 0 0
1.8 0 1.95 0 0 0 -0.28359262 -0.20914955 -0.10492927 2.442347 -2.2537949 -2.2537949 -3.6888795 0.70710678 0.70710678 0 0
1.8 3 1.95 0 0 0 -1.0634723 -0.95712508 -0.70898154 2.442347 -2.2537949 -2.2537949 -3.6888795 0.70710678 0.70710678 0 0
1.8 0 2.1 0 0 0 -0.28359262 -0.20914955 -0.10492927 2.442347 -2.2537949 -2.2537949 -3.6888795 0.70710678 0.70710678 0 0
1.8 3 2.1 0 0 0 -1.0634723 -0.95712508 -0.70898154 2.442347 -2.2537949 -2.2537949 -3.6888795 0.70710678 0.70710678 0 0
1.8 0 2.25 0 0 0 -0.85077785 -0.80469405 -0.74017673 2.442347 -2.2537949 -2.2537949 -3.6888795 0.70710678 0.70710678 0 0
1.8 3 2.25 0 0 0 -1.0634723 -0.95712508 -0.70898154 2.442347 -2.2537949 -2.2537949 -3.6888795 0.70710678 0.70710678 0 0
1.8 0 2.4 0 0 0 -0.85077785 -0.80469405 -0.74017673 2.442347 -2.2537949 -2.2537949 -3.6888795 0.70710678 0.70710678 0 0
1.8 3 2.4 0 0 0 -1.0634723 -0.95712508 -0.70898154 2.442347 -2.2537949 -2.2537949 -3.6888795 0.70710678 0.70710678 0 0
1.8 0 2.55 0 0 0 -0.85077785 -0.80469405 -0.74017673 2.442347 -2.2537949 -2.2537949 -3.6888795 0.70710678 0.70710678 0 0
1.8 3 2.55 0 0 0 -1.0634723 -0.95712508 -0.70898154 2.442347 -2.2537949 -2.2537949 -3.6888795 0.70710678 0.70710678 0 0
1.8 0 2.7 0 0 0 -0.85077785 -0.80469405 -0.74017673 2.442347 -2.2537949 -2.2537949 -3.6888795 0.70710678 0.70710678 0 0
1.8 3 2.7 0 0 0 -1.0634723 -0.95712508 -0.70898154 2.442347 -2.2537949 -2.2537949 -3.6888795 0.70710678 0.70710678 0 0
1.8 0 2.85 0 0 0 -0.85077785 -0.80469405 -0.74017673 2.442347 -2.2537949 -2.2537949 -3.6888795 0.70710678 0.70710678 0 0
1.8 3 2.85 0 0 0 -1.0634723 -0.95712508 -0.70898154 2.442347 -2.2537949 -2.2537949 -3.6888795 0.70710678 0.70710678 0 0
1.8 0 3 0 0 0 -0.28359262 -0.20914955 -0.10492927 2.442347 -2.2537949 -2.2537949 -3.6888795 0.70710678 0.70710678 0 0
1.8 3 3 0 0 0 -1.0634723 -0.95712508 -0.70898154 2.442347 -2.2537949 -2.2537949 -3.6888795 0.70710678 0.70710678 0 0
1.8 0 -3 0 0 0 -1.1343705 -0.77987969 -0.56718523 2.442347 -2.2537949 -2.2537949 -3.6888795 1 0 0 0
1.8 0 3 0 0 0 -0.56718523 -0.95712508 -1.1343705 2.442347 -2.2537949 -2.2537949 -3.6888795 1 0 0 0
-3 0 1.8 0 0 0 -0.88622693 -0.99257416 -0.63808339 2.442347 -2.2537949 -2.2537949 -3.6888795 0.70710678 0 0.70710678 0
3 0 1.8 0 0 0 -1.0280232 -0.70898154 -0.921676 2.442347 -2.2537949 -2.2537949 -3.6888795 0.70710678 0 0.70710678 0
1.8 0.15 -3 0 0 0 -1.1343705 -0.77987969 -0.56718523 2.442347 -2.2537949 -2.2537949 -3.6888795 1 0 0 0
1.8 0.15 3 0 0 0 -0.56718523 -0.95712508 -1.1343705 2.442347 -2.2537949 -2.2537949 -3.6888795 1 0 0 0
-3 0.15 1.8 0 0 0 -0.88622693 -0.99257416 -0.63808339 2.442347 -2.2537949 -2.2537949 -3.6888795 0.70710678 0 0.70710678 0
3 0.15 1.8 0 0 0 -1.0280232 -0.70898154 -0.921676 2.442347 -2.2537949 -2.2537949 -3.6888795 0.70710678 0 0.70710678 0
1.8 0.3 -3 0 0 0 -1.1343705 -0.77987969 -0.56718523 2.442347 -2.2537949 -2.2537949 -3.6888795 1 0 0 0
1.8 0.3 3 0 0 0 -0.56718523 -0.95712508 -1.1343705 2.442347 -2.2537949 -2.2537949 -3.6888795 1 0 0 0
-3 0.3 1.8 0 0 0 -0.88622693 -0.99257416 -0.63808339 2.442347 -2.2537949 -2.2537949 -3.6888795 0.70710678 0 0.70710678 0
3 0.3 1.8 0 0 0 -1.0280232 -0.70898154 -0.921676 2.442347 -2.2537949 -2.2537949 -3.6888795 0.70710678 0 0.70710678 0
1.8 0.45 -3 0 0 0 -1.1343705 -0.77987969 -0.56718523 2.442347 -2.2537949 -2.2537949 -3.6888795 1 0 0 0
1.8 0.45 3 0 0 0 -0.56718523 -0.95712508 -1.1343705 2.442347 -2.2537949 -2.2537949 -3.6888795 1 0 0 0
-3 0.45 1.8 0 0 0 -0.88622693 -0.99257416 -0.63808339 2.442347 -2.2537949 -2.2537949 -3.6888795 0.70710678 0 0.70710678 0
3 0.45 1.8 0 0 0 -1.0280232 -0.70898154 -0.921676 2.442347 -2.2537949 -2.2537949 -3.6888795 0.70710678 0 0.70710678 0
1.8 0.6 -3 0 0 0 -1.1343705 -0.77987969 -0.56718523 2.442347 -2.2537949 -2.2537949 -3.6888795 1 0 0 0
1.8 0.6 3 0 0 0 -0.56718523 -0.95712508 -1.1343705 2.442347 -2.2537949 -2.2537949 -3.6888795 1 0 0 0
-3 0.6 1.8 0 0 0 -0.88622693 -0.99257416 -0.63808339 2.442347 -2.2537949 -2.2537949 -3.6888795 0.70710678 0 0.70710678 0
3 0.6 1.8 0 0 0 -1.0280232 -0.70898154 -0.921676 2.442347 -2.2537949 -2.2537949 -3.6888795 0.70710678 0 0.70710678 0
1.8 0.75 -3 0 0 0 -1.1343705 -0.77987969 -0.56718523 2.442347 -2.2537949 -2.2537949 -3.6888795 1 0 0 0
1.8 0.75 3 0 0 0 -0.56718523 -0.95712508 -1.1343705 2.442347 -2.2537949 -2.2537949 -3.6888795 1 0 0 0
-3 0.75 1.8 0 0 0 -0.88622693 -0.99257416 -0.63808339 2.442347 -2.2537949 -2.2537949 -3.6888795 0.70710678 0 0.70710678 0
3 0.75 1.8 0 0 0 -1.0280232 -0.70898154 -0.921676 2.442347 -2.2537949 -2.2537949 -3.6888795 0.70710678 0 0.70710678 0
1.8 0.9 -3 0 0 0 -1.1343705 -0.77987969 -0.56718523 2.442347 -2.2537949 -2.2537949 -3.6888795 1 0 0 0
1.8 0.9 3 0 0 0 -0.56718523 -0.95712508 -1.1343705 2.442347 -2.2537949 -2.2537949 -3.6888795 1 0 0 0
-3 0.9 1.8 0 0 0 -0.88622693 -0.99257416 -0.63808339 2.442347 -2.2537949 -2.2537949 -3.6888795 0.70710678 0 0.70710678 0
3 0.9 1.8 0 0 0 -1.0280232 -0.70898154 -0.921676 2.442347 -2.2537949 -2.2537949 -3.6888795 0.70710678 0 0.70710678 0
1.8 1.05 -3 0 0 0 -1.1343705 -0.77987969 -0.56718523 2.442347 -2.2537949 -2.2537949 -3.6888795 1 0 0 0
1.8 1.05 3 0 0 0 -0.56718523 -0.95712508 -1.1343705 2.442347 -2.2537949 -2.2537949 -3.6888795 1 0 0 0
-3 1.05 1.8 0 0 0 -0.88622693 -0.99257416 -0.63808339 2.442347 -2.2537949 -2.2537949 -3.6888795 0.70710678 0 0.70710678 0
3 1.05 1.8 0 0 0 -1.0280232 -0.70898154 -0.921676 2.442347 -2.2537949 -2.2537949 -3.6888795 0.70710678 0 0.70710678 0
1.8 1.2 -3 0 0 0 -1.1343705 -0.77987969 -0.56718523 2.442347 -2.2537949 -2.2537949 -3.6888795 1 0 0 0
1.8 1.2 3 0 0 0 -0.56718523 -0.95712508 -1.1343705 2.442347 -2.2537949 -2.2537949 -3.6888795 1 0 0 0
-3 1.2 1.8 0 0 0 -0.88622693 -0.99257416 -0.63808339 2.442347 -2.2537949 -2.2537949 -3.6888795 0.70710678 0 0.70710678 0
3 1.2 1.8 0 0 0 -1.0280232 -0.70898154 -0.921676 2.442347 -2.2537949 -2.2537949 -3.6888795 0.70710678 0 0.70710678 0
1.8 1.35 -3 0 0 0 -1.1343705 -0.77987969 -0.56718523 2.442347 -2.2537949 -2.2537949 -3.6888795 1 0 0 0
1.8 1.35 3 0 0 0 -0.56718523 -0.95712508 -1.1343705 2.442347 -2.2537949 -2.2537949 -3.6888795 1 0 0 0
-3 1.35 1.8 0 0 0 -0.88622693 -0.99257416 -0.63808339 2.442347 -2.2537949 -2.2537949 -3.6888795 0.70710678 0 0.70710678 0
3 1.35 1.8 0 0 0 -1.0280232 -0.70898154 -0.921676 2.442347 -2.2537949 -2.2537949 -3.6888795 0.70710678 0 0.70710678 0
1.8 1.5 -3 0 0 0 -1.1343705 -0.77987969 -0.56718523 2.442347 -2.2537949 -2.2537949 -3.6888795 1 0 0 0
1.8 1.5 3 0 0 0 -0.56718523 -0.95712508 -1.1343705 2.442347 -2.2537949 -2.2537949 -3.6888795 1 0 0 0
-3 1.5 1.8 0 0 0 -0.88622693 -0.99257416 -0.63808339 2.442347 -2.2537949 -2.2537949 -3.6888795 0.70710678 0 0.70710678 0
3 1.5 1.8 0 0 0 -1.0280232 -0.70898154 -0.921676 2.442347 -2.2537949 -2.2537949 -3.6888795 0.70710678 0 0.70710678 0
1.8 1.65 -3 0 0 0 -1.1343705 -0.77987969 -0.56718523 2.442347 -2.2537949 -2.2537949 -3.6888795 1 0 0 0
1.8 1.65 3 0 0 0 -0.56718523 -0.95712508 -1.1343705 2.442347 -2.2537949 -2.2537949 -3.6888795 1 0 0 0
-3 1.65 1.8 0 0 0 -0.88622693 -0.99257416 -0.63808339 2.442347 -2.2537949 -2.2537949 -3.6888795 0.70710678 0 0.70710678 0
3 1.65 1.8 0 0 0 -1.0280232 -0.70898154 -0.921676 2.442347 -2.2537949 -2.2537949 -3.6888795 0.70710678 0 0.70710678 0
1.8 1.8 -3 0 0 0 -1.1343705 -0.77987969 -0.56718523 2.442347 -2.2537949 -2.2537949 -3.6888795 1 0 0 0
1.8 1.8 3 0 0 0 -0.56718523 -0.95712508 -1.1343705 2.442347 -2.2537949 -2.2537949 -3.6888795 1 0 0 0
-3 1.8 1.8 0 0 0 -0.88622693 -0.99257416 -0.63808339 2.442347 -2.2537949 -2.2537949 -3.6888795 0.70710678 0 0.70710678 0
3 1.8 1.8 0 0 0 -1.0280232 -0.70898154 -0.921676 2.442347 -2.2537949 -2.2537949 -3.6888795 0.70710678 0 0.70710678 0
1.8 1.95 -3 0 0 0 -1.1343705 -0.77987969 -0.56718523 2.442347 -2.2537949 -2.2537949 -3.6888795 1 0 0 0
1.8 1.95 3 0 0 0 -0.56718523 -0.95712508 -1.1343705 2.442347 -2.2537949 -2.2537949 -3.6888795 1 0 0 0
-3 1.95 1.8 0 0 0 -0.88622693 -0.99257416 -0.63808339 2.442347 -2.2537949 -2.2537949 -3.6888795 0.70710678 0 0.70710678 0
3 1.95 1.8 0 0 0 -1.0280232 -0.70898154 -0.921676 2.442347 -2.2537949 -2.2537949 -3.6888795 0.70710678 0 0.70710678 0
1.8 2.1 -3 0 0 0 -1.1343705 -0.77987969 -0.56718523 2.442347 -2.2537949 -2.2537949 -3.6888795 1 0 0 0
1.8 2.1 3 0 0 0 -0.56718523 -0.95712508 -1.1343705 2.442347 -2.2537949 -2.2537949 -3.6888795 1 0 0 0
-3 2.1 1.8 0 0 0 -0.88622693 -0.99257416 -0.63808339 2.442347 -2.2537949 -2.2537949 -3.6888795 0.70710678 0 0.70710678 0
3 2.1 1.8 0 0 0 -1.0280232 -0.70898154 -0.921676 2.442347 -2.2537949 -2.2537949 -3.6888795 0.70710678 0 0.70710678 0
1.8 2.25 -3 0 0 0 -1.1343705 -0.77987969 -0.56718523 2.442347 -2.2537949 -2.2537949 -3.6888795 1 0 0 0
1.8 2.25 3 0 0 0 -0.56718523 -0.95712508 -1.1343705 2.442347 -2.2537949 -2.2537949 -3.6888795 1 0 0 0
-3 2.25 1.8 0 0 0 -0.88622693 -0.99257416 -0.63808339 2.442347 -2.2537949 -2.2537949 -3.6888795 0.70710678 0 0.70710678 0
3 2.25 1.8 0 0 0 -1.0280232 -0.70898154 -0.921676 2.442347 -2.2537949 -2.2537949 -3.6888795 0.70710678 0 0.70710678 0
1.8 2.4 -3 0 0 0 -1.1343705 -0.77987969 -0.56718523 2.442347 -2.2537949 -2.2537949 -3.6888795 1 0 0 0
1.8 2.4 3 0 0 0 -0.56718523 -0.95712508 -1.1343705 2.442347 -2.2537949 -2.2537949 -3.6888795 1 0 0 0
-3 2.4 1.8 0 0 0 -0.88622693 -0.99257416 -0.63808339 2.442347 -2.2537949 -2.2537949 -3.6888795 0.70710678 0 0.70710678 0
3 2.4 1.8 0 0 0 -1.0280232 -0.70898154 -0.921676 2.442347 -2.2537949 -2.2537949 -3.6888795 0.70710678 0 0.70710678 0
1.8 2.55 -3 0 0 0 -1.1343705 -0.77987969 -0.56718523 2.442347 -2.2537949 -2.2537949 -3.6888795 1 0 0 0
1.8 2.55 3 0 0 0 -0.56718523 -0.95712508 -1.1343705 2.442347 -2.2537949 -2.2537949 -3.6888795 1 0 0 0
-3 2.55 1.8 0 0 0 -0.88622693 -0.99257416 -0.63808339 2.442347 -2.2537949 -2.2537949 -3.6888795 0.70710678 0 0.70710678 0
3 2.55 1.8 0 0 0 -1.0280232 -0.70898154 -0.921676 2.442347 -2.2537949 -2.2537949 -3.6888795 0.70710678 0 0.70710678 0
1.8 2.7 -3 0 0 0 -1.1343705 -0.77987969 -0.56718523 2.442347 -2.2537949 -2.2537949 -3.6888795 1 0 0 0
1.8 2.7 3 0 0 0 -0.56718523 -0.95712508 -1.1343705 2.442347 -2.2537949 -2.2537949 -3.6888795 1 0 0 0
-3 2.7 1.8 0 0 0 -0.88622693 -0.99257416 -0.63808339 2.442347 -2.2537949 -2.2537949 -3.6888795 0.70710678 0 0.70710678 0
3 2.7 1.8 0 0 0 -1.0280232 -0.70898154 -0.921676 2.442347 -2.2537949 -2.2537949 -3.6888795 0.70710678 0 0.70710678 0
1.8 2.85 -3 0 0 0 -1.1343705 -0.77987969 -0.56718523 2.442347 -2.2537949 -2.2537949 -3.6888795 1 0 0 0
1.8 2.85 3 0 0 0 -0.56718523 -0.95712508 -1.1343705 2.442347 -2.2537949 -2.2537949 -3.6888795 1 0 0 0
-3 2.85 1.8 0 0 0 -0.88622693 -0.99257416 -0.63808339 2.442347 -2.2537949 -2.2537949 -3.6888795 0.70710678 0 0.70710678 0
3 2.85 1.8 0 0 0 -1.0280232 -0.70898154 -0.921676 2.442347 -2.2537949 -2.2537949 -3.6888795 0.70710678 0 0.70710678 0
1.8 3 -3 0 0 0 -1.1343705 -0.77987969 -0.56718523 2.442347 -2.2537949 -2.2537949 -3.6888795 1 0 0 0
1.8 3 3 0 0 0 -0.56718523 -0.95712508 -1.1343705 2.442347 -2.2537949 -2.2537949 -3.6888795 1 0 0 0
-3 3 1.8 0 0 0 -0.88622693 -0.99257416 -0.63808339 2.442347 -2.2537949 -2.2537949 -3.6888795 0.70710678 0 0.70710678 0
3 3 1.8 0 0 0 -1.0280232 -0.70898154 -0.921676 2.442347 -2.2537949 -2.2537949 -3.6888795 0.70710678 0 0.70710678 0
1.95 0 -3 0 0 0 -0.28359262 -0.20914955 -0.10492927 2.442347 -2.2537949 -2.2537949 -3.6888795 0.70710678 0.70710678 0 0
1.95 3 -3 0 0 0 -1.0634723 -0.95712508 -0.70898154 2.442347 -2.2537949 -2.2537949 -3.6888795 0.70710678 0.70710678 0 0
1.95 0 -2.85 0 0 0 -0.28359262 -0.20914955 -0.10492927 2.442347 -2.2537949 -2.2537949 -3.6888795 0.70710678 0.70710678 0 0
1.95 3 -2.85 0 0 0 -1.0634723 -0.95712508 -0.70898154 2.442347 -2.2537949 -2.2537949 -3.6888795 0.70710678 0.70710678 0 0
1.95 0 -2.7 0 0 0 -0.28359262 -0.20914955 -0.10492927 2.442347 -2.2537949 -2.2537949 -3.6888795 0.70710678 0.70710678 0 0
1.95 3 -2.7 0 0 0 -1.0634723 -0.95712508 -0.70898154 2.442347 -2.2537949 -2.2537949 -3.6888795 0.70710678 0.70710678 0 0
1.95 0 -2.55 0 0 0 -0.28359262 -0.20914955 -0.10492927 2.442347 -2.2537949 -2.2537949 -3.6888795 0.70710678 0.70710678 0 0
1.95 3 -2.55 0 0 0 -1.0634723 -0.95712508 -0.70898154 2.442347 -2.2537949 -2.2537949 -3.6888795 0.70710678 0.70710678 0 0
1.95 0 -2.4 0 0 0 -0.28359262 -0.20914955 -0.10492927 2.442347 -2.2537949 -2.2537949 -3.6888795 0.70710678 0.70710678 0 0
1.95 3 -2.4 0 0 0 -1.0634723 -0.95712508 -0.70898154 2.442347 -2.2537949 -2.2537949 -3.6888795 0.70710678 0.70710678 0 0
1.95 0 -2.25 0 0 0 -0.85077785 -0.80469405 -0.74017673 2.442347 -2.2537949 -2.2537949 -3.6888795 0.70710678 0.70710678 0 0
1.95 3 -2.25 0 0 0 -1.0634723 -0.95712508 -0.70898154 2.442347 -2.2537949 -2.2537949 -3.6888795 0.70710678 0.70710678 0 0
1.95 0 -2.1 0 0 0 -0.85077785 -0.80469405 -0.74017673 2.442347 -2.2537949 -2.2537949 -3.6888795 0.70710678 0.70710678 0 0
1.95 3 -2.1 0 0 0 -1.0634723 -0.95712508 -0.70898154 2.442347 -2.2537949 -2.2537949 -3.6888795 0.70710678 0.70710678 0 0
1.95 0 -1.95 0 0 0 -0.85077785 -0.80469405 -0.74017673 2.442347 -2.2537949 -2.2537949 -3.6888795 0.70710678 0.70710678 0 0
1.95 3 -1.95 0 0 0 -1.0634723 -0.95712508 -0.70898154 2.442347 -2.2537949 -2.2537949 -3.6888795 0.70710678 0.70710678 0 0
1.95 0 -1.8 0 0 0 -0.85077785 -0.80469405 -0.74017673 2.442347 -2.2537949 -2.2537949 -3.6888795 0.70710678 0.70710678 0 0
1.95 3 -1.8 0 0 0 -1.0634723 -0.95712508 -0.70898154 2.442347 -2.2537949 -2.2537949 -3.6888795 0.70710678 0.70710678 0 0
1.95 0 -1.65 0 0 0 -0.85077785 -0.80469405 -0.74017673 2.442347 -2.2537949 -2.2537949 -3.6888795 0.70710678 0.70710678 0 0
1.95 3 -1.65 0 0 0 -1.0634723 -0.95712508 -0.70898154 2.442347 -2.2537949 -2.2537949 -3.6888795 0.70710678 0.70710678 0 0
1.95 0 -1.5 0 0 0 -0.28359262 -0.20914955 -0.10492927 2.442347 -2.2537949 -2.2537949 -3.6888795 0.70710678 0.70710678 0 0
1.95 3 -1.5 0 0 0 -1.0634723 -0.95712508 -0.70898154 2.442347 -2.2537949 -2.2537949 -3.6888795 0.70710678 0.70710678 0 0
1.95 0 -1.35 0 0 0 -0.28359262 -0.20914955 -0.10492927 2.442347 -2.2537949 -2.2537949 -3.6888795 0.70710678 0.70710678 0 0
1.95 3 -1.35 0 0 0 -1.0634723 -0.95712508 -0.70898154 2.442347 -2.2537949 -2.2537949 -3.6888795 0.70710678 0.70710678 0 0
1.95 0 -1.2 0 0 0 -0.28359262 -0.20914955 -0.10492927 2.442347 -2.2537949 -2.2537949 -3.6888795 0.70710678 0.70710678 0 0
1.95 3 -1.2 0 0 0 -1.0634723 -0.95712508 -0.70898154 2.442347 -2.2537949 -2.2537949 -3.6888795 0.70710678 0.70710678 0 0
1.95 0 -1.05 0 0 0 -0.28359262 -0.20914955 -0.10492927 2.442347 -2.2537949 -2.2537949 -3.6888795 0.70710678 0.70710678 0 0
1.95 3 -1.05 0 0 0 -1.0634723 -0.95712508 -0.70898154 2.442347 -2.2537949 -2.2537949 -3.6888795 0.70710678 0.70710678 0 0
1.95 0 -0.9 0 0 0 -0.28359262 -0.20914955 -0.10492927 2.442347 -2.2537949 -2.2537949 -3.6888795 0.70710678 0.70710678 0 0
1.95 3 -0.9 0 0 0 -1.0634723 -0.95712508 -0.70898154 2.442347 -2.2537949 -2.2537949 -3.6888795 0.70710678 0.70710678 0 0
1.95 0 -0.75 0 0 0 -0.85077785 -0.80469405 -0.74017673 2.442347 -2.2537949 -2.2537949 -3.6888795 0.70710678 0.70710678 0 0
1.95 3 -0.75 0 0 0 -1.0634723 -0.95712508 -0.70898154 2.442347 -2.2537949 -2.2537949 -3.6888795 0.70710678 0.70710678 0 0
1.95 0 -0.6 0 0 0 -0.85077785 -0.80469405 -0.74017673 2.442347 -2.2537949 -2.2537949 -3.6888795 0.70710678 0.70710678 0 0
1.95 3 -0.6 0 0 0 -1.0634723 -0.95712508 -0.70898154 2.442347 -2.2537949 -2.2537949 -3.6888795 0.70710678 0.70710678 0 0
1.95 0 -0.45 0 0 0 -0.85077785 -0.80469405 -0.74017673 2.442347 -2.2537949 -2.2537949 -3.6888795 0.70710678 0.70710678 0 0
1.95 3 -0.45 0 0 0 -1.0634723 -0.95712508 -0.70898154 2.442347 -2.2537949 -2.2537949 -3.6888795 0.70710678 0.70710678 0 0
1.95 0 -0.3 0 0 0 -0.85077785 -0.80469405 -0.74017673 2.442347 -2.2537949 -2.2537949 -3.6888795 0.70710678 0.70710678 0 0
1.95 3 -0.3 0 0 0 -1.0634723 -0.95712508 -0.70898154 2.442347 -2.2537949 -2.2537949 -3.6888795 0.70710678 0.70710678 0 0
1.95 0 -0.15 0 0 0 -0.85077785 -0.80469405 -0.74017673 2.442347 -2.2537949 -2.2537949 -3.6888795 0.70710678 0.70710678 0 0
1.95 3 -0.15 0 0 0 -1.0634723 -0.95712508 -0.70898154 2.442347 -2.2537949 -2.2537949 -3.6888795 0.70710678 0.70710678 0 0
1.95 0 0 0 0 0 -0.28359262 -0.20914955 -0.10492927 2.442347 -2.2537949 -2.2537949 -3.6888795 0.70710678 0.70710678 0 0
1.95 3 0 0 0 0 -1.0634723 -0.95712508 -0.70898154 2.442347 -2.2537949 -2.2537949 -3.6888795 0.70710678 0.70710678 0 0
1.95 0 0.15 0 0 0 -0.28359262 -0.20914955 -0.10492927 2.442347 -2.2537949 -2.2537949 -3.6888795 0.70710678 0.70710678 0 0
1.95 3 0.15 0 0 0 -1.0634723 -0.95712508 -0.70898154 2.442347 -2.2537949 -2.2537949 -3.6888795 0.70710678 0.70710678 0 0
1.95 0 0.3 0 0 0 -0.28359262 -0.20914955 -0.10492927 2.442347 -2.2537949 -2.2537949 -3.6888795 0.70710678 0.70710678 0 0
1.95 3 0.3 0 0 0 -1.0634723 -0.95712508 -0.70898154 2.442347 -2.2537949 -2.2537949 -3.6888795 0.70710678 0.70710678 0 0
1.95 0 0.45 0 0 0 -0.28359262 -0.20914955 -0.10492927 2.442347 -2.2537949 -2.2537949 -3.6888795 0.70710678 0.70710678 0 0
1.95 3 0.45 0 0 0 -1.0634723 -0.95712508 -0.70898154 2.442347 -2.2537949 -2.2537949 -3.6888795 0.70710678 0.70710678 0 0
1.95 0 0.6 0 0 0 -0.28359262 -0.20914955 -0.10492927 2.442347 -2.2537949 -2.2537949 -3.6888795 0.70710678 0.70710678 0 0
1.95 3 0.6 0 0 0 -1.0634723 -0.95712508 -0.70898154 2.442347 -2.2537949 -2.2537949 -3.6888795 0.70710678 0.70710678 0 0
1.95 0 0.75 0 0 0 -0.85077785 -0.80469405 -0.74017673 2.442347 -2.2537949 -2.2537949 -3.6888795 0.70710678 0.70710678 0 0
1.95 3 0.75 0 0 0 -1.0634723 -0.95712508 -0.70898154 2.442347 -2.2537949 -2.2537949 -3.6888795 0.70710678 0.70710678 0 0
1.95 0 0.9 0 0 0 -0.85077785 -0.80469405 -0.74017673 2.442347 -2.2537949 -2.2537949 -3.6888795 0.70710678 0.70710678 0 0
1.95 3 0.9 0 0 0 -1.0634723 -0.95712508 -0.70898154 2.442347 -2.2537949 -2.2537949 -3.6888795 0.70710678 0.70710678 0 0
1.95 0 1.05 0 0 0 -0.85077785 -0.80469405 -0.74017673 2.442347 -2.2537949 -2.2537949 -3.6888795 0.70710678 0.70710678 0 0
1.95 3 1.05 0 0 0 -1.0634723 -0.95712508 -0.70898154 2.442347 -2.2537949 -2.2537949 -3.6888795 0.70710678 0.70710678 0 0
1.95 0 1.2 0 0 0 -0.85077785 -0.80469405 -0.74017673 2.442347 -2.2537949 -2.2537949 -3.6888795 0.70710678 0.70710678 0 0
1.95 3 1.2 0 0 0 -1.0634723 -0.95712508 -0.70898154 2.442347 -2.2537949 -2.2537949 -3.6888795 0.70710678 0.70710678 0 0
1.95 0 1.35 0 0 0 -0.85077785 -0.80469405 -0.74017673 2.442347 -2.2537949 -2.2537949 -3.6888795 0.70710678 0.70710678 0 0
1.95 3 1.35 0 0 0 -1.0634723 -0.95712508 -0.70898154 2.442347 -2.2537949 -2.2537949 -3.6888795 0.70710678 0.70710678 0 0
1.95 0 1.5 0 0 0 -0.28359262 -0.20914955 -0.10492927 2.442347 -2.2537949 -2.2537949 -3.6888795 0.70710678 0.70710678 0 0
1.95 3 1.5 0 0 0 -1.0634723 -0.95712508 -0.70898154 2.442347 -2.2537949 -2.2537949 -3.6888795 0.70710678 0.70710678 0 0
1.95 0 1.65 0 0 0 -0.28359262 -0.20914955 -0.10492927 2.442347 -2.2537949 -2.2537949 -3.6888795 0.70710678 0.70710678 0 0
1.95 3 1.65 0 0 0 -1.0634723 -0.95712508 -0.70898154 2.442347 -2.2537949 -2.2537949 -3.6888795 0.70710678 0.70710678 0 0
1.95 0 1.8 0 0 0 -0.28359262 -0.20914955 -0.10492927 2.442347 -2.2537949 -2.2537949 -3.6888795 0.70710678 0.70710678 0 0
1.95 3 1.8 0 0 0 -1.0634723 -0.95712508 -0.70898154 2.442347 -2.2537949 -2.2537949 -3.6888795 0.70710678 0.70710678 0 0
1.95 0 1.95 0 0 0 -0.28359262 -0.20914955 -0.10492927 2.442347 -2.2537949 -2.2537949 -3.6888795 0.70710678 0.70710678 0 0
1.95 3 1.95 0 0 0 -1.0634723 -0.95712508 -0.70898154 2.442347 -2.2537949 -2.2537949 -3.6888795 0.70710678 0.70710678 0 0
1.95 0 2.1 0 0 0 -0.28359262 -0.20914955 -0.10492927 2.442347 -2.2537949 -2.2537949 -3.6888795 0.70710678 0.70710678 0 0
1.95 3 2.1 0 0 0 -1.0634723 -0.95712508 -0.70898154 2.442347 -2.2537949 -2.2537949 -3.6888795 0.70710678 0.70710678 0 0
1.95 0 2.25 0 0 0 -0.85077785 -0.80469405 -0.74017673 2.442347 -2.2537949 -2.2537949 -3.6888795 0.70710678 0.70710678 0 0
1.95 3 2.25 0 0 0 -1.0634723 -0.95712508 -0.70898154 2.442347 -2.2537949 -2.2537949 -3.6888795 0.70710678 0.70710678 0 0
1.95 0 2.4 0 0 0 -0.85077785 -0.80469405 -0.74017673 2.442347 -2.2537949 -2.2537949 -3.6888795 0.70710678 0.70710678 0 0
1.95 3 2.4 0 0 0 -1.0634723 -0.95712508 -0.70898154 2.442347 -2.2537949 -2.2537949 -3.6888795 0.70710678 0.70710678 0 0
1.95 0 2.55 0 0 0 -0.85077785 -0.80469405 -0.74017673 2.442347 -2.2537949 -2.2537949 -3.6888795 0.70710678 0.70710678 0 0
1.95 3 2.55 0 0 0 -1.0634723 -0.95712508 -0.70898154 2.442347 -2.2537949 -2.2537949 -3.6888795 0.70710678 0.70710678 0 0
1.95 0 2.7 0 0 0 -0.85077785 -0.80469405 -0.74017673 2.442347 -2.2537949 -2.2537949 -3.6888795 0.70710678 0.70710678 0 0
1.95 3 2.7 0 0 0 -1.0634723 -0.95712508 -0.70898154 2.442347 -2.2537949 -2.2537949 -3.6888795 0.70710678 0.70710678 0 0
1.95 0 2.85 0 0 0 -0.85077785 -0.80469405 -0.74017673 2.442347 -2.2537949 -2.2537949 -3.6888795 0.70710678 0.70710678 0 0
1.95 3 2.85 0 0 0 -1.0634723 -0.95712508 -0.70898154 2.442347 -2.2537949 -2.2537949 -3.6888795 0.70710678 0.70710678 0 0
1.95 0 3 0 0 0 -0.28359262 -0.20914955 -0.10492927 2.442347 -2.2537949 -2.2537949 -3.6888795 0.70710678 0.70710678 0 0
1.95 3 3 0 0 0 -1.0634723 -0.95712508 -0.70898154 2.442347 -2.2537949 -2.2537949 -3.6888795 0.70710678 0.70710678 0 0
1.95 0 -3 0 0 0 -1.1343705 -0.77987969 -0.56718523 2.442347 -2.2537949 -2.2537949 -3.6888795 1 0 0 0
1.95 0 3 0 0 0 -0.56718523 -0.95712508 -1.1343705 2.442347 -2.2537949 -2.2537949 -3.6888795 1 0 0 0
-3 0 1.95 0 0 0 -0.88622693 -0.99257416 -0.63808339 2.442347 -2.2537949 -2.2537949 -3.6888795 0.70710678 0 0.70710678 0
3 0 1.95 0 0 0 -1.0280232 -0.70898154 -0.921676 2.442347 -2.2537949 -2.2537949 -3.6888795 0.70710678 0 0.70710678 0
1.95 0.15 -3 0 0 0 -1.1343705 -0.77987969 -0.56718523 2.442347 -2.2537949 -2.2537949 -3.6888795 1 0 0 0
1.95 0.15 3 0 0 0 -0.56718523 -0.95712508 -1.1343705 2.442347 -2.2537949 -2.2537949 -3.6888795 1 0 0 0
-3 0.15 1.95 0 0 0 -0.88622693 -0.99257416 -0.63808339 2.442347 -2.2537949 -2.2537949 -3.6888795 0.70710678 0 0.70710678 0
3 0.15 1.95 0 0 0 -1.0280232 -0.70898154 -0.921676 2.442347 -2.2537949 -2.2537949 -3.6888795 0.70710678 0 0.70710678 0
1.95 0.3 -3 0 0 0 -1.1343705 -0.77987969 -0.56718523 2.442347 -2.2537949 -2.2537949 -3.6888795 1 0 0 0
1.95 0.3 3 0 0 0 -0.56718523 -0.95712508 -1.1343705 2.442347 -2.2537949 -2.2537949 -3.6888795 1 0 0 0
-3 0.3 1.95 0 0 0 -0.88622693 -0.99257416 -0.63808339 2.442347 -2.2537949 -2.2537949 -3.6888795 0.70710678 0 0.70710678 0
3 0.3 1.95 0 0 0 -1.0280232 -0.70898154 -0.921676 2.442347 -2.2537949 -2.2537949 -3.6888795 0.70710678 0 0.70710678 0
1.95 0.45 -3 0 0 0 -1.1343705 -0.77987969 -0.56718523 2.442347 -2.2537949 -2.2537949 -3.6888795 1 0 0 0
1.95 0.45 3 0 0 0 -0.56718523 -0.95712508 -1.1343705 2.442347 -2.2537949 -2.2537949 -3.6888795 1 0 0 0
-3 0.45 1.95 0 0 0 -0.88622693 -0.99257416 -0.63808339 2.442347 -2.2537949 -2.2537949 -3.6888795 0.70710678 0 0.70710678 0
3 0.45 1.95 0 0 0 -1.0280232 -0.70898154 -0.921676 2.442347 -2.2537949 -2.2537949 -3.6888795 0.70710678 0 0.70710678 0
1.95 0.6 -3 0 0 0 -1.1343705 -0.77987969 -0.56718523 2.442347 -2.2537949 -2.2537949 -3.6888795 1 0 0 0
1.95 0.6 3 0 0 0 -0.56718523 -0.95712508 -1.1343705 2.442347 -2.2537949 -2.2537949 -3.6888795 1 0 0 0
-3 0.6 1.95 0 0 0 -0.88622693 -0.99257416 -0.63808339 2.442347 -2.2537949 -2.2537949 -3.6888795 0.70710678 0 0.70710678 0
3 0.6 1.95 0 0 0 -1.0280232 -0.70898154 -0.921676 2.442347 -2.2537949 -2.2537949 -3.6888795 0.70710678 0 0.70710678 0
1.95 0.75 -3 0 0 0 -1.1343705 -0.77987969 -0.56718523 2.442347 -2.2537949 -2.2537949 -3.6888795 1 0 0 0
1.95 0.75 3 0 0 0 -0.56718523 -0.95712508 -1.1343705 2.442347 -2.2537949 -2.2537949 -3.6888795 1 0 0 0
-3 0.75 1.95 0 0 0 -0.88622693 -0.99257416 -0.63808339 2.442347 -2.2537949 -2.2537949 -3.6888795 0.70710678 0 0.70710678 0
3 0.75 1.95 0 0 0 -1.0280232 -0.70898154 -0.921676 2.442347 -2.2537949 -2.2537949 -3.6888795 0.70710678 0 0.70710678 0
1.95 0.9 -3 0 0 0 -1.1343705 -0.77987969 -0.56718523 2.442347 -2.2537949 -2.2537949 -3.6888795 1 0 0 0
1.95 0.9 3 0 0 0 -0.56718523 -0.95712508 -1.1343705 2.442347 -2.2537949 -2.2537949 -3.6888795 1 0 0 0
-3 0.9 1.95 0 0 0 -0.88622693 -0.99257416 -0.63808339 2.442347 -2.2537949 -2.2537949 -3.6888795 0.70710678 0 0.70710678 0
3 0.9 1.95 0 0 0 -1.0280232 -0.70898154 -0.921676 2.442347 -2.2537949 -2.2537949 -3.6888795 0.70710678 0 0.70710678 0
1.95 1.05 -3 0 0 0 -1.1343705 -0.77987969 -0.56718523 2.442347 -2.2537949 -2.2537949 -3.6888795 1 0 0 0
1.95 1.05 3 0 0 0 -0.56718523 -0.95712508 -1.1343705 2.442347 -2.2537949 -2.2537949 -3.6888795 1 0 0 0
-3 1.05 1.95 0 0 0 -0.88622693 -0.99257416 -0.63808339 2.442347 -2.2537949 -2.2537949 -3.6888795 0.70710678 0 0.70710678 0
3 1.05 1.95 0 0 0 -1.0280232 -0.70898154 -0.921676 2.442347 -2.2537949 -2.2537949 -3.6888795 0.70710678 0 0.70710678 0
1.95 1.2 -3 0 0 0 -1.1343705 -0.77987969 -0.56718523 2.442347 -2.2537949 -2.2537949 -3.6888795 1 0 0 0
1.95 1.2 3 0 0 0 -0.56718523 -0.95712508 -1.1343705 2.442347 -2.2537949 -2.2537949 -3.6888795 1 0 0 0
-3 1.2 1.95 0 0 0 -0.88622693 -0.99257416 -0.63808339 2.442347 -2.2537949 -2.2537949 -3.6888795 0.70710678 0 0.70710678 0
3 1.2 1.95 0 0 0 -1.0280232 -0.70898154 -0.921676 2.442347 -2.2537949 -2.2537949 -3.6888795 0.70710678 0 0.70710678 0
1.95 1.35 -3 0 0 0 -1.1343705 -0.77987969 -0.56718523 2.442347 -2.2537949 -2.2537949 -3.6888795 1 0 0 0
1.95 1.35 3 0 0 0 -0.56718523 -0.95712508 -1.1343705 2.442347 -2.2537949 -2.2537949 -3.6888795 1 0 0 0
-3 1.35 1.95 0 0 0 -0.88622693 -0.99257416 -0.63808339 2.442347 -2.2537949 -2.2537949 -3.6888795 0.70710678 0 0.70710678 0
3 1.35 1.95 0 0 0 -1.0280232 -0.70898154 -0.921676 2.442347 -2.2537949 -2.2537949 -3.6888795 0.70710678 0 0.70710678 0
1.95 1.5 -3 0 0 0 -1.1343705 -0.77987969 -0.56718523 2.442347 -2.2537949 -2.2537949 -3.6888795 1 0 0 0
1.95 1.5 3 0 0 0 -0.56718523 -0.95712508 -1.1343705 2.442347 -2.2537949 -2.2537949 -3.6888795 1 0 0 0
-3 1.5 1.95 0 0 0 -0.88622693 -0.99257416 -0.63808339 2.442347 -2.2537949 -2.2537949 -3.6888795 0.70710678 0 0.70710678 0
3 1.5 1.95 0 0 0 -1.0280232 -0.70898154 -0.921676 2.442347 -2.2537949 -2.2537949 -3.6888795 0.70710678 0 0.70710678 0
1.95 1.65 -3 0 0 0 -1.1343705 -0.77987969 -0.56718523 2.442347 -2.2537949 -2.2537949 -3.6888795 1 0 0 0
1.95 1.65 3 0 0 0 -0.56718523 -0.95712508 -1.1343705 2.442347 -2.2537949 -2.2537949 -3.6888795 1 0 0 0
-3 1.65 1.95 0 0 0 -0.88622693 -0.99257416 -0.63808339 2.442347 -2.2537949 -2.2537949 -3.6888795 0.70710678 0 0.70710678 0
3 1.65 1.95 0 0 0 -1.0280232 -0.70898154 -0.921676 2.442347 -2.2537949 -2.2537949 -3.6888795 0.70710678 0 0.70710678 0
1.95 1.8 -3 0 0 0 -1.1343705 -0.77987969 -0.56718523 2.442347 -2.2537949 -2.2537949 -3.6888795 1 0 0 0
1.95 1.8 3 0 0 0 -0.56718523 -0.95712508 -1.1343705 2.442347 -2.2537949 -2.2537949 -3.6888795 1 0 0 0
-3 1.8 1.95 0 0 0 -0.88622693 -0.99257416 -0.63808339 2.442347 -2.2537949 -2.2537949 -3.6888795 0.70710678 0 0.70710678 0
3 1.8 1.95 0 0 0 -1.0280232 -0.70898154 -0.921676 2.442347 -2.2537949 -2.2537949 -3.6888795 0.70710678 0 0.70710678 0
1.95 1.95 -3 0 0 0 -1.1343705 -0.77987969 -0.56718523 2.442347 -2.2537949 -2.2537949 -3.6888795 1 0 0 0
1.95 1.95 3 0 0 0 -0.56718523 -0.95712508 -1.1343705 2.442347 -2.2537949 -2.2537949 -3.6888795 1 0 0 0
-3 1.95 1.95 0 0 0 -0.88622693 -0.99257416 -0.63808339 2.442347 -2.2537949 -2.2537949 -3.6888795 0.70710678 0 0.70710678 0
3 1.95 1.95 0 0 0 -1.0280232 -0.70898154 -0.921676 2.442347 -2.2537949 -2.2537949 -3.6888795 0.70710678 0 0.70710678 0
1.95 2.1 -3 0 0 0 -1.1343705 -0.77987969 -0.56718523 2.442347 -2.2537949 -2.2537949 -3.6888795 1 0 0 0
1.95 2.1 3 0 0 0 -0.56718523 -0.95712508 -1.1343705 2.442347 -2.2537949 -2.2537949 -3.6888795 1 0 0 0
-3 2.1 1.95 0 0 0 -0.88622693 -0.99257416 -0.63808339 2.442347 -2.2537949 -2.2537949 -3.6888795 0.70710678 0 0.70710678 0
3 2.1 1.95 0 0 0 -1.0280232 -0.70898154 -0.921676 2.442347 -2.2537949 -2.2537949 -3.6888795 0.70710678 0 0.70710678 0
1.95 2.25 -3 0 0 0 -1.1343705 -0.77987969 -0.56718523 2.442347 -2.2537949 -2.2537949 -3.6888795 1 0 0 0
1.95 2.25 3 0 0 0 -0.56718523 -0.95712508 -1.1343705 2.442347 -2.2537949 -2.2537949 -3.6888795 1 0 0 0
-3 2.25 1.95 0 0 0 -0.88622693 -0.99257416 -0.63808339 2.442347 -2.2537949 -2.2537949 -3.6888795 0.70710678 0 0.70710678 0
3 2.25 1.95 0 0 0 -1.0280232 -0.70898154 -0.921676 2.442347 -2.2537949 -2.2537949 -3.6888795 0.70710678 0 0.70710678 0
1.95 2.4 -3 0 0 0 -1.1343705 -0.77987969 -0.56718523 2.442347 -2.2537949 -2.2537949 -3.6888795 1 0 0 0
1.95 2.4 3 0 0 0 -0.56718523 -0.95712508 -1.1343705 2.442347 -2.2537949 -2.2537949 -3.6888795 1 0 0 0
-3 2.4 1.95 0 0 0 -0.88622693 -0.99257416 -0.63808339 2.442347 -2.2537949 -2.2537949 -3.6888795 0.70710678 0 0.70710678 0
3 2.4 1.95 0 0 0 -1.0280232 -0.70898154 -0.921676 2.442347 -2.2537949 -2.2537949 -3.6888795 0.70710678 0 0.70710678 0
1.95 2.55 -3 0 0 0 -1.1343705 -0.77987969 -0.56718523 2.442347 -2.2537949 -2.2537949 -3.6888795 1 0 0 0
1.95 2.55 3 0 0 0 -0.56718523 -0.95712508 -1.1343705 2.442347 -2.2537949 -2.2537949 -3.6888795 1 0 0 0
-3 2.55 1.95 0 0 0 -0.88622693 -0.99257416 -0.63808339 2.442347 -2.2537949 -2.2537949 -3.6888795 0.70710678 0 0.70710678 0
3 2.55 1.95 0 0 0 -1.0280232 -0.70898154 -0.921676 2.442347 -2.2537949 -2.2537949 -3.6888795 0.70710678 0 0.70710678 0
1.95 2.7 -3 0 0 0 -1.1343705 -0.77987969 -0.56718523 2.442347 -2.2537949 -2.2537949 -3.6888795 1 0 0 0
1.95 2.7 3 0 0 0 -0.56718523 -0.95712508 -1.1343705 2.442347 -2.2537949 -2.2537949 -3.6888795 1 0 0 0
-3 2.7 1.95 0 0 0 -0.88622693 -0.99257416 -0.63808339 2.442347 -2.2537949 -2.2537949 -3.6888795 0.70710678 0 0.70710678 0
3 2.7 1.95 0 0 0 -1.0280232 -0.70898154 -0.921676 2.442347 -2.2537949 -2.2537949 -3.6888795 0.70710678 0 0.70710678 0
1.95 2.85 -3 0 0 0 -1.1343705 -0.77987969 -0.56718523 2.442347 -2.2537949 -2.2537949 -3.6888795 1 0 0 0
1.95 2.85 3 0 0 0 -0.56718523 -0.95712508 -1.1343705 2.442347 -2.2537949 -2.2537949 -3.6888795 1 0 0 0
-3 2.85 1.95 0 0 0 -0.88622693 -0.99257416 -0.63808339 2.442347 -2.2537949 -2.2537949 -3.6888795 0.70710678 0 0.70710678 0
3 2.85 1.95 0 0 0 -1.0280232 -0.70898154 -0.921676 2.442347 -2.2537949 -2.2537949 -3.6888795 0.70710678 0 0.70710678 0
1.95 3 -3 0 0 0 -1.1343705 -0.77987969 -0.56718523 2.442347 -2.2537949 -2.2537949 -3.6888795 1 0 0 0
1.95 3 3 0 0 0 -0.56718523 -0.95712508 -1.1343705 2.442347 -2.2537949 -2.2537949 -3.6888795 1 0 0 0
-3 3 1.95 0 0 0 -0.88622693 -0.99257416 -0.63808339 2.442347 -2.2537949 -2.2537949 -3.6888795 0.70710678 0 0.70710678 0
3 3 1.95 0 0 0 -1.0280232 -0.70898154 -0.921676 2.442347 -2.2537949 -2.2537949 -3.6888795 0.70710678 0 0.70710678 0
2.1 0 -3 0 0 0 -0.28359262 -0.20914955 -0.10492927 2.442347 -2.2537949 -2.2537949 -3.6888795 0.70710678 0.70710678 0 0
2.1 3 -3 0 0 0 -1.0634723 -0.95712508 -0.70898154 2.442347 -2.2537949 -2.2537949 -3.6888795 0.70710678 0.70710678 0 0
2.1 0 -2.85 0 0 0 -0.28359262 -0.20914955 -0.10492927 2.442347 -2.2537949 -2.2537949 -3.6888795 0.70710678 0.70710678 0 0
2.1 3 -2.85 0 0 0 -1.0634723 -0.95712508 -0.70898154 2.442347 -2.2537949 -2.2537949 -3.6888795 0.70710678 0.70710678 0 0
2.1 0 -2.7 0 0 0 -0.28359262 -0.20914955 -0.10492927 2.442347 -2.2537949 -2.2537949 -3.6888795 0.70710678 0.70710678 0 0
2.1 3 -2.7 0 0 0 -1.0634723 -0.95712508 -0.70898154 2.442347 -2.2537949 -2.2537949 -3.6888795 0.70710678 0.70710678 0 0
2.1 0 -2.55 0 0 0 -0.28359262 -0.20914955 -0.10492927 2.442347 -2.2537949 -2.2537949 -3.6888795 0.70710678 0.70710678 0 0
2.1 3 -2.55 0 0 0 -1.0634723 -0.95712508 -0.70898154 2.442347 -2.2537949 -2.2537949 -3.6888795 0.70710678 0.70710678 0 0
2.1 0 -2.4 0 0 0 -0.28359262 -0.20914955 -0.10492927 2.442347 -2.2537949 -2.2537949 -3.6888795 0.70710678 0.70710678 0 0
2.1 3 -2.4 0 0 0 -1.0634723 -0.95712508 -0.70898154 2.442347 -2.2537949 -2.2537949 -3.6888795 0.70710678 0.70710678 0 0
2.1 0 -2.25 0 0 0 -0.85077785 -0.80469405 -0.74017673 2.442347 -2.2537949 -2.2537949 -3.6888795 0.70710678 0.70710678 0 0
2.1 3 -2.25 0 0 0 -1.0634723 -0.95712508 -0.70898154 2.442347 -2.2537949 -2.2537949 -3.6888795 0.70710678 0.70710678 0 0
2.1 0 -2.1 0 0 0 -0.85077785 -0.80469405 -0.74017673 2.442347 -2.2537949 -2.2537949 -3.6888795 0.70710678 0.70710678 0 0
2.1 3 -2.1 0 0 0 -1.0634723 -0.95712508 -0.70898154 2.442347 -2.2537949 -2.2537949 -3.6888795 0.70710678 0.70710678 0 0
2.1 0 -1.95 0 0 0 -0.85077785 -0.80469405 -0.74017673 2.442347 -2.2537949 -2.2537949 -3.6888795 0.70710678 0.70710678 0 0
2.1 3 -1.95 0 0 0 -1.0634723 -0.95712508 -0.70898154 2.442347 -2.2537949 -2.2537949 -3.6888795 0.70710678 0.70710678 0 0
2.1 0 -1.8 0 0 0 -0.85077785 -0.80469405 -0.74017673 2.442347 -2.2537949 -2.2537949 -3.6888795 0.70710678 0.70710678 0 0
2.1 3 -1.8 0 0 0 -1.0634723 -0.95712508 -0.70898154 2.442347 -2.2537949 -2.2537949 -3.6888795 0.70710678 0.70710678 0 0
2.1 0 -1.65 0 0 0 -0.85077785 -0.80469405 -0.74017673 2.442347 -2.2537949 -2.2537949 -3.6888795 0.70710678 0.70710678 0 0
2.1 3 -1.65 0 0 0 -1.0634723 -0.95712508 -0.70898154 2.442347 -2.2537949 -2.2537949 -3.6888795 0.70710678 0.70710678 0 0
2.1 0 -1.5 0 0 0 -0.28359262 -0.20914955 -0.10492927 2.442347 -2.2537949 -2.2537949 -3.6888795 0.70710678 0.70710678 0 0
2.1 3 -1.5 0 0 0 -1.0634723 -0.95712508 -0.70898154 2.442347 -2.2537949 -2.2537949 -3.6888795 0.70710678 0.70710678 0 0
2.1 0 -1.35 0 0 0 -0.28359262 -0.20914955 -0.10492927 2.442347 -2.2537949 -2.2537949 -3.6888795 0.70710678 0.70710678 0 0
2.1 3 -1.35 0 0 0 -1.0634723 -0.95712508 -0.70898154 2.442347 -2.2537949 -2.2537949 -3.6888795 0.70710678 0.70710678 0 0
2.1 0 -1.2 0 0 0 -0.28359262 -0.20914955 -0.10492927 2.442347 -2.2537949 -2.2537949 -3.6888795 0.70710678 0.70710678 0 0
2.1 3 -1.2 0 0 0 -1.0634723 -0.95712508 -0.70898154 2.442347 -2.2537949 -2.2537949 -3.6888795 0.70710678 0.70710678 0 0
2.1 0 -1.05 0 0 0 -0.28359262 -0.20914955 -0.10492927 2.442347 -2.2537949 -2.2537949 -3.6888795 0.70710678 0.70710678 0 0
2.1 3 -1.05 0 0 0 -1.0634723 -0.95712508 -0.70898154 2.442347 -2.2537949 -2.2537949 -3.6888795 0.70710678 0.70710678 0 0
2.1 0 -0.9 0 0 0 -0.28359262 -0.20914955 -0.10492927 2.442347 -2.2537949 -2.2537949 -3.6888795 0.70710678 0.70710678 0 0
2.1 3 -0.9 0 0 0 -1.0634723 -0.95712508 -0.70898154 2.442347 -2.2537949 -2.2537949 -3.6888795 0.70710678 0.70710678 0 0
2.1 0 -0.75 0 0 0 -0.85077785 -0.80469405 -0.74017673 2.442347 -2.2537949 -2.2537949 -3.6888795 0.70710678 0.70710678 0 0
2.1 3 -0.75 0 0 0 -1.0634723 -0.95712508 -0.70898154 2.442347 -2.2537949 -2.2537949 -3.6888795 0.70710678 0.70710678 0 0
2.1 0 -0.6 0 0 0 -0.85077785 -0.80469405 -0.74017673 2.442347 -2.2537949 -2.2537949 -3.6888795 0.70710678 0.70710678 0 0
2.1 3 -0.6 0 0 0 -1.0634723 -0.95712508 -0.70898154 2.442347 -2.2537949 -2.2537949 -3.6888795 0.70710678 0.70710678 0 0
2.1 0 -0.45 0 0 0 -0.85077785 -0.80469405 -0.74017673 2.442347 -2.2537949 -2.2537949 -3.6888795 0.70710678 0.70710678 0 0
2.1 3 -0.45 0 0 0 -1.0634723 -0.95712508 -0.70898154 2.442347 -2.2537949 -2.2537949 -3.6888795 0.70710678 0.70710678 0 0
2.1 0 -0.3 0 0 0 -0.85077785 -0.80469405 -0.74017673 2.442347 -2.2537949 -2.2537949 -3.6888795 0.70710678 0.70710678 0 0
2.1 3 -0.3 0 0 0 -1.0634723 -0.95712508 -0.70898154 2.442347 -2.2537949 -2.2537949 -3.6888795 0.70710678 0.70710678 0 0
2.1 0 -0.15 0 0 0 -0.85077785 -0.80469405 -0.74017673 2.442347 -2.2537949 -2.2537949 -3.6888795 0.70710678 0.70710678 0 0
2.1 3 -0.15 0 0 0 -1.0634723 -0.95712508 -0.70898154 2.442347 -2.2537949 -2.2537949 -3.6888795 0.70710678 0.70710678 0 0
2.1 0 0 0 0 0 -0.28359262 -0.20914955 -0.10492927 2.442347 -2.2537949 -2.2537949 -3.6888795 0.70710678 0.70710678 0 0
2.1 3 0 0 0 0 -1.0634723 -0.95712508 -0.70898154 2.442347 -2.2537949 -2.2537949 -3.6888795 0.70710678 0.70710678 0 0
2.1 0 0.15 0 0 0 -0.28359262 -0.20914955 -0.10492927 2.442347 -2.2537949 -2.2537949 -3.6888795 0.70710678 0.70710678 0 0
2.1 3 0.15 0 0 0 -1.0634723 -0.95712508 -0.70898154 2.442347 -2.2537949 -2.2537949 -3.6888795 0.70710678 0.70710678 0 0
2.1 0 0.3 0 0 0 -0.28359262 -0.20914955 -0.10492927 2.442347 -2.2537949 -2.2537949 -3.6888795 0.70710678 0.70710678 0 0
2.1 3 0.3 0 0 0 -1.0634723 -0.95712508 -0.70898154 2.442347 -2.2537949 -2.2537949 -3.6888795 0.70710678 0.70710678 0 0
2.1 0 0.45 0 0 0 -0.28359262 -0.20914955 -0.10492927 2.442347 -2.2537949 -2.2537949 -3.6888795 0.70710678 0.70710678 0 0
2.1 3 0.45 0 0 0 -1.0634723 -0.95712508 -0.70898154 2.442347 -2.2537949 -2.2537949 -3.6888795 0.70710678 0.70710678 0 0
2.1 0 0.6 0 0 0 -0.28359262 -0.20914955 -0.10492927 2.442347 -2.2537949 -2.2537949 -3.6888795 0.70710678 0.70710678 0 0
2.1 3 0.6 0 0 0 -1.0634723 -0.95712508 -0.70898154 2.442347 -2.2537949 -2.2537949 -3.6888795 0.70710678 0.70710678 0 0
2.1 0 0.75 0 0 0 -0.85077785 -0.80469405 -0.74017673 2.442347 -2.2537949 -2.2537949 -3.6888795 0.70710678 0.70710678 0 0
2.1 3 0.75 0 0 0 -1.0634723 -0.95712508 -0.70898154 2.442347 -2.2537949 -2.2537949 -3.6888795 0.70710678 0.70710678 0 0
2.1 0 0.9 0 0 0 -0.85077785 -0.80469405 -0.74017673 2.442347 -2.2537949 -2.2537949 -3.6888795 0.70710678 0.70710678 0 0
2.1 3 0.9 0 0 0 -1.0634723 -0.95712508 -0.70898154 2.442347 -2.2537949 -2.2537949 -3.6888795 0.70710678 0.70710678 0 0
2.1 0 1.05 0 0 0 -0.85077785 -0.80469405 -0.74017673 2.442347 -2.2537949 -2.2537949 -3.6888795 0.70710678 0.70710678 0 0
2.1 3 1.05 0 0 0 -1.0634723 -0.95712508 -0.70898154 2.442347 -2.2537949 -2.2537949 -3.6888795 0.70710678 0.70710678 0 0
2.1 0 1.2 0 0 0 -0.85077785 -0.80469405 -0.74017673 2.442347 -2.2537949 -2.2537949 -3.6888795 0.70710678 0.70710678 0 0
2.1 3 1.2 0 0 0 -1.0634723 -0.95712508 -0.70898154 2.442347 -2.2537949 -2.2537949 -3.6888795 0.70710678 0.70710678 0 0
2.1 0 1.35 0 0 0 -0.85077785 -0.80469405 -0.74017673 2.442347 -2.2537949 -2.2537949 -3.6888795 0.70710678 0.70710678 0 0
2.1 3 1.35 0 0 0 -1.0634723 -0.95712508 -0.70898154 2.442347 -2.2537949 -2.2537949 -3.6888795 0.70710678 0.70710678 0 0
2.1 0 1.5 0 0 0 -0.28359262 -0.20914955 -0.10492927 2.442347 -2.2537949 -2.2537949 -3.6888795 0.70710678 0.70710678 0 0
2.1 3 1.5 0 0 0 -1.0634723 -0.95712508 -0.70898154 2.442347 -2.2537949 -2.2537949 -3.6888795 0.70710678 0.70710678 0 0
2.1 0 1.65 0 0 0 -0.28359262 -0.20914955 -0.10492927 2.442347 -2.2537949 -2.2537949 -3.6888795 0.70710678 0.70710678 0 0
2.1 3 1.65 0 0 0 -1.0634723 -0.95712508 -0.70898154 2.442347 -2.2537949 -2.2537949 -3.6888795 0.70710678 0.70710678 0 0
2.1 0 1.8 0 0 0 -0.28359262 -0.20914955 -0.10492927 2.442347 -2.2537949 -2.2537949 -3.6888795 0.70710678 0.70710678 0 0
2.1 3 1.8 0 0 0 -1.0634723 -0.95712508 -0.70898154 2.442347 -2.2537949 -2.2537949 -3.6888795 0.70710678 0.70710678 0 0
2.1 0 1.95 0 0 0 -0.28359262 -0.20914955 -0.10492927 2.442347 -2.2537949 -2.2537949 -3.6888795 0.70710678 0.70710678 0 0
2.1 3 1.95 0 0 0 -1.0634723 -0.95712508 -0.70898154 2.442347 -2.2537949 -2.2537949 -3.6888795 0.70710678 0.70710678 0 0
2.1 0 2.1 0 0 0 -0.28359262 -0.20914955 -0.10492927 2.442347 -2.2537949 -2.2537949 -3.6888795 0.70710678 0.70710678 0 0
2.1 3 2.1 0 0 0 -1.0634723 -0.95712508 -0.70898154 2.442347 -2.2537949 -2.2537949 -3.6888795 0.70710678 0.70710678 0 0
2.1 0 2.25 0 0 0 -0.85077785 -0.80469405 -0.74017673 2.442347 -2.2537949 -2.2537949 -3.6888795 0.70710678 0.70710678 0 0
2.1 3 2.25 0 0 0 -1.0634723 -0.95712508 -0.70898154 2.442347 -2.2537949 -2.2537949 -3.6888795 0.70710678 0.70710678 0 0
2.1 0 2.4 0 0 0 -0.85077785 -0.80469405 -0.74017673 2.442347 -2.2537949 -2.2537949 -3.6888795 0.70710678 0.70710678 0 0
2.1 3 2.4 0 0 0 -1.0634723 -0.95712508 -0.70898154 2.442347 -2.2537949 -2.2537949 -3.6888795 0.70710678 0.70710678 0 0
2.1 0 2.55 0 0 0 -0.85077785 -0.80469405 -0.74017673 2.442347 -2.2537949 -2.2537949 -3.6888795 0.70710678 0.70710678 0 0
2.1 3 2.55 0 0 0 -1.0634723 -0.95712508 -0.70898154 2.442347 -2.2537949 -2.2537949 -3.6888795 0.70710678 0.70710678 0 0
2.1 0 2.7 0 0 0 -0.85077785 -0.80469405 -0.74017673 2.442347 -2.2537949 -2.2537949 -3.6888795 0.70710678 0.70710678 0 0
2.1 3 2.7 0 0 0 -1.0634723 -0.95712508 -0.70898154 2.442347 -2.2537949 -2.2537949 -3.6888795 0.70710678 0.70710678 0 0
2.1 0 2.85 0 0 0 -0.85077785 -0.80469405 -0.74017673 2.442347 -2.2537949 -2.2537949 -3.6888795 0.70710678 0.70710678 0 0
2.1 3 2.85 0 0 0 -1.0634723 -0.95712508 -0.70898154 2.442347 -2.2537949 -2.2537949 -3.6888795 0.70710678 0.70710678 0 0
2.1 0 3 0 0 0 -0.28359262 -0.20914955 -0.10492927 2.442347 -2.2537949 -2.2537949 -3.6888795 0.70710678 0.70710678 0 0
2.1 3 3 0 0 0 -1.0634723 -0.95712508 -0.70898154 2.442347 -2.2537949 -2.2537949 -3.6888795 0.70710678 0.70710678 0 0
2.1 0 -3 0 0 0 -1.1343705 -0.77987969 -0.56718523 2.442347 -2.2537949 -2.2537949 -3.6888795 1 0 0 0
2.1 0 3 0 0 0 -0.56718523 -0.95712508 -1.1343705 2.442347 -2.2537949 -2.2537949 -3.6888795 1 0 0 0
-3 0 2.1 0 0 0 -0.88622693 -0.99257416 -0.63808339 2.442347 -2.2537949 -2.2537949 -3.6888795 0.70710678 0 0.70710678 0
3 0 2.1 0 0 0 -1.0280232 -0.70898154 -0.921676 2.442347 -2.2537949 -2.2537949 -3.6888795 0.70710678 0 0.70710678 0
2.1 0.15 -3 0 0 0 -1.1343705 -0.77987969 -0.56718523 2.442347 -2.2537949 -2.2537949 -3.6888795 1 0 0 0
2.1 0.15 3 0 0 0 -0.56718523 -0.95712508 -1.1343705 2.442347 -2.2537949 -2.2537949 -3.6888795 1 0 0 0
-3 0.15 2.1 0 0 0 -0.88622693 -0.99257416 -0.63808339 2.442347 -2.2537949 -2.2537949 -3.6888795 0.70710678 0 0.70710678 0
3 0.15 2.1 0 0 0 -1.0280232 -0.70898154 -0.921676 2.442347 -2.2537949 -2.2537949 -3.6888795 0.70710678 0 0.70710678 0
2.1 0.3 -3 0 0 0 -1.1343705 -0.77987969 -0.56718523 2.442347 -2.2537949 -2.2537949 -3.6888795 1 0 0 0
2.1 0.3 3 0 0 0 -0.56718523 -0.95712508 -1.1343705 2.442347 -2.2537949 -2.2537949 -3.6888795 1 0 0 0
-3 0.3 2.1 0 0 0 -0.88622693 -0.99257416 -0.63808339 2.442347 -2.2537949 -2.2537949 -3.6888795 0.70710678 0 0.70710678 0
3 0.3 2.1 0 0 0 -1.0280232 -0.70898154 -0.921676 2.442347 -2.2537949 -2.2537949 -3.6888795 0.70710678 0 0.70710678 0
2.1 0.45 -3 0 0 0 -1.1343705 -0.77987969 -0.56718523 2.442347 -2.2537949 -2.2537949 -3.6888795 1 0 0 0
2.1 0.45 3 0 0 0 -0.56718523 -0.95712508 -1.1343705 2.442347 -2.2537949 -2.2537949 -3.6888795 1 0 0 0
-3 0.45 2.1 0 0 0 -0.88622693 -0.99257416 -0.63808339 2.442347 -2.2537949 -2.2537949 -3.6888795 0.70710678 0 0.70710678 0
3 0.45 2.1 0 0 0 -1.0280232 -0.70898154 -0.921676 2.442347 -2.2537949 -2.2537949 -3.6888795 0.70710678 0 0.70710678 0
2.1 0.6 -3 0 0 0 -1.1343705 -0.77987969 -0.56718523 2.442347 -2.2537949 -2.2537949 -3.6888795 1 0 0 0
2.1 0.6 3 0 0 0 -0.56718523 -0.95712508 -1.1343705 2.442347 -2.2537949 -2.2537949 -3.6888795 1 0 0 0
-3 0.6 2.1 0 0 0 -0.88622693 -0.99257416 -0.63808339 2.442347 -2.2537949 -2.2537949 -3.6888795 0.70710678 0 0.70710678 0
3 0.6 2.1 0 0 0 -1.0280232 -0.70898154 -0.921676 2.442347 -2.2537949 -2.2537949 -3.6888795 0.70710678 0 0.70710678 0
2.1 0.75 -3 0 0 0 -1.1343705 -0.77987969 -0.56718523 2.442347 -2.2537949 -2.2537949 -3.6888795 1 0 0 0
2.1 0.75 3 0 0 0 -0.56718523 -0.95712508 -1.1343705 2.442347 -2.2537949 -2.2537949 -3.6888795 1 0 0 0
-3 0.75 2.1 0 0 0 -0.88622693 -0.99257416 -0.63808339 2.442347 -2.2537949 -2.2537949 -3.6888795 0.70710678 0 0.70710678 0
3 0.75 2.1 0 0 0 -1.0280232 -0.70898154 -0.921676 2.442347 -2.2537949 -2.2537949 -3.6888795 0.70710678 0 0.70710678 0
2.1 0.9 -3 0 0 0 -1.1343705 -0.77987969 -0.56718523 2.442347 -2.2537949 -2.2537949 -3.6888795 1 0 0 0
2.1 0.9 3 0 0 0 -0.56718523 -0.95712508 -1.1343705 2.442347 -2.2537949 -2.2537949 -3.6888795 1 0 0 0
-3 0.9 2.1 0 0 0 -0.88622693 -0.99257416 -0.63808339 2.442347 -2.2537949 -2.2537949 -3.6888795 0.70710678 0 0.70710678 0
3 0.9 2.1 0 0 0 -1.0280232 -0.70898154 -0.921676 2.442347 -2.2537949 -2.2537949 -3.6888795 0.70710678 0 0.70710678 0
2.1 1.05 -3 0 0 0 -1.1343705 -0.77987969 -0.56718523 2.442347 -2.2537949 -2.2537949 -3.6888795 1 0 0 0
2.1 1.05 3 0 0 0 -0.56718523 -0.95712508 -1.1343705 2.442347 -2.2537949 -2.2537949 -3.6888795 1 0 0 0
-3 1.05 2.1 0 0 0 -0.88622693 -0.99257416 -0.63808339 2.442347 -2.2537949 -2.2537949 -3.6888795 0.70710678 0 0.70710678 0
3 1.05 2.1 0 0 0 -1.0280232 -0.70898154 -0.921676 2.442347 -2.2537949 -2.2537949 -3.6888795 0.70710678 0 0.70710678 0
2.1 1.2 -3 0 0 0 -1.1343705 -0.77987969 -0.56718523 2.442347 -2.2537949 -2.2537949 -3.6888795 1 0 0 0
2.1 1.2 3 0 0 0 -0.56718523 -0.95712508 -1.1343705 2.442347 -2.2537949 -2.2537949 -3.6888795 1 0 0 0
-3 1.2 2.1 0 0 0 -0.88622693 -0.99257416 -0.63808339 2.442347 -2.2537949 -2.2537949 -3.6888795 0.70710678 0 0.70710678 0
3 1.2 2.1 0 0 0 -1.0280232 -0.70898154 -0.921676 2.442347 -2.2537949 -2.2537949 -3.6888795 0.70710678 0 0.70710678 0
2.1 1.35 -3 0 0 0 -1.1343705 -0.77987969 -0.56718523 2.442347 -2.2537949 -2.2537949 -3.6888795 1 0 0 0
2.1 1.35 3 0 0 0 -0.56718523 -0.95712508 -1.1343705 2.442347 -2.2537949 -2.2537949 -3.6888795 1 0 0 0
-3 1.35 2.1 0 0 0 -0.88622693 -0.99257416 -0.63808339 2.442347 -2.2537949 -2.2537949 -3.6888795 0.70710678 0 0.70710678 0
3 1.35 2.1 0 0 0 -1.0280232 -0.70898154 -0.921676 2.442347 -2.2537949 -2.2537949 -3.6888795 0.70710678 0 0.70710678 0
2.1 1.5 -3 0 0 0 -1.1343705 -0.77987969 -0.56718523 2.442347 -2.2537949 -2.2537949 -3.6888795 1 0 0 0
2.1 1.5 3 0 0 0 -0.56718523 -0.95712508 -1.1343705 2.442347 -2.2537949 -2.2537949 -3.6888795 1 0 0 0
-3 1.5 2.1 0 0 0 -0.88622693 -0.99257416 -0.63808339 2.442347 -2.2537949 -2.2537949 -3.6888795 0.70710678 0 0.70710678 0
3 1.5 2.1 0 0 0 -1.0280232 -0.70898154 -0.921676 2.442347 -2.2537949 -2.2537949 -3.6888795 0.70710678 0 0.70710678 0
2.1 1.65 -3 0 0 0 -1.1343705 -0.77987969 -0.56718523 2.442347 -2.2537949 -2.2537949 -3.6888795 1 0 0 0
2.1 1.65 3 0 0 0 -0.56718523 -0.95712508 -1.1343705 2.442347 -2.2537949 -2.2537949 -3.6888795 1 0 0 0
-3 1.65 2.1 0 0 0 -0.88622693 -0.99257416 -0.63808339 2.442347 -2.2537949 -2.2537949 -3.6888795 0.70710678 0 0.70710678 0
3 1.65 2.1 0 0 0 -1.0280232 -0.70898154 -0.921676 2.442347 -2.2537949 -2.2537949 -3.6888795 0.70710678 0 0.70710678 0
2.1 1.8 -3 0 0 0 -1.1343705 -0.77987969 -0.56718523 2.442347 -2.2537949 -2.2537949 -3.6888795 1 0 0 0
2.1 1.8 3 0 0 0 -0.56718523 -0.95712508 -1.1343705 2.442347 -2.2537949 -2.2537949 -3.6888795 1 0 0 0
-3 1.8 2.1 0 0 0 -0.88622693 -0.99257416 -0.63808339 2.442347 -2.2537949 -2.2537949 -3.6888795 0.70710678 0 0.70710678 0
3 1.8 2.1 0 0 0 -1.0280232 -0.70898154 -0.921676 2.442347 -2.2537949 -2.2537949 -3.6888795 0.70710678 0 0.70710678 0
2.1 1.95 -3 0 0 0 -1.1343705 -0.77987969 -0.56718523 2.442347 -2.2537949 -2.2537949 -3.6888795 1 0 0 0
2.1 1.95 3 0 0 0 -0.56718523 -0.95712508 -1.1343705 2.442347 -2.2537949 -2.2537949 -3.6888795 1 0 0 0
-3 1.95 2.1 0 0 0 -0.88622693 -0.99257416 -0.63808339 2.442347 -2.2537949 -2.2537949 -3.6888795 0.70710678 0 0.70710678 0
3 1.95 2.1 0 0 0 -1.0280232 -0.70898154 -0.921676 2.442347 -2.2537949 -2.2537949 -3.6888795 0.70710678 0 0.70710678 0
2.1 2.1 -3 0 0 0 -1.1343705 -0.77987969 -0.56718523 2.442347 -2.2537949 -2.2537949 -3.6888795 1 0 0 0
2.1 2.1 3 0 0 0 -0.56718523 -0.95712508 -1.1343705 2.442347 -2.2537949 -2.2537949 -3.6888795 1 0 0 0
-3 2.1 2.1 0 0 0 -0.88622693 -0.99257416 -0.63808339 2.442347 -2.2537949 -2.2537949 -3.6888795 0.70710678 0 0.70710678 0
3 2.1 2.1 0 0 0 -1.0280232 -0.70898154 -0.921676 2.442347 -2.2537949 -2.2537949 -3.6888795 0.70710678 0 0.70710678 0
2.1 2.25 -3 0 0 0 -1.1343705 -0.77987969 -0.56718523 2.442347 -2.2537949 -2.2537949 -3.6888795 1 0 0 0
2.1 2.25 3 0 0 0 -0.56718523 -0.95712508 -1.1343705 2.442347 -2.2537949 -2.2537949 -3.6888795 1 0 0 0
-3 2.25 2.1 0 0 0 -0.88622693 -0.99257416 -0.63808339 2.442347 -2.2537949 -2.2537949 -3.6888795 0.70710678 0 0.70710678 0
3 2.25 2.1 0 0 0 -1.0280232 -0.70898154 -0.921676 2.442347 -2.2537949 -2.2537949 -3.6888795 0.70710678 0 0.70710678 0
2.1 2.4 -3 0 0 0 -1.1343705 -0.77987969 -0.56718523 2.442347 -2.2537949 -2.2537949 -3.6888795 1 0 0 0
2.1 2.4 3 0 0 0 -0.56718523 -0.95712508 -1.1343705 2.442347 -2.2537949 -2.2537949 -3.6888795 1 0 0 0
-3 2.4 2.1 0 0 0 -0.88622693 -0.99257416 -0.63808339 2.442347 -2.2537949 -2.2537949 -3.6888795 0.70710678 0 0.70710678 0
3 2.4 2.1 0 0 0 -1.0280232 -0.70898154 -0.921676 2.442347 -2.2537949 -2.2537949 -3.6888795 0.70710678 0 0.70710678 0
2.1 2.55 -3 0 0 0 -1.1343705 -0.77987969 -0.56718523 2.442347 -2.2537949 -2.2537949 -3.6888795 1 0 0 0
2.1 2.55 3 0 0 0 -0.56718523 -0.95712508 -1.1343705 2.442347 -2.2537949 -2.2537949 -3.6888795 1 0 0 0
-3 2.55 2.1 0 0 0 -0.88622693 -0.99257416 -0.63808339 2.442347 -2.2537949 -2.2537949 -3.6888795 0.70710678 0 0.70710678 0
3 2.55 2.1 0 0 0 -1.0280232 -0.70898154 -0.921676 2.442347 -2.2537949 -2.2537949 -3.6888795 0.70710678 0 0.70710678 0
2.1 2.7 -3 0 0 0 -1.1343705 -0.77987969 -0.56718523 2.442347 -2.2537949 -2.2537949 -3.6888795 1 0 0 0
2.1 2.7 3 0 0 0 -0.56718523 -0.95712508 -1.1343705 2.442347 -2.2537949 -2.2537949 -3.6888795 1 0 0 0
-3 2.7 2.1 0 0 0 -0.88622693 -0.99257416 -0.63808339 2.442347 -2.2537949 -2.2537949 -3.6888795 0.70710678 0 0.70710678 0
3 2.7 2.1 0 0 0 -1.0280232 -0.70898154 -0.921676 2.442347 -2.2537949 -2.2537949 -3.6888795 0.70710678 0 0.70710678 0
2.1 2.85 -3 0 0 0 -1.1343705 -0.77987969 -0.56718523 2.442347 -2.2537949 -2.2537949 -3.6888795 1 0 0 0
2.1 2.85 3 0 0 0 -0.56718523 -0.95712508 -1.1343705 2.442347 -2.2537949 -2.2537949 -3.6888795 1 0 0 0
-3 2.85 2.1 0 0 0 -0.88622693 -0.99257416 -0.63808339 2.442347 -2.2537949 -2.2537949 -3.6888795 0.70710678 0 0.70710678 0
3 2.85 2.1 0 0 0 -1.0280232 -0.70898154 -0.921676 2.442347 -2.2537949 -2.2537949 -3.6888795 0.70710678 0 0.70710678 0
2.1 3 -3 0 0 0 -1.1343705 -0.77987969 -0.56718523 2.442347 -2.2537949 -2.2537949 -3.6888795 1 0 0 0
2.1 3 3 0 0 0 -0.56718523 -0.95712508 -1.1343705 2.442347 -2.2537949 -2.2537949 -3.6888795 1 0 0 0
-3 3 2.1 0 0 0 -0.88622693 -0.99257416 -0.63808339 2.442347 -2.2537949 -2.2537949 -3.6888795 0.70710678 0 0.70710678 0
3 3 2.1 0 0 0 -1.0280232 -0.70898154 -0.921676 2.442347 -2.2537949 -2.2537949 -3.6888795 0.70710678 0 0.70710678 0
2.25 0 -3 0 0 0 -0.85077785 -0.80469405 -0.74017673 2.442347 -2.2537949 -2.2537949 -3.6888795 0.70710678 0.70710678 0 0
2.25 3 -3 0 0 0 -1.0634723 -0.95712508 -0.70898154 2.442347 -2.2537949 -2.2537949 -3.6888795 0.70710678 0.70710678 0 0
2.25 0 -2.85 0 0 0 -0.85077785 -0.80469405 -0.74017673 2.442347 -2.2537949 -2.2537949 -3.6888795 0.70710678 0.70710678 0 0
2.25 3 -2.85 0 0 0 -1.0634723 -0.95712508 -0.70898154 2.442347 -2.2537949 -2.2537949 -3.6888795 0.70710678 0.70710678 0 0
2.25 0 -2.7 0 0 0 -0.85077785 -0.80469405 -0.74017673 2.442347 -2.2537949 -2.2537949 -3.6888795 0.70710678 0.70710678 0 0
2.25 3 -2.7 0 0 0 -1.0634723 -0.95712508 -0.70898154 2.442347 -2.2537949 -2.2537949 -3.6888795 0.70710678 0.70710678 0 0
2.25 0 -2.55 0 0 0 -0.85077785 -0.80469405 -0.74017673 2.442347 -2.2537949 -2.2537949 -3.6888795 0.70710678 0.70710678 0 0
2.25 3 -2.55 0 0 0 -1.0634723 -0.95712508 -0.70898154 2.442347 -2.2537949 -2.2537949 -3.6888795 0.70710678 0.70710678 0 0
2.25 0 -2.4 0 0 0 -0.85077785 -0.80469405 -0.74017673 2.442347 -2.2537949 -2.2537949 -3.6888795 0.70710678 0.70710678 0 0
2.25 3 -2.4 0 0 0 -1.0634723 -0.95712508 -0.70898154 2.442347 -2.2537949 -2.2537949 -3.6888795 0.70710678 0.70710678 0 0
2.25 0 -2.25 0 0 0 -0.28359262 -0.20914955 -0.10492927 2.442347 -2.2537949 -2.2537949 -3.6888795 0.70710678 0.70710678 0 0
2.25 3 -2.25 0 0 0 -1.0634723 -0.95712508 -0.70898154 2.442347 -2.2537949 -2.2537949 -3.6888795 0.70710678 0.70710678 0 0
2.25 0 -2.1 0 0 0 -0.28359262 -0.20914955 -0.10492927 2.442347 -2.2537949 -2.2537949 -3.6888795 0.70710678 0.70710678 0 0
2.25 3 -2.1 0 0 0 -1.0634723 -0.95712508 -0.70898154 2.442347 -2.2537949 -2.2537949 -3.6888795 0.70710678 0.70710678 0 0
2.25 0 -1.95 0 0 0 -0.28359262 -0.20914955 -0.10492927 2.442347 -2.2537949 -2.2537949 -3.6888795 0.70710678 0.70710678 0 0
2.25 3 -1.95 0 0 0 -1.0634723 -0.95712508 -0.70898154 2.442347 -2.2537949 -2.2537949 -3.6888795 0.70710678 0.70710678 0 0
2.25 0 -1.8 0 0 0 -0.28359262 -0.20914955 -0.10492927 2.442347 -2.2537949 -2.2537949 -3.6888795 0.70710678 0.70710678 0 0
2.25 3 -1.8 0 0 0 -1.0634723 -0.95712508 -0.70898154 2.442347 -2.2537949 -2.2537949 -3.6888795 0.70710678 0.70710678 0 0
2.25 0 -1.65 0 0 0 -0.28359262 -0.20914955 -0.10492927 2.442347 -2.2537949 -2.2537949 -3.6888795 0.70710678 0.70710678 0 0
2.25 3 -1.65 0 0 0 -1.0634723 -0.95712508 -0.70898154 2.442347 -2.2537949 -2.2537949 -3.6888795 0.70710678 0.70710678 0 0
2.25 0 -1.5 0 0 0 -0.85077785 -0.80469405 -0.74017673 2.442347 -2.2537949 -2.2537949 -3.6888795 0.70710678 0.70710678 0 0
2.25 3 -1.5 0 0 0 -1.0634723 -0.95712508 -0.70898154 2.442347 -2.2537949 -2.2537949 -3.6888795 0.70710678 0.70710678 0 0
2.25 0 -1.35 0 0 0 -0.85077785 -0.80469405 -0.74017673 2.442347 -2.2537949 -2.2537949 -3.6888795 0.70710678 0.70710678 0 0
2.25 3 -1.35 0 0 0 -1.0634723 -0.95712508 -0.70898154 2.442347 -2.2537949 -2.2537949 -3.6888795 0.70710678 0.70710678 0 0
2.25 0 -1.2 0 0 0 -0.85077785 -0.80469405 -0.74017673 2.442347 -2.2537949 -2.2537949 -3.6888795 0.70710678 0.70710678 0 0
2.25 3 -1.2 0 0 0 -1.0634723 -0.95712508 -0.70898154 2.442347 -2.2537949 -2.2537949 -3.6888795 0.70710678 0.70710678 0 0
2.25 0 -1.05 0 0 0 -0.85077785 -0.80469405 -0.74017673 2.442347 -2.2537949 -2.2537949 -3.6888795 0.70710678 0.70710678 0 0
2.25 3 -1.05 0 0 0 -1.0634723 -0.95712508 -0.70898154 2.442347 -2.2537949 -2.2537949 -3.6888795 0.70710678 0.70710678 0 0
2.25 0 -0.9 0 0 0 -0.85077785 -0.80469405 -0.74017673 2.442347 -2.2537949 -2.2537949 -3.6888795 0.70710678 0.70710678 0 0
2.25 3 -0.9 0 0 0 -1.0634723 -0.95712508 -0.70898154 2.442347 -2.2537949 -2.2537949 -3.6888795 0.70710678 0.70710678 0 0
2.25 0 -0.75 0 0 0 -0.28359262 -0.20914955 -0.10492927 2.442347 -2.2537949 -2.2537949 -3.6888795 0.70710678 0.70710678 0 0
2.25 3 -0.75 0 0 0 -1.0634723 -0.95712508 -0.70898154 2.442347 -2.2537949 -2.2537949 -3.6888795 0.70710678 0.70710678 0 0
2.25 0 -0.6 0 0 0 -0.28359262 -0.20914955 -0.10492927 2.442347 -2.2537949 -2.2537949 -3.6888795 0.70710678 0.70710678 0 0
2.25 3 -0.6 0 0 0 -1.0634723 -0.95712508 -0.70898154 2.442347 -2.2537949 -2.2537949 -3.6888795 0.70710678 0.70710678 0 0
2.25 0 -0.45 0 0 0 -0.28359262 -0.20914955 -0.10492927 2.442347 -2.2537949 -2.2537949 -3.6888795 0.70710678 0.70710678 0 0
2.25 3 -0.45 0 0 0 -1.0634723 -0.95712508 -0.70898154 2.442347 -2.2537949 -2.2537949 -3.6888795 0.70710678 0.70710678 0 0
2.25 0 -0.3 0 0 0 -0.28359262 -0.20914955 -0.10492927 2.442347 -2.2537949 -2.2537949 -3.6888795 0.70710678 0.70710678 0 0
2.25 3 -0.3 0 0 0 -1.0634723 -0.95712508 -0.70898154 2.442347 -2.2537949 -2.2537949 -3.6888795 0.70710678 0.70710678 0 0
2.25 0 -0.15 0 0 0 -0.28359262 -0.20914955 -0.10492927 2.442347 -2.2537949 -2.2537949 -3.6888795 0.70710678 0.70710678 0 0
2.25 3 -0.15 0 0 0 -1.0634723 -0.95712508 -0.70898154 2.442347 -2.2537949 -2.2537949 -3.6888795 0.70710678 0.70710678 0 0
2.25 0 0 0 0 0 -0.85077785 -0.80469405 -0.74017673 2.442347 -2.2537949 -2.2537949 -3.6888795 0.70710678 0.70710678 0 0
2.25 3 0 0 0 0 -1.0634723 -0.95712508 -0.70898154 2.442347 -2.2537949 -2.2537949 -3.6888795 0.70710678 0.70710678 0 0
2.25 0 0.15 0 0 0 -0.85077785 -0.80469405 -0.74017673 2.442347 -2.2537949 -2.2537949 -3.6888795 0.70710678 0.70710678 0 0
2.25 3 0.15 0 0 0 -1.0634723 -0.95712508 -0.70898154 2.442347 -2.2537949 -2.2537949 -3.6888795 0.70710678 0.70710678 0 0
2.25 0 0.3 0 0 0 -0.85077785 -0.80469405 -0.74017673 2.442347 -2.2537949 -2.2537949 -3.6888795 0.70710678 0.70710678 0 0
2.25 3 0.3 0 0 0 -1.0634723 -0.95712508 -0.70898154 2.442347 -2.2537949 -2.2537949 -3.6888795 0.70710678 0.70710678 0 0
2.25 0 0.45 0 0 0 -0.85077785 -0.80469405 -0.74017673 2.442347 -2.2537949 -2.2537949 -3.6888795 0.70710678 0.70710678 0 0
2.25 3 0.45 0 0 0 -1.0634723 -0.95712508 -0.70898154 2.442347 -2.2537949 -2.2537949 -3.6888795 0.70710678 0.70710678 0 0
2.25 0 0.6 0 0 0 -0.85077785 -0.80469405 -0.74017673 2.442347 -2.2537949 -2.2537949 -3.6888795 0.70710678 0.70710678 0 0
2.25 3 0.6 0 0 0 -1.0634723 -0.95712508 -0.70898154 2.442347 -2.2537949 -2.2537949 -3.6888795 0.70710678 0.70710678 0 0
2.25 0 0.75 0 0 0 -0.28359262 -0.20914955 -0.10492927 2.442347 -2.2537949 -2.2537949 -3.6888795 0.70710678 0.70710678 0 0
2.25 3 0.75 0 0 0 -1.0634723 -0.95712508 -0.70898154 2.442347 -2.2537949 -2.2537949 -3.6888795 0.70710678 0.70710678 0 0
2.25 0 0.9 0 0 0 -0.28359262 -0.20914955 -0.10492927 2.442347 -2.2537949 -2.2537949 -3.6888795 0.70710678 0.70710678 0 0
2.25 3 0.9 0 0 0 -1.0634723 -0.95712508 -0.70898154 2.442347 -2.2537949 -2.2537949 -3.6888795 0.70710678 0.70710678 0 0
2.25 0 1.05 0 0 0 -0.28359262 -0.20914955 -0.10492927 2.442347 -2.2537949 -2.2537949 -3.6888795 0.70710678 0.70710678 0 0
2.25 3 1.05 0 0 0 -1.0634723 -0.95712508 -0.70898154 2.442347 -2.2537949 -2.2537949 -3.6888795 0.70710678 0.70710678 0 0
2.25 0 1.2 0 0 0 -0.28359262 -0.20914955 -0.10492927 2.442347 -2.2537949 -2.2537949 -3.6888795 0.70710678 0.70710678 0 0
2.25 3 1.2 0 0 0 -1.0634723 -0.95712508 -0.70898154 2.442347 -2.2537949 -2.2537949 -3.6888795 0.70710678 0.70710678 0 0
2.25 0 1.35 0 0 0 -0.28359262 -0.20914955 -0.10492927 2.442347 -2.2537949 -2.2537949 -3.6888795 0.70710678 0.70710678 0 0
2.25 3 1.35 0 0 0 -1.0634723 -0.95712508 -0.70898154 2.442347 -2.2537949 -2.2537949 -3.6888795 0.70710678 0.70710678 0 0
2.25 0 1.5 0 0 0 -0.85077785 -0.80469405 -0.74017673 2.442347 -2.2537949 -2.2537949 -3.6888795 0.70710678 0.70710678 0 0
2.25 3 1.5 0 0 0 -1.0634723 -0.95712508 -0.70898154 2.442347 -2.2537949 -2.2537949 -3.6888795 0.70710678 0.70710678 0 0
2.25 0 1.65 0 0 0 -0.85077785 -0.80469405 -0.74017673 2.442347 -2.2537949 -2.2537949 -3.6888795 0.70710678 0.70710678 0 0
2.25 3 1.65 0 0 0 -1.0634723 -0.95712508 -0.70898154 2.442347 -2.2537949 -2.2537949 -3.6888795 0.70710678 0.70710678 0 0
2.25 0 1.8 0 0 0 -0.85077785 -0.80469405 -0.74017673 2.442347 -2.2537949 -2.2537949 -3.6888795 0.70710678 0.70710678 0 0
2.25 3 1.8 0 0 0 -1.0634723 -0.95712508 -0.70898154 2.442347 -2.2537949 -2.2537949 -3.6888795 0.70710678 0.70710678 0 0
2.25 0 1.95 0 0 0 -0.85077785 -0.80469405 -0.74017673 2.442347 -2.2537949 -2.2537949 -3.6888795 0.70710678 0.70710678 0 0
2.25 3 1.95 0 0 0 -1.0634723 -0.95712508 -0.70898154 2.442347 -2.2537949 -2.2537949 -3.6888795 0.70710678 0.70710678 0 0
2.25 0 2.1 0 0 0 -0.85077785 -0.80469405 -0.74017673 2.442347 -2.2537949 -2.2537949 -3.6888795 0.70710678 0.70710678 0 0
2.25 3 2.1 0 0 0 -1.0634723 -0.95712508 -0.70898154 2.442347 -2.2537949 -2.2537949 -3.6888795 0.70710678 0.70710678 0 0
2.25 0 2.25 0 0 0 -0.28359262 -0.20914955 -0.10492927 2.442347 -2.2537949 -2.2537949 -3.6888795 0.70710678 0.70710678 0 0
2.25 3 2.25 0 0 0 -1.0634723 -0.95712508 -0.70898154 2.442347 -2.2537949 -2.2537949 -3.6888795 0.70710678 0.70710678 0 0
2.25 0 2.4 0 0 0 -0.28359262 -0.20914955 -0.10492927 2.442347 -2.2537949 -2.2537949 -3.6888795 0.70710678 0.70710678 0 0
2.25 3 2.4 0 0 0 -1.0634723 -0.95712508 -0.70898154 2.442347 -2.2537949 -2.2537949 -3.6888795 0.70710678 0.70710678 0 0
2.25 0 2.55 0 0 0 -0.28359262 -0.20914955 -0.10492927 2.442347 -2.2537949 -2.2537949 -3.6888795 0.70710678 0.70710678 0 0
2.25 3 2.55 0 0 0 -1.0634723 -0.95712508 -0.70898154 2.442347 -2.2537949 -2.2537949 -3.6888795 0.70710678 0.70710678 0 0
2.25 0 2.7 0 0 0 -0.28359262 -0.20914955 -0.10492927 2.442347 -2.2537949 -2.2537949 -3.6888795 0.70710678 0.70710678 0 0
2.25 3 2.7 0 0 0 -1.0634723 -0.95712508 -0.70898154 2.442347 -2.2537949 -2.2537949 -3.6888795 0.70710678 0.70710678 0 0
2.25 0 2.85 0 0 0 -0.28359262 -0.20914955 -0.10492927 2.442347 -2.2537949 -2.2537949 -3.6888795 0.70710678 0.70710678 0 0
2.25 3 2.85 0 0 0 -1.0634723 -0.95712508 -0.70898154 2.442347 -2.2537949 -2.2537949 -3.6888795 0.70710678 0.70710678 0 0
2.25 0 3 0 0 0 -0.85077785 -0.80469405 -0.74017673 2.442347 -2.2537949 -2.2537949 -3.6888795 0.70710678 0.70710678 0 0
2.25 3 3 0 0 0 -1.0634723 -0.95712508 -0.70898154 2.442347 -2.2537949 -2.2537949 -3.6888795 0.70710678 0.70710678 0 0
2.25 0 -3 0 0 0 -1.1343705 -0.77987969 -0.56718523 2.442347 -2.2537949 -2.2537949 -3.6888795 1 0 0 0
2.25 0 3 0 0 0 -0.56718523 -0.95712508 -1.1343705 2.442347 -2.2537949 -2.2537949 -3.6888795 1 0 0 0
-3 0 2.25 0 0 0 -0.88622693 -0.99257416 -0.63808339 2.442347 -2.2537949 -2.2537949 -3.6888795 0.70710678 0 0.70710678 0
3 0 2.25 0 0 0 -1.0280232 -0.70898154 -0.921676 2.442347 -2.2537949 -2.2537949 -3.6888795 0.70710678 0 0.70710678 0
2.25 0.15 -3 0 0 0 -1.1343705 -0.77987969 -0.56718523 2.442347 -2.2537949 -2.2537949 -3.6888795 1 0 0 0
2.25 0.15 3 0 0 0 -0.56718523 -0.95712508 -1.1343705 2.442347 -2.2537949 -2.2537949 -3.6888795 1 0 0 0
-3 0.15 2.25 0 0 0 -0.88622693 -0.99257416 -0.63808339 2.442347 -2.2537949 -2.2537949 -3.6888795 0.70710678 0 0.70710678 0
3 0.15 2.25 0 0 0 -1.0280232 -0.70898154 -0.921676 2.442347 -2.2537949 -2.2537949 -3.6888795 0.70710678 0 0.70710678 0
2.25 0.3 -3 0 0 0 -1.1343705 -0.77987969 -0.56718523 2.442347 -2.2537949 -2.2537949 -3.6888795 1 0 0 0
2.25 0.3 3 0 0 0 -0.56718523 -0.95712508 -1.1343705 2.442347 -2.2537949 -2.2537949 -3.6888795 1 0 0 0
-3 0.3 2.25 0 0 0 -0.88622693 -0.99257416 -0.63808339 2.442347 -2.2537949 -2.2537949 -3.6888795 0.70710678 0 0.70710678 0
3 0.3 2.25 0 0 0 -1.0280232 -0.70898154 -0.921676 2.442347 -2.2537949 -2.2537949 -3.6888795 0.70710678 0 0.70710678 0
2.25 0.45 -3 0 0 0 -1.1343705 -0.77987969 -0.56718523 2.442347 -2.2537949 -2.2537949 -3.6888795 1 0 0 0
2.25 0.45 3 0 0 0 -0.56718523 -0.95712508 -1.1343705 2.442347 -2.2537949 -2.2537949 -3.6888795 1 0 0 0
-3 0.45 2.25 0 0 0 -0.88622693 -0.99257416 -0.63808339 2.442347 -2.2537949 -2.2537949 -3.6888795 0.70710678 0 0.70710678 0
3 0.45 2.25 0 0 0 -1.0280232 -0.70898154 -0.921676 2.442347 -2.2537949 -2.2537949 -3.6888795 0.70710678 0 0.70710678 0
2.25 0.6 -3 0 0 0 -1.1343705 -0.77987969 -0.56718523 2.442347 -2.2537949 -2.2537949 -3.6888795 1 0 0 0
2.25 0.6 3 0 0 0 -0.56718523 -0.95712508 -1.1343705 2.442347 -2.2537949 -2.2537949 -3.6888795 1 0 0 0
-3 0.6 2.25 0 0 0 -0.88622693 -0.99257416 -0.63808339 2.442347 -2.2537949 -2.2537949 -3.6888795 0.70710678 0 0.70710678 0
3 0.6 2.25 0 0 0 -1.0280232 -0.70898154 -0.921676 2.442347 -2.2537949 -2.2537949 -3.6888795 0.70710678 0 0.70710678 0
2.25 0.75 -3 0 0 0 -1.1343705 -0.77987969 -0.56718523 2.442347 -2.2537949 -2.2537949 -3.6888795 1 0 0 0
2.25 0.75 3 0 0 0 -0.56718523 -0.95712508 -1.1343705 2.442347 -2.2537949 -2.2537949 -3.6888795 1 0 0 0
-3 0.75 2.25 0 0 0 -0.88622693 -0.99257416 -0.63808339 2.442347 -2.2537949 -2.2537949 -3.6888795 0.70710678 0 0.70710678 0
3 0.75 2.25 0 0 0 -1.0280232 -0.70898154 -0.921676 2.442347 -2.2537949 -2.2537949 -3.6888795 0.70710678 0 0.70710678 0
2.25 0.9 -3 0 0 0 -1.1343705 -0.77987969 -0.56718523 2.442347 -2.2537949 -2.2537949 -3.6888795 1 0 0 0
2.25 0.9 3 0 0 0 -0.56718523 -0.95712508 -1.1343705 2.442347 -2.2537949 -2.2537949 -3.6888795 1 0 0 0
-3 0.9 2.25 0 0 0 -0.88622693 -0.99257416 -0.63808339 2.442347 -2.2537949 -2.2537949 -3.6888795 0.70710678 0 0.70710678 0
3 0.9 2.25 0 0 0 -1.0280232 -0.70898154 -0.921676 2.442347 -2.2537949 -2.2537949 -3.6888795 0.70710678 0 0.70710678 0
2.25 1.05 -3 0 0 0 -1.1343705 -0.77987969 -0.56718523 2.442347 -2.2537949 -2.2537949 -3.6888795 1 0 0 0
2.25 1.05 3 0 0 0 -0.56718523 -0.95712508 -1.1343705 2.442347 -2.2537949 -2.2537949 -3.6888795 1 0 0 0
-3 1.05 2.25 0 0 0 -0.88622693 -0.99257416 -0.63808339 2.442347 -2.2537949 -2.2537949 -3.6888795 0.70710678 0 0.70710678 0
3 1.05 2.25 0 0 0 -1.0280232 -0.70898154 -0.921676 2.442347 -2.2537949 -2.2537949 -3.6888795 0.70710678 0 0.70710678 0
2.25 1.2 -3 0 0 0 -1.1343705 -0.77987969 -0.56718523 2.442347 -2.2537949 -2.2537949 -3.6888795 1 0 0 0
2.25 1.2 3 0 0 0 -0.56718523 -0.95712508 -1.1343705 2.442347 -2.2537949 -2.2537949 -3.6888795 1 0 0 0
-3 1.2 2.25 0 0 0 -0.88622693 -0.99257416 -0.63808339 2.442347 -2.2537949 -2.2537949 -3.6888795 0.70710678 0 0.70710678 0
3 1.2 2.25 0 0 0 -1.0280232 -0.70898154 -0.921676 2.442347 -2.2537949 -2.2537949 -3.6888795 0.70710678 0 0.70710678 0
2.25 1.35 -3 0 0 0 -1.1343705 -0.77987969 -0.56718523 2.442347 -2.2537949 -2.2537949 -3.6888795 1 0 0 0
2.25 1.35 3 0 0 0 -0.56718523 -0.95712508 -1.1343705 2.442347 -2.2537949 -2.2537949 -3.6888795 1 0 0 0
-3 1.35 2.25 0 0 0 -0.88622693 -0.99257416 -0.63808339 2.442347 -2.2537949 -2.2537949 -3.6888795 0.70710678 0 0.70710678 0
3 1.35 2.25 0 0 0 -1.0280232 -0.70898154 -0.921676 2.442347 -2.2537949 -2.2537949 -3.6888795 0.70710678 0 0.70710678 0
2.25 1.5 -3 0 0 0 -1.1343705 -0.77987969 -0.56718523 2.442347 -2.2537949 -2.2537949 -3.6888795 1 0 0 0
2.25 1.5 3 0 0 0 -0.56718523 -0.95712508 -1.1343705 2.442347 -2.2537949 -2.2537949 -3.6888795 1 0 0 0
-3 1.5 2.25 0 0 0 -0.88622693 -0.99257416 -0.63808339 2.442347 -2.2537949 -2.2537949 -3.6888795 0.70710678 0 0.70710678 0
3 1.5 2.25 0 0 0 -1.0280232 -0.70898154 -0.921676 2.442347 -2.2537949 -2.2537949 -3.6888795 0.70710678 0 0.70710678 0
2.25 1.65 -3 0 0 0 -1.1343705 -0.77987969 -0.56718523 2.442347 -2.2537949 -2.2537949 -3.6888795 1 0 0 0
2.25 1.65 3 0 0 0 -0.56718523 -0.95712508 -1.1343705 2.442347 -2.2537949 -2.2537949 -3.6888795 1 0 0 0
-3 1.65 2.25 0 0 0 -0.88622693 -0.99257416 -0.63808339 2.442347 -2.2537949 -2.2537949 -3.6888795 0.70710678 0 0.70710678 0
3 1.65 2.25 0 0 0 -1.0280232 -0.70898154 -0.921676 2.442347 -2.2537949 -2.2537949 -3.6888795 0.70710678 0 0.70710678 0
2.25 1.8 -3 0 0 0 -1.1343705 -0.77987969 -0.56718523 2.442347 -2.2537949 -2.2537949 -3.6888795 1 0 0 0
2.25 1.8 3 0 0 0 -0.56718523 -0.95712508 -1.1343705 2.442347 -2.2537949 -2.2537949 -3.6888795 1 0 0 0
-3 1.8 2.25 0 0 0 -0.88622693 -0.99257416 -0.63808339 2.442347 -2.2537949 -2.2537949 -3.6888795 0.70710678 0 0.70710678 0
3 1.8 2.25 0 0 0 -1.0280232 -0.70898154 -0.921676 2.442347 -2.2537949 -2.2537949 -3.6888795 0.70710678 0 0.70710678 0
2.25 1.95 -3 0 0 0 -1.1343705 -0.77987969 -0.56718523 2.442347 -2.2537949 -2.2537949 -3.6888795 1 0 0 0
2.25 1.95 3 0 0 0 -0.56718523 -0.95712508 -1.1343705 2.442347 -2.2537949 -2.2537949 -3.6888795 1 0 0 0
-3 1.95 2.25 0 0 0 -0.88622693 -0.99257416 -0.63808339 2.442347 -2.2537949 -2.2537949 -3.6888795 0.70710678 0 0.70710678 0
3 1.95 2.25 0 0 0 -1.0280232 -0.70898154 -0.921676 2.442347 -2.2537949 -2.2537949 -3.6888795 0.70710678 0 0.70710678 0
2.25 2.1 -3 0 0 0 -1.1343705 -0.77987969 -0.56718523 2.442347 -2.2537949 -2.2537949 -3.6888795 1 0 0 0
2.25 2.1 3 0 0 0 -0.56718523 -0.95712508 -1.1343705 2.442347 -2.2537949 -2.2537949 -3.6888795 1 0 0 0
-3 2.1 2.25 0 0 0 -0.88622693 -0.99257416 -0.63808339 2.442347 -2.2537949 -2.2537949 -3.6888795 0.70710678 0 0.70710678 0
3 2.1 2.25 0 0 0 -1.0280232 -0.70898154 -0.921676 2.442347 -2.2537949 -2.2537949 -3.6888795 0.70710678 0 0.70710678 0
2.25 2.25 -3 0 0 0 -1.1343705 -0.77987969 -0.56718523 2.442347 -2.2537949 -2.2537949 -3.6888795 1 0 0 0
2.25 2.25 3 0 0 0 -0.56718523 -0.95712508 -1.1343705 2.442347 -2.2537949 -2.2537949 -3.6888795 1 0 0 0
-3 2.25 2.25 0 0 0 -0.88622693 -0.99257416 -0.63808339 2.442347 -2.2537949 -2.2537949 -3.6888795 0.70710678 0 0.70710678 0
3 2.25 2.25 0 0 0 -1.0280232 -0.70898154 -0.921676 2.442347 -2.2537949 -2.2537949 -3.6888795 0.70710678 0 0.70710678 0
2.25 2.4 -3 0 0 0 -1.1343705 -0.77987969 -0.56718523 2.442347 -2.2537949 -2.2537949 -3.6888795 1 0 0 0
2.25 2.4 3 0 0 0 -0.56718523 -0.95712508 -1.1343705 2.442347 -2.2537949 -2.2537949 -3.6888795 1 0 0 0
-3 2.4 2.25 0 0 0 -0.88622693 -0.99257416 -0.63808339 2.442347 -2.2537949 -2.2537949 -3.6888795 0.70710678 0 0.70710678 0
3 2.4 2.25 0 0 0 -1.0280232 -0.70898154 -0.921676 2.442347 -2.2537949 -2.2537949 -3.6888795 0.70710678 0 0.70710678 0
2.25 2.55 -3 0 0 0 -1.1343705 -0.77987969 -0.56718523 2.442347 -2.2537949 -2.2537949 -3.6888795 1 0 0 0
2.25 2.55 3 0 0 0 -0.56718523 -0.95712508 -1.1343705 2.442347 -2.2537949 -2.2537949 -3.6888795 1 0 0 0
-3 2.55 2.25 0 0 0 -0.88622693 -0.99257416 -0.63808339 2.442347 -2.2537949 -2.2537949 -3.6888795 0.70710678 0 0.70710678 0
3 2.55 2.25 0 0 0 -1.0280232 -0.70898154 -0.921676 2.442347 -2.2537949 -2.2537949 -3.6888795 0.70710678 0 0.70710678 0
2.25 2.7 -3 0 0 0 -1.1343705 -0.77987969 -0.56718523 2.442347 -2.2537949 -2.2537949 -3.6888795 1 0 0 0
2.25 2.7 3 0 0 0 -0.56718523 -0.95712508 -1.1343705 2.442347 -2.2537949 -2.2537949 -3.6888795 1 0 0 0
-3 2.7 2.25 0 0 0 -0.88622693 -0.99257416 -0.63808339 2.442347 -2.2537949 -2.2537949 -3.6888795 0.70710678 0 0.70710678 0
3 2.7 2.25 0 0 0 -1.0280232 -0.70898154 -0.921676 2.442347 -2.2537949 -2.2537949 -3.6888795 0.70710678 0 0.70710678 0
2.25 2.85 -3 0 0 0 -1.1343705 -0.77987969 -0.56718523 2.442347 -2.2537949 -2.2537949 -3.6888795 1 0 0 0
2.25 2.85 3 0 0 0 -0.56718523 -0.95712508 -1.1343705 2.442347 -2.2537949 -2.2537949 -3.6888795 1 0 0 0
-3 2.85 2.25 0 0 0 -0.88622693 -0.99257416 -0.63808339 2.442347 -2.2537949 -2.2537949 -3.6888795 0.70710678 0 0.70710678 0
3 2.85 2.25 0 0 0 -1.0280232 -0.70898154 -0.921676 2.442347 -2.2537949 -2.2537949 -3.6888795 0.70710678 0 0.70710678 0
2.25 3 -3 0 0 0 -1.1343705 -0.77987969 -0.56718523 2.442347 -2.2537949 -2.2537949 -3.6888795 1 0 0 0
2.25 3 3 0 0 0 -0.56718523 -0.95712508 -1.1343705 2.442347 -2.2537949 -2.2537949 -3.6888795 1 0 0 0
-3 3 2.25 0 0 0 -0.88622693 -0.99257416 -0.63808339 2.442347 -2.2537949 -2.2537949 -3.6888795 0.70710678 0 0.70710678 0
3 3 2.25 0 0 0 -1.0280232 -0.70898154 -0.921676 2.442347 -2.2537949 -2.2537949 -3.6888795 0.70710678 0 0.70710678 0
2.4 0 -3 0 0 0 -0.85077785 -0.80469405 -0.74017673 2.442347 -2.2537949 -2.2537949 -3.6888795 0.70710678 0.70710678 0 0
2.4 3 -3 0 0 0 -1.0634723 -0.95712508 -0.70898154 2.442347 -2.2537949 -2.2537949 -3.6888795 0.70710678 0.70710678 0 0
2.4 0 -2.85 0 0 0 -0.85077785 -0.80469405 -0.74017673 2.442347 -2.2537949 -2.2537949 -3.6888795 0.70710678 0.70710678 0 0
2.4 3 -2.85 0 0 0 -1.0634723 -0.95712508 -0.70898154 2.442347 -2.2537949 -2.2537949 -3.6888795 0.70710678 0.70710678 0 0
2.4 0 -2.7 0 0 0 -0.85077785 -0.80469405 -0.74017673 2.442347 -2.2537949 -2.2537949 -3.6888795 0.70710678 0.70710678 0 0
2.4 3 -2.7 0 0 0 -1.0634723 -0.95712508 -0.70898154 2.442347 -2.2537949 -2.2537949 -3.6888795 0.70710678 0.70710678 0 0
2.4 0 -2.55 0 0 0 -0.85077785 -0.80469405 -0.74017673 2.442347 -2.2537949 -2.2537949 -3.6888795 0.70710678 0.70710678 0 0
2.4 3 -2.55 0 0 0 -1.0634723 -0.95712508 -0.70898154 2.442347 -2.2537949 -2.2537949 -3.6888795 0.70710678 0.70710678 0 0
2.4 0 -2.4 0 0 0 -0.85077785 -0.80469405 -0.74017673 2.442347 -2.2537949 -2.2537949 -3.6888795 0.70710678 0.70710678 0 0
2.4 3 -2.4 0 0 0 -1.0634723 -0.95712508 -0.70898154 2.442347 -2.2537949 -2.2537949 -3.6888795 0.70710678 0.70710678 0 0
2.4 0 -2.25 0 0 0 -0.28359262 -0.20914955 -0.10492927 2.442347 -2.2537949 -2.2537949 -3.6888795 0.70710678 0.70710678 0 0
2.4 3 -2.25 0 0 0 -1.0634723 -0.95712508 -0.70898154 2.442347 -2.2537949 -2.2537949 -3.6888795 0.70710678 0.70710678 0 0
2.4 0 -2.1 0 0 0 -0.28359262 -0.20914955 -0.10492927 2.442347 -2.2537949 -2.2537949 -3.6888795 0.70710678 0.70710678 0 0
2.4 3 -2.1 0 0 0 -1.0634723 -0.95712508 -0.70898154 2.442347 -2.2537949 -2.2537949 -3.6888795 0.70710678 0.70710678 0 0
2.4 0 -1.95 0 0 0 -0.28359262 -0.20914955 -0.10492927 2.442347 -2.2537949 -2.2537949 -3.6888795 0.70710678 0.70710678 0 0
2.4 3 -1.95 0 0 0 -1.0634723 -0.95712508 -0.70898154 2.442347 -2.2537949 -2.2537949 -3.6888795 0.70710678 0.70710678 0 0
2.4 0 -1.8 0 0 0 -0.28359262 -0.20914955 -0.10492927 2.442347 -2.2537949 -2.2537949 -3.6888795 0.70710678 0.70710678 0 0
2.4 3 -1.8 0 0 0 -1.0634723 -0.95712508 -0.70898154 2.442347 -2.2537949 -2.2537949 -3.6888795 0.70710678 0.70710678 0 0
2.4 0 -1.65 0 0 0 -0.28359262 -0.20914955 -0.10492927 2.442347 -2.2537949 -2.2537949 -3.6888795 0.70710678 0.70710678 0 0
2.4 3 -1.65 0 0 0 -1.0634723 -0.95712508 -0.70898154 2.442347 -2.2537949 -2.2537949 -3.6888795 0.70710678 0.70710678 0 0
2.4 0 -1.5 0 0 0 -0.85077785 -0.80469405 -0.74017673 2.442347 -2.2537949 -2.2537949 -3.6888795 0.70710678 0.70710678 0 0
2.4 3 -1.5 0 0 0 -1.0634723 -0.95712508 -0.70898154 2.442347 -2.2537949 -2.2537949 -3.6888795 0.70710678 0.70710678 0 0
2.4 0 -1.35 0 0 0 -0.85077785 -0.80469405 -0.74017673 2.442347 -2.2537949 -2.2537949 -3.6888795 0.70710678 0.70710678 0 0
2.4 3 -1.35 0 0 0 -1.0634723 -0.95712508 -0.70898154 2.442347 -2.2537949 -2.2537949 -3.6888795 0.70710678 0.70710678 0 0
2.4 0 -1.2 0 0 0 -0.85077785 -0.80469405 -0.74017673 2.442347 -2.2537949 -2.2537949 -3.6888795 0.70710678 0.70710678 0 0
2.4 3 -1.2 0 0 0 -1.0634723 -0.95712508 -0.70898154 2.442347 -2.2537949 -2.2537949 -3.6888795 0.70710678 0.70710678 0 0
2.4 0 -1.05 0 0 0 -0.85077785 -0.80469405 -0.74017673 2.442347 -2.2537949 -2.2537949 -3.6888795 0.70710678 0.70710678 0 0
2.4 3 -1.05 0 0 0 -1.0634723 -0.95712508 -0.70898154 2.442347 -2.2537949 -2.2537949 -3.6888795 0.70710678 0.70710678 0 0
2.4 0 -0.9 0 0 0 -0.85077785 -0.80469405 -0.74017673 2.442347 -2.2537949 -2.2537949 -3.6888795 0.70710678 0.70710678 0 0
2.4 3 -0.9 0 0 0 -1.0634723 -0.95712508 -0.70898154 2.442347 -2.2537949 -2.2537949 -3.6888795 0.70710678 0.70710678 0 0
2.4 0 -0.75 0 0 0 -0.28359262 -0.20914955 -0.10492927 2.442347 -2.2537949 -2.2537949 -3.6888795 0.70710678 0.70710678 0 0
2.4 3 -0.75 0 0 0 -1.0634723 -0.95712508 -0.70898154 2.442347 -2.2537949 -2.2537949 -3.6888795 0.70710678 0.70710678 0 0
2.4 0 -0.6 0 0 0 -0.28359262 -0.20914955 -0.10492927 2.442347 -2.2537949 -2.2537949 -3.6888795 0.70710678 0.70710678 0 0
2.4 3 -0.6 0 0 0 -1.0634723 -0.95712508 -0.70898154 2.442347 -2.2537949 -2.2537949 -3.6888795 0.70710678 0.70710678 0 0
2.4 0 -0.45 0 0 0 -0.28359262 -0.20914955 -0.10492927 2.442347 -2.2537949 -2.2537949 -3.6888795 0.70710678 0.70710678 0 0
2.4 3 -0.45 0 0 0 -1.0634723 -0.95712508 -0.70898154 2.442347 -2.2537949 -2.2537949 -3.6888795 0.70710678 0.70710678 0 0
2.4 0 -0.3 0 0 0 -0.28359262 -0.20914955 -0.10492927 2.442347 -2.2537949 -2.2537949 -3.6888795 0.70710678 0.70710678 0 0
2.4 3 -0.3 0 0 0 -1.0634723 -0.95712508 -0.70898154 2.442347 -2.2537949 -2.2537949 -3.6888795 0.70710678 0.70710678 0 0
2.4 0 -0.15 0 0 0 -0.28359262 -0.20914955 -0.10492927 2.442347 -2.2537949 -2.2537949 -3.6888795 0.70710678 0.70710678 0 0
2.4 3 -0.15 0 0 0 -1.0634723 -0.95712508 -0.70898154 2.442347 -2.2537949 -2.2537949 -3.6888795 0.70710678 0.70710678 0 0
2.4 0 0 0 0 0 -0.85077785 -0.80469405 -0.74017673 2.442347 -2.2537949 -2.2537949 -3.6888795 0.70710678 0.70710678 0 0
2.4 3 0 0 0 0 -1.0634723 -0.95712508 -0.70898154 2.442347 -2.2537949 -2.2537949 -3.6888795 0.70710678 0.70710678 0 0
2.4 0 0.15 0 0 0 -0.85077785 -0.80469405 -0.74017673 2.442347 -2.2537949 -2.2537949 -3.6888795 0.70710678 0.70710678 0 0
2.4 3 0.15 0 0 0 -1.0634723 -0.95712508 -0.70898154 2.442347 -2.2537949 -2.2537949 -3.6888795 0.70710678 0.70710678 0 0
2.4 0 0.3 0 0 0 -0.85077785 -0.80469405 -0.74017673 2.442347 -2.2537949 -2.2537949 -3.6888795 0.70710678 0.70710678 0 0
2.4 3 0.3 0 0 0 -1.0634723 -0.95712508 -0.70898154 2.442347 -2.2537949 -2.2537949 -3.6888795 0.70710678 0.70710678 0 0
2.4 0 0.45 0 0 0 -0.85077785 -0.80469405 -0.74017673 2.442347 -2.2537949 -2.2537949 -3.6888795 0.70710678 0.70710678 0 0
2.4 3 0.45 0 0 0 -1.0634723 -0.95712508 -0.70898154 2.442347 -2.2537949 -2.2537949 -3.6888795 0.70710678 0.70710678 0 0
2.4 0 0.6 0 0 0 -0.85077785 -0.80469405 -0.74017673 2.442347 -2.2537949 -2.2537949 -3.6888795 0.70710678 0.70710678 0 0
2.4 3 0.6 0 0 0 -1.0634723 -0.95712508 -0.70898154 2.442347 -2.2537949 -2.2537949 -3.6888795 0.70710678 0.70710678 0 0
2.4 0 0.75 0 0 0 -0.28359262 -0.20914955 -0.10492927 2.442347 -2.2537949 -2.2537949 -3.6888795 0.70710678 0.70710678 0 0
2.4 3 0.75 0 0 0 -1.0634723 -0.95712508 -0.70898154 2.442347 -2.2537949 -2.2537949 -3.6888795 0.70710678 0.70710678 0 0
2.4 0 0.9 0 0 0 -0.28359262 -0.20914955 -0.10492927 2.442347 -2.2537949 -2.2537949 -3.6888795 0.70710678 0.70710678 0 0
2.4 3 0.9 0 0 0 -1.0634723 -0.95712508 -0.70898154 2.442347 -2.2537949 -2.2537949 -3.6888795 0.70710678 0.70710678 0 0
2.4 0 1.05 0 0 0 -0.28359262 -0.20914955 -0.10492927 2.442347 -2.2537949 -2.2537949 -3.6888795 0.70710678 0.70710678 0 0
2.4 3 1.05 0 0 0 -1.0634723 -0.95712508 -0.70898154 2.442347 -2.2537949 -2.2537949 -3.6888795 0.70710678 0.70710678 0 0
2.4 0 1.2 0 0 0 -0.28359262 -0.20914955 -0.10492927 2.442347 -2.2537949 -2.2537949 -3.6888795 0.70710678 0.70710678 0 0
2.4 3 1.2 0 0 0 -1.0634723 -0.95712508 -0.70898154 2.442347 -2.2537949 -2.2537949 -3.6888795 0.70710678 0.70710678 0 0
2.4 0 1.35 0 0 0 -0.28359262 -0.20914955 -0.10492927 2.442347 -2.2537949 -2.2537949 -3.6888795 0.70710678 0.70710678 0 0
2.4 3 1.35 0 0 0 -1.0634723 -0.95712508 -0.70898154 2.442347 -2.2537949 -2.2537949 -3.6888795 0.70710678 0.70710678 0 0
2.4 0 1.5 0 0 0 -0.85077785 -0.80469405 -0.74017673 2.442347 -2.2537949 -2.2537949 -3.6888795 0.70710678 0.70710678 0 0
2.4 3 1.5 0 0 0 -1.0634723 -0.95712508 -0.70898154 2.442347 -2.2537949 -2.2537949 -3.6888795 0.70710678 0.70710678 0 0
2.4 0 1.65 0 0 0 -0.85077785 -0.80469405 -0.74017673 2.442347 -2.2537949 -2.2537949 -3.6888795 0.70710678 0.70710678 0 0
2.4 3 1.65 0 0 0 -1.0634723 -0.95712508 -0.70898154 2.442347 -2.2537949 -2.2537949 -3.6888795 0.70710678 0.70710678 0 0
2.4 0 1.8 0 0 0 -0.85077785 -0.80469405 -0.74017673 2.442347 -2.2537949 -2.2537949 -3.6888795 0.70710678 0.70710678 0 0
2.4 3 1.8 0 0 0 -1.0634723 -0.95712508 -0.70898154 2.442347 -2.2537949 -2.2537949 -3.6888795 0.70710678 0.70710678 0 0
2.4 0 1.95 0 0 0 -0.85077785 -0.80469405 -0.74017673 2.442347 -2.2537949 -2.2537949 -3.6888795 0.70710678 0.70710678 0 0
2.4 3 1.95 0 0 0 -1.0634723 -0.95712508 -0.70898154 2.442347 -2.2537949 -2.2537949 -3.6888795 0.70710678 0.70710678 0 0
2.4 0 2.1 0 0 0 -0.85077785 -0.80469405 -0.74017673 2.442347 -2.2537949 -2.2537949 -3.6888795 0.70710678 0.70710678 0 0
2.4 3 2.1 0 0 0 -1.0634723 -0.95712508 -0.70898154 2.442347 -2.2537949 -2.2537949 -3.6888795 0.70710678 0.70710678 0 0
2.4 0 2.25 0 0 0 -0.28359262 -0.20914955 -0.10492927 2.442347 -2.2537949 -2.2537949 -3.6888795 0.70710678 0.70710678 0 0
2.4 3 2.25 0 0 0 -1.0634723 -0.95712508 -0.70898154 2.442347 -2.2537949 -2.2537949 -3.6888795 0.70710678 0.70710678 0 0
2.4 0 2.4 0 0 0 -0.28359262 -0.20914955 -0.10492927 2.442347 -2.2537949 -2.2537949 -3.6888795 0.70710678 0.70710678 0 0
2.4 3 2.4 0 0 0 -1.0634723 -0.95712508 -0.70898154 2.442347 -2.2537949 -2.2537949 -3.6888795 0.70710678 0.70710678 0 0
2.4 0 2.55 0 0 0 -0.28359262 -0.20914955 -0.10492927 2.442347 -2.2537949 -2.2537949 -3.6888795 0.70710678 0.70710678 0 0
2.4 3 2.55 0 0 0 -1.0634723 -0.95712508 -0.70898154 2.442347 -2.2537949 -2.2537949 -3.6888795 0.70710678 0.70710678 0 0
2.4 0 2.7 0 0 0 -0.28359262 -0.20914955 -0.10492927 2.442347 -2.2537949 -2.2537949 -3.6888795 0.70710678 0.70710678 0 0
2.4 3 2.7 0 0 0 -1.0634723 -0.95712508 -0.70898154 2.442347 -2.2537949 -2.2537949 -3.6888795 0.70710678 0.70710678 0 0
2.4 0 2.85 0 0 0 -0.28359262 -0.20914955 -0.10492927 2.442347 -2.2537949 -2.2537949 -3.6888795 0.70710678 0.70710678 0 0
2.4 3 2.85 0 0 0 -1.0634723 -0.95712508 -0.70898154 2.442347 -2.2537949 -2.2537949 -3.6888795 0.70710678 0.70710678 0 0
2.4 0 3 0 0 0 -0.85077785 -0.80469405 -0.74017673 2.442347 -2.2537949 -2.2537949 -3.6888795 0.70710678 0.70710678 0 0
2.4 3 3 0 0 0 -1.0634723 -0.95712508 -0.70898154 2.442347 -2.2537949 -2.2537949 -3.6888795 0.70710678 0.70710678 0 0
2.4 0 -3 0 0 0 -1.1343705 -0.77987969 -0.56718523 2.442347 -2.2537949 -2.2537949 -3.6888795 1 0 0 0
2.4 0 3 0 0 0 -0.56718523 -0.95712508 -1.1343705 2.442347 -2.2537949 -2.2537949 -3.6888795 1 0 0 0
-3 0 2.4 0 0 0 -0.88622693 -0.99257416 -0.63808339 2.442347 -2.2537949 -2.2537949 -3.6888795 0.70710678 0 0.70710678 0
3 0 2.4 0 0 0 -1.0280232 -0.70898154 -0.921676 2.442347 -2.2537949 -2.2537949 -3.6888795 0.70710678 0 0.70710678 0
2.4 0.15 -3 0 0 0 -1.1343705 -0.77987969 -0.56718523 2.442347 -2.2537949 -2.2537949 -3.6888795 1 0 0 0
2.4 0.15 3 0 0 0 -0.56718523 -0.95712508 -1.1343705 2.442347 -2.2537949 -2.2537949 -3.6888795 1 0 0 0
-3 0.15 2.4 0 0 0 -0.88622693 -0.99257416 -0.63808339 2.442347 -2.2537949 -2.2537949 -3.6888795 0.70710678 0 0.70710678 0
3 0.15 2.4 0 0 0 -1.0280232 -0.70898154 -0.921676 2.442347 -2.2537949 -2.2537949 -3.6888795 0.70710678 0 0.70710678 0
2.4 0.3 -3 0 0 0 -1.1343705 -0.77987969 -0.56718523 2.442347 -2.2537949 -2.2537949 -3.6888795 1 0 0 0
2.4 0.3 3 0 0 0 -0.56718523 -0.95712508 -1.1343705 2.442347 -2.2537949 -2.2537949 -3.6888795 1 0 0 0
-3 0.3 2.4 0 0 0 -0.88622693 -0.99257416 -0.63808339 2.442347 -2.2537949 -2.2537949 -3.6888795 0.70710678 0 0.70710678 0
3 0.3 2.4 0 0 0 -1.0280232 -0.70898154 -0.921676 2.442347 -2.2537949 -2.2537949 -3.6888795 0.70710678 0 0.70710678 0
2.4 0.45 -3 0 0 0 -1.1343705 -0.77987969 -0.56718523 2.442347 -2.2537949 -2.2537949 -3.6888795 1 0 0 0
2.4 0.45 3 0 0 0 -0.56718523 -0.95712508 -1.1343705 2.442347 -2.2537949 -2.2537949 -3.6888795 1 0 0 0
-3 0.45 2.4 0 0 0 -0.88622693 -0.99257416 -0.63808339 2.442347 -2.2537949 -2.2537949 -3.6888795 0.70710678 0 0.70710678 0
3 0.45 2.4 0 0 0 -1.0280232 -0.70898154 -0.921676 2.442347 -2.2537949 -2.2537949 -3.6888795 0.70710678 0 0.70710678 0
2.4 0.6 -3 0 0 0 -1.1343705 -0.77987969 -0.56718523 2.442347 -2.2537949 -2.2537949 -3.6888795 1 0 0 0
2.4 0.6 3 0 0 0 -0.56718523 -0.95712508 -1.1343705 2.442347 -2.2537949 -2.2537949 -3.6888795 1 0 0 0
-3 0.6 2.4 0 0 0 -0.88622693 -0.99257416 -0.63808339 2.442347 -2.2537949 -2.2537949 -3.6888795 0.70710678 0 0.70710678 0
3 0.6 2.4 0 0 0 -1.0280232 -0.70898154 -0.921676 2.442347 -2.2537949 -2.2537949 -3.6888795 0.70710678 0 0.70710678 0
2.4 0.75 -3 0 0 0 -1.1343705 -0.77987969 -0.56718523 2.442347 -2.2537949 -2.2537949 -3.6888795 1 0 0 0
2.4 0.75 3 0 0 0 -0.56718523 -0.95712508 -1.1343705 2.442347 -2.2537949 -2.2537949 -3.6888795 1 0 0 0
-3 0.75 2.4 0 0 0 -0.88622693 -0.99257416 -0.63808339 2.442347 -2.2537949 -2.2537949 -3.6888795 0.70710678 0 0.70710678 0
3 0.75 2.4 0 0 0 -1.0280232 -0.70898154 -0.921676 2.442347 -2.2537949 -2.2537949 -3.6888795 0.70710678 0 0.70710678 0
2.4 0.9 -3 0 0 0 -1.1343705 -0.77987969 -0.56718523 2.442347 -2.2537949 -2.2537949 -3.6888795 1 0 0 0
2.4 0.9 3 0 0 0 -0.56718523 -0.95712508 -1.1343705 2.442347 -2.2537949 -2.2537949 -3.6888795 1 0 0 0
-3 0.9 2.4 0 0 0 -0.88622693 -0.99257416 -0.63808339 2.442347 -2.2537949 -2.2537949 -3.6888795 0.70710678 0 0.70710678 0
3 0.9 2.4 0 0 0 -1.0280232 -0.70898154 -0.921676 2.442347 -2.2537949 -2.2537949 -3.6888795 0.70710678 0 0.70710678 0
2.4 1.05 -3 0 0 0 -1.1343705 -0.77987969 -0.56718523 2.442347 -2.2537949 -2.2537949 -3.6888795 1 0 0 0
2.4 1.05 3 0 0 0 -0.56718523 -0.95712508 -1.1343705 2.442347 -2.2537949 -2.2537949 -3.6888795 1 0 0 0
-3 1.05 2.4 0 0 0 -0.88622693 -0.99257416 -0.63808339 2.442347 -2.2537949 -2.2537949 -3.6888795 0.70710678 0 0.70710678 0
3 1.05 2.4 0 0 0 -1.0280232 -0.70898154 -0.921676 2.442347 -2.2537949 -2.2537949 -3.6888795 0.70710678 0 0.70710678 0
2.4 1.2 -3 0 0 0 -1.1343705 -0.77987969 -0.56718523 2.442347 -2.2537949 -2.2537949 -3.6888795 1 0 0 0
2.4 1.2 3 0 0 0 -0.56718523 -0.95712508 -1.1343705 2.442347 -2.2537949 -2.2537949 -3.6888795 1 0 0 0
-3 1.2 2.4 0 0 0 -0.88622693 -0.99257416 -0.63808339 2.442347 -2.2537949 -2.2537949 -3.6888795 0.70710678 0 0.70710678 0
3 1.2 2.4 0 0 0 -1.0280232 -0.70898154 -0.921676 2.442347 -2.2537949 -2.2537949 -3.6888795 0.70710678 0 0.70710678 0
2.4 1.35 -3 0 0 0 -1.1343705 -0.77987969 -0.56718523 2.442347 -2.2537949 -2.2537949 -3.6888795 1 0 0 0
2.4 1.35 3 0 0 0 -0.56718523 -0.95712508 -1.1343705 2.442347 -2.2537949 -2.2537949 -3.6888795 1 0 0 0
-3 1.35 2.4 0 0 0 -0.88622693 -0.99257416 -0.63808339 2.442347 -2.2537949 -2.2537949 -3.6888795 0.70710678 0 0.70710678 0
3 1.35 2.4 0 0 0 -1.0280232 -0.70898154 -0.921676 2.442347 -2.2537949 -2.2537949 -3.6888795 0.70710678 0 0.70710678 0
2.4 1.5 -3 0 0 0 -1.1343705 -0.77987969 -0.56718523 2.442347 -2.2537949 -2.2537949 -3.6888795 1 0 0 0
2.4 1.5 3 0 0 0 -0.56718523 -0.95712508 -1.1343705 2.442347 -2.2537949 -2.2537949 -3.6888795 1 0 0 0
-3 1.5 2.4 0 0 0 -0.88622693 -0.99257416 -0.63808339 2.442347 -2.2537949 -2.2537949 -3.6888795 0.70710678 0 0.70710678 0
3 1.5 2.4 0 0 0 -1.0280232 -0.70898154 -0.921676 2.442347 -2.2537949 -2.2537949 -3.6888795 0.70710678 0 0.70710678 0
2.4 1.65 -3 0 0 0 -1.1343705 -0.77987969 -0.56718523 2.442347 -2.2537949 -2.2537949 -3.6888795 1 0 0 0
2.4 1.65 3 0 0 0 -0.56718523 -0.95712508 -1.1343705 2.442347 -2.2537949 -2.2537949 -3.6888795 1 0 0 0
-3 1.65 2.4 0 0 0 -0.88622693 -0.99257416 -0.63808339 2.442347 -2.2537949 -2.2537949 -3.6888795 0.70710678 0 0.70710678 0
3 1.65 2.4 0 0 0 -1.0280232 -0.70898154 -0.921676 2.442347 -2.2537949 -2.2537949 -3.6888795 0.70710678 0 0.70710678 0
2.4 1.8 -3 0 0 0 -1.1343705 -0.77987969 -0.56718523 2.442347 -2.2537949 -2.2537949 -3.6888795 1 0 0 0
2.4 1.8 3 0 0 0 -0.56718523 -0.95712508 -1.1343705 2.442347 -2.2537949 -2.2537949 -3.6888795 1 0 0 0
-3 1.8 2.4 0 0 0 -0.88622693 -0.99257416 -0.63808339 2.442347 -2.2537949 -2.2537949 -3.6888795 0.70710678 0 0.70710678 0
3 1.8 2.4 0 0 0 -1.0280232 -0.70898154 -0.921676 2.442347 -2.2537949 -2.2537949 -3.6888795 0.70710678 0 0.70710678 0
2.4 1.95 -3 0 0 0 -1.1343705 -0.77987969 -0.56718523 2.442347 -2.2537949 -2.2537949 -3.6888795 1 0 0 0
2.4 1.95 3 0 0 0 -0.56718523 -0.95712508 -1.1343705 2.442347 -2.2537949 -2.2537949 -3.6888795 1 0 0 0
-3 1.95 2.4 0 0 0 -0.88622693 -0.99257416 -0.63808339 2.442347 -2.2537949 -2.2537949 -3.6888795 0.70710678 0 0.70710678 0
3 1.95 2.4 0 0 0 -1.0280232 -0.70898154 -0.921676 2.442347 -2.2537949 -2.2537949 -3.6888795 0.70710678 0 0.70710678 0
2.4 2.1 -3 0 0 0 -1.1343705 -0.77987969 -0.56718523 2.442347 -2.2537949 -2.2537949 -3.6888795 1 0 0 0
2.4 2.1 3 0 0 0 -0.56718523 -0.95712508 -1.1343705 2.442347 -2.2537949 -2.2537949 -3.6888795 1 0 0 0
-3 2.1 2.4 0 0 0 -0.88622693 -0.99257416 -0.63808339 2.442347 -2.2537949 -2.2537949 -3.6888795 0.70710678 0 0.70710678 0
3 2.1 2.4 0 0 0 -1.0280232 -0.70898154 -0.921676 2.442347 -2.2537949 -2.2537949 -3.6888795 0.70710678 0 0.70710678 0
2.4 2.25 -3 0 0 0 -1.1343705 -0.77987969 -0.56718523 2.442347 -2.2537949 -2.2537949 -3.6888795 1 0 0 0
2.4 2.25 3 0 0 0 -0.56718523 -0.95712508 -1.1343705 2.442347 -2.2537949 -2.2537949 -3.6888795 1 0 0 0
-3 2.25 2.4 0 0 0 -0.88622693 -0.99257416 -0.63808339 2.442347 -2.2537949 -2.2537949 -3.6888795 0.70710678 0 0.70710678 0
3 2.25 2.4 0 0 0 -1.0280232 -0.70898154 -0.921676 2.442347 -2.2537949 -2.2537949 -3.6888795 0.70710678 0 0.70710678 0
2.4 2.4 -3 0 0 0 -1.1343705 -0.77987969 -0.56718523 2.442347 -2.2537949 -2.2537949 -3.6888795 1 0 0 0
2.4 2.4 3 0 0 0 -0.56718523 -0.95712508 -1.1343705 2.442347 -2.2537949 -2.2537949 -3.6888795 1 0 0 0
-3 2.4 2.4 0 0 0 -0.88622693 -0.99257416 -0.63808339 2.442347 -2.2537949 -2.2537949 -3.6888795 0.70710678 0 0.70710678 0
3 2.4 2.4 0 0 0 -1.0280232 -0.70898154 -0.921676 2.442347 -2.2537949 -2.2537949 -3.6888795 0.70710678 0 0.70710678 0
2.4 2.55 -3 0 0 0 -1.1343705 -0.77987969 -0.56718523 2.442347 -2.2537949 -2.2537949 -3.6888795 1 0 0 0
2.4 2.55 3 0 0 0 -0.56718523 -0.95712508 -1.1343705 2.442347 -2.2537949 -2.2537949 -3.6888795 1 0 0 0
-3 2.55 2.4 0 0 0 -0.88622693 -0.99257416 -0.63808339 2.442347 -2.2537949 -2.2537949 -3.6888795 0.70710678 0 0.70710678 0
3 2.55 2.4 0 0 0 -1.0280232 -0.70898154 -0.921676 2.442347 -2.2537949 -2.2537949 -3.6888795 0.70710678 0 0.70710678 0
2.4 2.7 -3 0 0 0 -1.1343705 -0.77987969 -0.56718523 2.442347 -2.2537949 -2.2537949 -3.6888795 1 0 0 0
2.4 2.7 3 0 0 0 -0.56718523 -0.95712508 -1.1343705 2.442347 -2.2537949 -2.2537949 -3.6888795 1 0 0 0
-3 2.7 2.4 0 0 0 -0.88622693 -0.99257416 -0.63808339 2.442347 -2.2537949 -2.2537949 -3.6888795 0.70710678 0 0.70710678 0
3 2.7 2.4 0 0 0 -1.0280232 -0.70898154 -0.921676 2.442347 -2.2537949 -2.2537949 -3.6888795 0.70710678 0 0.70710678 0
2.4 2.85 -3 0 0 0 -1.1343705 -0.77987969 -0.56718523 2.442347 -2.2537949 -2.2537949 -3.6888795 1 0 0 0
2.4 2.85 3 0 0 0 -0.56718523 -0.95712508 -1.1343705 2.442347 -2.2537949 -2.2537949 -3.6888795 1 0 0 0
-3 2.85 2.4 0 0 0 -0.88622693 -0.99257416 -0.63808339 2.442347 -2.2537949 -2.2537949 -3.6888795 0.70710678 0 0.70710678 0
3 2.85 2.4 0 0 0 -1.0280232 -0.70898154 -0.921676 2.442347 -2.2537949 -2.2537949 -3.6888795 0.70710678 0 0.70710678 0
2.4 3 -3 0 0 0 -1.1343705 -0.77987969 -0.56718523 2.442347 -2.2537949 -2.2537949 -3.6888795 1 0 0 0
2.4 3 3 0 0 0 -0.56718523 -0.95712508 -1.1343705 2.442347 -2.2537949 -2.2537949 -3.6888795 1 0 0 0
-3 3 2.4 0 0 0 -0.88622693 -0.99257416 -0.63808339 2.442347 -2.2537949 -2.2537949 -3.6888795 0.70710678 0 0.70710678 0
3 3 2.4 0 0 0 -1.0280232 -0.70898154 -0.921676 2.442347 -2.2537949 -2.2537949 -3.6888795 0.70710678 0 0.70710678 0
2.55 0 -3 0 0 0 -0.85077785 -0.80469405 -0.74017673 2.442347 -2.2537949 -2.2537949 -3.6888795 0.70710678 0.70710678 0 0
2.55 3 -3 0 0 0 -1.0634723 -0.95712508 -0.70898154 2.442347 -2.2537949 -2.2537949 -3.6888795 0.70710678 0.70710678 0 0
2.55 0 -2.85 0 0 0 -0.85077785 -0.80469405 -0.74017673 2.442347 -2.2537949 -2.2537949 -3.6888795 0.70710678 0.70710678 0 0
2.55 3 -2.85 0 0 0 -1.0634723 -0.95712508 -0.70898154 2.442347 -2.2537949 -2.2537949 -3.6888795 0.70710678 0.70710678 0 0
2.55 0 -2.7 0 0 0 -0.85077785 -0.80469405 -0.74017673 2.442347 -2.2537949 -2.2537949 -3.6888795 0.70710678 0.70710678 0 0
2.55 3 -2.7 0 0 0 -1.0634723 -0.95712508 -0.70898154 2.442347 -2.2537949 -2.2537949 -3.6888795 0.70710678 0.70710678 0 0
2.55 0 -2.55 0 0 0 -0.85077785 -0.80469405 -0.74017673 2.442347 -2.2537949 -2.2537949 -3.6888795 0.70710678 0.70710678 0 0
2.55 3 -2.55 0 0 0 -1.0634723 -0.95712508 -0.70898154 2.442347 -2.2537949 -2.2537949 -3.6888795 0.70710678 0.70710678 0 0
2.55 0 -2.4 0 0 0 -0.85077785 -0.80469405 -0.74017673 2.442347 -2.2537949 -2.2537949 -3.6888795 0.70710678 0.70710678 0 0
2.55 3 -2.4 0 0 0 -1.0634723 -0.95712508 -0.70898154 2.442347 -2.2537949 -2.2537949 -3.6888795 0.70710678 0.70710678 0 0
2.55 0 -2.25 0 0 0 -0.28359262 -0.20914955 -0.10492927 2.442347 -2.2537949 -2.2537949 -3.6888795 0.70710678 0.70710678 0 0
2.55 3 -2.25 0 0 0 -1.0634723 -0.95712508 -0.70898154 2.442347 -2.2537949 -2.2537949 -3.6888795 0.70710678 0.70710678 0 0
2.55 0 -2.1 0 0 0 -0.28359262 -0.20914955 -0.10492927 2.442347 -2.2537949 -2.2537949 -3.6888795 0.70710678 0.70710678 0 0
2.55 3 -2.1 0 0 0 -1.0634723 -0.95712508 -0.70898154 2.442347 -2.2537949 -2.2537949 -3.6888795 0.70710678 0.70710678 0 0
2.55 0 -1.95 0 0 0 -0.28359262 -0.20914955 -0.10492927 2.442347 -2.2537949 -2.2537949 -3.6888795 0.70710678 0.70710678 0 0
2.55 3 -1.95 0 0 0 -1.0634723 -0.95712508 -0.70898154 2.442347 -2.2537949 -2.2537949 -3.6888795 0.70710678 0.70710678 0 0
2.55 0 -1.8 0 0 0 -0.28359262 -0.20914955 -0.10492927 2.442347 -2.2537949 -2.2537949 -3.6888795 0.70710678 0.70710678 0 0
2.55 3 -1.8 0 0 0 -1.0634723 -0.95712508 -0.70898154 2.442347 -2.2537949 -2.2537949 -3.6888795 0.70710678 0.70710678 0 0
2.55 0 -1.65 0 0 0 -0.28359262 -0.20914955 -0.10492927 2.442347 -2.2537949 -2.2537949 -3.6888795 0.70710678 0.70710678 0 0
2.55 3 -1.65 0 0 0 -1.0634723 -0.95712508 -0.70898154 2.442347 -2.2537949 -2.2537949 -3.6888795 0.70710678 0.70710678 0 0
2.55 0 -1.5 0 0 0 -0.85077785 -0.80469405 -0.74017673 2.442347 -2.2537949 -2.2537949 -3.6888795 0.70710678 0.70710678 0 0
2.55 3 -1.5 0 0 0 -1.0634723 -0.95712508 -0.70898154 2.442347 -2.2537949 -2.2537949 -3.6888795 0.70710678 0.70710678 0 0
2.55 0 -1.35 0 0 0 -0.85077785 -0.80469405 -0.74017673 2.442347 -2.2537949 -2.2537949 -3.6888795 0.70710678 0.70710678 0 0
2.55 3 -1.35 0 0 0 -1.0634723 -0.95712508 -0.70898154 2.442347 -2.2537949 -2.2537949 -3.6888795 0.70710678 0.70710678 0 0
2.55 0 -1.2 0 0 0 -0.85077785 -0.80469405 -0.74017673 2.442347 -2.2537949 -2.2537949 -3.6888795 0.70710678 0.70710678 0 0
2.55 3 -1.2 0 0 0 -1.0634723 -0.95712508 -0.70898154 2.442347 -2.2537949 -2.2537949 -3.6888795 0.70710678 0.70710678 0 0
2.55 0 -1.05 0 0 0 -0.85077785 -0.80469405 -0.74017673 2.442347 -2.2537949 -2.2537949 -3.6888795 0.70710678 0.70710678 0 0
2.55 3 -1.05 0 0 0 -1.0634723 -0.95712508 -0.70898154 2.442347 -2.2537949 -2.2537949 -3.6888795 0.70710678 0.70710678 0 0
2.55 0 -0.9 0 0 0 -0.85077785 -0.80469405 -0.74017673 2.442347 -2.2537949 -2.2537949 -3.6888795 0.70710678 0.70710678 0 0
2.55 3 -0.9 0 0 0 -1.0634723 -0.95712508 -0.70898154 2.442347 -2.2537949 -2.2537949 -3.6888795 0.70710678 0.70710678 0 0
2.55 0 -0.75 0 0 0 -0.28359262 -0.20914955 -0.10492927 2.442347 -2.2537949 -2.2537949 -3.6888795 0.70710678 0.70710678 0 0
2.55 3 -0.75 0 0 0 -1.0634723 -0.95712508 -0.70898154 2.442347 -2.2537949 -2.2537949 -3.6888795 0.70710678 0.70710678 0 0
2.55 0 -0.6 0 0 0 -0.28359262 -0.20914955 -0.10492927 2.442347 -2.2537949 -2.2537949 -3.6888795 0.70710678 0.70710678 0 0
2.55 3 -0.6 0 0 0 -1.0634723 -0.95712508 -0.70898154 2.442347 -2.2537949 -2.2537949 -3.6888795 0.70710678 0.70710678 0 0
2.55 0 -0.45 0 0 0 -0.28359262 -0.20914955 -0.10492927 2.442347 -2.2537949 -2.2537949 -3.6888795 0.70710678 0.70710678 0 0
2.55 3 -0.45 0 0 0 -1.0634723 -0.95712508 -0.70898154 2.442347 -2.2537949 -2.2537949 -3.6888795 0.70710678 0.70710678 0 0
2.55 0 -0.3 0 0 0 -0.28359262 -0.20914955 -0.10492927 2.442347 -2.2537949 -2.2537949 -3.6888795 0.70710678 0.70710678 0 0
2.55 3 -0.3 0 0 0 -1.0634723 -0.95712508 -0.70898154 2.442347 -2.2537949 -2.2537949 -3.6888795 0.70710678 0.70710678 0 0
2.55 0 -0.15 0 0 0 -0.28359262 -0.20914955 -0.10492927 2.442347 -2.2537949 -2.2537949 -3.6888795 0.70710678 0.70710678 0 0
2.55 3 -0.15 0 0 0 -1.0634723 -0.95712508 -0.70898154 2.442347 -2.2537949 -2.2537949 -3.6888795 0.70710678 0.70710678 0 0
2.55 0 0 0 0 0 -0.85077785 -0.80469405 -0.74017673 2.442347 -2.2537949 -2.2537949 -3.6888795 0.70710678 0.70710678 0 0
2.55 3 0 0 0 0 -1.0634723 -0.95712508 -0.70898154 2.442347 -2.2537949 -2.2537949 -3.6888795 0.70710678 0.70710678 0 0
2.55 0 0.15 0 0 0 -0.85077785 -0.80469405 -0.74017673 2.442347 -2.2537949 -2.2537949 -3.6888795 0.70710678 0.70710678 0 0
2.55 3 0.15 0 0 0 -1.0634723 -0.95712508 -0.70898154 2.442347 -2.2537949 -2.2537949 -3.6888795 0.70710678 0.70710678 0 0
2.55 0 0.3 0 0 0 -0.85077785 -0.80469405 -0.74017673 2.442347 -2.2537949 -2.2537949 -3.6888795 0.70710678 0.70710678 0 0
2.55 3 0.3 0 0 0 -1.0634723 -0.95712508 -0.70898154 2.442347 -2.2537949 -2.2537949 -3.6888795 0.70710678 0.70710678 0 0
2.55 0 0.45 0 0 0 -0.85077785 -0.80469405 -0.74017673 2.442347 -2.2537949 -2.2537949 -3.6888795 0.70710678 0.70710678 0 0
2.55 3 0.45 0 0 0 -1.0634723 -0.95712508 -0.70898154 2.442347 -2.2537949 -2.2537949 -3.6888795 0.70710678 0.70710678 0 0
2.55 0 0.6 0 0 0 -0.85077785 -0.80469405 -0.74017673 2.442347 -2.2537949 -2.2537949 -3.6888795 0.70710678 0.70710678 0 0
2.55 3 0.6 0 0 0 -1.0634723 -0.95712508 -0.70898154 2.442347 -2.2537949 -2.2537949 -3.6888795 0.70710678 0.70710678 0 0
2.55 0 0.75 0 0 0 -0.28359262 -0.20914955 -0.10492927 2.442347 -2.2537949 -2.2537949 -3.6888795 0.70710678 0.70710678 0 0
2.55 3 0.75 0 0 0 -1.0634723 -0.95712508 -0.70898154 2.442347 -2.2537949 -2.2537949 -3.6888795 0.70710678 0.70710678 0 0
2.55 0 0.9 0 0 0 -0.28359262 -0.20914955 -0.10492927 2.442347 -2.2537949 -2.2537949 -3.6888795 0.70710678 0.70710678 0 0
2.55 3 0.9 0 0 0 -1.0634723 -0.95712508 -0.70898154 2.442347 -2.2537949 -2.2537949 -3.6888795 0.70710678 0.70710678 0 0
2.55 0 1.05 0 0 0 -0.28359262 -0.20914955 -0.10492927 2.442347 -2.2537949 -2.2537949 -3.6888795 0.70710678 0.70710678 0 0
2.55 3 1.05 0 0 0 -1.0634723 -0.95712508 -0.70898154 2.442347 -2.2537949 -2.2537949 -3.6888795 0.70710678 0.70710678 0 0
2.55 0 1.2 0 0 0 -0.28359262 -0.20914955 -0.10492927 2.442347 -2.2537949 -2.2537949 -3.6888795 0.70710678 0.70710678 0 0
2.55 3 1.2 0 0 0 -1.0634723 -0.95712508 -0.70898154 2.442347 -2.2537949 -2.2537949 -3.6888795 0.70710678 0.70710678 0 0
2.55 0 1.35 0 0 0 -0.28359262 -0.20914955 -0.10492927 2.442347 -2.2537949 -2.2537949 -3.6888795 0.70710678 0.70710678 0 0
2.55 3 1.35 0 0 0 -1.0634723 -0.95712508 -0.70898154 2.442347 -2.2537949 -2.2537949 -3.6888795 0.70710678 0.70710678 0 0
2.55 0 1.5 0 0 0 -0.85077785 -0.80469405 -0.74017673 2.442347 -2.2537949 -2.2537949 -3.6888795 0.70710678 0.70710678 0 0
2.55 3 1.5 0 0 0 -1.0634723 -0.95712508 -0.70898154 2.442347 -2.2537949 -2.2537949 -3.6888795 0.70710678 0.70710678 0 0
2.55 0 1.65 0 0 0 -0.85077785 -0.80469405 -0.74017673 2.442347 -2.2537949 -2.2537949 -3.6888795 0.70710678 0.70710678 0 0
2.55 3 1.65 0 0 0 -1.0634723 -0.95712508 -0.70898154 2.442347 -2.2537949 -2.2537949 -3.6888795 0.70710678 0.70710678 0 0
2.55 0 1.8 0 0 0 -0.85077785 -0.80469405 -0.74017673 2.442347 -2.2537949 -2.2537949 -3.6888795 0.70710678 0.70710678 0 0
2.55 3 1.8 0 0 0 -1.0634723 -0.95712508 -0.70898154 2.442347 -2.2537949 -2.2537949 -3.6888795 0.70710678 0.70710678 0 0
2.55 0 1.95 0 0 0 -0.85077785 -0.80469405 -0.74017673 2.442347 -2.2537949 -2.2537949 -3.6888795 0.70710678 0.70710678 0 0
2.55 3 1.95 0 0 0 -1.0634723 -0.95712508 -0.70898154 2.442347 -2.2537949 -2.2537949 -3.6888795 0.70710678 0.70710678 0 0
2.55 0 2.1 0 0 0 -0.85077785 -0.80469405 -0.74017673 2.442347 -2.2537949 -2.2537949 -3.6888795 0.70710678 0.70710678 0 0
2.55 3 2.1 0 0 0 -1.0634723 -0.95712508 -0.70898154 2.442347 -2.2537949 -2.2537949 -3.6888795 0.70710678 0.70710678 0 0
2.55 0 2.25 0 0 0 -0.28359262 -0.20914955 -0.10492927 2.442347 -2.2537949 -2.2537949 -3.6888795 0.70710678 0.70710678 0 0
2.55 3 2.25 0 0 0 -1.0634723 -0.95712508 -0.70898154 2.442347 -2.2537949 -2.2537949 -3.6888795 0.70710678 0.70710678 0 0
2.55 0 2.4 0 0 0 -0.28359262 -0.20914955 -0.10492927 2.442347 -2.2537949 -2.2537949 -3.6888795 0.70710678 0.70710678 0 0
2.55 3 2.4 0 0 0 -1.0634723 -0.95712508 -0.70898154 2.442347 -2.2537949 -2.2537949 -3.6888795 0.70710678 0.70710678 0 0
2.55 0 2.55 0 0 0 -0.28359262 -0.20914955 -0.10492927 2.442347 -2.2537949 -2.2537949 -3.6888795 0.70710678 0.70710678 0 0
2.55 3 2.55 0 0 0 -1.0634723 -0.95712508 -0.70898154 2.442347 -2.2537949 -2.2537949 -3.6888795 0.70710678 0.70710678 0 0
2.55 0 2.7 0 0 0 -0.28359262 -0.20914955 -0.10492927 2.442347 -2.2537949 -2.2537949 -3.6888795 0.70710678 0.70710678 0 0
2.55 3 2.7 0 0 0 -1.0634723 -0.95712508 -0.70898154 2.442347 -2.2537949 -2.2537949 -3.6888795 0.70710678 0.70710678 0 0
2.55 0 2.85 0 0 0 -0.28359262 -0.20914955 -0.10492927 2.442347 -2.2537949 -2.2537949 -3.6888795 0.70710678 0.70710678 0 0
2.55 3 2.85 0 0 0 -1.0634723 -0.95712508 -0.70898154 2.442347 -2.2537949 -2.2537949 -3.6888795 0.70710678 0.70710678 0 0
2.55 0 3 0 0 0 -0.85077785 -0.80469405 -0.74017673 2.442347 -2.2537949 -2.2537949 -3.6888795 0.70710678 0.70710678 0 0
2.55 3 3 0 0 0 -1.0634723 -0.95712508 -0.70898154 2.442347 -2.2537949 -2.2537949 -3.6888795 0.70710678 0.70710678 0 0
2.55 0 -3 0 0 0 -1.1343705 -0.77987969 -0.56718523 2.442347 -2.2537949 -2.2537949 -3.6888795 1 0 0 0
2.55 0 3 0 0 0 -0.56718523 -0.95712508 -1.1343705 2.442347 -2.2537949 -2.2537949 -3.6888795 1 0 0 0
-3 0 2.55 0 0 0 -0.88622693 -0.99257416 -0.63808339 2.442347 -2.2537949 -2.2537949 -3.6888795 0.70710678 0 0.70710678 0
3 0 2.55 0 0 0 -1.0280232 -0.70898154 -0.921676 2.442347 -2.2537949 -2.2537949 -3.6888795 0.70710678 0 0.70710678 0
2.55 0.15 -3 0 0 0 -1.1343705 -0.77987969 -0.56718523 2.442347 -2.2537949 -2.2537949 -3.6888795 1 0 0 0
2.55 0.15 3 0 0 0 -0.56718523 -0.95712508 -1.1343705 2.442347 -2.2537949 -2.2537949 -3.6888795 1 0 0 0
-3 0.15 2.55 0 0 0 -0.88622693 -0.99257416 -0.63808339 2.442347 -2.2537949 -2.2537949 -3.6888795 0.70710678 0 0.70710678 0
3 0.15 2.55 0 0 0 -1.0280232 -0.70898154 -0.921676 2.442347 -2.2537949 -2.2537949 -3.6888795 0.70710678 0 0.70710678 0
2.55 0.3 -3 0 0 0 -1.1343705 -0.77987969 -0.56718523 2.442347 -2.2537949 -2.2537949 -3.6888795 1 0 0 0
2.55 0.3 3 0 0 0 -0.56718523 -0.95712508 -1.1343705 2.442347 -2.2537949 -2.2537949 -3.6888795 1 0 0 0
-3 0.3 2.55 0 0 0 -0.88622693 -0.99257416 -0.63808339 2.442347 -2.2537949 -2.2537949 -3.6888795 0.70710678 0 0.70710678 0
3 0.3 2.55 0 0 0 -1.0280232 -0.70898154 -0.921676 2.442347 -2.2537949 -2.2537949 -3.6888795 0.70710678 0 0.70710678 0
2.55 0.45 -3 0 0 0 -1.1343705 -0.77987969 -0.56718523 2.442347 -2.2537949 -2.2537949 -3.6888795 1 0 0 0
2.55 0.45 3 0 0 0 -0.56718523 -0.95712508 -1.1343705 2.442347 -2.2537949 -2.2537949 -3.6888795 1 0 0 0
-3 0.45 2.55 0 0 0 -0.88622693 -0.99257416 -0.63808339 2.442347 -2.2537949 -2.2537949 -3.6888795 0.70710678 0 0.70710678 0
3 0.45 2.55 0 0 0 -1.0280232 -0.70898154 -0.921676 2.442347 -2.2537949 -2.2537949 -3.6888795 0.70710678 0 0.70710678 0
2.55 0.6 -3 0 0 0 -1.1343705 -0.77987969 -0.56718523 2.442347 -2.2537949 -2.2537949 -3.6888795 1 0 0 0
2.55 0.6 3 0 0 0 -0.56718523 -0.95712508 -1.1343705 2.442347 -2.2537949 -2.2537949 -3.6888795 1 0 0 0
-3 0.6 2.55 0 0 0 -0.88622693 -0.99257416 -0.63808339 2.442347 -2.2537949 -2.2537949 -3.6888795 0.70710678 0 0.70710678 0
3 0.6 2.55 0 0 0 -1.0280232 -0.70898154 -0.921676 2.442347 -2.2537949 -2.2537949 -3.6888795 0.70710678 0 0.70710678 0
2.55 0.75 -3 0 0 0 -1.1343705 -0.77987969 -0.56718523 2.442347 -2.2537949 -2.2537949 -3.6888795 1 0 0 0
2.55 0.75 3 0 0 0 -0.56718523 -0.95712508 -1.1343705 2.442347 -2.2537949 -2.2537949 -3.6888795 1 0 0 0
-3 0.75 2.55 0 0 0 -0.88622693 -0.99257416 -0.63808339 2.442347 -2.2537949 -2.2537949 -3.6888795 0.70710678 0 0.70710678 0
3 0.75 2.55 0 0 0 -1.0280232 -0.70898154 -0.921676 2.442347 -2.2537949 -2.2537949 -3.6888795 0.70710678 0 0.70710678 0
2.55 0.9 -3 0 0 0 -1.1343705 -0.77987969 -0.56718523 2.442347 -2.2537949 -2.2537949 -3.6888795 1 0 0 0
2.55 0.9 3 0 0 0 -0.56718523 -0.95712508 -1.1343705 2.442347 -2.2537949 -2.2537949 -3.6888795 1 0 0 0
-3 0.9 2.55 0 0 0 -0.88622693 -0.99257416 -0.63808339 2.442347 -2.2537949 -2.2537949 -3.6888795 0.70710678 0 0.70710678 0
3 0.9 2.55 0 0 0 -1.0280232 -0.70898154 -0.921676 2.442347 -2.2537949 -2.2537949 -3.6888795 0.70710678 0 0.70710678 0
2.55 1.05 -3 0 0 0 -1.1343705 -0.77987969 -0.56718523 2.442347 -2.2537949 -2.2537949 -3.6888795 1 0 0 0
2.55 1.05 3 0 0 0 -0.56718523 -0.95712508 -1.1343705 2.442347 -2.2537949 -2.2537949 -3.6888795 1 0 0 0
-3 1.05 2.55 0 0 0 -0.88622693 -0.99257416 -0.63808339 2.442347 -2.2537949 -2.2537949 -3.6888795 0.70710678 0 0.70710678 0
3 1.05 2.55 0 0 0 -1.0280232 -0.70898154 -0.921676 2.442347 -2.2537949 -2.2537949 -3.6888795 0.70710678 0 0.70710678 0
2.55 1.2 -3 0 0 0 -1.1343705 -0.77987969 -0.56718523 2.442347 -2.2537949 -2.2537949 -3.6888795 1 0 0 0
2.55 1.2 3 0 0 0 -0.56718523 -0.95712508 -1.1343705 2.442347 -2.2537949 -2.2537949 -3.6888795 1 0 0 0
-3 1.2 2.55 0 0 0 -0.88622693 -0.99257416 -0.63808339 2.442347 -2.2537949 -2.2537949 -3.6888795 0.70710678 0 0.70710678 0
3 1.2 2.55 0 0 0 -1.0280232 -0.70898154 -0.921676 2.442347 -2.2537949 -2.2537949 -3.6888795 0.70710678 0 0.70710678 0
2.55 1.35 -3 0 0 0 -1.1343705 -0.77987969 -0.56718523 2.442347 -2.2537949 -2.2537949 -3.6888795 1 0 0 0
2.55 1.35 3 0 0 0 -0.56718523 -0.95712508 -1.1343705 2.442347 -2.2537949 -2.2537949 -3.6888795 1 0 0 0
-3 1.35 2.55 0 0 0 -0.88622693 -0.99257416 -0.63808339 2.442347 -2.2537949 -2.2537949 -3.6888795 0.70710678 0 0.70710678 0
3 1.35 2.55 0 0 0 -1.0280232 -0.70898154 -0.921676 2.442347 -2.2537949 -2.2537949 -3.6888795 0.70710678 0 0.70710678 0
2.55 1.5 -3 0 0 0 -1.1343705 -0.77987969 -0.56718523 2.442347 -2.2537949 -2.2537949 -3.6888795 1 0 0 0
2.55 1.5 3 0 0 0 -0.56718523 -0.95712508 -1.1343705 2.442347 -2.2537949 -2.2537949 -3.6888795 1 0 0 0
-3 1.5 2.55 0 0 0 -0.88622693 -0.99257416 -0.63808339 2.442347 -2.2537949 -2.2537949 -3.6888795 0.70710678 0 0.70710678 0
3 1.5 2.55 0 0 0 -1.0280232 -0.70898154 -0.921676 2.442347 -2.2537949 -2.2537949 -3.6888795 0.70710678 0 0.70710678 0
2.55 1.65 -3 0 0 0 -1.1343705 -0.77987969 -0.56718523 2.442347 -2.2537949 -2.2537949 -3.6888795 1 0 0 0
2.55 1.65 3 0 0 0 -0.56718523 -0.95712508 -1.1343705 2.442347 -2.2537949 -2.2537949 -3.6888795 1 0 0 0
-3 1.65 2.55 0 0 0 -0.88622693 -0.99257416 -0.63808339 2.442347 -2.2537949 -2.2537949 -3.6888795 0.70710678 0 0.70710678 0
3 1.65 2.55 0 0 0 -1.0280232 -0.70898154 -0.921676 2.442347 -2.2537949 -2.2537949 -3.6888795 0.70710678 0 0.70710678 0
2.55 1.8 -3 0 0 0 -1.1343705 -0.77987969 -0.56718523 2.442347 -2.2537949 -2.2537949 -3.6888795 1 0 0 0
2.55 1.8 3 0 0 0 -0.56718523 -0.95712508 -1.1343705 2.442347 -2.2537949 -2.2537949 -3.6888795 1 0 0 0
-3 1.8 2.55 0 0 0 -0.88622693 -0.99257416 -0.63808339 2.442347 -2.2537949 -2.2537949 -3.6888795 0.70710678 0 0.70710678 0
3 1.8 2.55 0 0 0 -1.0280232 -0.70898154 -0.921676 2.442347 -2.2537949 -2.2537949 -3.6888795 0.70710678 0 0.70710678 0
2.55 1.95 -3 0 0 0 -1.1343705 -0.77987969 -0.56718523 2.442347 -2.2537949 -2.2537949 -3.6888795 1 0 0 0
2.55 1.95 3 0 0 0 -0.56718523 -0.95712508 -1.1343705 2.442347 -2.2537949 -2.2537949 -3.6888795 1 0 0 0
-3 1.95 2.55 0 0 0 -0.88622693 -0.99257416 -0.63808339 2.442347 -2.2537949 -2.2537949 -3.6888795 0.70710678 0 0.70710678 0
3 1.95 2.55 0 0 0 -1.0280232 -0.70898154 -0.921676 2.442347 -2.2537949 -2.2537949 -3.6888795 0.70710678 0 0.70710678 0
2.55 2.1 -3 0 0 0 -1.1343705 -0.77987969 -0.56718523 2.442347 -2.2537949 -2.2537949 -3.6888795 1 0 0 0
2.55 2.1 3 0 0 0 -0.56718523 -0.95712508 -1.1343705 2.442347 -2.2537949 -2.2537949 -3.6888795 1 0 0 0
-3 2.1 2.55 0 0 0 -0.88622693 -0.99257416 -0.63808339 2.442347 -2.2537949 -2.2537949 -3.6888795 0.70710678 0 0.70710678 0
3 2.1 2.55 0 0 0 -1.0280232 -0.70898154 -0.921676 2.442347 -2.2537949 -2.2537949 -3.6888795 0.70710678 0 0.70710678 0
2.55 2.25 -3 0 0 0 -1.1343705 -0.77987969 -0.56718523 2.442347 -2.2537949 -2.2537949 -3.6888795 1 0 0 0
2.55 2.25 3 0 0 0 -0.56718523 -0.95712508 -1.1343705 2.442347 -2.2537949 -2.2537949 -3.6888795 1 0 0 0
-3 2.25 2.55 0 0 0 -0.88622693 -0.99257416 -0.63808339 2.442347 -2.2537949 -2.2537949 -3.6888795 0.70710678 0 0.70710678 0
3 2.25 2.55 0 0 0 -1.0280232 -0.70898154 -0.921676 2.442347 -2.2537949 -2.2537949 -3.6888795 0.70710678 0 0.70710678 0
2.55 2.4 -3 0 0 0 -1.1343705 -0.77987969 -0.56718523 2.442347 -2.2537949 -2.2537949 -3.6888795 1 0 0 0
2.55 2.4 3 0 0 0 -0.56718523 -0.95712508 -1.1343705 2.442347 -2.2537949 -2.2537949 -3.6888795 1 0 0 0
-3 2.4 2.55 0 0 0 -0.88622693 -0.99257416 -0.63808339 2.442347 -2.2537949 -2.2537949 -3.6888795 0.70710678 0 0.70710678 0
3 2.4 2.55 0 0 0 -1.0280232 -0.70898154 -0.921676 2.442347 -2.2537949 -2.2537949 -3.6888795 0.70710678 0 0.70710678 0
2.55 2.55 -3 0 0 0 -1.1343705 -0.77987969 -0.56718523 2.442347 -2.2537949 -2.2537949 -3.6888795 1 0 0 0
2.55 2.55 3 0 0 0 -0.56718523 -0.95712508 -1.1343705 2.442347 -2.2537949 -2.2537949 -3.6888795 1 0 0 0
-3 2.55 2.55 0 0 0 -0.88622693 -0.99257416 -0.63808339 2.442347 -2.2537949 -2.2537949 -3.6888795 0.70710678 0 0.70710678 0
3 2.55 2.55 0 0 0 -1.0280232 -0.70898154 -0.921676 2.442347 -2.2537949 -2.2537949 -3.6888795 0.70710678 0 0.70710678 0
2.55 2.7 -3 0 0 0 -1.1343705 -0.77987969 -0.56718523 2.442347 -2.2537949 -2.2537949 -3.6888795 1 0 0 0
2.55 2.7 3 0 0 0 -0.56718523 -0.95712508 -1.1343705 2.442347 -2.2537949 -2.2537949 -3.6888795 1 0 0 0
-3 2.7 2.55 0 0 0 -0.88622693 -0.99257416 -0.63808339 2.442347 -2.2537949 -2.2537949 -3.6888795 0.70710678 0 0.70710678 0
3 2.7 2.55 0 0 0 -1.0280232 -0.70898154 -0.921676 2.442347 -2.2537949 -2.2537949 -3.6888795 0.70710678 0 0.70710678 0
2.55 2.85 -3 0 0 0 -1.1343705 -0.77987969 -0.56718523 2.442347 -2.2537949 -2.2537949 -3.6888795 1 0 0 0
2.55 2.85 3 0 0 0 -0.56718523 -0.95712508 -1.1343705 2.442347 -2.2537949 -2.2537949 -3.6888795 1 0 0 0
-3 2.85 2.55 0 0 0 -0.88622693 -0.99257416 -0.63808339 2.442347 -2.2537949 -2.2537949 -3.6888795 0.70710678 0 0.70710678 0
3 2.85 2.55 0 0 0 -1.0280232 -0.70898154 -0.921676 2.442347 -2.2537949 -2.2537949 -3.6888795 0.70710678 0 0.70710678 0
2.55 3 -3 0 0 0 -1.1343705 -0.77987969 -0.56718523 2.442347 -2.2537949 -2.2537949 -3.6888795 1 0 0 0
2.55 3 3 0 0 0 -0.56718523 -0.95712508 -1.1343705 2.442347 -2.2537949 -2.2537949 -3.6888795 1 0 0 0
-3 3 2.55 0 0 0 -0.88622693 -0.99257416 -0.63808339 2.442347 -2.2537949 -2.2537949 -3.6888795 0.70710678 0 0.70710678 0
3 3 2.55 0 0 0 -1.0280232 -0.70898154 -0.921676 2.442347 -2.2537949 -2.2537949 -3.6888795 0.70710678 0 0.70710678 0
2.7 0 -3 0 0 0 -0.85077785 -0.80469405 -0.74017673 2.442347 -2.2537949 -2.2537949 -3.6888795 0.70710678 0.70710678 0 0
2.7 3 -3 0 0 0 -1.0634723 -0.95712508 -0.70898154 2.442347 -2.2537949 -2.2537949 -3.6888795 0.70710678 0.70710678 0 0
2.7 0 -2.85 0 0 0 -0.85077785 -0.80469405 -0.74017673 2.442347 -2.2537949 -2.2537949 -3.6888795 0.70710678 0.70710678 0 0
2.7 3 -2.85 0 0 0 -1.0634723 -0.95712508 -0.70898154 2.442347 -2.2537949 -2.2537949 -3.6888795 0.70710678 0.70710678 0 0
2.7 0 -2.7 0 0 0 -0.85077785 -0.80469405 -0.74017673 2.442347 -2.2537949 -2.2537949 -3.6888795 0.70710678 0.70710678 0 0
2.7 3 -2.7 0 0 0 -1.0634723 -0.95712508 -0.70898154 2.442347 -2.2537949 -2.2537949 -3.6888795 0.70710678 0.70710678 0 0
2.7 0 -2.55 0 0 0 -0.85077785 -0.80469405 -0.74017673 2.442347 -2.2537949 -2.2537949 -3.6888795 0.70710678 0.70710678 0 0
2.7 3 -2.55 0 0 0 -1.0634723 -0.95712508 -0.70898154 2.442347 -2.2537949 -2.2537949 -3.6888795 0.70710678 0.70710678 0 0
2.7 0 -2.4 0 0 0 -0.85077785 -0.80469405 -0.74017673 2.442347 -2.2537949 -2.2537949 -3.6888795 0.70710678 0.70710678 0 0
2.7 3 -2.4 0 0 0 -1.0634723 -0.95712508 -0.70898154 2.442347 -2.2537949 -2.2537949 -3.6888795 0.70710678 0.70710678 0 0
2.7 0 -2.25 0 0 0 -0.28359262 -0.20914955 -0.10492927 2.442347 -2.2537949 -2.2537949 -3.6888795 0.70710678 0.70710678 0 0
2.7 3 -2.25 0 0 0 -1.0634723 -0.95712508 -0.70898154 2.442347 -2.2537949 -2.2537949 -3.6888795 0.70710678 0.70710678 0 0
2.7 0 -2.1 0 0 0 -0.28359262 -0.20914955 -0.10492927 2.442347 -2.2537949 -2.2537949 -3.6888795 0.70710678 0.70710678 0 0
2.7 3 -2.1 0 0 0 -1.0634723 -0.95712508 -0.70898154 2.442347 -2.2537949 -2.2537949 -3.6888795 0.70710678 0.70710678 0 0
2.7 0 -1.95 0 0 0 -0.28359262 -0.20914955 -0.10492927 2.442347 -2.2537949 -2.2537949 -3.6888795 0.70710678 0.70710678 0 0
2.7 3 -1.95 0 0 0 -1.0634723 -0.95712508 -0.70898154 2.442347 -2.2537949 -2.2537949 -3.6888795 0.70710678 0.70710678 0 0
2.7 0 -1.8 0 0 0 -0.28359262 -0.20914955 -0.10492927 2.442347 -2.2537949 -2.2537949 -3.6888795 0.70710678 0.70710678 0 0
2.7 3 -1.8 0 0 0 -1.0634723 -0.95712508 -0.70898154 2.442347 -2.2537949 -2.2537949 -3.6888795 0.70710678 0.70710678 0 0
2.7 0 -1.65 0 0 0 -0.28359262 -0.20914955 -0.10492927 2.442347 -2.2537949 -2.2537949 -3.6888795 0.70710678 0.70710678 0 0
2.7 3 -1.65 0 0 0 -1.0634723 -0.95712508 -0.70898154 2.442347 -2.2537949 -2.2537949 -3.6888795 0.70710678 0.70710678 0 0
2.7 0 -1.5 0 0 0 -0.85077785 -0.80469405 -0.74017673 2.442347 -2.2537949 -2.2537949 -3.6888795 0.70710678 0.70710678 0 0
2.7 3 -1.5 0 0 0 -1.0634723 -0.95712508 -0.70898154 2.442347 -2.2537949 -2.2537949 -3.6888795 0.70710678 0.70710678 0 0
2.7 0 -1.35 0 0 0 -0.85077785 -0.80469405 -0.74017673 2.442347 -2.2537949 -2.2537949 -3.6888795 0.70710678 0.70710678 0 0
2.7 3 -1.35 0 0 0 -1.0634723 -0.95712508 -0.70898154 2.442347 -2.2537949 -2.2537949 -3.6888795 0.70710678 0.70710678 0 0
2.7 0 -1.2 0 0 0 -0.85077785 -0.80469405 -0.74017673 2.442347 -2.2537949 -2.2537949 -3.6888795 0.70710678 0.70710678 0 0
2.7 3 -1.2 0 0 0 -1.0634723 -0.95712508 -0.70898154 2.442347 -2.2537949 -2.2537949 -3.6888795 0.70710678 0.70710678 0 0
2.7 0 -1.05 0 0 0 -0.85077785 -0.80469405 -0.74017673 2.442347 -2.2537949 -2.2537949 -3.6888795 0.70710678 0.70710678 0 0
2.7 3 -1.05 0 0 0 -1.0634723 -0.95712508 -0.70898154 2.442347 -2.2537949 -2.2537949 -3.6888795 0.70710678 0.70710678 0 0
2.7 0 -0.9 0 0 0 -0.85077785 -0.80469405 -0.74017673 2.442347 -2.2537949 -2.2537949 -3.6888795 0.70710678 0.70710678 0 0
2.7 3 -0.9 0 0 0 -1.0634723 -0.95712508 -0.70898154 2.442347 -2.2537949 -2.2537949 -3.6888795 0.70710678 0.70710678 0 0
2.7 0 -0.75 0 0 0 -0.28359262 -0.20914955 -0.10492927 2.442347 -2.2537949 -2.2537949 -3.6888795 0.70710678 0.70710678 0 0
2.7 3 -0.75 0 0 0 -1.0634723 -0.95712508 -0.70898154 2.442347 -2.2537949 -2.2537949 -3.6888795 0.70710678 0.70710678 0 0
2.7 0 -0.6 0 0 0 -0.28359262 -0.20914955 -0.10492927 2.442347 -2.2537949 -2.2537949 -3.6888795 0.70710678 0.70710678 0 0
2.7 3 -0.6 0 0 0 -1.0634723 -0.95712508 -0.70898154 2.442347 -2.2537949 -2.2537949 -3.6888795 0.70710678 0.70710678 0 0
2.7 0 -0.45 0 0 0 -0.28359262 -0.20914955 -0.10492927 2.442347 -2.2537949 -2.2537949 -3.6888795 0.70710678 0.70710678 0 0
2.7 3 -0.45 0 0 0 -1.0634723 -0.95712508 -0.70898154 2.442347 -2.2537949 -2.2537949 -3.6888795 0.70710678 0.70710678 0 0
2.7 0 -0.3 0 0 0 -0.28359262 -0.20914955 -0.10492927 2.442347 -2.2537949 -2.2537949 -3.6888795 0.70710678 0.70710678 0 0
2.7 3 -0.3 0 0 0 -1.0634723 -0.95712508 -0.70898154 2.442347 -2.2537949 -2.2537949 -3.6888795 0.70710678 0.70710678 0 0
2.7 0 -0.15 0 0 0 -0.28359262 -0.20914955 -0.10492927 2.442347 -2.2537949 -2.2537949 -3.6888795 0.70710678 0.70710678 0 0
2.7 3 -0.15 0 0 0 -1.0634723 -0.95712508 -0.70898154 2.442347 -2.2537949 -2.2537949 -3.6888795 0.70710678 0.70710678 0 0
2.7 0 0 0 0 0 -0.85077785 -0.80469405 -0.74017673 2.442347 -2.2537949 -2.2537949 -3.6888795 0.70710678 0.70710678 0 0
2.7 3 0 0 0 0 -1.0634723 -0.95712508 -0.70898154 2.442347 -2.2537949 -2.2537949 -3.6888795 0.70710678 0.70710678 0 0
2.7 0 0.15 0 0 0 -0.85077785 -0.80469405 -0.74017673 2.442347 -2.2537949 -2.2537949 -3.6888795 0.70710678 0.70710678 0 0
2.7 3 0.15 0 0 0 -1.0634723 -0.95712508 -0.70898154 2.442347 -2.2537949 -2.2537949 -3.6888795 0.70710678 0.70710678 0 0
2.7 0 0.3 0 0 0 -0.85077785 -0.80469405 -0.74017673 2.442347 -2.2537949 -2.2537949 -3.6888795 0.70710678 0.70710678 0 0
2.7 3 0.3 0 0 0 -1.0634723 -0.95712508 -0.70898154 2.442347 -2.2537949 -2.2537949 -3.6888795 0.70710678 0.70710678 0 0
2.7 0 0.45 0 0 0 -0.85077785 -0.80469405 -0.74017673 2.442347 -2.2537949 -2.2537949 -3.6888795 0.70710678 0.70710678 0 0
2.7 3 0.45 0 0 0 -1.0634723 -0.95712508 -0.70898154 2.442347 -2.2537949 -2.2537949 -3.6888795 0.70710678 0.70710678 0 0
2.7 0 0.6 0 0 0 -0.85077785 -0.80469405 -0.74017673 2.442347 -2.2537949 -2.2537949 -3.6888795 0.70710678 0.70710678 0 0
2.7 3 0.6 0 0 0 -1.0634723 -0.95712508 -0.70898154 2.442347 -2.2537949 -2.2537949 -3.6888795 0.70710678 0.70710678 0 0
2.7 0 0.75 0 0 0 -0.28359262 -0.20914955 -0.10492927 2.442347 -2.2537949 -2.2537949 -3.6888795 0.70710678 0.70710678 0 0
2.7 3 0.75 0 0 0 -1.0634723 -0.95712508 -0.70898154 2.442347 -2.2537949 -2.2537949 -3.6888795 0.70710678 0.70710678 0 0
2.7 0 0.9 0 0 0 -0.28359262 -0.20914955 -0.10492927 2.442347 -2.2537949 -2.2537949 -3.6888795 0.70710678 0.70710678 0 0
2.7 3 0.9 0 0 0 -1.0634723 -0.95712508 -0.70898154 2.442347 -2.2537949 -2.2537949 -3.6888795 0.70710678 0.70710678 0 0
2.7 0 1.05 0 0 0 -0.28359262 -0.20914955 -0.10492927 2.442347 -2.2537949 -2.2537949 -3.6888795 0.70710678 0.70710678 0 0
2.7 3 1.05 0 0 0 -1.0634723 -0.95712508 -0.70898154 2.442347 -2.2537949 -2.2537949 -3.6888795 0.70710678 0.70710678 0 0
2.7 0 1.2 0 0 0 -0.28359262 -0.20914955 -0.10492927 2.442347 -2.2537949 -2.2537949 -3.6888795 0.70710678 0.70710678 0 0
2.7 3 1.2 0 0 0 -1.0634723 -0.95712508 -0.70898154 2.442347 -2.2537949 -2.2537949 -3.6888795 0.70710678 0.70710678 0 0
2.7 0 1.35 0 0 0 -0.28359262 -0.20914955 -0.10492927 2.442347 -2.2537949 -2.2537949 -3.6888795 0.70710678 0.70710678 0 0
2.7 3 1.35 0 0 0 -1.0634723 -0.95712508 -0.70898154 2.442347 -2.2537949 -2.2537949 -3.6888795 0.70710678 0.70710678 0 0
2.7 0 1.5 0 0 0 -0.85077785 -0.80469405 -0.74017673 2.442347 -2.2537949 -2.2537949 -3.6888795 0.70710678 0.70710678 0 0
2.7 3 1.5 0 0 0 -1.0634723 -0.95712508 -0.70898154 2.442347 -2.2537949 -2.2537949 -3.6888795 0.70710678 0.70710678 0 0
2.7 0 1.65 0 0 0 -0.85077785 -0.80469405 -0.74017673 2.442347 -2.2537949 -2.2537949 -3.6888795 0.70710678 0.70710678 0 0
2.7 3 1.65 0 0 0 -1.0634723 -0.95712508 -0.70898154 2.442347 -2.2537949 -2.2537949 -3.6888795 0.70710678 0.70710678 0 0
2.7 0 1.8 0 0 0 -0.85077785 -0.80469405 -0.74017673 2.442347 -2.2537949 -2.2537949 -3.6888795 0.70710678 0.70710678 0 0
2.7 3 1.8 0 0 0 -1.0634723 -0.95712508 -0.70898154 2.442347 -2.2537949 -2.2537949 -3.6888795 0.70710678 0.70710678 0 0
2.7 0 1.95 0 0 0 -0.85077785 -0.80469405 -0.74017673 2.442347 -2.2537949 -2.2537949 -3.6888795 0.70710678 0.70710678 0 0
2.7 3 1.95 0 0 0 -1.0634723 -0.95712508 -0.70898154 2.442347 -2.2537949 -2.2537949 -3.6888795 0.70710678 0.70710678 0 0
2.7 0 2.1 0 0 0 -0.85077785 -0.80469405 -0.74017673 2.442347 -2.2537949 -2.2537949 -3.6888795 0.70710678 0.70710678 0 0
2.7 3 2.1 0 0 0 -1.0634723 -0.95712508 -0.70898154 2.442347 -2.2537949 -2.2537949 -3.6888795 0.70710678 0.70710678 0 0
2.7 0 2.25 0 0 0 -0.28359262 -0.20914955 -0.10492927 2.442347 -2.2537949 -2.2537949 -3.6888795 0.70710678 0.70710678 0 0
2.7 3 2.25 0 0 0 -1.0634723 -0.95712508 -0.70898154 2.442347 -2.2537949 -2.2537949 -3.6888795 0.70710678 0.70710678 0 0
2.7 0 2.4 0 0 0 -0.28359262 -0.20914955 -0.10492927 2.442347 -2.2537949 -2.2537949 -3.6888795 0.70710678 0.70710678 0 0
2.7 3 2.4 0 0 0 -1.0634723 -0.95712508 -0.70898154 2.442347 -2.2537949 -2.2537949 -3.6888795 0.70710678 0.70710678 0 0
2.7 0 2.55 0 0 0 -0.28359262 -0.20914955 -0.10492927 2.442347 -2.2537949 -2.2537949 -3.6888795 0.70710678 0.70710678 0 0
2.7 3 2.55 0 0 0 -1.0634723 -0.95712508 -0.70898154 2.442347 -2.2537949 -2.2537949 -3.6888795 0.70710678 0.70710678 0 0
2.7 0 2.7 0 0 0 -0.28359262 -0.20914955 -0.10492927 2.442347 -2.2537949 -2.2537949 -3.6888795 0.70710678 0.70710678 0 0
2.7 3 2.7 0 0 0 -1.0634723 -0.95712508 -0.70898154 2.442347 -2.2537949 -2.2537949 -3.6888795 0.70710678 0.70710678 0 0
2.7 0 2.85 0 0 0 -0.28359262 -0.20914955 -0.10492927 2.442347 -2.2537949 -2.2537949 -3.6888795 0.70710678 0.70710678 0 0
2.7 3 2.85 0 0 0 -1.0634723 -0.95712508 -0.70898154 2.442347 -2.2537949 -2.2537949 -3.6888795 0.70710678 0.70710678 0 0
2.7 0 3 0 0 0 -0.85077785 -0.80469405 -0.74017673 2.442347 -2.2537949 -2.2537949 -3.6888795 0.70710678 0.70710678 0 0
2.7 3 3 0 0 0 -1.0634723 -0.95712508 -0.70898154 2.442347 -2.2537949 -2.2537949 -3.6888795 0.70710678 0.70710678 0 0
2.7 0 -3 0 0 0 -1.1343705 -0.77987969 -0.56718523 2.442347 -2.2537949 -2.2537949 -3.6888795 1 0 0 0
2.7 0 3 0 0 0 -0.56718523 -0.95712508 -1.1343705 2.442347 -2.2537949 -2.2537949 -3.6888795 1 0 0 0
-3 0 2.7 0 0 0 -0.88622693 -0.99257416 -0.63808339 2.442347 -2.2537949 -2.2537949 -3.6888795 0.70710678 0 0.70710678 0
3 0 2.7 0 0 0 -1.0280232 -0.70898154 -0.921676 2.442347 -2.2537949 -2.2537949 -3.6888795 0.70710678 0 0.70710678 0
2.7 0.15 -3 0 0 0 -1.1343705 -0.77987969 -0.56718523 2.442347 -2.2537949 -2.2537949 -3.6888795 1 0 0 0
2.7 0.15 3 0 0 0 -0.56718523 -0.95712508 -1.1343705 2.442347 -2.2537949 -2.2537949 -3.6888795 1 0 0 0
-3 0.15 2.7 0 0 0 -0.88622693 -0.99257416 -0.63808339 2.442347 -2.2537949 -2.2537949 -3.6888795 0.70710678 0 0.70710678 0
3 0.15 2.7 0 0 0 -1.0280232 -0.70898154 -0.921676 2.442347 -2.2537949 -2.2537949 -3.6888795 0.70710678 0 0.70710678 0
2.7 0.3 -3 0 0 0 -1.1343705 -0.77987969 -0.56718523 2.442347 -2.2537949 -2.2537949 -3.6888795 1 0 0 0
2.7 0.3 3 0 0 0 -0.56718523 -0.95712508 -1.1343705 2.442347 -2.2537949 -2.2537949 -3.6888795 1 0 0 0
-3 0.3 2.7 0 0 0 -0.88622693 -0.99257416 -0.63808339 2.442347 -2.2537949 -2.2537949 -3.6888795 0.70710678 0 0.70710678 0
3 0.3 2.7 0 0 0 -1.0280232 -0.70898154 -0.921676 2.442347 -2.2537949 -2.2537949 -3.6888795 0.70710678 0 0.70710678 0
2.7 0.45 -3 0 0 0 -1.1343705 -0.77987969 -0.56718523 2.442347 -2.2537949 -2.2537949 -3.6888795 1 0 0 0
2.7 0.45 3 0 0 0 -0.56718523 -0.95712508 -1.1343705 2.442347 -2.2537949 -2.2537949 -3.6888795 1 0 0 0
-3 0.45 2.7 0 0 0 -0.88622693 -0.99257416 -0.63808339 2.442347 -2.2537949 -2.2537949 -3.6888795 0.70710678 0 0.70710678 0
3 0.45 2.7 0 0 0 -1.0280232 -0.70898154 -0.921676 2.442347 -2.2537949 -2.2537949 -3.6888795 0.70710678 0 0.70710678 0
2.7 0.6 -3 0 0 0 -1.1343705 -0.77987969 -0.56718523 2.442347 -2.2537949 -2.2537949 -3.6888795 1 0 0 0
2.7 0.6 3 0 0 0 -0.56718523 -0.95712508 -1.1343705 2.442347 -2.2537949 -2.2537949 -3.6888795 1 0 0 0
-3 0.6 2.7 0 0 0 -0.88622693 -0.99257416 -0.63808339 2.442347 -2.2537949 -2.2537949 -3.6888795 0.70710678 0 0.70710678 0
3 0.6 2.7 0 0 0 -1.0280232 -0.70898154 -0.921676 2.442347 -2.2537949 -2.2537949 -3.6888795 0.70710678 0 0.70710678 0
2.7 0.75 -3 0 0 0 -1.1343705 -0.77987969 -0.56718523 2.442347 -2.2537949 -2.2537949 -3.6888795 1 0 0 0
2.7 0.75 3 0 0 0 -0.56718523 -0.95712508 -1.1343705 2.442347 -2.2537949 -2.2537949 -3.6888795 1 0 0 0
-3 0.75 2.7 0 0 0 -0.88622693 -0.99257416 -0.63808339 2.442347 -2.2537949 -2.2537949 -3.6888795 0.70710678 0 0.70710678 0
3 0.75 2.7 0 0 0 -1.0280232 -0.70898154 -0.921676 2.442347 -2.2537949 -2.2537949 -3.6888795 0.70710678 0 0.70710678 0
2.7 0.9 -3 0 0 0 -1.1343705 -0.77987969 -0.56718523 2.442347 -2.2537949 -2.2537949 -3.6888795 1 0 0 0
2.7 0.9 3 0 0 0 -0.56718523 -0.95712508 -1.1343705 2.442347 -2.2537949 -2.2537949 -3.6888795 1 0 0 0
-3 0.9 2.7 0 0 0 -0.88622693 -0.99257416 -0.63808339 2.442347 -2.2537949 -2.2537949 -3.6888795 0.70710678 0 0.70710678 0
3 0.9 2.7 0 0 0 -1.0280232 -0.70898154 -0.921676 2.442347 -2.2537949 -2.2537949 -3.6888795 0.70710678 0 0.70710678 0
2.7 1.05 -3 0 0 0 -1.1343705 -0.77987969 -0.56718523 2.442347 -2.2537949 -2.2537949 -3.6888795 1 0 0 0
2.7 1.05 3 0 0 0 -0.56718523 -0.95712508 -1.1343705 2.442347 -2.2537949 -2.2537949 -3.6888795 1 0 0 0
-3 1.05 2.7 0 0 0 -0.88622693 -0.99257416 -0.63808339 2.442347 -2.2537949 -2.2537949 -3.6888795 0.70710678 0 0.70710678 0
3 1.05 2.7 0 0 0 -1.0280232 -0.70898154 -0.921676 2.442347 -2.2537949 -2.2537949 -3.6888795 0.70710678 0 0.70710678 0
2.7 1.2 -3 0 0 0 -1.1343705 -0.77987969 -0.56718523 2.442347 -2.2537949 -2.2537949 -3.6888795 1 0 0 0
2.7 1.2 3 0 0 0 -0.56718523 -0.95712508 -1.1343705 2.442347 -2.2537949 -2.2537949 -3.6888795 1 0 0 0
-3 1.2 2.7 0 0 0 -0.88622693 -0.99257416 -0.63808339 2.442347 -2.2537949 -2.2537949 -3.6888795 0.70710678 0 0.70710678 0
3 1.2 2.7 0 0 0 -1.0280232 -0.70898154 -0.921676 2.442347 -2.2537949 -2.2537949 -3.6888795 0.70710678 0 0.70710678 0
2.7 1.35 -3 0 0 0 -1.1343705 -0.77987969 -0.56718523 2.442347 -2.2537949 -2.2537949 -3.6888795 1 0 0 0
2.7 1.35 3 0 0 0 -0.56718523 -0.95712508 -1.1343705 2.442347 -2.2537949 -2.2537949 -3.6888795 1 0 0 0
-3 1.35 2.7 0 0 0 -0.88622693 -0.99257416 -0.63808339 2.442347 -2.2537949 -2.2537949 -3.6888795 0.70710678 0 0.70710678 0
3 1.35 2.7 0 0 0 -1.0280232 -0.70898154 -0.921676 2.442347 -2.2537949 -2.2537949 -3.6888795 0.70710678 0 0.70710678 0
2.7 1.5 -3 0 0 0 -1.1343705 -0.77987969 -0.56718523 2.442347 -2.2537949 -2.2537949 -3.6888795 1 0 0 0
2.7 1.5 3 0 0 0 -0.56718523 -0.95712508 -1.1343705 2.442347 -2.2537949 -2.2537949 -3.6888795 1 0 0 0
-3 1.5 2.7 0 0 0 -0.88622693 -0.99257416 -0.63808339 2.442347 -2.2537949 -2.2537949 -3.6888795 0.70710678 0 0.70710678 0
3 1.5 2.7 0 0 0 -1.0280232 -0.70898154 -0.921676 2.442347 -2.2537949 -2.2537949 -3.6888795 0.70710678 0 0.70710678 0
2.7 1.65 -3 0 0 0 -1.1343705 -0.77987969 -0.56718523 2.442347 -2.2537949 -2.2537949 -3.6888795 1 0 0 0
2.7 1.65 3 0 0 0 -0.56718523 -0.95712508 -1.1343705 2.442347 -2.2537949 -2.2537949 -3.6888795 1 0 0 0
-3 1.65 2.7 0 0 0 -0.88622693 -0.99257416 -0.63808339 2.442347 -2.2537949 -2.2537949 -3.6888795 0.70710678 0 0.70710678 0
3 1.65 2.7 0 0 0 -1.0280232 -0.70898154 -0.921676 2.442347 -2.2537949 -2.2537949 -3.6888795 0.70710678 0 0.70710678 0
2.7 1.8 -3 0 0 0 -1.1343705 -0.77987969 -0.56718523 2.442347 -2.2537949 -2.2537949 -3.6888795 1 0 0 0
2.7 1.8 3 0 0 0 -0.56718523 -0.95712508 -1.1343705 2.442347 -2.2537949 -2.2537949 -3.6888795 1 0 0 0
-3 1.8 2.7 0 0 0 -0.88622693 -0.99257416 -0.63808339 2.442347 -2.2537949 -2.2537949 -3.6888795 0.70710678 0 0.70710678 0
3 1.8 2.7 0 0 0 -1.0280232 -0.70898154 -0.921676 2.442347 -2.2537949 -2.2537949 -3.6888795 0.70710678 0 0.70710678 0
2.7 1.95 -3 0 0 0 -1.1343705 -0.77987969 -0.56718523 2.442347 -2.2537949 -2.2537949 -3.6888795 1 0 0 0
2.7 1.95 3 0 0 0 -0.56718523 -0.95712508 -1.1343705 2.442347 -2.2537949 -2.2537949 -3.6888795 1 0 0 0
-3 1.95 2.7 0 0 0 -0.88622693 -0.99257416 -0.63808339 2.442347 -2.2537949 -2.2537949 -3.6888795 0.70710678 0 0.70710678 0
3 1.95 2.7 0 0 0 -1.0280232 -0.70898154 -0.921676 2.442347 -2.2537949 -2.2537949 -3.6888795 0.70710678 0 0.70710678 0
2.7 2.1 -3 0 0 0 -1.1343705 -0.77987969 -0.56718523 2.442347 -2.2537949 -2.2537949 -3.6888795 1 0 0 0
2.7 2.1 3 0 0 0 -0.56718523 -0.95712508 -1.1343705 2.442347 -2.2537949 -2.2537949 -3.6888795 1 0 0 0
-3 2.1 2.7 0 0 0 -0.88622693 -0.99257416 -0.63808339 2.442347 -2.2537949 -2.2537949 -3.6888795 0.70710678 0 0.70710678 0
3 2.1 2.7 0 0 0 -1.0280232 -0.70898154 -0.921676 2.442347 -2.2537949 -2.2537949 -3.6888795 0.70710678 0 0.70710678 0
2.7 2.25 -3 0 0 0 -1.1343705 -0.77987969 -0.56718523 2.442347 -2.2537949 -2.2537949 -3.6888795 1 0 0 0
2.7 2.25 3 0 0 0 -0.56718523 -0.95712508 -1.1343705 2.442347 -2.2537949 -2.2537949 -3.6888795 1 0 0 0
-3 2.25 2.7 0 0 0 -0.88622693 -0.99257416 -0.63808339 2.442347 -2.2537949 -2.2537949 -3.6888795 0.70710678 0 0.70710678 0
3 2.25 2.7 0 0 0 -1.0280232 -0.70898154 -0.921676 2.442347 -2.2537949 -2.2537949 -3.6888795 0.70710678 0 0.70710678 0
2.7 2.4 -3 0 0 0 -1.1343705 -0.77987969 -0.56718523 2.442347 -2.2537949 -2.2537949 -3.6888795 1 0 0 0
2.7 2.4 3 0 0 0 -0.56718523 -0.95712508 -1.1343705 2.442347 -2.2537949 -2.2537949 -3.6888795 1 0 0 0
-3 2.4 2.7 0 0 0 -0.88622693 -0.99257416 -0.63808339 2.442347 -2.2537949 -2.2537949 -3.6888795 0.70710678 0 0.70710678 0
3 2.4 2.7 0 0 0 -1.0280232 -0.70898154 -0.921676 2.442347 -2.2537949 -2.2537949 -3.6888795 0.70710678 0 0.70710678 0
2.7 2.55 -3 0 0 0 -1.1343705 -0.77987969 -0.56718523 2.442347 -2.2537949 -2.2537949 -3.6888795 1 0 0 0
2.7 2.55 3 0 0 0 -0.56718523 -0.95712508 -1.1343705 2.442347 -2.2537949 -2.2537949 -3.6888795 1 0 0 0
-3 2.55 2.7 0 0 0 -0.88622693 -0.99257416 -0.63808339 2.442347 -2.2537949 -2.2537949 -3.6888795 0.70710678 0 0.70710678 0
3 2.55 2.7 0 0 0 -1.0280232 -0.70898154 -0.921676 2.442347 -2.2537949 -2.2537949 -3.6888795 0.70710678 0 0.70710678 0
2.7 2.7 -3 0 0 0 -1.1343705 -0.77987969 -0.56718523 2.442347 -2.2537949 -2.2537949 -3.6888795 1 0 0 0
2.7 2.7 3 0 0 0 -0.56718523 -0.95712508 -1.1343705 2.442347 -2.2537949 -2.2537949 -3.6888795 1 0 0 0
-3 2.7 2.7 0 0 0 -0.88622693 -0.99257416 -0.63808339 2.442347 -2.2537949 -2.2537949 -3.6888795 0.70710678 0 0.70710678 0
3 2.7 2.7 0 0 0 -1.0280232 -0.70898154 -0.921676 2.442347 -2.2537949 -2.2537949 -3.6888795 0.70710678 0 0.70710678 0
2.7 2.85 -3 0 0 0 -1.1343705 -0.77987969 -0.56718523 2.442347 -2.2537949 -2.2537949 -3.6888795 1 0 0 0
2.7 2.85 3 0 0 0 -0.56718523 -0.95712508 -1.1343705 2.442347 -2.2537949 -2.2537949 -3.6888795 1 0 0 0
-3 2.85 2.7 0 0 0 -0.88622693 -0.99257416 -0.63808339 2.442347 -2.2537949 -2.2537949 -3.6888795 0.70710678 0 0.70710678 0
3 2.85 2.7 0 0 0 -1.0280232 -0.70898154 -0.921676 2.442347 -2.2537949 -2.2537949 -3.6888795 0.70710678 0 0.70710678 0
2.7 3 -3 0 0 0 -1.1343705 -0.77987969 -0.56718523 2.442347 -2.2537949 -2.2537949 -3.6888795 1 0 0 0
2.7 3 3 0 0 0 -0.56718523 -0.95712508 -1.1343705 2.442347 -2.2537949 -2.2537949 -3.6888795 1 0 0 0
-3 3 2.7 0 0 0 -0.88622693 -0.99257416 -0.63808339 2.442347 -2.2537949 -2.2537949 -3.6888795 0.70710678 0 0.70710678 0
3 3 2.7 0 0 0 -1.0280232 -0.70898154 -0.921676 2.442347 -2.2537949 -2.2537949 -3.6888795 0.70710678 0 0.70710678 0
2.85 0 -3 0 0 0 -0.85077785 -0.80469405 -0.74017673 2.442347 -2.2537949 -2.2537949 -3.6888795 0.70710678 0.70710678 0 0
2.85 3 -3 0 0 0 -1.0634723 -0.95712508 -0.70898154 2.442347 -2.2537949 -2.2537949 -3.6888795 0.70710678 0.70710678 0 0
2.85 0 -2.85 0 0 0 -0.85077785 -0.80469405 -0.74017673 2.442347 -2.2537949 -2.2537949 -3.6888795 0.70710678 0.70710678 0 0
2.85 3 -2.85 0 0 0 -1.0634723 -0.95712508 -0.70898154 2.442347 -2.2537949 -2.2537949 -3.6888795 0.70710678 0.70710678 0 0
2.85 0 -2.7 0 0 0 -0.85077785 -0.80469405 -0.74017673 2.442347 -2.2537949 -2.2537949 -3.6888795 0.70710678 0.70710678 0 0
2.85 3 -2.7 0 0 0 -1.0634723 -0.95712508 -0.70898154 2.442347 -2.2537949 -2.2537949 -3.6888795 0.70710678 0.70710678 0 0
2.85 0 -2.55 0 0 0 -0.85077785 -0.80469405 -0.74017673 2.442347 -2.2537949 -2.2537949 -3.6888795 0.70710678 0.70710678 0 0
2.85 3 -2.55 0 0 0 -1.0634723 -0.95712508 -0.70898154 2.442347 -2.2537949 -2.2537949 -3.6888795 0.70710678 0.70710678 0 0
2.85 0 -2.4 0 0 0 -0.85077785 -0.80469405 -0.74017673 2.442347 -2.2537949 -2.2537949 -3.6888795 0.70710678 0.70710678 0 0
2.85 3 -2.4 0 0 0 -1.0634723 -0.95712508 -0.70898154 2.442347 -2.2537949 -2.2537949 -3.6888795 0.70710678 0.70710678 0 0
2.85 0 -2.25 0 0 0 -0.28359262 -0.20914955 -0.10492927 2.442347 -2.2537949 -2.2537949 -3.6888795 0.70710678 0.70710678 0 0
2.85 3 -2.25 0 0 0 -1.0634723 -0.95712508 -0.70898154 2.442347 -2.2537949 -2.2537949 -3.6888795 0.70710678 0.70710678 0 0
2.85 0 -2.1 0 0 0 -0.28359262 -0.20914955 -0.10492927 2.442347 -2.2537949 -2.2537949 -3.6888795 0.70710678 0.70710678 0 0
2.85 3 -2.1 0 0 0 -1.0634723 -0.95712508 -0.70898154 2.442347 -2.2537949 -2.2537949 -3.6888795 0.70710678 0.70710678 0 0
2.85 0 -1.95 0 0 0 -0.28359262 -0.20914955 -0.10492927 2.442347 -2.2537949 -2.2537949 -3.6888795 0.70710678 0.70710678 0 0
2.85 3 -1.95 0 0 0 -1.0634723 -0.95712508 -0.70898154 2.442347 -2.2537949 -2.2537949 -3.6888795 0.70710678 0.70710678 0 0
2.85 0 -1.8 0 0 0 -0.28359262 -0.20914955 -0.10492927 2.442347 -2.2537949 -2.2537949 -3.6888795 0.70710678 0.70710678 0 0
2.85 3 -1.8 0 0 0 -1.0634723 -0.95712508 -0.70898154 2.442347 -2.2537949 -2.2537949 -3.6888795 0.70710678 0.70710678 0 0
2.85 0 -1.65 0 0 0 -0.28359262 -0.20914955 -0.10492927 2.442347 -2.2537949 -2.2537949 -3.6888795 0.70710678 0.70710678 0 0
2.85 3 -1.65 0 0 0 -1.0634723 -0.95712508 -0.70898154 2.442347 -2.2537949 -2.2537949 -3.6888795 0.70710678 0.70710678 0 0
2.85 0 -1.5 0 0 0 -0.85077785 -0.80469405 -0.74017673 2.442347 -2.2537949 -2.2537949 -3.6888795 0.70710678 0.70710678 0 0
2.85 3 -1.5 0 0 0 -1.0634723 -0.95712508 -0.70898154 2.442347 -2.2537949 -2.2537949 -3.6888795 0.70710678 0.70710678 0 0
2.85 0 -1.35 0 0 0 -0.85077785 -0.80469405 -0.74017673 2.442347 -2.2537949 -2.2537949 -3.6888795 0.70710678 0.70710678 0 0
2.85 3 -1.35 0 0 0 -1.0634723 -0.95712508 -0.70898154 2.442347 -2.2537949 -2.2537949 -3.6888795 0.70710678 0.70710678 0 0
2.85 0 -1.2 0 0 0 -0.85077785 -0.80469405 -0.74017673 2.442347 -2.2537949 -2.2537949 -3.6888795 0.70710678 0.70710678 0 0
2.85 3 -1.2 0 0 0 -1.0634723 -0.95712508 -0.70898154 2.442347 -2.2537949 -2.2537949 -3.6888795 0.70710678 0.70710678 0 0
2.85 0 -1.05 0 0 0 -0.85077785 -0.80469405 -0.74017673 2.442347 -2.2537949 -2.2537949 -3.6888795 0.70710678 0.70710678 0 0
2.85 3 -1.05 0 0 0 -1.0634723 -0.95712508 -0.70898154 2.442347 -2.2537949 -2.2537949 -3.6888795 0.70710678 0.70710678 0 0
2.85 0 -0.9 0 0 0 -0.85077785 -0.80469405 -0.74017673 2.442347 -2.2537949 -2.2537949 -3.6888795 0.70710678 0.70710678 0 0
2.85 3 -0.9 0 0 0 -1.0634723 -0.95712508 -0.70898154 2.442347 -2.2537949 -2.2537949 -3.6888795 0.70710678 0.70710678 0 0
2.85 0 -0.75 0 0 0 -0.28359262 -0.20914955 -0.10492927 2.442347 -2.2537949 -2.2537949 -3.6888795 0.70710678 0.70710678 0 0
2.85 3 -0.75 0 0 0 -1.0634723 -0.95712508 -0.70898154 2.442347 -2.2537949 -2.2537949 -3.6888795 0.70710678 0.70710678 0 0
2.85 0 -0.6 0 0 0 -0.28359262 -0.20914955 -0.10492927 2.442347 -2.2537949 -2.2537949 -3.6888795 0.70710678 0.70710678 0 0
2.85 3 -0.6 0 0 0 -1.0634723 -0.95712508 -0.70898154 2.442347 -2.2537949 -2.2537949 -3.6888795 0.70710678 0.70710678 0 0
2.85 0 -0.45 0 0 0 -0.28359262 -0.20914955 -0.10492927 2.442347 -2.2537949 -2.2537949 -3.6888795 0.70710678 0.70710678 0 0
2.85 3 -0.45 0 0 0 -1.0634723 -0.95712508 -0.70898154 2.442347 -2.2537949 -2.2537949 -3.6888795 0.70710678 0.70710678 0 0
2.85 0 -0.3 0 0 0 -0.28359262 -0.20914955 -0.10492927 2.442347 -2.2537949 -2.2537949 -3.6888795 0.70710678 0.70710678 0 0
2.85 3 -0.3 0 0 0 -1.0634723 -0.95712508 -0.70898154 2.442347 -2.2537949 -2.2537949 -3.6888795 0.70710678 0.70710678 0 0
2.85 0 -0.15 0 0 0 -0.28359262 -0.20914955 -0.10492927 2.442347 -2.2537949 -2.2537949 -3.6888795 0.70710678 0.70710678 0 0
2.85 3 -0.15 0 0 0 -1.0634723 -0.95712508 -0.70898154 2.442347 -2.2537949 -2.2537949 -3.6888795 0.70710678 0.70710678 0 0
2.85 0 0 0 0 0 -0.85077785 -0.80469405 -0.74017673 2.442347 -2.2537949 -2.2537949 -3.6888795 0.70710678 0.70710678 0 0
2.85 3 0 0 0 0 -1.0634723 -0.95712508 -0.70898154 2.442347 -2.2537949 -2.2537949 -3.6888795 0.70710678 0.70710678 0 0
2.85 0 0.15 0 0 0 -0.85077785 -0.80469405 -0.74017673 2.442347 -2.2537949 -2.2537949 -3.6888795 0.70710678 0.70710678 0 0
2.85 3 0.15 0 0 0 -1.0634723 -0.95712508 -0.70898154 2.442347 -2.2537949 -2.2537949 -3.6888795 0.70710678 0.70710678 0 0
2.85 0 0.3 0 0 0 -0.85077785 -0.80469405 -0.74017673 2.442347 -2.2537949 -2.2537949 -3.6888795 0.70710678 0.70710678 0 0
2.85 3 0.3 0 0 0 -1.0634723 -0.95712508 -0.70898154 2.442347 -2.2537949 -2.2537949 -3.6888795 0.70710678 0.70710678 0 0
2.85 0 0.45 0 0 0 -0.85077785 -0.80469405 -0.74017673 2.442347 -2.2537949 -2.2537949 -3.6888795 0.70710678 0.70710678 0 0
2.85 3 0.45 0 0 0 -1.0634723 -0.95712508 -0.70898154 2.442347 -2.2537949 -2.2537949 -3.6888795 0.70710678 0.70710678 0 0
2.85 0 0.6 0 0 0 -0.85077785 -0.80469405 -0.74017673 2.442347 -2.2537949 -2.2537949 -3.6888795 0.70710678 0.70710678 0 0
2.85 3 0.6 0 0 0 -1.0634723 -0.95712508 -0.70898154 2.442347 -2.2537949 -2.2537949 -3.6888795 0.70710678 0.70710678 0 0
2.85 0 0.75 0 0 0 -0.28359262 -0.20914955 -0.10492927 2.442347 -2.2537949 -2.2537949 -3.6888795 0.70710678 0.70710678 0 0
2.85 3 0.75 0 0 0 -1.0634723 -0.95712508 -0.70898154 2.442347 -2.2537949 -2.2537949 -3.6888795 0.70710678 0.70710678 0 0
2.85 0 0.9 0 0 0 -0.28359262 -0.20914955 -0.10492927 2.442347 -2.2537949 -2.2537949 -3.6888795 0.70710678 0.70710678 0 0
2.85 3 0.9 0 0 0 -1.0634723 -0.95712508 -0.70898154 2.442347 -2.2537949 -2.2537949 -3.6888795 0.70710678 0.70710678 0 0
2.85 0 1.05 0 0 0 -0.28359262 -0.20914955 -0.10492927 2.442347 -2.2537949 -2.2537949 -3.6888795 0.70710678 0.70710678 0 0
2.85 3 1.05 0 0 0 -1.0634723 -0.95712508 -0.70898154 2.442347 -2.2537949 -2.2537949 -3.6888795 0.70710678 0.70710678 0 0
2.85 0 1.2 0 0 0 -0.28359262 -0.20914955 -0.10492927 2.442347 -2.2537949 -2.2537949 -3.6888795 0.70710678 0.70710678 0 0
2.85 3 1.2 0 0 0 -1.0634723 -0.95712508 -0.70898154 2.442347 -2.2537949 -2.2537949 -3.6888795 0.70710678 0.70710678 0 0
2.85 0 1.35 0 0 0 -0.28359262 -0.20914955 -0.10492927 2.442347 -2.2537949 -2.2537949 -3.6888795 0.70710678 0.70710678 0 0
2.85 3 1.35 0 0 0 -1.0634723 -0.95712508 -0.70898154 2.442347 -2.2537949 -2.2537949 -3.6888795 0.70710678 0.70710678 0 0
2.85 0 1.5 0 0 0 -0.85077785 -0.80469405 -0.74017673 2.442347 -2.2537949 -2.2537949 -3.6888795 0.70710678 0.70710678 0 0
2.85 3 1.5 0 0 0 -1.0634723 -0.95712508 -0.70898154 2.442347 -2.2537949 -2.2537949 -3.6888795 0.70710678 0.70710678 0 0
2.85 0 1.65 0 0 0 -0.85077785 -0.80469405 -0.74017673 2.442347 -2.2537949 -2.2537949 -3.6888795 0.70710678 0.70710678 0 0
2.85 3 1.65 0 0 0 -1.0634723 -0.95712508 -0.70898154 2.442347 -2.2537949 -2.2537949 -3.6888795 0.70710678 0.70710678 0 0
2.85 0 1.8 0 0 0 -0.85077785 -0.80469405 -0.74017673 2.442347 -2.2537949 -2.2537949 -3.6888795 0.70710678 0.70710678 0 0
2.85 3 1.8 0 0 0 -1.0634723 -0.95712508 -0.70898154 2.442347 -2.2537949 -2.2537949 -3.6888795 0.70710678 0.70710678 0 0
2.85 0 1.95 0 0 0 -0.85077785 -0.80469405 -0.74017673 2.442347 -2.2537949 -2.2537949 -3.6888795 0.70710678 0.70710678 0 0
2.85 3 1.95 0 0 0 -1.0634723 -0.95712508 -0.70898154 2.442347 -2.2537949 -2.2537949 -3.6888795 0.70710678 0.70710678 0 0
2.85 0 2.1 0 0 0 -0.85077785 -0.80469405 -0.74017673 2.442347 -2.2537949 -2.2537949 -3.6888795 0.70710678 0.70710678 0 0
2.85 3 2.1 0 0 0 -1.0634723 -0.95712508 -0.70898154 2.442347 -2.2537949 -2.2537949 -3.6888795 0.70710678 0.70710678 0 0
2.85 0 2.25 0 0 0 -0.28359262 -0.20914955 -0.10492927 2.442347 -2.2537949 -2.2537949 -3.6888795 0.70710678 0.70710678 0 0
2.85 3 2.25 0 0 0 -1.0634723 -0.95712508 -0.70898154 2.442347 -2.2537949 -2.2537949 -3.6888795 0.70710678 0.70710678 0 0
2.85 0 2.4 0 0 0 -0.28359262 -0.20914955 -0.10492927 2.442347 -2.2537949 -2.2537949 -3.6888795 0.70710678 0.70710678 0 0
2.85 3 2.4 0 0 0 -1.0634723 -0.95712508 -0.70898154 2.442347 -2.2537949 -2.2537949 -3.6888795 0.70710678 0.70710678 0 0
2.85 0 2.55 0 0 0 -0.28359262 -0.20914955 -0.10492927 2.442347 -2.2537949 -2.2537949 -3.6888795 0.70710678 0.70710678 0 0
2.85 3 2.55 0 0 0 -1.0634723 -0.95712508 -0.70898154 2.442347 -2.2537949 -2.2537949 -3.6888795 0.70710678 0.70710678 0 0
2.85 0 2.7 0 0 0 -0.28359262 -0.20914955 -0.10492927 2.442347 -2.2537949 -2.2537949 -3.6888795 0.70710678 0.70710678 0 0
2.85 3 2.7 0 0 0 -1.0634723 -0.95712508 -0.70898154 2.442347 -2.2537949 -2.2537949 -3.6888795 0.70710678 0.70710678 0 0
2.85 0 2.85 0 0 0 -0.28359262 -0.20914955 -0.10492927 2.442347 -2.2537949 -2.2537949 -3.6888795 0.70710678 0.70710678 0 0
2.85 3 2.85 0 0 0 -1.0634723 -0.95712508 -0.70898154 2.442347 -2.2537949 -2.2537949 -3.6888795 0.70710678 0.70710678 0 0
2.85 0 3 0 0 0 -0.85077785 -0.80469405 -0.74017673 2.442347 -2.2537949 -2.2537949 -3.6888795 0.70710678 0.70710678 0 0
2.85 3 3 0 0 0 -1.0634723 -0.95712508 -0.70898154 2.442347 -2.2537949 -2.2537949 -3.6888795 0.70710678 0.70710678 0 0
2.85 0 -3 0 0 0 -1.1343705 -0.77987969 -0.56718523 2.442347 -2.2537949 -2.2537949 -3.6888795 1 0 0 0
2.85 0 3 0 0 0 -0.56718523 -0.95712508 -1.1343705 2.442347 -2.2537949 -2.2537949 -3.6888795 1 0 0 0
-3 0 2.85 0 0 0 -0.88622693 -0.99257416 -0.63808339 2.442347 -2.2537949 -2.2537949 -3.6888795 0.70710678 0 0.70710678 0
3 0 2.85 0 0 0 -1.0280232 -0.70898154 -0.921676 2.442347 -2.2537949 -2.2537949 -3.6888795 0.70710678 0 0.70710678 0
2.85 0.15 -3 0 0 0 -1.1343705 -0.77987969 -0.56718523 2.442347 -2.2537949 -2.2537949 -3.6888795 1 0 0 0
2.85 0.15 3 0 0 0 -0.56718523 -0.95712508 -1.1343705 2.442347 -2.2537949 -2.2537949 -3.6888795 1 0 0 0
-3 0.15 2.85 0 0 0 -0.88622693 -0.99257416 -0.63808339 2.442347 -2.2537949 -2.2537949 -3.6888795 0.70710678 0 0.70710678 0
3 0.15 2.85 0 0 0 -1.0280232 -0.70898154 -0.921676 2.442347 -2.2537949 -2.2537949 -3.6888795 0.70710678 0 0.70710678 0
2.85 0.3 -3 0 0 0 -1.1343705 -0.77987969 -0.56718523 2.442347 -2.2537949 -2.2537949 -3.6888795 1 0 0 0
2.85 0.3 3 0 0 0 -0.56718523 -0.95712508 -1.1343705 2.442347 -2.2537949 -2.2537949 -3.6888795 1 0 0 0
-3 0.3 2.85 0 0 0 -0.88622693 -0.99257416 -0.63808339 2.442347 -2.2537949 -2.2537949 -3.6888795 0.70710678 0 0.70710678 0
3 0.3 2.85 0 0 0 -1.0280232 -0.70898154 -0.921676 2.442347 -2.2537949 -2.2537949 -3.6888795 0.70710678 0 0.70710678 0
2.85 0.45 -3 0 0 0 -1.1343705 -0.77987969 -0.56718523 2.442347 -2.2537949 -2.2537949 -3.6888795 1 0 0 0
2.85 0.45 3 0 0 0 -0.56718523 -0.95712508 -1.1343705 2.442347 -2.2537949 -2.2537949 -3.6888795 1 0 0 0
-3 0.45 2.85 0 0 0 -0.88622693 -0.99257416 -0.63808339 2.442347 -2.2537949 -2.2537949 -3.6888795 0.70710678 0 0.70710678 0
3 0.45 2.85 0 0 0 -1.0280232 -0.70898154 -0.921676 2.442347 -2.2537949 -2.2537949 -3.6888795 0.70710678 0 0.70710678 0
2.85 0.6 -3 0 0 0 -1.1343705 -0.77987969 -0.56718523 2.442347 -2.2537949 -2.2537949 -3.6888795 1 0 0 0
2.85 0.6 3 0 0 0 -0.56718523 -0.95712508 -1.1343705 2.442347 -2.2537949 -2.2537949 -3.6888795 1 0 0 0
-3 0.6 2.85 0 0 0 -0.88622693 -0.99257416 -0.63808339 2.442347 -2.2537949 -2.2537949 -3.6888795 0.70710678 0 0.70710678 0
3 0.6 2.85 0 0 0 -1.0280232 -0.70898154 -0.921676 2.442347 -2.2537949 -2.2537949 -3.6888795 0.70710678 0 0.70710678 0
2.85 0.75 -3 0 0 0 -1.1343705 -0.77987969 -0.56718523 2.442347 -2.2537949 -2.2537949 -3.6888795 1 0 0 0
2.85 0.75 3 0 0 0 -0.56718523 -0.95712508 -1.1343705 2.442347 -2.2537949 -2.2537949 -3.6888795 1 0 0 0
-3 0.75 2.85 0 0 0 -0.88622693 -0.99257416 -0.63808339 2.442347 -2.2537949 -2.2537949 -3.6888795 0.70710678 0 0.70710678 0
3 0.75 2.85 0 0 0 -1.0280232 -0.70898154 -0.921676 2.442347 -2.2537949 -2.2537949 -3.6888795 0.70710678 0 0.70710678 0
2.85 0.9 -3 0 0 0 -1.1343705 -0.77987969 -0.56718523 2.442347 -2.2537949 -2.2537949 -3.6888795 1 0 0 0
2.85 0.9 3 0 0 0 -0.56718523 -0.95712508 -1.1343705 2.442347 -2.2537949 -2.2537949 -3.6888795 1 0 0 0
-3 0.9 2.85 0 0 0 -0.88622693 -0.99257416 -0.63808339 2.442347 -2.2537949 -2.2537949 -3.6888795 0.70710678 0 0.70710678 0
3 0.9 2.85 0 0 0 -1.0280232 -0.70898154 -0.921676 2.442347 -2.2537949 -2.2537949 -3.6888795 0.70710678 0 0.70710678 0
2.85 1.05 -3 0 0 0 -1.1343705 -0.77987969 -0.56718523 2.442347 -2.2537949 -2.2537949 -3.6888795 1 0 0 0
2.85 1.05 3 0 0 0 -0.56718523 -0.95712508 -1.1343705 2.442347 -2.2537949 -2.2537949 -3.6888795 1 0 0 0
-3 1.05 2.85 0 0 0 -0.88622693 -0.99257416 -0.63808339 2.442347 -2.2537949 -2.2537949 -3.6888795 0.70710678 0 0.70710678 0
3 1.05 2.85 0 0 0 -1.0280232 -0.70898154 -0.921676 2.442347 -2.2537949 -2.2537949 -3.6888795 0.70710678 0 0.70710678 0
2.85 1.2 -3 0 0 0 -1.1343705 -0.77987969 -0.56718523 2.442347 -2.2537949 -2.2537949 -3.6888795 1 0 0 0
2.85 1.2 3 0 0 0 -0.56718523 -0.95712508 -1.1343705 2.442347 -2.2537949 -2.2537949 -3.6888795 1 0 0 0
-3 1.2 2.85 0 0 0 -0.88622693 -0.99257416 -0.63808339 2.442347 -2.2537949 -2.2537949 -3.6888795 0.70710678 0 0.70710678 0
3 1.2 2.85 0 0 0 -1.0280232 -0.70898154 -0.921676 2.442347 -2.2537949 -2.2537949 -3.6888795 0.70710678 0 0.70710678 0
2.85 1.35 -3 0 0 0 -1.1343705 -0.77987969 -0.56718523 2.442347 -2.2537949 -2.2537949 -3.6888795 1 0 0 0
2.85 1.35 3 0 0 0 -0.56718523 -0.95712508 -1.1343705 2.442347 -2.2537949 -2.2537949 -3.6888795 1 0 0 0
-3 1.35 2.85 0 0 0 -0.88622693 -0.99257416 -0.63808339 2.442347 -2.2537949 -2.2537949 -3.6888795 0.70710678 0 0.70710678 0
3 1.35 2.85 0 0 0 -1.0280232 -0.70898154 -0.921676 2.442347 -2.2537949 -2.2537949 -3.6888795 0.70710678 0 0.70710678 0
2.85 1.5 -3 0 0 0 -1.1343705 -0.77987969 -0.56718523 2.442347 -2.2537949 -2.2537949 -3.6888795 1 0 0 0
2.85 1.5 3 0 0 0 -0.56718523 -0.95712508 -1.1343705 2.442347 -2.2537949 -2.2537949 -3.6888795 1 0 0 0
-3 1.5 2.85 0 0 0 -0.88622693 -0.99257416 -0.63808339 2.442347 -2.2537949 -2.2537949 -3.6888795 0.70710678 0 0.70710678 0
3 1.5 2.85 0 0 0 -1.0280232 -0.70898154 -0.921676 2.442347 -2.2537949 -2.2537949 -3.6888795 0.70710678 0 0.70710678 0
2.85 1.65 -3 0 0 0 -1.1343705 -0.77987969 -0.56718523 2.442347 -2.2537949 -2.2537949 -3.6888795 1 0 0 0
2.85 1.65 3 0 0 0 -0.56718523 -0.95712508 -1.1343705 2.442347 -2.2537949 -2.2537949 -3.6888795 1 0 0 0
-3 1.65 2.85 0 0 0 -0.88622693 -0.99257416 -0.63808339 2.442347 -2.2537949 -2.2537949 -3.6888795 0.70710678 0 0.70710678 0
3 1.65 2.85 0 0 0 -1.0280232 -0.70898154 -0.921676 2.442347 -2.2537949 -2.2537949 -3.6888795 0.70710678 0 0.70710678 0
2.85 1.8 -3 0 0 0 -1.1343705 -0.77987969 -0.56718523 2.442347 -2.2537949 -2.2537949 -3.6888795 1 0 0 0
2.85 1.8 3 0 0 0 -0.56718523 -0.95712508 -1.1343705 2.442347 -2.2537949 -2.2537949 -3.6888795 1 0 0 0
-3 1.8 2.85 0 0 0 -0.88622693 -0.99257416 -0.63808339 2.442347 -2.2537949 -2.2537949 -3.6888795 0.70710678 0 0.70710678 0
3 1.8 2.85 0 0 0 -1.0280232 -0.70898154 -0.921676 2.442347 -2.2537949 -2.2537949 -3.6888795 0.70710678 0 0.70710678 0
2.85 1.95 -3 0 0 0 -1.1343705 -0.77987969 -0.56718523 2.442347 -2.2537949 -2.2537949 -3.6888795 1 0 0 0
2.85 1.95 3 0 0 0 -0.56718523 -0.95712508 -1.1343705 2.442347 -2.2537949 -2.2537949 -3.6888795 1 0 0 0
-3 1.95 2.85 0 0 0 -0.88622693 -0.99257416 -0.63808339 2.442347 -2.2537949 -2.2537949 -3.6888795 0.70710678 0 0.70710678 0
3 1.95 2.85 0 0 0 -1.0280232 -0.70898154 -0.921676 2.442347 -2.2537949 -2.2537949 -3.6888795 0.70710678 0 0.70710678 0
2.85 2.1 -3 0 0 0 -1.1343705 -0.77987969 -0.56718523 2.442347 -2.2537949 -2.2537949 -3.6888795 1 0 0 0
2.85 2.1 3 0 0 0 -0.56718523 -0.95712508 -1.1343705 2.442347 -2.2537949 -2.2537949 -3.6888795 1 0 0 0
-3 2.1 2.85 0 0 0 -0.88622693 -0.99257416 -0.63808339 2.442347 -2.2537949 -2.2537949 -3.6888795 0.70710678 0 0.70710678 0
3 2.1 2.85 0 0 0 -1.0280232 -0.70898154 -0.921676 2.442347 -2.2537949 -2.2537949 -3.6888795 0.70710678 0 0.70710678 0
2.85 2.25 -3 0 0 0 -1.1343705 -0.77987969 -0.56718523 2.442347 -2.2537949 -2.2537949 -3.6888795 1 0 0 0
2.85 2.25 3 0 0 0 -0.56718523 -0.95712508 -1.1343705 2.442347 -2.2537949 -2.2537949 -3.6888795 1 0 0 0
-3 2.25 2.85 0 0 0 -0.88622693 -0.99257416 -0.63808339 2.442347 -2.2537949 -2.2537949 -3.6888795 0.70710678 0 0.70710678 0
3 2.25 2.85 0 0 0 -1.0280232 -0.70898154 -0.921676 2.442347 -2.2537949 -2.2537949 -3.6888795 0.70710678 0 0.70710678 0
2.85 2.4 -3 0 0 0 -1.1343705 -0.77987969 -0.56718523 2.442347 -2.2537949 -2.2537949 -3.6888795 1 0 0 0
2.85 2.4 3 0 0 0 -0.56718523 -0.95712508 -1.1343705 2.442347 -2.2537949 -2.2537949 -3.6888795 1 0 0 0
-3 2.4 2.85 0 0 0 -0.88622693 -0.99257416 -0.63808339 2.442347 -2.2537949 -2.2537949 -3.6888795 0.70710678 0 0.70710678 0
3 2.4 2.85 0 0 0 -1.0280232 -0.70898154 -0.921676 2.442347 -2.2537949 -2.2537949 -3.6888795 0.70710678 0 0.70710678 0
2.85 2.55 -3 0 0 0 -1.1343705 -0.77987969 -0.56718523 2.442347 -2.2537949 -2.2537949 -3.6888795 1 0 0 0
2.85 2.55 3 0 0 0 -0.56718523 -0.95712508 -1.1343705 2.442347 -2.2537949 -2.2537949 -3.6888795 1 0 0 0
-3 2.55 2.85 0 0 0 -0.88622693 -0.99257416 -0.63808339 2.442347 -2.2537949 -2.2537949 -3.6888795 0.70710678 0 0.70710678 0
3 2.55 2.85 0 0 0 -1.0280232 -0.70898154 -0.921676 2.442347 -2.2537949 -2.2537949 -3.6888795 0.70710678 0 0.70710678 0
2.85 2.7 -3 0 0 0 -1.1343705 -0.77987969 -0.56718523 2.442347 -2.2537949 -2.2537949 -3.6888795 1 0 0 0
2.85 2.7 3 0 0 0 -0.56718523 -0.95712508 -1.1343705 2.442347 -2.2537949 -2.2537949 -3.6888795 1 0 0 0
-3 2.7 2.85 0 0 0 -0.88622693 -0.99257416 -0.63808339 2.442347 -2.2537949 -2.2537949 -3.6888795 0.70710678 0 0.70710678 0
3 2.7 2.85 0 0 0 -1.0280232 -0.70898154 -0.921676 2.442347 -2.2537949 -2.2537949 -3.6888795 0.70710678 0 0.70710678 0
2.85 2.85 -3 0 0 0 -1.1343705 -0.77987969 -0.56718523 2.442347 -2.2537949 -2.2537949 -3.6888795 1 0 0 0
2.85 2.85 3 0 0 0 -0.56718523 -0.95712508 -1.1343705 2.442347 -2.2537949 -2.2537949 -3.6888795 1 0 0 0
-3 2.85 2.85 0 0 0 -0.88622693 -0.99257416 -0.63808339 2.442347 -2.2537949 -2.2537949 -3.6888795 0.70710678 0 0.70710678 0
3 2.85 2.85 0 0 0 -1.0280232 -0.70898154 -0.921676 2.442347 -2.2537949 -2.2537949 -3.6888795 0.70710678 0 0.70710678 0
2.85 3 -3 0 0 0 -1.1343705 -0.77987969 -0.56718523 2.442347 -2.2537949 -2.2537949 -3.6888795 1 0 0 0
2.85 3 3 0 0 0 -0.56718523 -0.95712508 -1.1343705 2.442347 -2.2537949 -2.2537949 -3.6888795 1 0 0 0
-3 3 2.85 0 0 0 -0.88622693 -0.99257416 -0.63808339 2.442347 -2.2537949 -2.2537949 -3.6888795 0.70710678 0 0.70710678 0
3 3 2.85 0 0 0 -1.0280232 -0.70898154 -0.921676 2.442347 -2.2537949 -2.2537949 -3.6888795 0.70710678 0 0.70710678 0
3 0 -3 0 0 0 -0.28359262 -0.20914955 -0.10492927 2.442347 -2.2537949 -2.2537949 -3.6888795 0.70710678 0.70710678 0 0
3 3 -3 0 0 0 -1.0634723 -0.95712508 -0.70898154 2.442347 -2.2537949 -2.2537949 -3.6888795 0.70710678 0.70710678 0 0
3 0 -2.85 0 0 0 -0.28359262 -0.20914955 -0.10492927 2.442347 -2.2537949 -2.2537949 -3.6888795 0.70710678 0.70710678 0 0
3 3 -2.85 0 0 0 -1.0634723 -0.95712508 -0.70898154 2.442347 -2.2537949 -2.2537949 -3.6888795 0.70710678 0.70710678 0 0
3 0 -2.7 0 0 0 -0.28359262 -0.20914955 -0.10492927 2.442347 -2.2537949 -2.2537949 -3.6888795 0.70710678 0.70710678 0 0
3 3 -2.7 0 0 0 -1.0634723 -0.95712508 -0.70898154 2.442347 -2.2537949 -2.2537949 -3.6888795 0.70710678 0.70710678 0 0
3 0 -2.55 0 0 0 -0.28359262 -0.20914955 -0.10492927 2.442347 -2.2537949 -2.2537949 -3.6888795 0.70710678 0.70710678 0 0
3 3 -2.55 0 0 0 -1.0634723 -0.95712508 -0.70898154 2.442347 -2.2537949 -2.2537949 -3.6888795 0.70710678 0.70710678 0 0
3 0 -2.4 0 0 0 -0.28359262 -0.20914955 -0.10492927 2.442347 -2.2537949 -2.2537949 -3.6888795 0.70710678 0.70710678 0 0
3 3 -2.4 0 0 0 -1.0634723 -0.95712508 -0.70898154 2.442347 -2.2537949 -2.2537949 -3.6888795 0.70710678 0.70710678 0 0
3 0 -2.25 0 0 0 -0.85077785 -0.80469405 -0.74017673 2.442347 -2.2537949 -2.2537949 -3.6888795 0.70710678 0.70710678 0 0
3 3 -2.25 0 0 0 -1.0634723 -0.95712508 -0.70898154 2.442347 -2.2537949 -2.2537949 -3.6888795 0.70710678 0.70710678 0 0
3 0 -2.1 0 0 0 -0.85077785 -0.80469405 -0.74017673 2.442347 -2.2537949 -2.2537949 -3.6888795 0.70710678 0.70710678 0 0
3 3 -2.1 0 0 0 -1.0634723 -0.95712508 -0.70898154 2.442347 -2.2537949 -2.2537949 -3.6888795 0.70710678 0.70710678 0 0
3 0 -1.95 0 0 0 -0.85077785 -0.80469405 -0.74017673 2.442347 -2.2537949 -2.2537949 -3.6888795 0.70710678 0.70710678 0 0
3 3 -1.95 0 0 0 -1.0634723 -0.95712508 -0.70898154 2.442347 -2.2537949 -2.2537949 -3.6888795 0.70710678 0.70710678 0 0
3 0 -1.8 0 0 0 -0.85077785 -0.80469405 -0.74017673 2.442347 -2.2537949 -2.2537949 -3.6888795 0.70710678 0.70710678 0 0
3 3 -1.8 0 0 0 -1.0634723 -0.95712508 -0.70898154 2.442347 -2.2537949 -2.2537949 -3.6888795 0.70710678 0.70710678 0 0
3 0 -1.65 0 0 0 -0.85077785 -0.80469405 -0.74017673 2.442347 -2.2537949 -2.2537949 -3.6888795 0.70710678 0.70710678 0 0
3 3 -1.65 0 0 0 -1.0634723 -0.95712508 -0.70898154 2.442347 -2.2537949 -2.2537949 -3.6888795 0.70710678 0.70710678 0 0
3 0 -1.5 0 0 0 -0.28359262 -0.20914955 -0.10492927 2.442347 -2.2537949 -2.2537949 -3.6888795 0.70710678 0.70710678 0 0
3 3 -1.5 0 0 0 -1.0634723 -0.95712508 -0.70898154 2.442347 -2.2537949 -2.2537949 -3.6888795 0.70710678 0.70710678 0 0
3 0 -1.35 0 0 0 -0.28359262 -0.20914955 -0.10492927 2.442347 -2.2537949 -2.2537949 -3.6888795 0.70710678 0.70710678 0 0
3 3 -1.35 0 0 0 -1.0634723 -0.95712508 -0.70898154 2.442347 -2.2537949 -2.2537949 -3.6888795 0.70710678 0.70710678 0 0
3 0 -1.2 0 0 0 -0.28359262 -0.20914955 -0.10492927 2.442347 -2.2537949 -2.2537949 -3.6888795 0.70710678 0.70710678 0 0
3 3 -1.2 0 0 0 -1.0634723 -0.95712508 -0.70898154 2.442347 -2.2537949 -2.2537949 -3.6888795 0.70710678 0.70710678 0 0
3 0 -1.05 0 0 0 -0.28359262 -0.20914955 -0.10492927 2.442347 -2.2537949 -2.2537949 -3.6888795 0.70710678 0.70710678 0 0
3 3 -1.05 0 0 0 -1.0634723 -0.95712508 -0.70898154 2.442347 -2.2537949 -2.2537949 -3.6888795 0.70710678 0.70710678 0 0
3 0 -0.9 0 0 0 -0.28359262 -0.20914955 -0.10492927 2.442347 -2.2537949 -2.2537949 -3.6888795 0.70710678 0.70710678 0 0
3 3 -0.9 0 0 0 -1.0634723 -0.95712508 -0.70898154 2.442347 -2.2537949 -2.2537949 -3.6888795 0.70710678 0.70710678 0 0
3 0 -0.75 0 0 0 -0.85077785 -0.80469405 -0.74017673 2.442347 -2.2537949 -2.2537949 -3.6888795 0.70710678 0.70710678 0 0
3 3 -0.75 0 0 0 -1.0634723 -0.95712508 -0.70898154 2.442347 -2.2537949 -2.2537949 -3.6888795 0.70710678 0.70710678 0 0
3 0 -0.6 0 0 0 -0.85077785 -0.80469405 -0.74017673 2.442347 -2.2537949 -2.2537949 -3.6888795 0.70710678 0.70710678 0 0
3 3 -0.6 0 0 0 -1.0634723 -0.95712508 -0.70898154 2.442347 -2.2537949 -2.2537949 -3.6888795 0.70710678 0.70710678 0 0
3 0 -0.45 0 0 0 -0.85077785 -0.80469405 -0.74017673 2.442347 -2.2537949 -2.2537949 -3.6888795 0.70710678 0.70710678 0 0
3 3 -0.45 0 0 0 -1.0634723 -0.95712508 -0.70898154 2.442347 -2.2537949 -2.2537949 -3.6888795 0.70710678 0.70710678 0 0
3 0 -0.3 0 0 0 -0.85077785 -0.80469405 -0.74017673 2.442347 -2.2537949 -2.2537949 -3.6888795 0.70710678 0.70710678 0 0
3 3 -0.3 0 0 0 -1.0634723 -0.95712508 -0.70898154 2.442347 -2.2537949 -2.2537949 -3.6888795 0.70710678 0.70710678 0 0
3 0 -0.15 0 0 0 -0.85077785 -0.80469405 -0.74017673 2.442347 -2.2537949 -2.2537949 -3.6888795 0.70710678 0.70710678 0 0
3 3 -0.15 0 0 0 -1.0634723 -0.95712508 -0.70898154 2.442347 -2.2537949 -2.2537949 -3.6888795 0.70710678 0.70710678 0 0
3 0 0 0 0 0 -0.28359262 -0.20914955 -0.10492927 2.442347 -2.2537949 -2.2537949 -3.6888795 0.70710678 0.70710678 0 0
3 3 0 0 0 0 -1.0634723 -0.95712508 -0.70898154 2.442347 -2.2537949 -2.2537949 -3.6888795 0.70710678 0.70710678 0 0
3 0 0.15 0 0 0 -0.28359262 -0.20914955 -0.10492927 2.442347 -2.2537949 -2.2537949 -3.6888795 0.70710678 0.70710678 0 0
3 3 0.15 0 0 0 -1.0634723 -0.95712508 -0.70898154 2.442347 -2.2537949 -2.2537949 -3.6888795 0.70710678 0.70710678 0 0
3 0 0.3 0 0 0 -0.28359262 -0.20914955 -0.10492927 2.442347 -2.2537949 -2.2537949 -3.6888795 0.70710678 0.70710678 0 0
3 3 0.3 0 0 0 -1.0634723 -0.95712508 -0.70898154 2.442347 -2.2537949 -2.2537949 -3.6888795 0.70710678 0.70710678 0 0
3 0 0.45 0 0 0 -0.28359262 -0.20914955 -0.10492927 2.442347 -2.2537949 -2.2537949 -3.6888795 0.70710678 0.70710678 0 0
3 3 0.45 0 0 0 -1.0634723 -0.95712508 -0.70898154 2.442347 -2.2537949 -2.2537949 -3.6888795 0.70710678 0.70710678 0 0
3 0 0.6 0 0 0 -0.28359262 -0.20914955 -0.10492927 2.442347 -2.2537949 -2.2537949 -3.6888795 0.70710678 0.70710678 0 0
3 3 0.6 0 0 0 -1.0634723 -0.95712508 -0.70898154 2.442347 -2.2537949 -2.2537949 -3.6888795 0.70710678 0.70710678 0 0
3 0 0.75 0 0 0 -0.85077785 -0.80469405 -0.74017673 2.442347 -2.2537949 -2.2537949 -3.6888795 0.70710678 0.70710678 0 0
3 3 0.75 0 0 0 -1.0634723 -0.95712508 -0.70898154 2.442347 -2.2537949 -2.2537949 -3.6888795 0.70710678 0.70710678 0 0
3 0 0.9 0 0 0 -0.85077785 -0.80469405 -0.74017673 2.442347 -2.2537949 -2.2537949 -3.6888795 0.70710678 0.70710678 0 0
3 3 0.9 0 0 0 -1.0634723 -0.95712508 -0.70898154 2.442347 -2.2537949 -2.2537949 -3.6888795 0.70710678 0.70710678 0 0
3 0 1.05 0 0 0 -0.85077785 -0.80469405 -0.74017673 2.442347 -2.2537949 -2.2537949 -3.6888795 0.70710678 0.70710678 0 0
3 3 1.05 0 0 0 -1.0634723 -0.95712508 -0.70898154 2.442347 -2.2537949 -2.2537949 -3.6888795 0.70710678 0.70710678 0 0
3 0 1.2 0 0 0 -0.85077785 -0.80469405 -0.74017673 2.442347 -2.2537949 -2.2537949 -3.6888795 0.70710678 0.70710678 0 0
3 3 1.2 0 0 0 -1.0634723 -0.95712508 -0.70898154 2.442347 -2.2537949 -2.2537949 -3.6888795 0.70710678 0.70710678 0 0
3 0 1.35 0 0 0 -0.85077785 -0.80469405 -0.74017673 2.442347 -2.2537949 -2.2537949 -3.6888795 0.70710678 0.70710678 0 0
3 3 1.35 0 0 0 -1.0634723 -0.95712508 -0.70898154 2.442347 -2.2537949 -2.2537949 -3.6888795 0.70710678 0.70710678 0 0
3 0 1.5 0 0 0 -0.28359262 -0.20914955 -0.10492927 2.442347 -2.2537949 -2.2537949 -3.6888795 0.70710678 0.70710678 0 0
3 3 1.5 0 0 0 -1.0634723 -0.95712508 -0.70898154 2.442347 -2.2537949 -2.2537949 -3.6888795 0.70710678 0.70710678 0 0
3 0 1.65 0 0 0 -0.28359262 -0.20914955 -0.10492927 2.442347 -2.2537949 -2.2537949 -3.6888795 0.70710678 0.70710678 0 0
3 3 1.65 0 0 0 -1.0634723 -0.95712508 -0.70898154 2.442347 -2.2537949 -2.2537949 -3.6888795 0.70710678 0.70710678 0 0
3 0 1.8 0 0 0 -0.28359262 -0.20914955 -0.10492927 2.442347 -2.2537949 -2.2537949 -3.6888795 0.70710678 0.70710678 0 0
3 3 1.8 0 0 0 -1.0634723 -0.95712508 -0.70898154 2.442347 -2.2537949 -2.2537949 -3.6888795 0.70710678 0.70710678 0 0
3 0 1.95 0 0 0 -0.28359262 -0.20914955 -0.10492927 2.442347 -2.2537949 -2.2537949 -3.6888795 0.70710678 0.70710678 0 0
3 3 1.95 0 0 0 -1.0634723 -0.95712508 -0.70898154 2.442347 -2.2537949 -2.2537949 -3.6888795 0.70710678 0.70710678 0 0
3 0 2.1 0 0 0 -0.28359262 -0.20914955 -0.10492927 2.442347 -2.2537949 -2.2537949 -3.6888795 0.70710678 0.70710678 0 0
3 3 2.1 0 0 0 -1.0634723 -0.95712508 -0.70898154 2.442347 -2.2537949 -2.2537949 -3.6888795 0.70710678 0.70710678 0 0
3 0 2.25 0 0 0 -0.85077785 -0.80469405 -0.74017673 2.442347 -2.2537949 -2.2537949 -3.6888795 0.70710678 0.70710678 0 0
3 3 2.25 0 0 0 -1.0634723 -0.95712508 -0.70898154 2.442347 -2.2537949 -2.2537949 -3.6888795 0.70710678 0.70710678 0 0
3 0 2.4 0 0 0 -0.85077785 -0.80469405 -0.74017673 2.442347 -2.2537949 -2.2537949 -3.6888795 0.70710678 0.70710678 0 0
3 3 2.4 0 0 0 -1.0634723 -0.95712508 -0.70898154 2.442347 -2.2537949 -2.2537949 -3.6888795 0.70710678 0.70710678 0 0
3 0 2.55 0 0 0 -0.85077785 -0.80469405 -0.74017673 2.442347 -2.2537949 -2.2537949 -3.6888795 0.70710678 0.70710678 0 0
3 3 2.55 0 0 0 -1.0634723 -0.95712508 -0.70898154 2.442347 -2.2537949 -2.2537949 -3.6888795 0.70710678 0.70710678 0 0
3 0 2.7 0 0 0 -0.85077785 -0.80469405 -0.74017673 2.442347 -2.2537949 -2.2537949 -3.6888795 0.70710678 0.70710678 0 0
3 3 2.7 0 0 0 -1.0634723 -0.95712508 -0.70898154 2.442347 -2.2537949 -2.2537949 -3.6888795 0.70710678 0.70710678 0 0
3 0 2.85 0 0 0 -0.85077785 -0.80469405 -0.74017673 2.442347 -2.2537949 -2.2537949 -3.6888795 0.70710678 0.70710678 0 0
3 3 2.85 0 0 0 -1.0634723 -0.95712508 -0.70898154 2.442347 -2.2537949 -2.2537949 -3.6888795 0.70710678 0.70710678 0 0
3 0 3 0 0 0 -0.28359262 -0.20914955 -0.10492927 2.442347 -2.2537949 -2.2537949 -3.6888795 0.70710678 0.70710678 0 0
3 3 3 0 0 0 -1.0634723 -0.95712508 -0.70898154 2.442347 -2.2537949 -2.2537949 -3.6888795 0.70710678 0.70710678 0 0
3 0 -3 0 0 0 -1.1343705 -0.77987969 -0.56718523 2.442347 -2.2537949 -2.2537949 -3.6888795 1 0 0 0
3 0 3 0 0 0 -0.56718523 -0.95712508 -1.1343705 2.442347 -2.2537949 -2.2537949 -3.6888795 1 0 0 0
-3 0 3 0 0 0 -0.88622693 -0.99257416 -0.63808339 2.442347 -2.2537949 -2.2537949 -3.6888795 0.70710678 0 0.70710678 0
3 0 3 0 0 0 -1.0280232 -0.70898154 -0.921676 2.442347 -2.2537949 -2.2537949 -3.6888795 0.70710678 0 0.70710678 0
3 0.15 -3 0 0 0 -1.1343705 -0.77987969 -0.56718523 2.442347 -2.2537949 -2.2537949 -3.6888795 1 0 0 0
3 0.15 3 0 0 0 -0.56718523 -0.95712508 -1.1343705 2.442347 -2.2537949 -2.2537949 -3.6888795 1 0 0 0
-3 0.15 3 0 0 0 -0.88622693 -0.99257416 -0.63808339 2.442347 -2.2537949 -2.2537949 -3.6888795 0.70710678 0 0.70710678 0
3 0.15 3 0 0 0 -1.0280232 -0.70898154 -0.921676 2.442347 -2.2537949 -2.2537949 -3.6888795 0.70710678 0 0.70710678 0
3 0.3 -3 0 0 0 -1.1343705 -0.77987969 -0.56718523 2.442347 -2.2537949 -2.2537949 -3.6888795 1 0 0 0
3 0.3 3 0 0 0 -0.56718523 -0.95712508 -1.1343705 2.442347 -2.2537949 -2.2537949 -3.6888795 1 0 0 0
-3 0.3 3 0 0 0 -0.88622693 -0.99257416 -0.63808339 2.442347 -2.2537949 -2.2537949 -3.6888795 0.70710678 0 0.70710678 0
3 0.3 3 0 0 0 -1.0280232 -0.70898154 -0.921676 2.442347 -2.2537949 -2.2537949 -3.6888795 0.70710678 0 0.70710678 0
3 0.45 -3 0 0 0 -1.1343705 -0.77987969 -0.56718523 2.442347 -2.2537949 -2.2537949 -3.6888795 1 0 0 0
3 0.45 3 0 0 0 -0.56718523 -0.95712508 -1.1343705 2.442347 -2.2537949 -2.2537949 -3.6888795 1 0 0 0
-3 0.45 3 0 0 0 -0.88622693 -0.99257416 -0.63808339 2.442347 -2.2537949 -2.2537949 -3.6888795 0.70710678 0 0.70710678 0
3 0.45 3 0 0 0 -1.0280232 -0.70898154 -0.921676 2.442347 -2.2537949 -2.2537949 -3.6888795 0.70710678 0 0.70710678 0
3 0.6 -3 0 0 0 -1.1343705 -0.77987969 -0.56718523 2.442347 -2.2537949 -2.2537949 -3.6888795 1 0 0 0
3 0.6 3 0 0 0 -0.56718523 -0.95712508 -1.1343705 2.442347 -2.2537949 -2.2537949 -3.6888795 1 0 0 0
-3 0.6 3 0 0 0 -0.88622693 -0.99257416 -0.63808339 2.442347 -2.2537949 -2.2537949 -3.6888795 0.70710678 0 0.70710678 0
3 0.6 3 0 0 0 -1.0280232 -0.70898154 -0.921676 2.442347 -2.2537949 -2.2537949 -3.6888795 0.70710678 0 0.70710678 0
3 0.75 -3 0 0 0 -1.1343705 -0.77987969 -0.56718523 2.442347 -2.2537949 -2.2537949 -3.6888795 1 0 0 0
3 0.75 3 0 0 0 -0.56718523 -0.95712508 -1.1343705 2.442347 -2.2537949 -2.2537949 -3.6888795 1 0 0 0
-3 0.75 3 0 0 0 -0.88622693 -0.99257416 -0.63808339 2.442347 -2.2537949 -2.2537949 -3.6888795 0.70710678 0 0.70710678 0
3 0.75 3 0 0 0 -1.0280232 -0.70898154 -0.921676 2.442347 -2.2537949 -2.2537949 -3.6888795 0.70710678 0 0.70710678 0
3 0.9 -3 0 0 0 -1.1343705 -0.77987969 -0.56718523 2.442347 -2.2537949 -2.2537949 -3.6888795 1 0 0 0
3 0.9 3 0 0 0 -0.56718523 -0.95712508 -1.1343705 2.442347 -2.2537949 -2.2537949 -3.6888795 1 0 0 0
-3 0.9 3 0 0 0 -0.88622693 -0.99257416 -0.63808339 2.442347 -2.2537949 -2.2537949 -3.6888795 0.70710678 0 0.70710678 0
3 0.9 3 0 0 0 -1.0280232 -0.70898154 -0.921676 2.442347 -2.2537949 -2.2537949 -3.6888795 0.70710678 0 0.70710678 0
3 1.05 -3 0 0 0 -1.1343705 -0.77987969 -0.56718523 2.442347 -2.2537949 -2.2537949 -3.6888795 1 0 0 0
3 1.05 3 0 0 0 -0.56718523 -0.95712508 -1.1343705 2.442347 -2.2537949 -2.2537949 -3.6888795 1 0 0 0
-3 1.05 3 0 0 0 -0.88622693 -0.99257416 -0.63808339 2.442347 -2.2537949 -2.2537949 -3.6888795 0.70710678 0 0.70710678 0
3 1.05 3 0 0 0 -1.0280232 -0.70898154 -0.921676 2.442347 -2.2537949 -2.2537949 -3.6888795 0.70710678 0 0.70710678 0
3 1.2 -3 0 0 0 -1.1343705 -0.77987969 -0.56718523 2.442347 -2.2537949 -2.2537949 -3.6888795 1 0 0 0
3 1.2 3 0 0 0 -0.56718523 -0.95712508 -1.1343705 2.442347 -2.2537949 -2.2537949 -3.6888795 1 0 0 0
-3 1.2 3 0 0 0 -0.88622693 -0.99257416 -0.63808339 2.442347 -2.2537949 -2.2537949 -3.6888795 0.70710678 0 0.70710678 0
3 1.2 3 0 0 0 -1.0280232 -0.70898154 -0.921676 2.442347 -2.2537949 -2.2537949 -3.6888795 0.70710678 0 0.70710678 0
3 1.35 -3 0 0 0 -1.1343705 -0.77987969 -0.56718523 2.442347 -2.2537949 -2.2537949 -3.6888795 1 0 0 0
3 1.35 3 0 0 0 -0.56718523 -0.95712508 -1.1343705 2.442347 -2.2537949 -2.2537949 -3.6888795 1 0 0 0
-3 1.35 3 0 0 0 -0.88622693 -0.99257416 -0.63808339 2.442347 -2.2537949 -2.2537949 -3.6888795 0.70710678 0 0.70710678 0
3 1.35 3 0 0 0 -1.0280232 -0.70898154 -0.921676 2.442347 -2.2537949 -2.2537949 -3.6888795 0.70710678 0 0.70710678 0
3 1.5 -3 0 0 0 -1.1343705 -0.77987969 -0.56718523 2.442347 -2.2537949 -2.2537949 -3.6888795 1 0 0 0
3 1.5 3 0 0 0 -0.56718523 -0.95712508 -1.1343705 2.442347 -2.2537949 -2.2537949 -3.6888795 1 0 0 0
-3 1.5 3 0 0 0 -0.88622693 -0.99257416 -0.63808339 2.442347 -2.2537949 -2.2537949 -3.6888795 0.70710678 0 0.70710678 0
3 1.5 3 0 0 0 -1.0280232 -0.70898154 -0.921676 2.442347 -2.2537949 -2.2537949 -3.6888795 0.70710678 0 0.70710678 0
3 1.65 -3 0 0 0 -1.1343705 -0.77987969 -0.56718523 2.442347 -2.2537949 -2.2537949 -3.6888795 1 0 0 0
3 1.65 3 0 0 0 -0.56718523 -0.95712508 -1.1343705 2.442347 -2.2537949 -2.2537949 -3.6888795 1 0 0 0
-3 1.65 3 0 0 0 -0.88622693 -0.99257416 -0.63808339 2.442347 -2.2537949 -2.2537949 -3.6888795 0.70710678 0 0.70710678 0
3 1.65 3 0 0 0 -1.0280232 -0.70898154 -0.921676 2.442347 -2.2537949 -2.2537949 -3.6888795 0.70710678 0 0.70710678 0
3 1.8 -3 0 0 0 -1.1343705 -0.77987969 -0.56718523 2.442347 -2.2537949 -2.2537949 -3.6888795 1 0 0 0
3 1.8 3 0 0 0 -0.56718523 -0.95712508 -1.1343705 2.442347 -2.2537949 -2.2537949 -3.6888795 1 0 0 0
-3 1.8 3 0 0 0 -0.88622693 -0.99257416 -0.63808339 2.442347 -2.2537949 -2.2537949 -3.6888795 0.70710678 0 0.70710678 0
3 1.8 3 0 0 0 -1.0280232 -0.70898154 -0.921676 2.442347 -2.2537949 -2.2537949 -3.6888795 0.70710678 0 0.70710678 0
3 1.95 -3 0 0 0 -1.1343705 -0.77987969 -0.56718523 2.442347 -2.2537949 -2.2537949 -3.6888795 1 0 0 0
3 1.95 3 0 0 0 -0.56718523 -0.95712508 -1.1343705 2.442347 -2.2537949 -2.2537949 -3.6888795 1 0 0 0
-3 1.95 3 0 0 0 -0.88622693 -0.99257416 -0.63808339 2.442347 -2.2537949 -2.2537949 -3.6888795 0.70710678 0 0.70710678 0
3 1.95 3 0 0 0 -1.0280232 -0.70898154 -0.921676 2.442347 -2.2537949 -2.2537949 -3.6888795 0.70710678 0 0.70710678 0
3 2.1 -3 0 0 0 -1.1343705 -0.77987969 -0.56718523 2.442347 -2.2537949 -2.2537949 -3.6888795 1 0 0 0
3 2.1 3 0 0 0 -0.56718523 -0.95712508 -1.1343705 2.442347 -2.2537949 -2.2537949 -3.6888795 1 0 0 0
-3 2.1 3 0 0 0 -0.88622693 -0.99257416 -0.63808339 2.442347 -2.2537949 -2.2537949 -3.6888795 0.70710678 0 0.70710678 0
3 2.1 3 0 0 0 -1.0280232 -0.70898154 -0.921676 2.442347 -2.2537949 -2.2537949 -3.6888795 0.70710678 0 0.70710678 0
3 2.25 -3 0 0 0 -1.1343705 -0.77987969 -0.56718523 2.442347 -2.2537949 -2.2537949 -3.6888795 1 0 0 0
3 2.25 3 0 0 0 -0.56718523 -0.95712508 -1.1343705 2.442347 -2.2537949 -2.2537949 -3.6888795 1 0 0 0
-3 2.25 3 0 0 0 -0.88622693 -0.99257416 -0.63808339 2.442347 -2.2537949 -2.2537949 -3.6888795 0.70710678 0 0.70710678 0
3 2.25 3 0 0 0 -1.0280232 -0.70898154 -0.921676 2.442347 -2.2537949 -2.2537949 -3.6888795 0.70710678 0 0.70710678 0
3 2.4 -3 0 0 0 -1.1343705 -0.77987969 -0.56718523 2.442347 -2.2537949 -2.2537949 -3.6888795 1 0 0 0
3 2.4 3 0 0 0 -0.56718523 -0.95712508 -1.1343705 2.442347 -2.2537949 -2.2537949 -3.6888795 1 0 0 0
-3 2.4 3 0 0 0 -0.88622693 -0.99257416 -0.63808339 2.442347 -2.2537949 -2.2537949 -3.6888795 0.70710678 0 0.70710678 0
3 2.4 3 0 0 0 -1.0280232 -0.70898154 -0.921676 2.442347 -2.2537949 -2.2537949 -3.6888795 0.70710678 0 0.70710678 0
3 2.55 -3 0 0 0 -1.1343705 -0.77987969 -0.56718523 2.442347 -2.2537949 -2.2537949 -3.6888795 1 0 0 0
3 2.55 3 0 0 0 -0.56718523 -0.95712508 -1.1343705 2.442347 -2.2537949 -2.2537949 -3.6888795 1 0 0 0
-3 2.55 3 0 0 0 -0.88622693 -0.99257416 -0.63808339 2.442347 -2.2537949 -2.2537949 -3.6888795 0.70710678 0 0.70710678 0
3 2.55 3 0 0 0 -1.0280232 -0.70898154 -0.921676 2.442347 -2.2537949 -2.2537949 -3.6888795 0.70710678 0 0.70710678 0
3 2.7 -3 0 0 0 -1.1343705 -0.77987969 -0.56718523 2.442347 -2.2537949 -2.2537949 -3.6888795 1 0 0 0
3 2.7 3 0 0 0 -0.56718523 -0.95712508 -1.1343705 2.442347 -2.2537949 -2.2537949 -3.6888795 1 0 0 0
-3 2.7 3 0 0 0 -0.88622693 -0.99257416 -0.63808339 2.442347 -2.2537949 -2.2537949 -3.6888795 0.70710678 0 0.70710678 0
3 2.7 3 0 0 0 -1.0280232 -0.70898154 -0.921676 2.442347 -2.2537949 -2.2537949 -3.6888795 0.70710678 0 0.70710678 0
3 2.85 -3 0 0 0 -1.1343705 -0.77987969 -0.56718523 2.442347 -2.2537949 -2.2537949 -3.6888795 1 0 0 0
3 2.85 3 0 0 0 -0.56718523 -0.95712508 -1.1343705 2.442347 -2.2537949 -2.2537949 -3.6888795 1 0 0 0
-3 2.85 3 0 0 0 -0.88622693 -0.99257416 -0.63808339 2.442347 -2.2537949 -2.2537949 -3.6888795 0.70710678 0 0.70710678 0
3 2.85 3 0 0 0 -1.0280232 -0.70898154 -0.921676 2.442347 -2.2537949 -2.2537949 -3.6888795 0.70710678 0 0.70710678 0
3 3 -3 0 0 0 -1.1343705 -0.77987969 -0.56718523 2.442347 -2.2537949 -2.2537949 -3.6888795 1 0 0 0
3 3 3 0 0 0 -0.56718523 -0.95712508 -1.1343705 2.442347 -2.2537949 -2.2537949 -3.6888795 1 0 0 0
-3 3 3 0 0 0 -0.88622693 -0.99257416 -0.63808339 2.442347 -2.2537949 -2.2537949 -3.6888795 0.70710678 0 0.70710678 0
3 3 3 0 0 0 -1.0280232 -0.70898154 -0.921676 2.442347 -2.2537949 -2.2537949 -3.6888795 0.70710678 0 0.70710678 0
