name,model_number,manufacturer,type,subtype,url,data,images,asset_state,asset_root,fixture_record,fixture_note,blend_asset,usdz_asset,validation_report,model_fidelity,model_revision,preview_asset,detail_report,expansion_batch,model_state,parity_report,category_id,control_path,category_path,category_tags,animation_state,rig_asset,rig_joint_count,visionos_asset,pipelineErrors,pipelineStatus,reference_asset,asset_blocker
7P HEX IP,HEX700,ADJ,PAR,IP65 LED wash,https://www.adj.com/products/7p-hex-ip,"{""protocols"": [""DMX"", ""RDM""], ""notable"": [""7 x 12 W RGBAW+UV LEDs; 25° beam; IP65""], ""lifecycle"": ""current (listed by manufacturer)"", ""source_urls"": [""https://www.adj.com/products/7p-hex-ip""], ""dimensions"": {""value"": ""10 x 6.5 x 9.25 in (256 x 161.7 x 232.5 mm), LxWxH"", ""units"": ""as stated by manufacturer""}, ""dmx_channels"": [6, 7, 8, 13], ""model_dimensions"": {""width_m"": 0.256, ""height_m"": 0.2348, ""depth_m"": 0.1704, ""axis_status"": ""documented"", ""axis_note"": ""Floor-standing split-yoke drawing: W256 mm across knobs, H234.8 mm side-view maximum, D170.4 mm floor feet. Product-page 256 x 161.7 x 232.5 mm combines a different folded bracket pose."", ""reference_pose"": ""Floor-standing split-yoke pose, optical axis horizontal""}, ""dimension_drawing_url"": ""https://www.adj.eu/mwdownloads/download/link/id/1178""}","[""https://www.adj.com/cdn/shop/files/d067275be528798fdbc863962e9e0de2d25444f7_HEX700__IMG__001__ff60fa4bc937.jpg?v=1776713404&width=850""]",ready_for_visualization,assets/fixtures/adj/7p-hex-ip,assets/fixtures/adj/7p-hex-ip/fixture.json,docs/08 Fixture Library/entries/adj/7p-hex-ip.md,assets/fixtures/adj/7p-hex-ip/models/fixture.blend,assets/fixtures/adj/7p-hex-ip/models/fixture.usdz,assets/fixtures/adj/7p-hex-ip/validation/usdz.json,high,2,assets/fixtures/adj/7p-hex-ip/previews/three-quarter.png,assets/fixtures/adj/7p-hex-ip/validation/detail.json,,validated,assets/fixtures/adj/7p-hex-ip/validation/parity.json,lighting.static.par,"Source protocol list: DMX, RDM",Lighting fixtures > Static and manually focused > PAR and compact wash,"[""weather-rated variant""]",rigged_native_validated,assets/fixtures/adj/7p-hex-ip/models/rig.json,1,apps/visionos/VenueVolume/FixtureAssets/Catalog/adj/7p-hex-ip/fixture.usdz,,complete,,
Focus Spot 4Z,FOC200,ADJ,Moving head,spot,https://www.adj.com/products/focus-spot-4z,"{""power"":""200 W LED engine"",""protocols"":[""DMX512"",""RDM""],""notable"":[""7000 lumens; motorized zoom 11-22°""],""lifecycle"":""current (listed by manufacturer)"",""source_urls"":[""https://www.adj.com/products/focus-spot-4z""],""dimensions"":{""value"":""7.15 x 10.97 x 18 in (181.5 x 278.6 x 457.4 mm), LxWxH"",""units"":""as stated by manufacturer""},""dmx_channels"":[16,18,22]}","[""https://www.adj.com/cdn/shop/files/a74bd932582c95b0204ab23388d7dc7f7fe9e08b_FOC200__IMG__001__3dc23d06cee1.jpg?v=1776751364&width=800""]",ready_for_visualization,assets/fixtures/adj/focus-spot-4z,assets/fixtures/adj/focus-spot-4z/fixture.json,docs/08 Fixture Library/entries/adj/focus-spot-4z.md,assets/fixtures/adj/focus-spot-4z/models/fixture.blend,assets/fixtures/adj/focus-spot-4z/models/fixture.usdz,assets/fixtures/adj/focus-spot-4z/validation/usdz.json,high,5,assets/fixtures/adj/focus-spot-4z/previews/three-quarter.png,assets/fixtures/adj/focus-spot-4z/validation/detail.json,,validated,assets/fixtures/adj/focus-spot-4z/validation/parity.json,lighting.moving.spot,"Source protocol list: DMX512, RDM",Lighting fixtures > Automated lighting > Spot / gobo projector,[],rigged_native_validated,assets/fixtures/adj/focus-spot-4z/models/rig.json,2,apps/visionos/VenueVolume/FixtureAssets/Catalog/adj/focus-spot-4z/fixture.usdz,,complete,,
Hydro Beam X1,HYD100,ADJ,Moving head,IP65 beam,https://www.adj.com/products/hydro-beam-x1,"{""protocols"":[""DMX512"",""RDM"",""W-DMX""],""notable"":[""100 W discharge lamp; 3° beam; IP65""],""lifecycle"":""current (listed by manufacturer)"",""source_urls"":[""https://www.adj.com/products/hydro-beam-x1""],""dimensions"":{""value"":""13.2 x 8.3 x 16.9 in (336 x 210 x 430 mm), LxWxH"",""units"":""as stated by manufacturer""},""power"":""235 W max; 100-240 V AC, 50/60 Hz"",""dmx_channels"":[11,14]}","[""https://www.adj.com/cdn/shop/files/2ca9d5892d774450aa191f321349e6f771ee8f18_HYDRO_BEAM_X1_red_RT.jpg?v=1778306536&width=800""]",ready_for_visualization,assets/fixtures/adj/hydro-beam-x1,assets/fixtures/adj/hydro-beam-x1/fixture.json,docs/08 Fixture Library/entries/adj/hydro-beam-x1.md,assets/fixtures/adj/hydro-beam-x1/models/fixture.blend,assets/fixtures/adj/hydro-beam-x1/models/fixture.usdz,assets/fixtures/adj/hydro-beam-x1/validation/usdz.json,high,2,assets/fixtures/adj/hydro-beam-x1/previews/three-quarter.png,assets/fixtures/adj/hydro-beam-x1/validation/detail.json,,validated,assets/fixtures/adj/hydro-beam-x1/validation/parity.json,lighting.moving.beam,"Source protocol list: DMX512, RDM, W-DMX",Lighting fixtures > Automated lighting > Beam,"[""weather-rated variant""]",rigged_native_validated,assets/fixtures/adj/hydro-beam-x1/models/rig.json,2,apps/visionos/VenueVolume/FixtureAssets/Catalog/adj/hydro-beam-x1/fixture.usdz,,complete,,
Jolt Bar FX,JOLT-BAR-FX,ADJ,Batten,LED strobe/blinder bar,https://www.adj.com/products/jolt-bar-fx,"{""protocols"":[""DMX""],""lifecycle"":""discontinued (manufacturer page)"",""source_urls"":[""https://www.adj.com/products/jolt-bar-fx""],""dimensions"":{""value"":""39.4 x 4.2 x 4.8 in (1000 x 107 x 123 mm), LxWxH"",""units"":""as stated by manufacturer""},""dmx_channels"":[6,9,13,16,18,32,32,38,43,64,78,112,127],""notable"":[""448 RGB plus 112 cool-white LEDs; strobe/blinder zones"",""discontinued""]}","[""https://www.adj.com/cdn/shop/files/4ba34d07f96ad74129a39daa60a889601126b3e3_JOL250__IMG__003__d947eb5428f7.jpg?v=1776713379&width=800""]",ready_for_visualization,assets/fixtures/adj/jolt-bar-fx,assets/fixtures/adj/jolt-bar-fx/fixture.json,docs/08 Fixture Library/entries/adj/jolt-bar-fx.md,assets/fixtures/adj/jolt-bar-fx/models/fixture.blend,assets/fixtures/adj/jolt-bar-fx/models/fixture.usdz,assets/fixtures/adj/jolt-bar-fx/validation/usdz.json,high,2,assets/fixtures/adj/jolt-bar-fx/previews/three-quarter.png,assets/fixtures/adj/jolt-bar-fx/validation/detail.json,,validated,assets/fixtures/adj/jolt-bar-fx/validation/parity.json,lighting.effects.strobe,Source protocol list: DMX,Lighting fixtures > Visible and audience effects > Strobe,"[""strobe capable"", ""blinder capable""]",static_native_validated,assets/fixtures/adj/jolt-bar-fx/models/rig.json,0,apps/visionos/VenueVolume/FixtureAssets/Catalog/adj/jolt-bar-fx/fixture.usdz,,complete,,
LED Bar,LED BAR,ADJ,Batten,LED wash bar,https://www.adj.com/products/led-bar,"{""dimensions"":{""value"":""19.75 x 3.5 x 5.25 in (500 x 90 x 132 mm), LxWxH"",""units"":""as stated by manufacturer""},""power"":""built-in supply; exact draw not stated on page"",""protocols"":[""DMX-512""],""notable"":[""4 x 61 RGB LEDs; 30° beam"",""discontinued""],""lifecycle"":""discontinued (manufacturer page)"",""source_urls"":[""https://www.adj.com/products/led-bar""]}","[""https://www.adj.com/cdn/shop/files/7bcfbe90e80e9aca47aa38adedb0ff216906529d_LED_BAR__IMG__001__a4051e307ea2.jpg?v=1776715774&width=2048""]",ready_for_visualization,assets/fixtures/adj/led-bar,assets/fixtures/adj/led-bar/fixture.json,docs/08 Fixture Library/entries/adj/led-bar.md,assets/fixtures/adj/led-bar/models/fixture.blend,assets/fixtures/adj/led-bar/models/fixture.usdz,assets/fixtures/adj/led-bar/validation/usdz.json,high,2,assets/fixtures/adj/led-bar/previews/three-quarter.png,assets/fixtures/adj/led-bar/validation/detail.json,,validated,assets/fixtures/adj/led-bar/validation/parity.json,lighting.static.batten,Source protocol list: DMX-512,Lighting fixtures > Static and manually focused > Linear batten / striplight,[],static_native_validated,assets/fixtures/adj/led-bar/models/rig.json,0,apps/visionos/VenueVolume/FixtureAssets/Catalog/adj/led-bar/fixture.usdz,,complete,,
STRYKER WASH,STR100,ADJ,Moving head,wash,https://www.adj.com/products/stryker-wash,"{""dimensions"":{""value"":""8.7 x 12.8 x 15.7 in (222 x 324 x 399 mm), LxWxH"",""units"":""as stated by manufacturer""},""weight"":""18.1 lb (8.2 kg)"",""power"":""300 W max; 100-240 V AC, 50/60 Hz"",""protocols"":[""DMX-512""],""dmx_channels"":[13,23],""notable"":[""19 x 12 W RGBW LEDs"",""motorized zoom 6-50°"",""IP20""],""lifecycle"":""current (listed by manufacturer)"",""source_urls"":[""https://www.adj.com/products/stryker-wash""]}","[""https://www.adj.com/cdn/shop/files/aff04e4f77e061376b58502065e4278f6f563981_STR100__IMG__001__3350049b2831.jpg?v=1776712421&width=800""]",ready_for_visualization,assets/fixtures/adj/stryker-wash,assets/fixtures/adj/stryker-wash/fixture.json,docs/08 Fixture Library/entries/adj/stryker-wash.md,assets/fixtures/adj/stryker-wash/models/fixture.blend,assets/fixtures/adj/stryker-wash/models/fixture.usdz,assets/fixtures/adj/stryker-wash/validation/usdz.json,high,2,assets/fixtures/adj/stryker-wash/previews/three-quarter.png,assets/fixtures/adj/stryker-wash/validation/detail.json,,validated,assets/fixtures/adj/stryker-wash/validation/parity.json,lighting.moving.wash,Source protocol list: DMX-512,Lighting fixtures > Automated lighting > Wash,[],rigged_native_validated,assets/fixtures/adj/stryker-wash/models/rig.json,2,apps/visionos/VenueVolume/FixtureAssets/Catalog/adj/stryker-wash/fixture.usdz,,complete,,
COLORado Solo Batten,COLORADOSOLOBATTEN,CHAUVET Professional,Batten,IP-rated pixel batten,https://chauvetprofessional.com/product/colorado-solo-batten/,"{""protocols"":[""DMX"",""RDM"",""Art-Net"",""sACN""],""notable"":[""144 LEDs; 12 controllable sections; IP65""],""source_urls"":[""https://chauvetprofessional.com/product/colorado-solo-batten/""],""dimensions"":{""value"":""39.86 x 9.06 x 9.84 in (1012.5 x 230 x 249.8 mm)"",""units"":""as stated by manufacturer""},""power"":""336 W at 120 V; 100-240 V AC"",""dmx_channels"":[36,48,60,75,85,87,99,120,160]}","[""https://chauvetprofessional.com/wp-content/uploads/2025/10/COLORADO-SOLO-BATTEN-FRONT-FEAT.png""]",researched,assets/fixtures/chauvet-professional/colorado-solo-batten,assets/fixtures/chauvet-professional/colorado-solo-batten/fixture.json,docs/08 Fixture Library/entries/chauvet-professional/colorado-solo-batten.md,assets/fixtures/chauvet-professional/colorado-solo-batten/models/fixture.blend,assets/fixtures/chauvet-professional/colorado-solo-batten/models/fixture.usdz,assets/fixtures/chauvet-professional/colorado-solo-batten/validation/usdz.json,high,3,assets/fixtures/chauvet-professional/colorado-solo-batten/previews/three-quarter.png,assets/fixtures/chauvet-professional/colorado-solo-batten/validation/detail.json,,validated,assets/fixtures/chauvet-professional/colorado-solo-batten/validation/parity.json,lighting.static.batten,"Source protocol list: DMX, RDM, Art-Net, sACN",Lighting fixtures > Static and manually focused > Linear batten / striplight,"[""pixel control""]",static_native_validated,assets/fixtures/chauvet-professional/colorado-solo-batten/models/rig.json,0,apps/visionos/VenueVolume/FixtureAssets/Catalog/chauvet-professional/colorado-solo-batten/fixture.usdz,,complete,,
COLORdash Batten-Quad 6,COLORBATTENQUAD6,CHAUVET Professional,Batten,RGBW pixel bar,https://chauvetprofessional.com/product/colordash-batten-quad-6/,"{""dimensions"":{""value"":""22 x 2.6 x 6.5 in (560 x 65 x 164 mm)"",""units"":""as stated by manufacturer""},""weight"":""5 lb (2.3 kg)"",""power"":""90 W at 120 V; 100-240 V AC"",""protocols"":[""DMX""],""dmx_channels"":[4,6,10,24,28],""notable"":[""six RGBA pixels; 17° beam; IP20""],""source_urls"":[""https://chauvetprofessional.com/product/colordash-batten-quad-6/""]}","[""https://chauvetprofessional.com/wp-content/uploads/2025/10/COLORdash-Batten-Quad-6-FRONT-FEAT.png""]",researched,assets/fixtures/chauvet-professional/colordash-batten-quad-6,assets/fixtures/chauvet-professional/colordash-batten-quad-6/fixture.json,docs/08 Fixture Library/entries/chauvet-professional/colordash-batten-quad-6.md,assets/fixtures/chauvet-professional/colordash-batten-quad-6/models/fixture.blend,assets/fixtures/chauvet-professional/colordash-batten-quad-6/models/fixture.usdz,assets/fixtures/chauvet-professional/colordash-batten-quad-6/validation/usdz.json,high,2,assets/fixtures/chauvet-professional/colordash-batten-quad-6/previews/three-quarter.png,assets/fixtures/chauvet-professional/colordash-batten-quad-6/validation/detail.json,,validated,assets/fixtures/chauvet-professional/colordash-batten-quad-6/validation/parity.json,lighting.static.batten,Source protocol list: DMX,Lighting fixtures > Static and manually focused > Linear batten / striplight,"[""pixel control""]",static_native_validated,assets/fixtures/chauvet-professional/colordash-batten-quad-6/models/rig.json,0,apps/visionos/VenueVolume/FixtureAssets/Catalog/chauvet-professional/colordash-batten-quad-6/fixture.usdz,,complete,,
Maverick MK2 Wash,MAVERICKMK2WASH,CHAUVET Professional,Moving head,wash,https://chauvetprofessional.com/product/maverick-mk2-wash/,"{""dimensions"":{""value"":""12.72 x 9.17 x 18.54 in (323 x 233 x 471 mm)"",""units"":""as stated by manufacturer""},""weight"":""32.8 lb (14.8 kg)"",""power"":""503 W; 100-240 V AC"",""protocols"":[""DMX"",""Art-Net"",""sACN"",""Kling-Net"",""W-DMX"",""RDM""],""dmx_channels"":[20,69,115],""source_urls"":[""https://chauvetprofessional.com/product/maverick-mk2-wash/""],""notable"":[""12 x 40 W RGBW LEDs; 4.7-65.5° zoom; IP20""]}","[""https://chauvetprofessional.com/wp-content/uploads/2025/10/MAVERICK-MK2-WASH-FRONT-FEAT.png""]",researched,assets/fixtures/chauvet-professional/maverick-mk2-wash,assets/fixtures/chauvet-professional/maverick-mk2-wash/fixture.json,docs/08 Fixture Library/entries/chauvet-professional/maverick-mk2-wash.md,assets/fixtures/chauvet-professional/maverick-mk2-wash/models/fixture.blend,assets/fixtures/chauvet-professional/maverick-mk2-wash/models/fixture.usdz,assets/fixtures/chauvet-professional/maverick-mk2-wash/validation/usdz.json,high,2,assets/fixtures/chauvet-professional/maverick-mk2-wash/previews/three-quarter.png,assets/fixtures/chauvet-professional/maverick-mk2-wash/validation/detail.json,,validated,assets/fixtures/chauvet-professional/maverick-mk2-wash/validation/parity.json,lighting.moving.wash,"Source protocol list: DMX, Art-Net, sACN, Kling-Net, W-DMX, RDM",Lighting fixtures > Automated lighting > Wash,[],rigged_native_validated,assets/fixtures/chauvet-professional/maverick-mk2-wash/models/rig.json,2,apps/visionos/VenueVolume/FixtureAssets/Catalog/chauvet-professional/maverick-mk2-wash/fixture.usdz,,complete,,
Rogue R1X Spot,ROGUER1XSPOT,CHAUVET Professional,Moving head,spot,https://chauvetprofessional.com/product/rogue-r1x-spot/,"{""dimensions"":{""value"":""11.10 x 14.20 x 17.60 in (282 x 360 x 447 mm)"",""units"":""as stated by manufacturer""},""weight"":""37.6 lb (17.1 kg)"",""power"":""303 W, 2.34 A at 120 V; 100-240 V AC"",""protocols"":[""DMX"",""RDM""],""dmx_channels"":[16,19],""notable"":[""170 W LED; 14° beam; dual gobo wheels; IP20""],""source_urls"":[""https://chauvetprofessional.com/product/rogue-r1x-spot/""]}","[""https://chauvetprofessional.com/wp-content/uploads/2025/10/ROGUE_1X_SPOT-FRONT-FEAT.png""]",researched,assets/fixtures/chauvet-professional/rogue-r1x-spot,assets/fixtures/chauvet-professional/rogue-r1x-spot/fixture.json,docs/08 Fixture Library/entries/chauvet-professional/rogue-r1x-spot.md,assets/fixtures/chauvet-professional/rogue-r1x-spot/models/fixture.blend,assets/fixtures/chauvet-professional/rogue-r1x-spot/models/fixture.usdz,assets/fixtures/chauvet-professional/rogue-r1x-spot/validation/usdz.json,high,2,assets/fixtures/chauvet-professional/rogue-r1x-spot/previews/three-quarter.png,assets/fixtures/chauvet-professional/rogue-r1x-spot/validation/detail.json,,validated,assets/fixtures/chauvet-professional/rogue-r1x-spot/validation/parity.json,lighting.moving.spot,"Source protocol list: DMX, RDM",Lighting fixtures > Automated lighting > Spot / gobo projector,[],rigged_native_validated,assets/fixtures/chauvet-professional/rogue-r1x-spot/models/rig.json,2,apps/visionos/VenueVolume/FixtureAssets/RogueR1X/fixture.usdz,,complete,,
Rogue R2 Wash,ROGUER2WASH,CHAUVET Professional,Moving head,wash,https://chauvetprofessional.com/product/rogue-r2-wash/,"{""weight"":""20.4 lb (9.25 kg)"",""power"":""339 W, 2.95 A at 120 V; 100-240 V AC"",""protocols"":[""DMX""],""dmx_channels"":[15,17,22,33,54,56],""notable"":[""19 x 15 W RGBW LEDs; 5-zone pixel mapping; 12-49° zoom; IP20""],""source_urls"":[""https://chauvetprofessional.com/product/rogue-r2-wash/""],""dimensions"":{""value"":""8.58 x 12.05 x 15.67 in (218 x 306 x 398 mm)"",""units"":""as stated by manufacturer""}}","[""https://chauvetprofessional.com/wp-content/uploads/2025/10/ROGUE_R2_WASH-FRONT-FEAT.png""]",researched,assets/fixtures/chauvet-professional/rogue-r2-wash,assets/fixtures/chauvet-professional/rogue-r2-wash/fixture.json,docs/08 Fixture Library/entries/chauvet-professional/rogue-r2-wash.md,assets/fixtures/chauvet-professional/rogue-r2-wash/models/fixture.blend,assets/fixtures/chauvet-professional/rogue-r2-wash/models/fixture.usdz,assets/fixtures/chauvet-professional/rogue-r2-wash/validation/usdz.json,high,2,assets/fixtures/chauvet-professional/rogue-r2-wash/previews/three-quarter.png,assets/fixtures/chauvet-professional/rogue-r2-wash/validation/detail.json,,validated,assets/fixtures/chauvet-professional/rogue-r2-wash/validation/parity.json,lighting.moving.wash,Source protocol list: DMX,Lighting fixtures > Automated lighting > Wash,[],rigged_native_validated,assets/fixtures/chauvet-professional/rogue-r2-wash/models/rig.json,2,apps/visionos/VenueVolume/FixtureAssets/Catalog/chauvet-professional/rogue-r2-wash/fixture.usdz,,complete,,
Rogue RH1 Hybrid,ROGUERH1HYBRID,CHAUVET Professional,Moving head,hybrid beam/spot/wash,https://chauvetprofessional.com/product/rogue-rh1-hybrid/,"{""dimensions"":{""value"":""16.1 x 12.9 x 25.8 in (409 x 327 x 638 mm)"",""units"":""as stated by manufacturer""},""weight"":""55.2 lb (25.1 kg)"",""power"":""548 W; 100-240 V AC, 50/60 Hz"",""protocols"":[""DMX""],""dmx_channels"":[20,25],""notable"":[""330 W discharge lamp; beam 2.5-8°, spot 5-19°, wash 18-38°""],""source_urls"":[""https://chauvetprofessional.com/product/rogue-rh1-hybrid/""],""lifecycle"":""legacy model (manufacturer page carries legacy marker)""}","[""https://chauvetprofessional.com/wp-content/uploads/2025/10/Rogue-R1-Hybrid-FRONT-FEAT.png""]",researched,assets/fixtures/chauvet-professional/rogue-rh1-hybrid,assets/fixtures/chauvet-professional/rogue-rh1-hybrid/fixture.json,docs/08 Fixture Library/entries/chauvet-professional/rogue-rh1-hybrid.md,assets/fixtures/chauvet-professional/rogue-rh1-hybrid/models/fixture.blend,assets/fixtures/chauvet-professional/rogue-rh1-hybrid/models/fixture.usdz,assets/fixtures/chauvet-professional/rogue-rh1-hybrid/validation/usdz.json,high,2,assets/fixtures/chauvet-professional/rogue-rh1-hybrid/previews/three-quarter.png,assets/fixtures/chauvet-professional/rogue-rh1-hybrid/validation/detail.json,,validated,assets/fixtures/chauvet-professional/rogue-rh1-hybrid/validation/parity.json,lighting.moving.hybrid,Source protocol list: DMX,Lighting fixtures > Automated lighting > Beam / spot / wash hybrid,"[""multi-role optics""]",rigged_native_validated,assets/fixtures/chauvet-professional/rogue-rh1-hybrid/models/rig.json,2,apps/visionos/VenueVolume/FixtureAssets/Catalog/chauvet-professional/rogue-rh1-hybrid/fixture.usdz,,complete,,
Arolla Profile MP,CL3013,Claypaky,Moving head,profile,https://www.claypaky.it/products/arolla-profile-mp/,"{""dimensions"":""250 x 360 mm base; 593 mm height"",""power"":""470 W LED; max 740 VA, 100-240 VAC 50/60 Hz"",""protocols"":[""DMX"",""Art-Net"",""RDM"",""sACN""],""channels"":""37/39"",""source_urls"":[""https://www.claypaky.it/products/arolla-profile-mp/""]}","[""https://www.claypaky.it/wp-content/uploads/2022/10/Claypaky_Arolla_Profile_MP.jpg""]",researched,assets/fixtures/claypaky/arolla-profile-mp,assets/fixtures/claypaky/arolla-profile-mp/fixture.json,docs/08 Fixture Library/entries/claypaky/arolla-profile-mp.md,assets/fixtures/claypaky/arolla-profile-mp/models/fixture.blend,assets/fixtures/claypaky/arolla-profile-mp/models/fixture.usdz,assets/fixtures/claypaky/arolla-profile-mp/validation/usdz.json,high,2,assets/fixtures/claypaky/arolla-profile-mp/previews/three-quarter.png,assets/fixtures/claypaky/arolla-profile-mp/validation/detail.json,,validated,assets/fixtures/claypaky/arolla-profile-mp/validation/parity.json,lighting.moving.profile,"Source protocol list: DMX, Art-Net, RDM, sACN",Lighting fixtures > Automated lighting > Framing profile,[],rigged_native_validated,assets/fixtures/claypaky/arolla-profile-mp/models/rig.json,2,apps/visionos/VenueVolume/FixtureAssets/Catalog/claypaky/arolla-profile-mp/fixture.usdz,,complete,,
Arolla Spot MP,CL3012,Claypaky,Moving head,spot,https://www.claypaky.it/products/arolla-spot-mp/,"{""dimensions"":""250 x 360 x 593 mm (L x W x H)"",""power"":""470 W LED; max 740 VA, 100-240 VAC 50/60 Hz"",""protocols"":[""DMX"",""Art-Net"",""RDM"",""sACN""],""channels"":""29/31"",""source_urls"":[""https://www.claypaky.it/products/arolla-spot-mp/"",""https://www.claypaky.it/products/arolla-spot-mp/claypaky_arollaspotmp_en/""]}","[""https://www.claypaky.it/wp-content/uploads/2022/10/Claypaky_Arolla_Spot_MP.jpg""]",ready_for_visualization,assets/fixtures/claypaky/arolla-spot-mp,assets/fixtures/claypaky/arolla-spot-mp/fixture.json,docs/08 Fixture Library/entries/claypaky/arolla-spot-mp.md,assets/fixtures/claypaky/arolla-spot-mp/models/fixture.blend,assets/fixtures/claypaky/arolla-spot-mp/models/fixture.usdz,assets/fixtures/claypaky/arolla-spot-mp/validation/usdz.json,high,2,assets/fixtures/claypaky/arolla-spot-mp/previews/three-quarter.png,assets/fixtures/claypaky/arolla-spot-mp/validation/detail.json,,validated,assets/fixtures/claypaky/arolla-spot-mp/validation/parity.json,lighting.moving.spot,"Source protocol list: DMX, Art-Net, RDM, sACN",Lighting fixtures > Automated lighting > Spot / gobo projector,[],rigged_native_validated,assets/fixtures/claypaky/arolla-spot-mp/models/rig.json,2,apps/visionos/VenueVolume/FixtureAssets/Catalog/claypaky/arolla-spot-mp/fixture.usdz,,complete,,
HY B-EYE K25,C61470,Claypaky,Moving head,LED wash beam fx,https://www.claypaky.it/products/hy-b-eye-k25/,"{""dimensions"":""329 x 387 mm base; 590 mm height with horizontal head"",""weight"":""27.5 kg"",""power"":""1250 VA max at 230 V; 100-240 V"",""protocols"":[""DMX"",""Art-Net"",""sACN"",""RDM""],""channels"":""21/22/35/36 basic; 111/148 pixel"",""source_urls"":[""https://www.claypaky.it/products/hy-b-eye-k25/""]}","[""https://www.claypaky.it/wp-content/uploads/2022/10/Claypaky_HY_B-EYE_K25.jpg""]",researched,assets/fixtures/claypaky/hy-b-eye-k25,assets/fixtures/claypaky/hy-b-eye-k25/fixture.json,docs/08 Fixture Library/entries/claypaky/hy-b-eye-k25.md,assets/fixtures/claypaky/hy-b-eye-k25/models/fixture.blend,assets/fixtures/claypaky/hy-b-eye-k25/models/fixture.usdz,assets/fixtures/claypaky/hy-b-eye-k25/validation/usdz.json,high,2,assets/fixtures/claypaky/hy-b-eye-k25/previews/three-quarter.png,assets/fixtures/claypaky/hy-b-eye-k25/validation/detail.json,,validated,assets/fixtures/claypaky/hy-b-eye-k25/validation/parity.json,lighting.moving.wash,"Source protocol list: DMX, Art-Net, sACN, RDM",Lighting fixtures > Automated lighting > Wash,[],rigged_native_validated,assets/fixtures/claypaky/hy-b-eye-k25/models/rig.json,2,apps/visionos/VenueVolume/FixtureAssets/Catalog/claypaky/hy-b-eye-k25/fixture.usdz,,complete,,
Sharpy,C61375,Claypaky,Moving head,legacy beam,https://www.claypaky.it/products/sharpy-legacy/,"{""dimensions"":""330 x 405 mm base; 475 mm overall height (manufacturer dimension drawing)"",""weight"":""19 kg"",""power"":""350 VA max; 100-240 V, 50/60 Hz"",""protocols"":[""DMX"",""Art-Net"",""RDM"",""sACN""],""channels"":""16/20"",""lifecycle"":""Discontinued"",""source_urls"":[""https://www.claypaky.it/products/sharpy-legacy/"",""https://www.claypaky.it/wp-content/uploads/2022/10/Claypaky_sharpy_leaflet.pdf""]}","[""https://www.claypaky.it/wp-content/uploads/2022/10/Claypaky_Sharpy.jpg""]",researched,assets/fixtures/claypaky/sharpy,assets/fixtures/claypaky/sharpy/fixture.json,docs/08 Fixture Library/entries/claypaky/sharpy.md,assets/fixtures/claypaky/sharpy/models/fixture.blend,assets/fixtures/claypaky/sharpy/models/fixture.usdz,assets/fixtures/claypaky/sharpy/validation/usdz.json,high,3,assets/fixtures/claypaky/sharpy/previews/three-quarter.png,assets/fixtures/claypaky/sharpy/validation/detail.json,,validated,assets/fixtures/claypaky/sharpy/validation/parity.json,lighting.moving.beam,"Source protocol list: DMX, Art-Net, RDM, sACN",Lighting fixtures > Automated lighting > Beam,"[""legacy model""]",rigged_native_validated,assets/fixtures/claypaky/sharpy/models/rig.json,2,apps/visionos/VenueVolume/FixtureAssets/Catalog/claypaky/sharpy/fixture.usdz,,complete,,
Sharpy Plus,CD3000,Claypaky,Moving head,hybrid beam spot,https://www.claypaky.it/products/sharpy-plus/,"{""dimensions"":""307 x 375 mm base; 635 mm height"",""weight"":""23 kg"",""power"":""540 VA max; 100-240 V, 50/60 Hz"",""protocols"":[""DMX"",""Art-Net"",""RDM"",""sACN""],""channels"":""31"",""source_urls"":[""https://www.claypaky.it/products/sharpy-plus/""]}","[""https://www.claypaky.it/wp-content/uploads/2022/10/Claypaky_SharpyPlus.jpg""]",researched,assets/fixtures/claypaky/sharpy-plus,assets/fixtures/claypaky/sharpy-plus/fixture.json,docs/08 Fixture Library/entries/claypaky/sharpy-plus.md,assets/fixtures/claypaky/sharpy-plus/models/fixture.blend,assets/fixtures/claypaky/sharpy-plus/models/fixture.usdz,assets/fixtures/claypaky/sharpy-plus/validation/usdz.json,high,2,assets/fixtures/claypaky/sharpy-plus/previews/three-quarter.png,assets/fixtures/claypaky/sharpy-plus/validation/detail.json,,validated,assets/fixtures/claypaky/sharpy-plus/validation/parity.json,lighting.moving.hybrid,"Source protocol list: DMX, Art-Net, RDM, sACN",Lighting fixtures > Automated lighting > Beam / spot / wash hybrid,"[""multi-role optics""]",rigged_native_validated,assets/fixtures/claypaky/sharpy-plus/models/rig.json,2,apps/visionos/VenueVolume/FixtureAssets/Catalog/claypaky/sharpy-plus/fixture.usdz,,complete,,
Sharpy Plus Aqua,CD3002,Claypaky,Moving head,IP66 hybrid beam spot,https://www.claypaky.it/products/sharpy-plus-aqua/,"{""dimensions"":""336 x 420 x 731 mm (L x W x H)"",""weight"":""38 kg"",""protocols"":[""DMX"",""Art-Net"",""RDM"",""sACN""],""source_urls"":[""https://www.claypaky.it/products/sharpy-plus-aqua/"",""https://www.claypaky.it/wp-content/uploads/2022/10/Claypaky_NewProducts2019-2020_EN.pdf""]}","[""https://www.claypaky.it/wp-content/uploads/2025/06/Claypaky_SharpyPlusAqua.jpg""]",ready_for_visualization,assets/fixtures/claypaky/sharpy-plus-aqua,assets/fixtures/claypaky/sharpy-plus-aqua/fixture.json,docs/08 Fixture Library/entries/claypaky/sharpy-plus-aqua.md,assets/fixtures/claypaky/sharpy-plus-aqua/models/fixture.blend,assets/fixtures/claypaky/sharpy-plus-aqua/models/fixture.usdz,assets/fixtures/claypaky/sharpy-plus-aqua/validation/usdz.json,high,2,assets/fixtures/claypaky/sharpy-plus-aqua/previews/three-quarter.png,assets/fixtures/claypaky/sharpy-plus-aqua/validation/detail.json,,validated,assets/fixtures/claypaky/sharpy-plus-aqua/validation/parity.json,lighting.moving.hybrid,"Source protocol list: DMX, Art-Net, RDM, sACN",Lighting fixtures > Automated lighting > Beam / spot / wash hybrid,"[""weather-rated variant"", ""multi-role optics""]",rigged_native_validated,assets/fixtures/claypaky/sharpy-plus-aqua/models/rig.json,2,apps/visionos/VenueVolume/FixtureAssets/Catalog/claypaky/sharpy-plus-aqua/fixture.usdz,,complete,,
DARTZ 360,DAR880,Elation Professional,Moving head,beam,https://www.elationlighting.com/products/dartz-360,"{""protocols"":[""DMX"",""RDM"",""Kling-Net"",""Art-Net"",""sACN""],""source_urls"":[""https://www.elationlighting.com/products/dartz-360""],""dimensions"":{""value"":""11.2 x 7.7 x 17.9 in (284.15 x 195.97 x 454.7 mm)"",""units"":""as stated by manufacturer""},""power"":""154 W max; 100-240 V AC, 50/60 Hz"",""dmx_channels"":[19,22,25],""notable"":[""50 W RGB LED; continuous 360° pan/tilt; IP20""]}","[""https://www.elationlighting.com/cdn/shop/files/9a52b514f22cc4267d1a3efdd11897414280eec0_DAR880__IMG__001__cd987eea5c81.jpg?v=1776815066&width=850""]",ready_for_visualization,assets/fixtures/elation-professional/dartz-360,assets/fixtures/elation-professional/dartz-360/fixture.json,docs/08 Fixture Library/entries/elation-professional/dartz-360.md,assets/fixtures/elation-professional/dartz-360/models/fixture.blend,assets/fixtures/elation-professional/dartz-360/models/fixture.usdz,assets/fixtures/elation-professional/dartz-360/validation/usdz.json,high,2,assets/fixtures/elation-professional/dartz-360/previews/three-quarter.png,assets/fixtures/elation-professional/dartz-360/validation/detail.json,,validated,assets/fixtures/elation-professional/dartz-360/validation/parity.json,lighting.moving.beam,"Source protocol list: DMX, RDM, Kling-Net, Art-Net, sACN",Lighting fixtures > Automated lighting > Beam,[],rigged_native_validated,assets/fixtures/elation-professional/dartz-360/models/rig.json,2,apps/visionos/VenueVolume/FixtureAssets/Catalog/elation-professional/dartz-360/fixture.usdz,,complete,,
Fuze SFX,FUZ406,Elation Professional,Moving head,spot/effect,https://www.elationlighting.com/products/fuze-sfx,"{""dimensions"":{""value"":""14.3 x 9.2 x 23.4 in (362 x 233 x 595 mm)"",""units"":""as stated by manufacturer""},""weight"":""45.9 lb (20.8 kg)"",""power"":""432 W max; 100-240 V AC, 50/60 Hz"",""protocols"":[""DMX""],""dmx_channels"":[31],""notable"":[""300 W LED; 12,135 lumens; 4.5-38° zoom; IP20""],""source_urls"":[""https://www.elationlighting.com/products/fuze-sfx""]}","[""https://www.elationlighting.com/cdn/shop/files/89ae202fa3170c155988939b4acfa394ce85a29f_FUZ406__IMG__002__58ee88d3a569_51e85a0c-274f-454a-b2f6-ac00dc5f19c3.jpg?v=1783577951&width=1200""]",ready_for_visualization,assets/fixtures/elation-professional/fuze-sfx,assets/fixtures/elation-professional/fuze-sfx/fixture.json,docs/08 Fixture Library/entries/elation-professional/fuze-sfx.md,assets/fixtures/elation-professional/fuze-sfx/models/fixture.blend,assets/fixtures/elation-professional/fuze-sfx/models/fixture.usdz,assets/fixtures/elation-professional/fuze-sfx/validation/usdz.json,high,2,assets/fixtures/elation-professional/fuze-sfx/previews/three-quarter.png,assets/fixtures/elation-professional/fuze-sfx/validation/detail.json,,validated,assets/fixtures/elation-professional/fuze-sfx/validation/parity.json,lighting.moving.spot,Source protocol list: DMX,Lighting fixtures > Automated lighting > Spot / gobo projector,[],rigged_native_validated,assets/fixtures/elation-professional/fuze-sfx/models/rig.json,2,apps/visionos/VenueVolume/FixtureAssets/Catalog/elation-professional/fuze-sfx/fixture.usdz,,complete,,
Fuze Wash 500,FUZ567,Elation Professional,Moving head,wash,https://www.elationlighting.com/products/fuze-wash-500,"{""protocols"":[""DMX""],""source_urls"":[""https://www.elationlighting.com/products/fuze-wash-500""],""dimensions"":{""value"":""15.3 x 16.1 x 21.7 in (389.5 x 407.9 x 550.5 mm), with snoot"",""units"":""as stated by manufacturer""},""power"":""609 W max; 100-240 V AC, 50/60 Hz"",""dmx_channels"":[21,30,19,26,19,26,17,26,15,22,15,22],""notable"":[""500 W RGBMA LED; up to 17,000 lumens; 6-53° zoom; IP20""]}","[""https://www.elationlighting.com/cdn/shop/files/f261b7f937117cee2f18bcc03abd483d9a2ed232_FUZ567__IMG__005__607642e601ac.jpg?v=1776815760&width=1200""]",ready_for_visualization,assets/fixtures/elation-professional/fuze-wash-500,assets/fixtures/elation-professional/fuze-wash-500/fixture.json,docs/08 Fixture Library/entries/elation-professional/fuze-wash-500.md,assets/fixtures/elation-professional/fuze-wash-500/models/fixture.blend,assets/fixtures/elation-professional/fuze-wash-500/models/fixture.usdz,assets/fixtures/elation-professional/fuze-wash-500/validation/usdz.json,high,2,assets/fixtures/elation-professional/fuze-wash-500/previews/three-quarter.png,assets/fixtures/elation-professional/fuze-wash-500/validation/detail.json,,validated,assets/fixtures/elation-professional/fuze-wash-500/validation/parity.json,lighting.moving.wash,Source protocol list: DMX,Lighting fixtures > Automated lighting > Wash,[],rigged_native_validated,assets/fixtures/elation-professional/fuze-wash-500/models/rig.json,2,apps/visionos/VenueVolume/FixtureAssets/Catalog/elation-professional/fuze-wash-500/fixture.usdz,,complete,,
KL Fresnel 8,KLF023,Elation Professional,Fresnel,LED theatrical wash,https://www.elationlighting.com/products/kl-fresnel-8,"{""protocols"":[""DMX"",""RDM""],""source_urls"":[""https://www.elationlighting.com/products/kl-fresnel-8""],""dimensions"":{""value"":""23.95 x 12.89 x 17.95 in (608.4 x 327.5 x 456 mm)"",""units"":""as stated by manufacturer""},""power"":""430 W max; 100-240 V AC, 50/60 Hz"",""dmx_channels"":[2,3,3,6,7],""notable"":[""350 W warm-white LED; 11-57° zoom; IP20""],""lifecycle"":""discontinued (manufacturer page)""}","[""https://www.elationlighting.com/cdn/shop/files/9182ac94ce3e7191a943e08811665c65e4c51157_KLF023__IMG__001__42d4bf9b406c.jpg?v=1776815436&width=850""]",ready_for_visualization,assets/fixtures/elation-professional/kl-fresnel-8,assets/fixtures/elation-professional/kl-fresnel-8/fixture.json,docs/08 Fixture Library/entries/elation-professional/kl-fresnel-8.md,assets/fixtures/elation-professional/kl-fresnel-8/models/fixture.blend,assets/fixtures/elation-professional/kl-fresnel-8/models/fixture.usdz,assets/fixtures/elation-professional/kl-fresnel-8/validation/usdz.json,high,4,assets/fixtures/elation-professional/kl-fresnel-8/previews/three-quarter.png,assets/fixtures/elation-professional/kl-fresnel-8/validation/detail.json,,validated,assets/fixtures/elation-professional/kl-fresnel-8/validation/parity.json,lighting.static.fresnel,"Source protocol list: DMX, RDM",Lighting fixtures > Static and manually focused > Fresnel wash,[],rigged_native_validated,assets/fixtures/elation-professional/kl-fresnel-8/models/rig.json,1,apps/visionos/VenueVolume/FixtureAssets/Catalog/elation-professional/kl-fresnel-8/fixture.usdz,,complete,,
Proteus Radius,PRD013,Elation Professional,Moving head,beam/hybrid,https://www.elationlighting.com/products/proteus-radius,"{""dimensions"":{""value"":""10.6 x 15.5 x 20.3 in (270 x 395 x 516 mm)"",""units"":""as stated by manufacturer""},""weight"":""45.0 lb (20.4 kg)"",""power"":""300 W max; 100-240 V AC, 50/60 Hz"",""protocols"":[""DMX"",""RDM"",""Art-Net"",""sACN""],""notable"":[""100 W laser phosphor engine; 0.9° beam; IP66""],""source_urls"":[""https://www.elationlighting.com/products/proteus-radius""]}","[""https://www.elationlighting.com/cdn/shop/files/8a816888b19c597ff679c5fcb47dd7fcb4a0d392_PRD013__IMG__001__0d483618ed34.png?v=1776814959&width=1200""]",ready_for_visualization,assets/fixtures/elation-professional/proteus-radius,assets/fixtures/elation-professional/proteus-radius/fixture.json,docs/08 Fixture Library/entries/elation-professional/proteus-radius.md,assets/fixtures/elation-professional/proteus-radius/models/fixture.blend,assets/fixtures/elation-professional/proteus-radius/models/fixture.usdz,assets/fixtures/elation-professional/proteus-radius/validation/usdz.json,high,2,assets/fixtures/elation-professional/proteus-radius/previews/three-quarter.png,assets/fixtures/elation-professional/proteus-radius/validation/detail.json,,validated,assets/fixtures/elation-professional/proteus-radius/validation/parity.json,lighting.moving.hybrid,"Source protocol list: DMX, RDM, Art-Net, sACN",Lighting fixtures > Automated lighting > Beam / spot / wash hybrid,"[""multi-role optics""]",rigged_native_validated,assets/fixtures/elation-professional/proteus-radius/models/rig.json,2,apps/visionos/VenueVolume/FixtureAssets/Catalog/elation-professional/proteus-radius/fixture.usdz,,complete,,
SixBar 1000,SIX086,Elation Professional,Batten,LED pixel bar,https://www.elationlighting.com/products/sixbar-1000,"{""protocols"":[""DMX"",""Art-Net"",""Kling-Net"",""RDM""],""source_urls"":[""https://www.elationlighting.com/products/sixbar-1000""],""dimensions"":{""value"":""35.4 x 8.1 x 6.1 in (900 x 206.4 x 155 mm)"",""units"":""as stated by manufacturer""},""power"":""145 W max; 110-240 V AC, 50/60 Hz"",""dmx_channels"":[6,7,11,13,36,72,75,79],""notable"":[""12 x 12 W RGBAW+UV LEDs; 30° beam; IP20""],""lifecycle"":""discontinued (manufacturer page)""}","[""https://www.elationlighting.com/cdn/shop/files/e9bbd10c55a2546928e84a0f850337a4b52835bf_SIX086__IMG__001__4d03a9ebf964.jpg?v=1776815102&width=850""]",ready_for_visualization,assets/fixtures/elation-professional/sixbar-1000,assets/fixtures/elation-professional/sixbar-1000/fixture.json,docs/08 Fixture Library/entries/elation-professional/sixbar-1000.md,assets/fixtures/elation-professional/sixbar-1000/models/fixture.blend,assets/fixtures/elation-professional/sixbar-1000/models/fixture.usdz,assets/fixtures/elation-professional/sixbar-1000/validation/usdz.json,high,2,assets/fixtures/elation-professional/sixbar-1000/previews/three-quarter.png,assets/fixtures/elation-professional/sixbar-1000/validation/detail.json,,validated,assets/fixtures/elation-professional/sixbar-1000/validation/parity.json,lighting.static.batten,"Source protocol list: DMX, Art-Net, Kling-Net, RDM",Lighting fixtures > Static and manually focused > Linear batten / striplight,"[""pixel control""]",static_native_validated,assets/fixtures/elation-professional/sixbar-1000/models/rig.json,0,apps/visionos/VenueVolume/FixtureAssets/Catalog/elation-professional/sixbar-1000/fixture.usdz,,complete,,
ColorSource Fresnel V,ColorSource Fresnel V,ETC,Fresnel,LED Fresnel,https://www.etcconnect.com/Products/Entertainment-Fixtures/ColorSource-Fresnel-V/Documentation.aspx,"{""dimensions"":""339 x 321 x 311 mm (H x W x D)"",""protocols"":[""DMX"",""RDM""],""sources"":[""https://www.etcconnect.com/Products/Entertainment-Fixtures/ColorSource-Fresnel-V/Features.aspx"",""https://www.etcconnect.com/workarea/DownloadAsset.aspx?id=10737519250""]}","[""https://www.etcconnect.com/uploadedImages/Main_Site/Images/Products/Entertainment_Fixtures/ColorSource_V/FresnelVMax.547x400.png""]",ready_for_visualization,assets/fixtures/etc/colorsource-fresnel-v,assets/fixtures/etc/colorsource-fresnel-v/fixture.json,docs/08 Fixture Library/entries/etc/colorsource-fresnel-v.md,assets/fixtures/etc/colorsource-fresnel-v/models/fixture.blend,assets/fixtures/etc/colorsource-fresnel-v/models/fixture.usdz,assets/fixtures/etc/colorsource-fresnel-v/validation/usdz.json,high,2,assets/fixtures/etc/colorsource-fresnel-v/previews/three-quarter.png,assets/fixtures/etc/colorsource-fresnel-v/validation/detail.json,,validated,assets/fixtures/etc/colorsource-fresnel-v/validation/parity.json,lighting.static.fresnel,"Source protocol list: DMX, RDM",Lighting fixtures > Static and manually focused > Fresnel wash,[],rigged_native_validated,assets/fixtures/etc/colorsource-fresnel-v/models/rig.json,1,apps/visionos/VenueVolume/FixtureAssets/Catalog/etc/colorsource-fresnel-v/fixture.usdz,,complete,,
ColorSource Spot V,ColorSource Spot V,ETC,Profile,LED spot,https://www.etcconnect.com/Products/Entertainment-Fixtures/ColorSource-Spot-V/Documentation.aspx,"{""dimensions"":""593 x 339 x 672 mm maximum with barrel/lens tube configuration"",""protocols"":[""DMX"",""RDM"",""wireless DMX/RDM (Multiverse)""],""array"":[""red"",""green"",""blue"",""indigo"",""lime""],""lens_options"":[""fixed 5–90°"",""15–30° zoom"",""25–50° zoom""],""sources"":[""https://www.etcconnect.com/Products/Entertainment-Fixtures/ColorSource-Spot-V/Features.aspx"",""https://www.etcconnect.com/Products/Entertainment-Fixtures/ColorSource-Spot-V/Documentation.aspx""]}","[""https://www.etcconnect.com/uploadedImages/Main_Site/Images/Products/Entertainment_Fixtures/ColorSource_V/SpotV_adapters_Zoom_960x460.jpg""]",researched,assets/fixtures/etc/colorsource-spot-v,assets/fixtures/etc/colorsource-spot-v/fixture.json,docs/08 Fixture Library/entries/etc/colorsource-spot-v.md,assets/fixtures/etc/colorsource-spot-v/models/fixture.blend,assets/fixtures/etc/colorsource-spot-v/models/fixture.usdz,assets/fixtures/etc/colorsource-spot-v/validation/usdz.json,high,4,assets/fixtures/etc/colorsource-spot-v/previews/three-quarter.png,assets/fixtures/etc/colorsource-spot-v/validation/detail.json,,validated,assets/fixtures/etc/colorsource-spot-v/validation/parity.json,lighting.static.profile,"Source protocol list: DMX, RDM, wireless DMX/RDM (Multiverse)",Lighting fixtures > Static and manually focused > Profile / ellipsoidal (ERS),[],rigged_native_validated,assets/fixtures/etc/colorsource-spot-v/models/rig.json,1,apps/visionos/VenueVolume/FixtureAssets/Catalog/etc/colorsource-spot-v/fixture.usdz,,complete,,
Desire D60,D60,ETC,Architectural wash,LED wash,https://www.etcconnect.com/workarea/DownloadAsset.aspx?id=10737512649,"{""dimensions"":""361 x 309 x 290 mm maximum overall"",""protocols"":[""DMX""],""array"":""Lustr x7"",""mounting"":[""yoke"",""canopy"",""track""],""sources"":[""https://www.etcconnect.com/Products/Lighting-Fixtures/"",""https://www.etcconnect.com/workarea/DownloadAsset.aspx?id=10737512649""]}","[""https://www.etcconnect.com/uploadedImages/Main_Site/Images/Products/Lighting_Fixtures/Selador/D60_Lustr_clip.jpg""]",researched,assets/fixtures/etc/desire-d60,assets/fixtures/etc/desire-d60/fixture.json,docs/08 Fixture Library/entries/etc/desire-d60.md,assets/fixtures/etc/desire-d60/models/fixture.blend,assets/fixtures/etc/desire-d60/models/fixture.usdz,assets/fixtures/etc/desire-d60/validation/usdz.json,high,2,assets/fixtures/etc/desire-d60/previews/three-quarter.png,assets/fixtures/etc/desire-d60/validation/detail.json,,validated,assets/fixtures/etc/desire-d60/validation/parity.json,lighting.static.par,Source protocol list: DMX,Lighting fixtures > Static and manually focused > PAR and compact wash,[],rigged_native_validated,assets/fixtures/etc/desire-d60/models/rig.json,1,apps/visionos/VenueVolume/FixtureAssets/Catalog/etc/desire-d60/fixture.usdz,,complete,,
fos/4 Fresnel,fos/4 Fresnel,ETC,Fresnel,LED Fresnel,https://www.etcconnect.com/Products/Entertainment-Fixtures/fos/4-Fresnel/Documentation.aspx,"{""dimensions"":""435 x 313 x 356–505 mm (zoom retracted–extended)"",""protocols"":[""DMX"",""RDM"",""wireless DMX/RDM (Multiverse)""],""arrays"":[""Lustr X8"",""Daylight HDR""],""sources"":[""https://www.etcconnect.com/Products/Lighting-Fixtures/"",""https://www.etcconnect.com/Products/Entertainment-Fixtures/fos/4-Fresnel/Documentation.aspx""]}","[""https://www.etcconnect.com/uploadedImages/Main_Site/Images/Products/Entertainment_Fixtures/fos4_Fresnel_Group_960x350.jpg""]",researched,assets/fixtures/etc/fos-4-fresnel,assets/fixtures/etc/fos-4-fresnel/fixture.json,docs/08 Fixture Library/entries/etc/fos-4-fresnel.md,assets/fixtures/etc/fos-4-fresnel/models/fixture.blend,assets/fixtures/etc/fos-4-fresnel/models/fixture.usdz,assets/fixtures/etc/fos-4-fresnel/validation/usdz.json,high,2,assets/fixtures/etc/fos-4-fresnel/previews/three-quarter.png,assets/fixtures/etc/fos-4-fresnel/validation/detail.json,,validated,assets/fixtures/etc/fos-4-fresnel/validation/parity.json,lighting.static.fresnel,"Source protocol list: DMX, RDM, wireless DMX/RDM (Multiverse)",Lighting fixtures > Static and manually focused > Fresnel wash,[],rigged_native_validated,assets/fixtures/etc/fos-4-fresnel/models/rig.json,1,apps/visionos/VenueVolume/FixtureAssets/Catalog/etc/fos-4-fresnel/fixture.usdz,,complete,,
Source Four LED Series 3 Lustr X8,S4LEDS3LS-0,ETC,Profile,ellipsoidal LED,https://www.etcconnect.com/Products/Entertainment-Fixtures/Source-Four-LED-Series-3/Documentation.aspx,"{""dimensions"":""721 x 340 x 340 mm maximum overall envelope (lens tube configuration dependent)"",""protocols"":[""DMX512"",""RDM"",""wireless DMX/RDM (Multiverse)""],""notable_specs"":{""array"":""Lustr X8"",""NFC"":true},""lifecycle"":""current"",""sources"":[""https://www.etcconnect.com/Products/Lighting-Fixtures/"",""https://www.etcconnect.com/webdocs/Fixtures/SourceFourLED_Series3/Content/S4S3/ConnectPowerAndData.htm"",""https://www.etcconnect.com/workarea/DownloadAsset.aspx?id=10737507137""]}","[""https://www.etcconnect.com/uploadedImages/Main_Site/Images/Products/Entertainment_Fixtures/Series3_Fresnel_Adapter_right_Red.png""]",researched,assets/fixtures/etc/source-four-led-series-3-lustr-x8,assets/fixtures/etc/source-four-led-series-3-lustr-x8/fixture.json,docs/08 Fixture Library/entries/etc/source-four-led-series-3-lustr-x8.md,assets/fixtures/etc/source-four-led-series-3-lustr-x8/models/fixture.blend,assets/fixtures/etc/source-four-led-series-3-lustr-x8/models/fixture.usdz,assets/fixtures/etc/source-four-led-series-3-lustr-x8/validation/usdz.json,high,2,assets/fixtures/etc/source-four-led-series-3-lustr-x8/previews/three-quarter.png,assets/fixtures/etc/source-four-led-series-3-lustr-x8/validation/detail.json,,validated,assets/fixtures/etc/source-four-led-series-3-lustr-x8/validation/parity.json,lighting.static.profile,"Source protocol list: DMX512, RDM, wireless DMX/RDM (Multiverse)",Lighting fixtures > Static and manually focused > Profile / ellipsoidal (ERS),[],rigged_native_validated,assets/fixtures/etc/source-four-led-series-3-lustr-x8/models/rig.json,1,apps/visionos/VenueVolume/FixtureAssets/Catalog/etc/source-four-led-series-3-lustr-x8/fixture.usdz,,complete,,
impression X4 Bar 20,7665,GLP,Batten,moving wash bar,https://glp.de/en/products/discontinued/impression-x4-bar-20-en,"{""dimensions"":""240 mm head height; 100 mm head width; 1000 mm yoke width"",""weight"":""16 kg"",""power"":""400 W typical at 230 V; 100-240 VAC"",""protocols"":[""DMX"",""RDM""],""lifecycle"":""Discontinued manufacturer product page"",""source_urls"":[""https://glp.de/en/products/discontinued/impression-x4-bar-20-en""]}","[""https://glp.de/templates/yootheme/cache/86/impression-X4-Bar-20_Header-869049ce.png""]",ready_for_visualization,assets/fixtures/glp/impression-x4-bar-20,assets/fixtures/glp/impression-x4-bar-20/fixture.json,docs/08 Fixture Library/entries/glp/impression-x4-bar-20.md,assets/fixtures/glp/impression-x4-bar-20/models/fixture.blend,assets/fixtures/glp/impression-x4-bar-20/models/fixture.usdz,assets/fixtures/glp/impression-x4-bar-20/validation/usdz.json,high,2,assets/fixtures/glp/impression-x4-bar-20/previews/three-quarter.png,assets/fixtures/glp/impression-x4-bar-20/validation/detail.json,,validated,assets/fixtures/glp/impression-x4-bar-20/validation/parity.json,lighting.moving.batten,"Source protocol list: DMX, RDM",Lighting fixtures > Automated lighting > Moving batten / multi-head bar,[],rigged_native_validated,assets/fixtures/glp/impression-x4-bar-20/models/rig.json,1,apps/visionos/VenueVolume/FixtureAssets/Catalog/glp/impression-x4-bar-20/fixture.usdz,,complete,,
impression X5,7795,GLP,Moving head,LED wash,https://glp.de/en/products/entertainment-lighting/moving-lights/impression-x5-en,"{""dimensions"":""402-434 H x 415 W x 290 D mm"",""weight"":""13.3 kg"",""power"":""710 W max at 230 V; 100-240 VAC"",""protocols"":[""DMX"",""Art-Net"",""sACN""],""source_urls"":[""https://glp.de/en/products/entertainment-lighting/moving-lights/impression-x5-en""]}","[""https://glp.de/templates/yootheme/cache/a9/impression-X5_Header-a92366da.png""]",ready_for_visualization,assets/fixtures/glp/impression-x5,assets/fixtures/glp/impression-x5/fixture.json,docs/08 Fixture Library/entries/glp/impression-x5.md,assets/fixtures/glp/impression-x5/models/fixture.blend,assets/fixtures/glp/impression-x5/models/fixture.usdz,assets/fixtures/glp/impression-x5/validation/usdz.json,high,4,assets/fixtures/glp/impression-x5/previews/three-quarter.png,assets/fixtures/glp/impression-x5/validation/detail.json,,validated,assets/fixtures/glp/impression-x5/validation/parity.json,lighting.moving.wash,"Source protocol list: DMX, Art-Net, sACN",Lighting fixtures > Automated lighting > Wash,[],rigged_native_validated,assets/fixtures/glp/impression-x5/models/rig.json,2,apps/visionos/VenueVolume/FixtureAssets/Catalog/glp/impression-x5/fixture.usdz,,complete,,
impression X5 Bar 1000,7888,GLP,Batten,moving linear wash,https://glp.de/en/products/entertainment-lighting/moving-lights/impression-x5-bar-1000-en,"{""dimensions"":""296 H x 1000 W x 110 D mm"",""weight"":""20.2 kg"",""power"":""750 W max at 230 V; 100-240 VAC"",""protocols"":[""DMX"",""RDM"",""Art-Net"",""sACN""],""source_urls"":[""https://glp.de/en/products/entertainment-lighting/moving-lights/impression-x5-bar-1000-en""]}","[""https://glp.de/templates/yootheme/cache/96/impression-X5-Bar-1000_Header12-96c4ac35.png""]",ready_for_visualization,assets/fixtures/glp/impression-x5-bar-1000,assets/fixtures/glp/impression-x5-bar-1000/fixture.json,docs/08 Fixture Library/entries/glp/impression-x5-bar-1000.md,assets/fixtures/glp/impression-x5-bar-1000/models/fixture.blend,assets/fixtures/glp/impression-x5-bar-1000/models/fixture.usdz,assets/fixtures/glp/impression-x5-bar-1000/validation/usdz.json,high,2,assets/fixtures/glp/impression-x5-bar-1000/previews/three-quarter.png,assets/fixtures/glp/impression-x5-bar-1000/validation/detail.json,,validated,assets/fixtures/glp/impression-x5-bar-1000/validation/parity.json,lighting.moving.batten,"Source protocol list: DMX, RDM, Art-Net, sACN",Lighting fixtures > Automated lighting > Moving batten / multi-head bar,[],rigged_native_validated,assets/fixtures/glp/impression-x5-bar-1000/models/rig.json,1,apps/visionos/VenueVolume/FixtureAssets/Catalog/glp/impression-x5-bar-1000/fixture.usdz,,complete,,
impression X5 Compact,7794,GLP,Moving head,compact LED wash,https://glp.de/de/produkte/entertainment-lighting/moving-lights/impression-x5-compact,"{""dimensions"":""337 H x 250 W x 183 D mm"",""weight"":""7.5 kg"",""power"":""350 W max at 230 V; 100-240 VAC"",""protocols"":[""DMX"",""Art-Net"",""sACN""],""source_urls"":[""https://glp.de/de/produkte/entertainment-lighting/moving-lights/impression-x5-compact"",""https://glp.de/files/products/impression-x5-compact-product-data/GLP_impression-X5-Compact.pdf""]}","[""https://glp.de/templates/yootheme/cache/dc/impression-X5-Compact_Header-dc0173b5.png""]",ready_for_visualization,assets/fixtures/glp/impression-x5-compact,assets/fixtures/glp/impression-x5-compact/fixture.json,docs/08 Fixture Library/entries/glp/impression-x5-compact.md,assets/fixtures/glp/impression-x5-compact/models/fixture.blend,assets/fixtures/glp/impression-x5-compact/models/fixture.usdz,assets/fixtures/glp/impression-x5-compact/validation/usdz.json,high,2,assets/fixtures/glp/impression-x5-compact/previews/three-quarter.png,assets/fixtures/glp/impression-x5-compact/validation/detail.json,,validated,assets/fixtures/glp/impression-x5-compact/validation/parity.json,lighting.moving.wash,"Source protocol list: DMX, Art-Net, sACN",Lighting fixtures > Automated lighting > Wash,[],rigged_native_validated,assets/fixtures/glp/impression-x5-compact/models/rig.json,2,apps/visionos/VenueVolume/FixtureAssets/Catalog/glp/impression-x5-compact/fixture.usdz,,complete,,
JDC Line 500,JDC Line 500,GLP,Strobe / blinder,linear hybrid strobe,https://glp.de/de/produkte/entertainment-lighting/strobes/jdc-line-500,"{""dimensions"":""74 H x 507 W x 201.5 D mm"",""weight"":""6 kg"",""power"":""800 W max at 230 V; 100-240 VAC"",""protocols"":[""DMX"",""RDM"",""Art-Net"",""sACN""],""channels"":""16-158 depending on mode"",""source_urls"":[""https://glp.de/de/produkte/entertainment-lighting/strobes/jdc-line-500"",""https://glp.de/files/products/jdc-line-500-product-data/GLP_JDC-Line.pdf""]}","[""https://glp.de/templates/yootheme/cache/a5/JDC-Line-500_Header-a55722e1.png""]",ready_for_visualization,assets/fixtures/glp/jdc-line-500,assets/fixtures/glp/jdc-line-500/fixture.json,docs/08 Fixture Library/entries/glp/jdc-line-500.md,assets/fixtures/glp/jdc-line-500/models/fixture.blend,assets/fixtures/glp/jdc-line-500/models/fixture.usdz,assets/fixtures/glp/jdc-line-500/validation/usdz.json,high,2,assets/fixtures/glp/jdc-line-500/previews/three-quarter.png,assets/fixtures/glp/jdc-line-500/validation/detail.json,,validated,assets/fixtures/glp/jdc-line-500/validation/parity.json,lighting.effects.strobe,"Source protocol list: DMX, RDM, Art-Net, sACN",Lighting fixtures > Visible and audience effects > Strobe,"[""strobe capable"", ""blinder capable""]",static_native_validated,assets/fixtures/glp/jdc-line-500/models/rig.json,0,apps/visionos/VenueVolume/FixtureAssets/Catalog/glp/jdc-line-500/fixture.usdz,,complete,,
JDC1,JDC1,GLP,Strobe / blinder,hybrid strobe,https://glp.de/en/products/entertainment-lighting/strobes/jdc1-en?ic=1,"{""dimensions"":""251 H x 390 W x 150 D mm"",""weight"":""11.6 kg"",""power"":""1200 W max at 230 V; 100-240 VAC"",""protocols"":[""DMX512-A"",""RDM""],""source_urls"":[""https://glp.de/en/products/entertainment-lighting/strobes/jdc1-en?ic=1"",""https://glp.de/files/products/jdc1-product-data/GLP_JDC1_User_Manual_EN_Rev20240830-01.pdf""]}","[""https://glp.de/templates/yootheme/cache/83/JDC1_1-83eb9208.jpeg""]",ready_for_visualization,assets/fixtures/glp/jdc1,assets/fixtures/glp/jdc1/fixture.json,docs/08 Fixture Library/entries/glp/jdc1.md,assets/fixtures/glp/jdc1/models/fixture.blend,assets/fixtures/glp/jdc1/models/fixture.usdz,assets/fixtures/glp/jdc1/validation/usdz.json,high,4,assets/fixtures/glp/jdc1/previews/three-quarter.png,assets/fixtures/glp/jdc1/validation/detail.json,,validated,assets/fixtures/glp/jdc1/validation/parity.json,lighting.effects.strobe,"Source protocol list: DMX512-A, RDM",Lighting fixtures > Visible and audience effects > Strobe,"[""strobe capable"", ""blinder capable""]",rigged_native_validated,assets/fixtures/glp/jdc1/models/rig.json,1,apps/visionos/VenueVolume/FixtureAssets/Catalog/glp/jdc1/fixture.usdz,,complete,,
SolaFrame 3000,SolaFrame 3000,High End Systems,Profile,moving head framing,https://www.etcconnect.com/Products/Legacy/Live-Events-High-End-Systems/Lighting-Fixtures/SolaFrame/3000/Features.aspx,"{""dimensions"":""821 x 491 x 368 mm"",""protocols"":[""DMX""],""notable_specs"":{""dmx_protocol_document"":true},""sources"":[""https://www.highend.com/documentation/SolaFrame%203000/SolaFrame3000-protocol.pdf"",""https://www.etcconnect.com/support/Lighting_Fixtures/LED/FAQ/Fixture_Weights_and_Dimensions"",""https://www.etcconnect.com/workarea/DownloadAsset.aspx?id=10737506946""]}","[""https://www.etcconnect.com/uploadedImages/Main_Site/Images/High_End_Systems_Images/Lighting_Fixtures/SolaFrame/SolaFrame3000_prod_right_wht.jpg""]",researched,assets/fixtures/high-end-systems/solaframe-3000,assets/fixtures/high-end-systems/solaframe-3000/fixture.json,docs/08 Fixture Library/entries/high-end-systems/solaframe-3000.md,assets/fixtures/high-end-systems/solaframe-3000/models/fixture.blend,assets/fixtures/high-end-systems/solaframe-3000/models/fixture.usdz,assets/fixtures/high-end-systems/solaframe-3000/validation/usdz.json,high,2,assets/fixtures/high-end-systems/solaframe-3000/previews/three-quarter.png,assets/fixtures/high-end-systems/solaframe-3000/validation/detail.json,,validated,assets/fixtures/high-end-systems/solaframe-3000/validation/parity.json,lighting.moving.profile,Source protocol list: DMX,Lighting fixtures > Automated lighting > Framing profile,[],rigged_native_validated,assets/fixtures/high-end-systems/solaframe-3000/models/rig.json,2,apps/visionos/VenueVolume/FixtureAssets/Catalog/high-end-systems/solaframe-3000/fixture.usdz,,complete,,
SolaWash 2000,SolaWash 2000,High End Systems,Wash,moving head wash,https://www.etcconnect.com/Products/Legacy/Live-Events-High-End-Systems/Lighting-Fixtures/SolaWash/2000/Features.aspx,"{""dimensions"":""475 x 320 x 886 mm"",""power"":""600 W LED; 100–240 VAC, 50–60 Hz"",""protocols"":[""DMX""],""output"":""26,000 lm"",""zoom"":""5–55°"",""lifecycle"":""legacy"",""sources"":[""https://www.etcconnect.com/Products/Legacy/Live-Events-High-End-Systems/Lighting-Fixtures/"",""https://www.highend.com/"",""https://www.etcconnect.com/Products/Legacy/Live-Events-High-End-Systems/Lighting-Fixtures/SolaWash/2000/Documentation.aspx""]}","[""https://www.etcconnect.com/uploadedImages/Main_Site/Images/High_End_Systems_Images/Lighting_Fixtures/SolaWash/Solawash_2000_prod_left.jpg""]",researched,assets/fixtures/high-end-systems/solawash-2000,assets/fixtures/high-end-systems/solawash-2000/fixture.json,docs/08 Fixture Library/entries/high-end-systems/solawash-2000.md,assets/fixtures/high-end-systems/solawash-2000/models/fixture.blend,assets/fixtures/high-end-systems/solawash-2000/models/fixture.usdz,assets/fixtures/high-end-systems/solawash-2000/validation/usdz.json,high,2,assets/fixtures/high-end-systems/solawash-2000/previews/three-quarter.png,assets/fixtures/high-end-systems/solawash-2000/validation/detail.json,,validated,assets/fixtures/high-end-systems/solawash-2000/validation/parity.json,lighting.moving.wash,Source protocol list: DMX,Lighting fixtures > Automated lighting > Wash,[],rigged_native_validated,assets/fixtures/high-end-systems/solawash-2000/models/rig.json,2,apps/visionos/VenueVolume/FixtureAssets/Catalog/high-end-systems/solawash-2000/fixture.usdz,,complete,,
Atomic 3000 LED,Atomic 3000 LED,Martin Professional (HARMAN),Strobe / blinder,LED strobe,https://www.martin.com/en-US/products/atomic-3000-led/,"{""dimensions"":""245 x 425 x 240 mm"",""protocols"":[""DMX"",""RDM""],""sources"":[""https://www.martin.com/en-US/products/atomic-3000-led"",""https://www.martin.com/en-US/products/atomic-3000-led/""]}","[""https://adn.harmanpro.com/product_attachments/product_attachments/4860_1728940592/Atomic3000_0013_vert_medium.jpg""]",researched,assets/fixtures/martin-professional-harman/atomic-3000-led,assets/fixtures/martin-professional-harman/atomic-3000-led/fixture.json,docs/08 Fixture Library/entries/martin-professional-harman/atomic-3000-led.md,assets/fixtures/martin-professional-harman/atomic-3000-led/models/fixture.blend,assets/fixtures/martin-professional-harman/atomic-3000-led/models/fixture.usdz,assets/fixtures/martin-professional-harman/atomic-3000-led/validation/usdz.json,high,2,assets/fixtures/martin-professional-harman/atomic-3000-led/previews/three-quarter.png,assets/fixtures/martin-professional-harman/atomic-3000-led/validation/detail.json,,validated,assets/fixtures/martin-professional-harman/atomic-3000-led/validation/parity.json,lighting.effects.strobe,"Source protocol list: DMX, RDM",Lighting fixtures > Visible and audience effects > Strobe,"[""strobe capable"", ""blinder capable""]",static_native_validated,assets/fixtures/martin-professional-harman/atomic-3000-led/models/rig.json,0,apps/visionos/VenueVolume/FixtureAssets/Catalog/martin-professional-harman/atomic-3000-led/fixture.usdz,,complete,,
ELP CL,ELP CL,Martin Professional (HARMAN),Profile,static LED ellipsoidal,https://www.martin.com/en-US/products/elp-cl,"{""dimensions"":""648 x 259 x 427 mm (with bracket)"",""protocols"":[""DMX"",""RDM""],""sources"":[""https://www.martin.com/en-US/products/elp-cl""]}","[""https://adn.harmanpro.com/productattachment/7028/product_attachment/x_large-7585204fdcb485b9e58a0edf39e1a50a.webp""]",researched,assets/fixtures/martin-professional-harman/elp-cl,assets/fixtures/martin-professional-harman/elp-cl/fixture.json,docs/08 Fixture Library/entries/martin-professional-harman/elp-cl.md,assets/fixtures/martin-professional-harman/elp-cl/models/fixture.blend,assets/fixtures/martin-professional-harman/elp-cl/models/fixture.usdz,assets/fixtures/martin-professional-harman/elp-cl/validation/usdz.json,high,2,assets/fixtures/martin-professional-harman/elp-cl/previews/three-quarter.png,assets/fixtures/martin-professional-harman/elp-cl/validation/detail.json,,validated,assets/fixtures/martin-professional-harman/elp-cl/validation/parity.json,lighting.static.profile,"Source protocol list: DMX, RDM",Lighting fixtures > Static and manually focused > Profile / ellipsoidal (ERS),[],rigged_native_validated,assets/fixtures/martin-professional-harman/elp-cl/models/rig.json,1,apps/visionos/VenueVolume/FixtureAssets/Catalog/martin-professional-harman/elp-cl/fixture.usdz,,complete,,
MAC Aura XIP,MAC Aura XIP,Martin Professional (HARMAN),Wash,IP-rated creative moving head,https://www.martin.com/en-US/products/mac-aura-xip,"{""dimensions"":""338 x 421 x 226 mm maximum; base width 306 mm"",""protocols"":[""DMX"",""RDM"",""Art-Net"",""sACN"",""Martin P3""],""zoom"":""6.3–35.3° half-peak"",""ip_rating"":""IP54"",""sources"":[""https://www.martin.com/en-US/products/mac-aura-xip"",""https://www.martin.com/en-US/site_elements/mac-aura-xip-spec-sheet""]}","[""https://adn.harmanpro.com/productattachment/11621/product_attachment/x_large-b71745e5ebf2bb2d999d386e8a146768.webp""]",researched,assets/fixtures/martin-professional-harman/mac-aura-xip,assets/fixtures/martin-professional-harman/mac-aura-xip/fixture.json,docs/08 Fixture Library/entries/martin-professional-harman/mac-aura-xip.md,assets/fixtures/martin-professional-harman/mac-aura-xip/models/fixture.blend,assets/fixtures/martin-professional-harman/mac-aura-xip/models/fixture.usdz,assets/fixtures/martin-professional-harman/mac-aura-xip/validation/usdz.json,high,2,assets/fixtures/martin-professional-harman/mac-aura-xip/previews/three-quarter.png,assets/fixtures/martin-professional-harman/mac-aura-xip/validation/detail.json,,validated,assets/fixtures/martin-professional-harman/mac-aura-xip/validation/parity.json,lighting.moving.wash,"Source protocol list: DMX, RDM, Art-Net, sACN, Martin P3",Lighting fixtures > Automated lighting > Wash,[],rigged_native_validated,assets/fixtures/martin-professional-harman/mac-aura-xip/models/rig.json,2,apps/visionos/VenueVolume/FixtureAssets/Catalog/martin-professional-harman/mac-aura-xip/fixture.usdz,,complete,,
MAC One,MAC One,Martin Professional (HARMAN),Wash,beam wash moving head,https://www.martin.com/en-US/products/mac-one,"{""dimensions"":""349 x 254 x 220 mm maximum; width across yoke 226 mm"",""protocols"":[""DMX"",""RDM"",""Art-Net"",""sACN"",""Martin P3""],""sources"":[""https://www.martin.com/en-US/products/mac-one""]}","[""https://adn.harmanpro.com/productattachment/12285/product_attachment/x_large-d19708df6ba03b2c31e7e4119c02b81b.webp""]",researched,assets/fixtures/martin-professional-harman/mac-one,assets/fixtures/martin-professional-harman/mac-one/fixture.json,docs/08 Fixture Library/entries/martin-professional-harman/mac-one.md,assets/fixtures/martin-professional-harman/mac-one/models/fixture.blend,assets/fixtures/martin-professional-harman/mac-one/models/fixture.usdz,assets/fixtures/martin-professional-harman/mac-one/validation/usdz.json,high,2,assets/fixtures/martin-professional-harman/mac-one/previews/three-quarter.png,assets/fixtures/martin-professional-harman/mac-one/validation/detail.json,,validated,assets/fixtures/martin-professional-harman/mac-one/validation/parity.json,lighting.moving.wash,"Source protocol list: DMX, RDM, Art-Net, sACN, Martin P3",Lighting fixtures > Automated lighting > Wash,[],rigged_native_validated,assets/fixtures/martin-professional-harman/mac-one/models/rig.json,2,apps/visionos/VenueVolume/FixtureAssets/Catalog/martin-professional-harman/mac-one/fixture.usdz,,complete,,
MAC Ultra Performance,MAC Ultra Performance,Martin Professional (HARMAN),Profile,moving head framing,https://www.martin.com/en-US/products/mac-ultra-performance,"{""dimensions"":""876 x 520 x 660 mm maximum envelope; base depth 468 mm"",""protocols"":[""DMX"",""RDM"",""Art-Net"",""sACN""],""sources"":[""https://www.martin.com/en-US/products/mac-ultra-performance"",""https://www.martin.com/en-US/site_elements/martin-specifications-mac-ultra-performance-spec-sheet""]}","[""https://adn.harmanpro.com/productattachment/10081/product_attachment/x_large-e6a233739fa59758d3debd9dd6ca02fb.webp""]",researched,assets/fixtures/martin-professional-harman/mac-ultra-performance,assets/fixtures/martin-professional-harman/mac-ultra-performance/fixture.json,docs/08 Fixture Library/entries/martin-professional-harman/mac-ultra-performance.md,assets/fixtures/martin-professional-harman/mac-ultra-performance/models/fixture.blend,assets/fixtures/martin-professional-harman/mac-ultra-performance/models/fixture.usdz,assets/fixtures/martin-professional-harman/mac-ultra-performance/validation/usdz.json,high,2,assets/fixtures/martin-professional-harman/mac-ultra-performance/previews/three-quarter.png,assets/fixtures/martin-professional-harman/mac-ultra-performance/validation/detail.json,,validated,assets/fixtures/martin-professional-harman/mac-ultra-performance/validation/parity.json,lighting.moving.profile,"Source protocol list: DMX, RDM, Art-Net, sACN",Lighting fixtures > Automated lighting > Framing profile,[],rigged_native_validated,assets/fixtures/martin-professional-harman/mac-ultra-performance/models/rig.json,2,apps/visionos/VenueVolume/FixtureAssets/Catalog/martin-professional-harman/mac-ultra-performance/fixture.usdz,,complete,,
MAC Ultra Wash,MAC Ultra Wash,Martin Professional (HARMAN),Wash,moving head wash,https://www.martin.com/en-US/products/mac-ultra-wash,"{""dimensions"":""867 x 520 x 642 mm maximum envelope; base depth 468 mm"",""protocols"":[""DMX"",""RDM"",""Art-Net"",""sACN""],""sources"":[""https://www.martin.com/en-US/products/mac-ultra-wash""]}","[""https://adn.harmanpro.com/productattachment/10090/product_attachment/x_large-8dcc99537c848fc1e113c0b4a0ac2458.webp""]",researched,assets/fixtures/martin-professional-harman/mac-ultra-wash,assets/fixtures/martin-professional-harman/mac-ultra-wash/fixture.json,docs/08 Fixture Library/entries/martin-professional-harman/mac-ultra-wash.md,assets/fixtures/martin-professional-harman/mac-ultra-wash/models/fixture.blend,assets/fixtures/martin-professional-harman/mac-ultra-wash/models/fixture.usdz,assets/fixtures/martin-professional-harman/mac-ultra-wash/validation/usdz.json,high,2,assets/fixtures/martin-professional-harman/mac-ultra-wash/previews/three-quarter.png,assets/fixtures/martin-professional-harman/mac-ultra-wash/validation/detail.json,,validated,assets/fixtures/martin-professional-harman/mac-ultra-wash/validation/parity.json,lighting.moving.wash,"Source protocol list: DMX, RDM, Art-Net, sACN",Lighting fixtures > Automated lighting > Wash,[],rigged_native_validated,assets/fixtures/martin-professional-harman/mac-ultra-wash/models/rig.json,2,apps/visionos/VenueVolume/FixtureAssets/Catalog/martin-professional-harman/mac-ultra-wash/fixture.usdz,,complete,,
MAC Viper XIP,MAC Viper XIP,Martin Professional (HARMAN),Profile,IP-rated moving head profile,https://www.martin.com/en-US/products/mac-viper-xip,"{""dimensions"":""776 x 479 x 595 mm maximum envelope"",""protocols"":[""DMX"",""RDM"",""Art-Net"",""sACN""],""ip_rating"":""IP54"",""sources"":[""https://www.martin.com/en-US/products/mac-viper-xip""]}","[""https://adn.harmanpro.com/productattachment/12248/product_attachment/x_large-5847804c23b1f2f05fd8d8e5c6c9e674.webp""]",researched,assets/fixtures/martin-professional-harman/mac-viper-xip,assets/fixtures/martin-professional-harman/mac-viper-xip/fixture.json,docs/08 Fixture Library/entries/martin-professional-harman/mac-viper-xip.md,assets/fixtures/martin-professional-harman/mac-viper-xip/models/fixture.blend,assets/fixtures/martin-professional-harman/mac-viper-xip/models/fixture.usdz,assets/fixtures/martin-professional-harman/mac-viper-xip/validation/usdz.json,high,2,assets/fixtures/martin-professional-harman/mac-viper-xip/previews/three-quarter.png,assets/fixtures/martin-professional-harman/mac-viper-xip/validation/detail.json,,validated,assets/fixtures/martin-professional-harman/mac-viper-xip/validation/parity.json,lighting.moving.profile,"Source protocol list: DMX, RDM, Art-Net, sACN",Lighting fixtures > Automated lighting > Framing profile,[],rigged_native_validated,assets/fixtures/martin-professional-harman/mac-viper-xip/models/rig.json,2,apps/visionos/VenueVolume/FixtureAssets/Catalog/martin-professional-harman/mac-viper-xip/fixture.usdz,,complete,,
FORTE,FORTE,ROBE Lighting,Moving head,profile,https://www.robe.cz/forte,"{""dimensions"":""635.5 H x 483.5 W x 624.5 D mm; upright height 861 mm"",""protocols"":[""DMX"",""RDM"",""Art-Net"",""sACN""],""source_urls"":[""https://www.robe.cz/res/downloads/user_manuals/User_manual_Robin_Forte.pdf"",""https://www.robe.cz/forte""]}","[""https://cdn.aws.robe.cz/v1/image/resize/401bff822913a8182209a6ef40c594071b9596c2?fit=cover&height=452&width=452&withoutEnlargement=false""]",ready_for_visualization,assets/fixtures/robe-lighting/forte,assets/fixtures/robe-lighting/forte/fixture.json,docs/08 Fixture Library/entries/robe-lighting/forte.md,assets/fixtures/robe-lighting/forte/models/fixture.blend,assets/fixtures/robe-lighting/forte/models/fixture.usdz,assets/fixtures/robe-lighting/forte/validation/usdz.json,high,3,assets/fixtures/robe-lighting/forte/previews/three-quarter.png,assets/fixtures/robe-lighting/forte/validation/detail.json,,validated,assets/fixtures/robe-lighting/forte/validation/parity.json,lighting.moving.profile,"Source protocol list: DMX, RDM, Art-Net, sACN",Lighting fixtures > Automated lighting > Framing profile,[],rigged_native_validated,assets/fixtures/robe-lighting/forte/models/rig.json,2,apps/visionos/VenueVolume/FixtureAssets/Catalog/robe-lighting/forte/fixture.usdz,,complete,,
LEDBeam 350,LEDBeam 350,ROBE Lighting,Moving head,wide zoom wash,https://www.robe.cz/ledbeam-350,"{""dimensions"":""426 H x 320 W x 220 D mm (head vertical)"",""weight"":""9.85 kg"",""power"":""450 W max; 100-240 V, 50/60 Hz"",""protocols"":[""DMX"",""RDM"",""Art-Net"",""sACN""],""zoom"":""3.8-60 degrees"",""source_urls"":[""https://www.robe.cz/res/downloads/catalogues/ROBE_LEDBeam_350_leaflet_online_version.pdf"",""https://www.robe.cz/res/downloads/exterior_dimensions/RobinLEDBeam350-dimensions.pdf""]}","[""https://cdn.aws.robe.cz/v1/image/resize/7c16e7d0f45129d3a4fc9e6be99a5f1a32e0e115?fit=cover&height=452&width=452&withoutEnlargement=false""]",ready_for_visualization,assets/fixtures/robe-lighting/ledbeam-350,assets/fixtures/robe-lighting/ledbeam-350/fixture.json,docs/08 Fixture Library/entries/robe-lighting/ledbeam-350.md,assets/fixtures/robe-lighting/ledbeam-350/models/fixture.blend,assets/fixtures/robe-lighting/ledbeam-350/models/fixture.usdz,assets/fixtures/robe-lighting/ledbeam-350/validation/usdz.json,high,2,assets/fixtures/robe-lighting/ledbeam-350/previews/three-quarter.png,assets/fixtures/robe-lighting/ledbeam-350/validation/detail.json,,validated,assets/fixtures/robe-lighting/ledbeam-350/validation/parity.json,lighting.moving.wash,"Source protocol list: DMX, RDM, Art-Net, sACN",Lighting fixtures > Automated lighting > Wash,[],rigged_native_validated,assets/fixtures/robe-lighting/ledbeam-350/models/rig.json,2,apps/visionos/VenueVolume/FixtureAssets/Catalog/robe-lighting/ledbeam-350/fixture.usdz,,complete,,
MegaPointe,MegaPointe,ROBE Lighting,Moving head,hybrid beam spot wash,https://www.robe.cz/megapointe,"{""dimensions"":""640 H x 396 W x 230 D mm"",""weight"":""22 kg"",""power"":""670 W max; 100-240 V, 50/60 Hz"",""protocols"":[""DMX"",""RDM"",""Art-Net"",""sACN""],""source_urls"":[""https://www.robe.cz/res/downloads/catalogues/ROBE_Product_Guide_2021_online_version.pdf"",""https://www.robe.cz/megapointe""]}","[""https://cdn.aws.robe.cz/v1/image/resize/025ed591ad67ff06e9dd82b461e0c345ba595d4a?fit=cover&height=452&width=452&withoutEnlargement=false""]",ready_for_visualization,assets/fixtures/robe-lighting/megapointe,assets/fixtures/robe-lighting/megapointe/fixture.json,docs/08 Fixture Library/entries/robe-lighting/megapointe.md,assets/fixtures/robe-lighting/megapointe/models/fixture.blend,assets/fixtures/robe-lighting/megapointe/models/fixture.usdz,assets/fixtures/robe-lighting/megapointe/validation/usdz.json,high,2,assets/fixtures/robe-lighting/megapointe/previews/three-quarter.png,assets/fixtures/robe-lighting/megapointe/validation/detail.json,,validated,assets/fixtures/robe-lighting/megapointe/validation/parity.json,lighting.moving.hybrid,"Source protocol list: DMX, RDM, Art-Net, sACN",Lighting fixtures > Automated lighting > Beam / spot / wash hybrid,"[""multi-role optics""]",rigged_native_validated,assets/fixtures/robe-lighting/megapointe/models/rig.json,2,apps/visionos/VenueVolume/FixtureAssets/Catalog/robe-lighting/megapointe/fixture.usdz,,complete,,
Pointe,Pointe,ROBE Lighting,Moving head,legacy hybrid,https://www.robe.cz/pointe,"{""dimensions"":""530 H x 400 W x 280 D mm"",""lifecycle"":""Discontinued (manufacturer product page)"",""protocols"":[""DMX"",""RDM"",""Art-Net"",""sACN""],""source_urls"":[""https://www.robe.cz/pointe"",""https://www.robe.cz/res/downloads/catalogues/ROBE_Product_Guide_2021_online_version.pdf""]}","[""https://cdn.aws.robe.cz/v1/image/resize/522fc31d583c077fe618dc267176f88d429255c2?fit=cover&height=452&width=452&withoutEnlargement=false""]",ready_for_visualization,assets/fixtures/robe-lighting/pointe,assets/fixtures/robe-lighting/pointe/fixture.json,docs/08 Fixture Library/entries/robe-lighting/pointe.md,assets/fixtures/robe-lighting/pointe/models/fixture.blend,assets/fixtures/robe-lighting/pointe/models/fixture.usdz,assets/fixtures/robe-lighting/pointe/validation/usdz.json,high,2,assets/fixtures/robe-lighting/pointe/previews/three-quarter.png,assets/fixtures/robe-lighting/pointe/validation/detail.json,,validated,assets/fixtures/robe-lighting/pointe/validation/parity.json,lighting.moving.hybrid,"Source protocol list: DMX, RDM, Art-Net, sACN",Lighting fixtures > Automated lighting > Beam / spot / wash hybrid,"[""legacy model"", ""multi-role optics""]",rigged_native_validated,assets/fixtures/robe-lighting/pointe/models/rig.json,2,apps/visionos/VenueVolume/FixtureAssets/Catalog/robe-lighting/pointe/fixture.usdz,,complete,,
Spiider,Spiider,ROBE Lighting,Moving head,LED wash beam,https://www.robe.cz/spiider,"{""dimensions"":""477 H x 390 W x 286 D mm (head vertical)"",""power"":""430 W"",""protocols"":[""DMX"",""RDM"",""Art-Net"",""sACN""],""source_urls"":[""https://www.robe.cz/spiider"",""https://www.robe.cz/res/downloads/exterior_dimensions/Robin_Spiider_dimensions.pdf"",""https://www.robe.cz/res/downloads/catalogues/ROBE_Spiider_leaflet_online_version.pdf""]}","[""https://cdn.aws.robe.cz/v1/image/resize/bacf4d213ec3c79f0b0fbc9128588eea91297efa?fit=cover&height=452&width=452&withoutEnlargement=false""]",ready_for_visualization,assets/fixtures/robe-lighting/spiider,assets/fixtures/robe-lighting/spiider/fixture.json,docs/08 Fixture Library/entries/robe-lighting/spiider.md,assets/fixtures/robe-lighting/spiider/models/fixture.blend,assets/fixtures/robe-lighting/spiider/models/fixture.usdz,assets/fixtures/robe-lighting/spiider/validation/usdz.json,high,2,assets/fixtures/robe-lighting/spiider/previews/three-quarter.png,assets/fixtures/robe-lighting/spiider/validation/detail.json,,validated,assets/fixtures/robe-lighting/spiider/validation/parity.json,lighting.moving.wash,"Source protocol list: DMX, RDM, Art-Net, sACN",Lighting fixtures > Automated lighting > Wash,[],rigged_native_validated,assets/fixtures/robe-lighting/spiider/models/rig.json,2,apps/visionos/VenueVolume/FixtureAssets/Catalog/robe-lighting/spiider/fixture.usdz,,complete,,
T1 Profile,T1 Profile,ROBE Lighting,Moving head,profile,https://www.robe.cz/t1-profile,"{""dimensions"":""542 H x 491 W x 344 D mm (head vertical)"",""protocols"":[""DMX"",""RDM"",""Art-Net"",""sACN""],""source_urls"":[""https://cdn.aws.robe.cz/print/en_product_654.pdf"",""https://www.robe.cz/t1-profile""]}","[""https://cdn.aws.robe.cz/v1/image/resize/422fbc138a8a68463837f9885cdfbffbc5076d0a?fit=cover&height=452&width=452&withoutEnlargement=false""]",ready_for_visualization,assets/fixtures/robe-lighting/t1-profile,assets/fixtures/robe-lighting/t1-profile/fixture.json,docs/08 Fixture Library/entries/robe-lighting/t1-profile.md,assets/fixtures/robe-lighting/t1-profile/models/fixture.blend,assets/fixtures/robe-lighting/t1-profile/models/fixture.usdz,assets/fixtures/robe-lighting/t1-profile/validation/usdz.json,high,2,assets/fixtures/robe-lighting/t1-profile/previews/three-quarter.png,assets/fixtures/robe-lighting/t1-profile/validation/detail.json,,validated,assets/fixtures/robe-lighting/t1-profile/validation/parity.json,lighting.moving.profile,"Source protocol list: DMX, RDM, Art-Net, sACN",Lighting fixtures > Automated lighting > Framing profile,[],rigged_native_validated,assets/fixtures/robe-lighting/t1-profile/models/rig.json,2,apps/visionos/VenueVolume/FixtureAssets/Catalog/robe-lighting/t1-profile/fixture.usdz,,complete,,
VL2600 SPOT,VL2600 SPOT,Vari-Lite,Spot,moving head spot,https://www.vari-lite.com/global/products/vl2600-spot,"{""dimensions"":""464 x 300 x 715 mm"",""weight"":""32 kg"",""power"":""approx. 820 W; 550 W LED engine"",""protocols"":[""DMX""],""output"":""19,000 lm"",""zoom"":""7–<48°"",""sources"":[""https://www.vari-lite.com/global/products/vl2600-spot"",""https://www.vari-lite.com/b-dam/vari-lite/products/vl2600-wash/guides-and-manuals/vl2600-series_user-manual.pdf""]}","[""https://www.vari-lite.com/b-dam/vari-lite/products/vl2600-spot/vl2600-spot-thumbnail.jpg""]",researched,assets/fixtures/vari-lite/vl2600-spot,assets/fixtures/vari-lite/vl2600-spot/fixture.json,docs/08 Fixture Library/entries/vari-lite/vl2600-spot.md,assets/fixtures/vari-lite/vl2600-spot/models/fixture.blend,assets/fixtures/vari-lite/vl2600-spot/models/fixture.usdz,assets/fixtures/vari-lite/vl2600-spot/validation/usdz.json,high,2,assets/fixtures/vari-lite/vl2600-spot/previews/three-quarter.png,assets/fixtures/vari-lite/vl2600-spot/validation/detail.json,,validated,assets/fixtures/vari-lite/vl2600-spot/validation/parity.json,lighting.moving.spot,Source protocol list: DMX,Lighting fixtures > Automated lighting > Spot / gobo projector,[],rigged_native_validated,assets/fixtures/vari-lite/vl2600-spot/models/rig.json,2,apps/visionos/VenueVolume/FixtureAssets/Catalog/vari-lite/vl2600-spot/fixture.usdz,,complete,,
VL3600 PROFILE IP,VL3600 PROFILE IP,Vari-Lite,Profile,moving head profile,https://www.vari-lite.com/global/products/vl3600-profile-ip,"{""dimensions"":""560 x 799 x 340 mm"",""power"":""1000 W LED engine"",""protocols"":[""DMX512"",""RDM"",""wireless DMX/RDM (CRMX)""],""output"":""45,000 lm fixture; 85,000 source lm"",""ip_rating"":""IP65"",""sources"":[""https://www.vari-lite.com/global/products/vl3600-profile-ip"",""https://vari-lite.s3.eu-west-1.amazonaws.com/datasheets/VL3600-PROFILE-IP.pdf""]}","[""https://www.vari-lite.com/b-dam/vari-lite/products/vl3600-profile-ip/vl3600-profile-ip_thumb.jpg""]",researched,assets/fixtures/vari-lite/vl3600-profile-ip,assets/fixtures/vari-lite/vl3600-profile-ip/fixture.json,docs/08 Fixture Library/entries/vari-lite/vl3600-profile-ip.md,assets/fixtures/vari-lite/vl3600-profile-ip/models/fixture.blend,assets/fixtures/vari-lite/vl3600-profile-ip/models/fixture.usdz,assets/fixtures/vari-lite/vl3600-profile-ip/validation/usdz.json,high,2,assets/fixtures/vari-lite/vl3600-profile-ip/previews/three-quarter.png,assets/fixtures/vari-lite/vl3600-profile-ip/validation/detail.json,,validated,assets/fixtures/vari-lite/vl3600-profile-ip/validation/parity.json,lighting.moving.profile,"Source protocol list: DMX512, RDM, wireless DMX/RDM (CRMX)",Lighting fixtures > Automated lighting > Framing profile,[],rigged_native_validated,assets/fixtures/vari-lite/vl3600-profile-ip/models/rig.json,2,apps/visionos/VenueVolume/FixtureAssets/Catalog/vari-lite/vl3600-profile-ip/fixture.usdz,,complete,,
VL5LED WASH,VL5LED WASH,Vari-Lite,Wash,creative moving head wash,https://www.vari-lite.com/global/products/v5led-wash,"{""dimensions"":""367 x 578 x 360 mm"",""protocols"":[""DMX""],""engine"":""RGBALC"",""features"":[""Dichro*fusion blades"",""motorized zoom"",""blade LEDs""],""sources"":[""https://www.vari-lite.com/global/vl5led-series"",""https://vari-lite.s3.eu-west-1.amazonaws.com/datasheets/Vari-Lite/VL5LED_WASH.pdf""]}","[""https://www.vari-lite.com/b-dam/vari-lite/products/vl5led-wash/VL5LED-WASH_thumbnail.jpg""]",researched,assets/fixtures/vari-lite/vl5led-wash,assets/fixtures/vari-lite/vl5led-wash/fixture.json,docs/08 Fixture Library/entries/vari-lite/vl5led-wash.md,assets/fixtures/vari-lite/vl5led-wash/models/fixture.blend,assets/fixtures/vari-lite/vl5led-wash/models/fixture.usdz,assets/fixtures/vari-lite/vl5led-wash/validation/usdz.json,high,2,assets/fixtures/vari-lite/vl5led-wash/previews/three-quarter.png,assets/fixtures/vari-lite/vl5led-wash/validation/detail.json,,validated,assets/fixtures/vari-lite/vl5led-wash/validation/parity.json,lighting.moving.wash,Source protocol list: DMX,Lighting fixtures > Automated lighting > Wash,[],rigged_native_validated,assets/fixtures/vari-lite/vl5led-wash/models/rig.json,2,apps/visionos/VenueVolume/FixtureAssets/Catalog/vari-lite/vl5led-wash/fixture.usdz,,complete,,
Jolt Bar FX2,JOL286,ADJ,batten,RGB and white LED strobe/blinder bar,https://www.adj.com/products/jolt-bar-fx2,"{""protocols"": [""DMX"", ""RDM"", ""Aria X2""], ""source_urls"": [""https://www.adj.com/products/jolt-bar-fx2""], ""power"": ""214 W at 120 V; 208 W at 230 V; 100–240 V AC, 50/60 Hz"", ""weight"": ""13 lb (5.9 kg)"", ""dmx_channels"": [6, 9, 13, 16, 18, 20, 32, 34, 38, 43, 45, 64, 78, 80, 112, 127, 129], ""dimensions"": {""width_m"": 1.0, ""height_m"": 0.101, ""depth_m"": 0.1035, ""axis_status"": ""documented"", ""axis_note"": ""Manufacturer states 1000 x 103.5 x 101 mm as length x width x height; longitudinal bar axis is width in this record."", ""reference_pose"": ""Assembled bar, optical face forward, long axis horizontal, supplied yoke brackets at their nominal straight-down orientation; manufacturer dimensional drawing.""}, ""research_evidence"": [{""url"": ""https://www.adj.com/products/jolt-bar-fx2"", ""title"": ""Jolt Bar FX2 product page"", ""locator"": ""Specifications, Dimensions / Weight; Control; Electrical; image gallery"", ""accessed_at"": ""2026-09-30""}, {""url"": ""https://www.adj.com/products/jolt-bar-fx2"", ""title"": ""Jolt Bar FX2 product page"", ""locator"": ""Downloads: dimensional drawing, user manual, DMX traits, CAD; page identifies exact SKU JOL286"", ""accessed_at"": ""2026-09-30""}]}","[""https://www.adj.com/cdn/shop/files/e1af7217437ab7f23dec17a84b9dae00a6dcec47_JOL286__IMG__004__067a4c0bb043.jpg?v=1776713904&width=800""]",ready_for_visualization,assets/fixtures/adj/jolt-bar-fx2,assets/fixtures/adj/jolt-bar-fx2/fixture.json,docs/08 Fixture Library/entries/adj/jolt-bar-fx2.md,assets/fixtures/adj/jolt-bar-fx2/models/fixture.blend,assets/fixtures/adj/jolt-bar-fx2/models/fixture.usdz,assets/fixtures/adj/jolt-bar-fx2/validation/usdz.json,high,2,assets/fixtures/adj/jolt-bar-fx2/previews/three-quarter.png,assets/fixtures/adj/jolt-bar-fx2/validation/detail.json,1,validated,assets/fixtures/adj/jolt-bar-fx2/validation/parity.json,lighting.effects.strobe,"Source protocol list: DMX, RDM, Aria X2",Lighting fixtures > Visible and audience effects > Strobe,"[""strobe capable"", ""blinder capable""]",static_native_validated,assets/fixtures/adj/jolt-bar-fx2/models/rig.json,0,apps/visionos/VenueVolume/FixtureAssets/Catalog/adj/jolt-bar-fx2/fixture.usdz,,complete,,
Encore LP12Z IP,ENC395,ADJ,par,IP65 RGBL motorized-zoom wash,https://www.adj.com/products/encore-lp12z-ip,"{""protocols"": [""DMX"", ""RDM"", ""Aria X2""], ""source_urls"": [""https://www.adj.com/products/encore-lp12z-ip""], ""power"": ""227 W maximum; 100–240 V AC, 47/63 Hz"", ""weight"": ""16.6 lb (7.5 kg)"", ""dmx_channels"": [6, 9, 10, 12, 15, 18], ""dimensions"": {""width_m"": 0.316, ""height_m"": 0.346, ""depth_m"": 0.371, ""axis_status"": ""estimated"", ""axis_note"": ""ADJ's page conflicts: overview says 222 x 316 x 367 mm while the detailed dimensions list says 371 x 316 x 346 mm. This row retains the detailed list; verify against official CAD before scaling."", ""reference_pose"": ""Complete fixture with scissor yoke, lens axis horizontal and yoke upright; assembled pose corresponding to product-page dimensional drawing.""}, ""research_evidence"": [{""url"": ""https://www.adj.com/products/encore-lp12z-ip"", ""title"": ""Encore LP12Z IP product page"", ""locator"": ""Overview dimensions 222 x 316 x 367 mm conflict with detailed list 371 x 316 x 346 mm; the record retains detailed list pending CAD check"", ""accessed_at"": ""2026-09-30""}, {""url"": ""https://www.adj.com/products/encore-lp12z-ip"", ""title"": ""Encore LP12Z IP product page"", ""locator"": ""Source, control, electrical, and downloads: CAD, dimensional drawing, DMX traits, manual"", ""accessed_at"": ""2026-09-30""}]}","[""https://www.adj.com/cdn/shop/files/265349badd4c3136ad3a8df6fb6ab848cffbaaea_ENC395__IMG__002__851305f4fc1f.jpg?v=1775714586&width=800""]",researched,assets/fixtures/adj/encore-lp12z-ip,assets/fixtures/adj/encore-lp12z-ip/fixture.json,docs/08 Fixture Library/entries/adj/encore-lp12z-ip.md,assets/fixtures/adj/encore-lp12z-ip/models/fixture.blend,assets/fixtures/adj/encore-lp12z-ip/models/fixture.usdz,assets/fixtures/adj/encore-lp12z-ip/validation/usdz.json,high,2,assets/fixtures/adj/encore-lp12z-ip/previews/three-quarter.png,assets/fixtures/adj/encore-lp12z-ip/validation/detail.json,1,validated,assets/fixtures/adj/encore-lp12z-ip/validation/parity.json,lighting.static.par,"Source protocol list: DMX, RDM, Aria X2",Lighting fixtures > Static and manually focused > PAR and compact wash,"[""weather-rated variant""]",rigged_native_validated,assets/fixtures/adj/encore-lp12z-ip/models/rig.json,1,apps/visionos/VenueVolume/FixtureAssets/Catalog/adj/encore-lp12z-ip/fixture.usdz,,complete,,
JOLT 300,JOL300,ADJ,strobe,RGB and cool-white LED strobe/blinder,https://www.adj.com/products/jolt-300,"{""protocols"": [""DMX""], ""source_urls"": [""https://www.adj.com/products/jolt-300""], ""power"": ""226 W maximum; 100–240 V AC, 50/60 Hz"", ""weight"": ""10.5 lb (4.75 kg)"", ""dmx_channels"": [4, 8, 10, 12, 15, 18], ""dimensions"": {""width_m"": 0.389, ""height_m"": 0.213, ""depth_m"": 0.143, ""axis_status"": ""documented"", ""axis_note"": ""Manufacturer states length x width x height as 389 x 143 x 213 mm; long axis represented as width."", ""reference_pose"": ""Assembled single-yoke fixture, emitting face forward and yoke centered below body, per product dimensional drawing.""}, ""research_evidence"": [{""url"": ""https://www.adj.com/products/jolt-300"", ""title"": ""JOLT 300 product page"", ""locator"": ""Specifications: Dimensions / Weight, Control, Electrical; page identifies SKU JOL300"", ""accessed_at"": ""2026-09-30""}, {""url"": ""https://www.adj.com/products/jolt-300"", ""title"": ""JOLT 300 product page"", ""locator"": ""Downloads: dimensional drawing, user manual and DMX traits"", ""accessed_at"": ""2026-09-30""}]}","[""https://www.adj.com/cdn/shop/files/24123b2ef30540e21651ee792a1dda543061fbbb_JOL300__IMG__001__fc31c3261e23.jpg?v=1776712495&width=800""]",ready_for_visualization,assets/fixtures/adj/jolt-300,assets/fixtures/adj/jolt-300/fixture.json,docs/08 Fixture Library/entries/adj/jolt-300.md,assets/fixtures/adj/jolt-300/models/fixture.blend,assets/fixtures/adj/jolt-300/models/fixture.usdz,assets/fixtures/adj/jolt-300/validation/usdz.json,high,2,assets/fixtures/adj/jolt-300/previews/three-quarter.png,assets/fixtures/adj/jolt-300/validation/detail.json,1,validated,assets/fixtures/adj/jolt-300/validation/parity.json,lighting.effects.strobe,Source protocol list: DMX,Lighting fixtures > Visible and audience effects > Strobe,"[""strobe capable"", ""blinder capable""]",static_native_validated,assets/fixtures/adj/jolt-300/models/rig.json,0,apps/visionos/VenueVolume/FixtureAssets/Catalog/adj/jolt-300/fixture.usdz,,complete,,
Desire Fresnel 7,DFL7,ETC,wash,LED Fresnel,https://www.etcconnect.com/Products/Entertainment-Fixtures/Desire-Fresnel/Features/,"{""protocols"": [""DMX512"", ""RDM"", ""City Theatrical Multiverse wireless DMX""], ""source_urls"": [""https://www.etcconnect.com/Products/Entertainment-Fixtures/Desire-Fresnel/Features/"", ""https://www.etcconnect.com/Products/Entertainment-Fixtures/Desire-Fresnel/Documentation.aspx"", ""https://www.etcconnect.com/WorkArea/DownloadAsset.aspx?id=10737506619"", ""https://www.etcconnect.com/WorkArea/DownloadAsset.aspx?id=10737506792""], ""weight"": ""10.8 kg"", ""dimensions"": {""width_m"": 0.304, ""height_m"": 0.455, ""depth_m"": 0.356, ""axis_status"": ""documented"", ""axis_note"": ""Corrected from ETC Rev F Physical table: HEIGHT 455 mm × WIDTH 304 mm × DEPTH 356 mm (fully retracted; 505 mm extended). Drawing on p. 11 labels 455 mm vertical and 304 mm crosswise."", ""reference_pose"": ""Yoke upright; zoom fully retracted""}, ""research_evidence"": [{""url"": ""https://www.etcconnect.com/Products/Entertainment-Fixtures/Desire-Fresnel/Features/"", ""title"": ""Desire Fresnel Features"", ""locator"": ""7 inch version; product features"", ""accessed_at"": ""2026-09-30""}, {""url"": ""https://www.etcconnect.com/WorkArea/DownloadAsset.aspx?id=10737506792"", ""title"": ""Desire Fresnel 7 Physical Drawing"", ""locator"": ""Official ETC DFL7 drawing crosschecked against Rev F datasheet: 455 × 304 × 356 mm retracted; 505 mm extended depth"", ""accessed_at"": ""2026-09-30""}, {""url"": ""https://www.etcconnect.com/WorkArea/DownloadAsset.aspx?id=10737506619"", ""title"": ""Desire Fresnel Technical Datasheet"", ""locator"": ""Rev F physical section: DFL7 dimensions and weight"", ""accessed_at"": ""2026-09-30""}, {""url"": ""https://www.ecm-sa.ch/media/desire_fresnel_datasheet_revf.pdf"", ""title"": ""ETC Desire Fresnel Technical Datasheet"", ""locator"": ""Rev F, April 2025, p. 11 Physical table explicitly labels HEIGHT 455 mm, WIDTH 304 mm, DEPTH 356/505 mm. The adjacent dimensioned drawing depicts 455 mm vertical and 304 mm crosswise; 10.8 kg."", ""accessed_at"": ""2026-09-30""}]}","[""https://www.etcconnect.com/uploadedImages/Main_Site/Images/Products/Lighting_Fixtures/Desire_Fresnel/Desire_Fresnel_Glam_960x300.jpg""]",ready_for_visualization,assets/fixtures/etc/desire-fresnel-7,assets/fixtures/etc/desire-fresnel-7/fixture.json,docs/08 Fixture Library/entries/etc/desire-fresnel-7.md,assets/fixtures/etc/desire-fresnel-7/models/fixture.blend,assets/fixtures/etc/desire-fresnel-7/models/fixture.usdz,assets/fixtures/etc/desire-fresnel-7/validation/usdz.json,high,2,assets/fixtures/etc/desire-fresnel-7/previews/three-quarter.png,assets/fixtures/etc/desire-fresnel-7/validation/detail.json,1,validated,assets/fixtures/etc/desire-fresnel-7/validation/parity.json,lighting.static.fresnel,"Source protocol list: DMX512, RDM, City Theatrical Multiverse wireless DMX",Lighting fixtures > Static and manually focused > Fresnel wash,[],rigged_native_validated,assets/fixtures/etc/desire-fresnel-7/models/rig.json,1,apps/visionos/VenueVolume/FixtureAssets/Catalog/etc/desire-fresnel-7/fixture.usdz,,complete,,
ColorSource PAR,CSPAR,ETC,wash,LED PAR,https://www.etcconnect.com/Products/Lighting-Fixtures/ColorSource/PAR.aspx,"{""protocols"": [""DMX512"", ""RDM""], ""source_urls"": [""https://www.etcconnect.com/Products/Lighting-Fixtures/ColorSource/PAR.aspx"", ""https://www.etcconnect.com/Products/Entertainment-Fixtures/ColorSource-PAR/Tech-Specs.aspx""], ""power"": ""90 W at 120 V"", ""weight"": ""3.8 kg"", ""dimensions"": {""width_m"": 0.203, ""height_m"": 0.31, ""depth_m"": 0.24, ""axis_status"": ""documented"", ""axis_note"": ""ETC technical specification gives assembled fixture dimensions without mounting hardware; 90 W at 120 V."", ""reference_pose"": ""Yoke upright, head forward""}, ""research_evidence"": [{""url"": ""https://www.etcconnect.com/Products/Lighting-Fixtures/ColorSource/PAR.aspx"", ""title"": ""ColorSource PAR Features"", ""locator"": ""Original RGB-L wash luminaire; official product image"", ""accessed_at"": ""2026-09-30""}, {""url"": ""https://www.etcconnect.com/Products/Entertainment-Fixtures/ColorSource-PAR/Tech-Specs.aspx"", ""title"": ""ColorSource PAR Tech Specs"", ""locator"": ""Electrical, control, and physical sections; 90 W at 120 V, DMX512/RDM, 310 × 203 × 240 mm, 3.8 kg"", ""accessed_at"": ""2026-09-30""}]}","[""https://www.etcconnect.com/uploadedImages/Main_Site/Images/Products/Lighting_Fixtures/ColorSource/en-CS-PAR-Leaderlines-960x300.jpg""]",ready_for_visualization,assets/fixtures/etc/colorsource-par,assets/fixtures/etc/colorsource-par/fixture.json,docs/08 Fixture Library/entries/etc/colorsource-par.md,assets/fixtures/etc/colorsource-par/models/fixture.blend,assets/fixtures/etc/colorsource-par/models/fixture.usdz,assets/fixtures/etc/colorsource-par/validation/usdz.json,high,2,assets/fixtures/etc/colorsource-par/previews/three-quarter.png,assets/fixtures/etc/colorsource-par/validation/detail.json,1,validated,assets/fixtures/etc/colorsource-par/validation/parity.json,lighting.static.par,"Source protocol list: DMX512, RDM",Lighting fixtures > Static and manually focused > PAR and compact wash,[],rigged_native_validated,assets/fixtures/etc/colorsource-par/models/rig.json,1,apps/visionos/VenueVolume/FixtureAssets/Catalog/etc/colorsource-par/fixture.usdz,,complete,,
SolaFrame 1000,SolaFrame 1000,High End Systems,moving light,LED framing profile,https://www.etcconnect.com/Products/Legacy/Live-Events-High-End-Systems/Lighting-Fixtures/SolaFrame/1000/Documentation.aspx,"{""protocols"": [""DMX"", ""RDM""], ""source_urls"": [""https://www.etcconnect.com/Products/Legacy/Live-Events-High-End-Systems/Lighting-Fixtures/SolaFrame/1000/Documentation.aspx"", ""https://www.etcconnect.com/WorkArea/DownloadAsset.aspx?id=10737503529"", ""https://www.etcconnect.com/WorkArea/DownloadAsset.aspx?id=10737504840""], ""power"": ""917 W standard; 958 W with defogger"", ""weight"": ""31.3 kg"", ""dimensions"": {""width_m"": 0.46, ""height_m"": 0.726, ""depth_m"": 0.324, ""axis_status"": ""documented"", ""axis_note"": ""Manufacturer dimensional drawing / Rev K datasheet, assembled dimensions excluding mounting hardware. Standard power draw is 917 W, 958 W with lens defogger."", ""reference_pose"": ""Head straight up, yoke centered; neutral pose per drawing""}, ""research_evidence"": [{""url"": ""https://www.etcconnect.com/Products/Legacy/Live-Events-High-End-Systems/Lighting-Fixtures/SolaFrame/1000/Documentation.aspx"", ""title"": ""SolaFrame 1000 Documentation"", ""locator"": ""Datasheet and dimensional information links; DMX channel map listed"", ""accessed_at"": ""2026-09-30""}, {""url"": ""https://www.etcconnect.com/WorkArea/DownloadAsset.aspx?id=10737503529"", ""title"": ""SolaFrame 1000 Technical Datasheet"", ""locator"": ""Rev L, pages 2 and 6; protocols/RDM, 917 W standard or 958 W with defogger, 31.3 kg"", ""accessed_at"": ""2026-09-30""}, {""url"": ""https://www.etcconnect.com/WorkArea/DownloadAsset.aspx?id=10737504840"", ""title"": ""Dimensional Drawings & Physical Information"", ""locator"": ""SolaFrame 1000 drawing page; overall assembled envelope"", ""accessed_at"": ""2026-09-30""}, {""url"": ""https://shop.etcconnect.com/solaframe-1000-black-molded-insert/"", ""title"": ""SolaFrame 1000 official ETC store product image"", ""locator"": ""Product image and overview"", ""accessed_at"": ""2026-09-30""}]}","[""https://cdn11.bigcommerce.com/s-cr8amw/images/stencil/1280x1280/products/781/2244/SolaFrame_1000_prod_right_1__26691.1680192507.png?c=2""]",researched,assets/fixtures/high-end-systems/solaframe-1000,assets/fixtures/high-end-systems/solaframe-1000/fixture.json,docs/08 Fixture Library/entries/high-end-systems/solaframe-1000.md,assets/fixtures/high-end-systems/solaframe-1000/models/fixture.blend,assets/fixtures/high-end-systems/solaframe-1000/models/fixture.usdz,assets/fixtures/high-end-systems/solaframe-1000/validation/usdz.json,high,2,assets/fixtures/high-end-systems/solaframe-1000/previews/three-quarter.png,assets/fixtures/high-end-systems/solaframe-1000/validation/detail.json,1,validated,assets/fixtures/high-end-systems/solaframe-1000/validation/parity.json,lighting.moving.profile,"Source protocol list: DMX, RDM",Lighting fixtures > Automated lighting > Framing profile,[],rigged_native_validated,assets/fixtures/high-end-systems/solaframe-1000/models/rig.json,2,apps/visionos/VenueVolume/FixtureAssets/Catalog/high-end-systems/solaframe-1000/fixture.usdz,,complete,,
SolaFrame 2000,SolaFrame 2000,High End Systems,moving light,LED framing profile,https://www.etcconnect.com/Products/Legacy/Live-Events-High-End-Systems/Lighting-Fixtures/SolaFrame/2000/Features.aspx,"{""protocols"": [""DMX"", ""RDM""], ""source_urls"": [""https://www.etcconnect.com/Products/Legacy/Live-Events-High-End-Systems/Lighting-Fixtures/SolaFrame/2000/Features.aspx"", ""https://www.etcconnect.com/WorkArea/DownloadAsset.aspx?id=10737503533"", ""https://www.etcconnect.com/WorkArea/DownloadAsset.aspx?id=10737504840""], ""power"": ""855 W standard; 890 W with defogger"", ""weight"": ""43.5 kg"", ""dimensions"": {""width_m"": 0.475, ""height_m"": 0.838, ""depth_m"": 0.32, ""axis_status"": ""documented"", ""axis_note"": ""Manufacturer Rev B datasheet, overall assembled fixture dimensions excluding mounting hardware. Power is 864 W at 120 V input."", ""reference_pose"": ""Head straight up, yoke centered; neutral pose per drawing""}, ""research_evidence"": [{""url"": ""https://www.etcconnect.com/Products/Legacy/Live-Events-High-End-Systems/Lighting-Fixtures/SolaFrame/2000/Features.aspx"", ""title"": ""SolaFrame 2000 Features"", ""locator"": ""High End Systems product page; official product image"", ""accessed_at"": ""2026-09-30""}, {""url"": ""https://www.etcconnect.com/WorkArea/DownloadAsset.aspx?id=10737504840"", ""title"": ""Dimensional Drawings & Physical Information"", ""locator"": ""SolaFrame family drawings; SolaFrame 2000 drawing page"", ""accessed_at"": ""2026-09-30""}, {""url"": ""https://www.etcconnect.com/WorkArea/DownloadAsset.aspx?id=10737503533"", ""title"": ""SolaFrame 2000 Technical Datasheet"", ""locator"": ""Rev B pages 2 and 5; 838 × 475 × 320 mm, 43.5 kg; 855 W standard / 890 W with defogger"", ""accessed_at"": ""2026-09-30""}]}","[""https://www.etcconnect.com/uploadedImages/Main_Site/Images/High_End_Systems_Images/Lighting_Fixtures/SolaFrame/SolaFrame_2000_prod_right.jpg""]",researched,assets/fixtures/high-end-systems/solaframe-2000,assets/fixtures/high-end-systems/solaframe-2000/fixture.json,docs/08 Fixture Library/entries/high-end-systems/solaframe-2000.md,assets/fixtures/high-end-systems/solaframe-2000/models/fixture.blend,assets/fixtures/high-end-systems/solaframe-2000/models/fixture.usdz,assets/fixtures/high-end-systems/solaframe-2000/validation/usdz.json,high,2,assets/fixtures/high-end-systems/solaframe-2000/previews/three-quarter.png,assets/fixtures/high-end-systems/solaframe-2000/validation/detail.json,1,validated,assets/fixtures/high-end-systems/solaframe-2000/validation/parity.json,lighting.moving.profile,"Source protocol list: DMX, RDM",Lighting fixtures > Automated lighting > Framing profile,[],rigged_native_validated,assets/fixtures/high-end-systems/solaframe-2000/models/rig.json,2,apps/visionos/VenueVolume/FixtureAssets/Catalog/high-end-systems/solaframe-2000/fixture.usdz,,complete,,
iFORTE,iFORTE IP65,ROBE Lighting,moving light,profile / spot,https://www.robe.cz/iforte,"{""protocols"": [""DMX512"", ""RDM"", ""Art-Net"", ""sACN"", ""Kling-Net""], ""source_urls"": [""https://www.robe.cz/iforte"", ""https://www.robe.cz/res/downloads/catalogues/ROBE_iFORTE_FS_leaflet_online_version.pdf"", ""https://www.robe.cz/res/downloads/user_manuals/User_manual_Robin_iForte_iForte_FS.pdf""], ""power"": ""1250 W max"", ""weight"": ""42.5 kg"", ""dmx_channels"": [54, 55, 73, 96, 111, 113], ""dimensions"": {""width_m"": 0.48, ""height_m"": 0.837, ""depth_m"": 0.335, ""axis_status"": ""documented"", ""axis_note"": ""Manufacturer mechanical specifications, head vertical; use the iFORTE base model, not FS or LTX. Published dimensional sketch gives slightly different heights depending on view; the catalog value of 837 mm is used."", ""reference_pose"": ""Head vertical; base level.""}, ""research_evidence"": [{""url"": ""https://www.robe.cz/iforte"", ""title"": ""iFORTE product page"", ""locator"": ""Technical Specification; mechanical and control sections"", ""accessed_at"": ""2026-09-30""}, {""url"": ""https://www.robe.cz/res/downloads/catalogues/ROBE_iFORTE_FS_leaflet_online_version.pdf"", ""title"": ""ROBE iFORTE / iFORTE FS leaflet"", ""locator"": ""Mechanical Specification; iFORTE weight 42.5 kg and head-vertical height 837 mm"", ""accessed_at"": ""2026-09-30""}, {""url"": ""https://www.robe.cz/res/downloads/user_manuals/User_manual_Robin_iForte_iForte_FS.pdf"", ""title"": ""User Manual Robin iFORTE / iFORTE FS"", ""locator"": ""Technical specifications; standard iFORTE 42.5 kg, 540° pan and 270° tilt"", ""accessed_at"": ""2026-09-30""}]}","[""https://cdn.aws.robe.cz/v1/image/resize/6ee70f896810a7721c20db54b45105162a65661c?fit=cover&height=452&width=452&withoutEnlargement=false""]",researched,assets/fixtures/robe-lighting/iforte,assets/fixtures/robe-lighting/iforte/fixture.json,docs/08 Fixture Library/entries/robe-lighting/iforte.md,assets/fixtures/robe-lighting/iforte/models/fixture.blend,assets/fixtures/robe-lighting/iforte/models/fixture.usdz,assets/fixtures/robe-lighting/iforte/validation/usdz.json,high,2,assets/fixtures/robe-lighting/iforte/previews/three-quarter.png,assets/fixtures/robe-lighting/iforte/validation/detail.json,1,validated,assets/fixtures/robe-lighting/iforte/validation/parity.json,lighting.moving.profile,"Source protocol list: DMX512, RDM, Art-Net, sACN, Kling-Net",Lighting fixtures > Automated lighting > Framing profile,[],rigged_native_validated,assets/fixtures/robe-lighting/iforte/models/rig.json,2,apps/visionos/VenueVolume/FixtureAssets/Catalog/robe-lighting/iforte/fixture.usdz,,complete,,
Tarrantula,Robin Tarrantula RGBA,ROBE Lighting,moving light,wash beam hybrid,https://www.robe.cz/tarrantula,"{""protocols"": [""DMX512"", ""RDM"", ""Art-Net"", ""MANet"", ""MANet2"", ""sACN"", ""Kling-Net""], ""source_urls"": [""https://www.robe.cz/tarrantula"", ""https://www.robe.cz/res/downloads/exterior_dimensions/Robin_Tarrantula_dimensions.pdf"", ""https://www.robe.cz/res/downloads/user_manuals/User_manual_Robin_Tarrantula_RGBA.pdf""], ""power"": ""1000 W max"", ""weight"": ""21 kg"", ""dmx_channels"": [28, 48, 146, 183, 159, 196], ""dimensions"": {""width_m"": 0.588, ""height_m"": 0.605, ""depth_m"": 0.523, ""axis_status"": ""estimated"", ""axis_note"": ""Manufacturer drawing documents overall envelope labels 588, 605, and 523 mm, but extraction does not make their assignment to model width/height/depth unambiguous. Values are assigned as width x height x depth from the front/side orthographic layout; axis assignment is an estimate, the dimensions themselves are manufacturer-documented."", ""reference_pose"": ""Base level; drawing's upper vertical head position with beam shaper installed.""}, ""research_evidence"": [{""url"": ""https://www.robe.cz/tarrantula"", ""title"": ""Tarrantula product page"", ""locator"": ""Technical Specification and product images"", ""accessed_at"": ""2026-09-30""}, {""url"": ""https://www.robe.cz/res/downloads/exterior_dimensions/Robin_Tarrantula_dimensions.pdf"", ""title"": ""Robin Tarrantula exterior dimensions"", ""locator"": ""Sheet 1 of 1, dated 2017-11-16; all dimensions in mm; overall envelope labels 588, 605, and 523 mm; other labels include component spans and motion clearances"", ""accessed_at"": ""2026-09-30""}, {""url"": ""https://www.robe.cz/res/downloads/user_manuals/User_manual_Robin_Tarrantula_RGBA.pdf"", ""title"": ""User Manual Robin Tarrantula RGBA"", ""locator"": ""Technical Specifications, pp. 32-33; weight, max power, modes and operating limits"", ""accessed_at"": ""2026-09-30""}]}","[""https://cdn.aws.robe.cz/v1/image/resize/6c9de341cb1ae82efd1cbaa4693d7540565e81c6?fit=cover&height=452&width=452&withoutEnlargement=false""]",researched,assets/fixtures/robe-lighting/tarrantula,assets/fixtures/robe-lighting/tarrantula/fixture.json,docs/08 Fixture Library/entries/robe-lighting/tarrantula.md,assets/fixtures/robe-lighting/tarrantula/models/fixture.blend,assets/fixtures/robe-lighting/tarrantula/models/fixture.usdz,assets/fixtures/robe-lighting/tarrantula/validation/usdz.json,high,2,assets/fixtures/robe-lighting/tarrantula/previews/three-quarter.png,assets/fixtures/robe-lighting/tarrantula/validation/detail.json,1,validated,assets/fixtures/robe-lighting/tarrantula/validation/parity.json,lighting.moving.hybrid,"Source protocol list: DMX512, RDM, Art-Net, MANet, MANet2, sACN, Kling-Net",Lighting fixtures > Automated lighting > Beam / spot / wash hybrid,"[""multi-role optics""]",rigged_native_validated,assets/fixtures/robe-lighting/tarrantula/models/rig.json,2,apps/visionos/VenueVolume/FixtureAssets/Catalog/robe-lighting/tarrantula/fixture.usdz,,complete,,
Sinfonya Profile 600,CL3018,Claypaky,moving light,LED profile,https://www.claypaky.it/products/sinfonya-profile-600/,"{""protocols"": [""DMX"", ""Art-Net"", ""sACN"", ""RDM"", ""CRMX (optional)"", ""WebServer""], ""source_urls"": [""https://www.claypaky.it/products/sinfonya-profile-600/""], ""power"": ""770 VA max"", ""weight"": ""36.8 kg"", ""dmx_channels"": [58, 49, 43], ""dimensions"": {""width_m"": 0.425, ""height_m"": 0.796, ""depth_m"": 0.417, ""axis_status"": ""documented"", ""axis_note"": ""Claypaky product page lists 425 x 417 mm base dimensions and 796 mm height with vertical head."", ""reference_pose"": ""Head vertical; base level.""}, ""research_evidence"": [{""url"": ""https://www.claypaky.it/products/sinfonya-profile-600/"", ""title"": ""Sinfonya Profile 600 product page"", ""locator"": ""Specs: control and connections, electrical, Weight - Size; 36.8 kg and 425 x 417 mm base with 796 mm head-vertical height"", ""accessed_at"": ""2026-09-30""}]}","[""https://www.claypaky.it/wp-content/uploads/2023/04/Claypaky_SinfonyaProfile600.jpg""]",researched,assets/fixtures/claypaky/sinfonya-profile-600,assets/fixtures/claypaky/sinfonya-profile-600/fixture.json,docs/08 Fixture Library/entries/claypaky/sinfonya-profile-600.md,assets/fixtures/claypaky/sinfonya-profile-600/models/fixture.blend,assets/fixtures/claypaky/sinfonya-profile-600/models/fixture.usdz,assets/fixtures/claypaky/sinfonya-profile-600/validation/usdz.json,high,2,assets/fixtures/claypaky/sinfonya-profile-600/previews/three-quarter.png,assets/fixtures/claypaky/sinfonya-profile-600/validation/detail.json,1,validated,assets/fixtures/claypaky/sinfonya-profile-600/validation/parity.json,lighting.moving.profile,"Source protocol list: DMX, Art-Net, sACN, RDM, CRMX (optional), WebServer",Lighting fixtures > Automated lighting > Framing profile,[],rigged_native_validated,assets/fixtures/claypaky/sinfonya-profile-600/models/rig.json,2,apps/visionos/VenueVolume/FixtureAssets/Catalog/claypaky/sinfonya-profile-600/fixture.usdz,,complete,,
Volero Wave,CL3023,Claypaky,LED bar effect,eight-head moving batten,https://www.claypaky.it/products/volero-wave/,"{""protocols"": [""DMX512"", ""RDM"", ""Art-Net"", ""sACN"", ""WebServer""], ""source_urls"": [""https://www.claypaky.it/products/volero-wave/""], ""power"": ""400 VA max"", ""weight"": ""20.8 kg"", ""dimensions"": {""width_m"": 1.0, ""height_m"": 0.329, ""depth_m"": 0.182, ""axis_status"": ""documented"", ""axis_note"": ""Claypaky datasheet 11/2022 page 1 drawing: 1000 mm span, 329 mm vertical height and 182 mm head sweep depth; distributor-hosted manufacturer document visually checked."", ""reference_pose"": ""Bar horizontal with eight head modules at neutral angle.""}, ""research_evidence"": [{""url"": ""https://www.claypaky.it/products/volero-wave/"", ""title"": ""Volero Wave product page"", ""locator"": ""Overview and Specs; eight independent heads, 400 VA, weight and size"", ""accessed_at"": ""2026-09-30""}, {""url"": ""https://ltb.no/media/multicase/documents/claypaky/datablad_claypaky_volerowave_11.2022.pdf"", ""title"": ""Claypaky Volero Wave datasheet 11/2022 (distributor mirror)"", ""locator"": ""Page 1 dimensioned side and isometric drawings"", ""accessed_at"": ""2026-09-30""}]}","[""https://www.claypaky.it/wp-content/uploads/2022/10/Claypaky_VoleroWave.jpg""]",ready_for_visualization,assets/fixtures/claypaky/volero-wave,assets/fixtures/claypaky/volero-wave/fixture.json,docs/08 Fixture Library/entries/claypaky/volero-wave.md,assets/fixtures/claypaky/volero-wave/models/fixture.blend,assets/fixtures/claypaky/volero-wave/models/fixture.usdz,assets/fixtures/claypaky/volero-wave/validation/usdz.json,high,2,assets/fixtures/claypaky/volero-wave/previews/three-quarter.png,assets/fixtures/claypaky/volero-wave/validation/detail.json,1,validated,assets/fixtures/claypaky/volero-wave/validation/parity.json,lighting.moving.batten,"Source protocol list: DMX512, RDM, Art-Net, sACN, WebServer",Lighting fixtures > Automated lighting > Moving batten / multi-head bar,[],rigged_native_validated,assets/fixtures/claypaky/volero-wave/models/rig.json,8,apps/visionos/VenueVolume/FixtureAssets/Catalog/claypaky/volero-wave/fixture.usdz,,complete,,
COLORdash PAR H7X,COLORDASHPARH7X,CHAUVET Professional,par,RGBWAUV compact LED wash,https://chauvetprofessional.com/product/colordash-par-h7x/,"{""protocols"": [""DMX"", ""RDM""], ""source_urls"": [""https://chauvetprofessional.com/product/colordash-par-h7x/""], ""power"": ""70 W at 120 V, 67 W at 208 V and 230 V; 100–240 V AC, 50/60 Hz"", ""weight"": ""6 lb (2.7 kg)"", ""dmx_channels"": [6, 8, 9, 13, 14], ""dimensions"": {""width_m"": 0.258, ""height_m"": 0.24, ""depth_m"": 0.116, ""axis_status"": ""estimated"", ""axis_note"": ""The manufacturer documents the three extents (258 x 240 x 116 mm) but not their axis order in page text; assigned front width x assembled vertical height x front-to-back depth from product views; confirm against linked 2D CAD before modeling."", ""reference_pose"": ""PAR face forward with double-bracket yoke vertical; manufacturer gives overall extents but web spec does not label axis order.""}, ""research_evidence"": [{""url"": ""https://chauvetprofessional.com/product/colordash-par-h7x/"", ""title"": ""COLORdash PAR H7X product page"", ""locator"": ""Specifications > Construction/Physical: 10.16 x 9.45 x 4.57 in (258 x 240 x 116 mm), weight 6 lb; dimensions axis order not labeled"", ""accessed_at"": ""2026-09-30""}, {""url"": ""https://chauvetprofessional.com/product/colordash-par-h7x/"", ""title"": ""COLORdash PAR H7X product page"", ""locator"": ""Specifications > Control and Electrical; download list provides user manual, 2D/3D CAD, DMX chart"", ""accessed_at"": ""2026-09-30""}, {""url"": ""https://www.bhphotovideo.com/images/fb/chauvet_professional_colordashparh7x_colordash_par_hex_7x_with_1742177.jpg"", ""title"": ""B&H Photo product image"", ""locator"": ""Distributor image; reuse status unknown"", ""accessed_at"": ""2026-09-30""}]}","[""https://chauvetprofessional.com/wp-content/uploads/2025/10/COLORDASH-PAR-H7X-FRONT-FEAT.png""]",researched,assets/fixtures/chauvet-professional/colordash-par-h7x,assets/fixtures/chauvet-professional/colordash-par-h7x/fixture.json,docs/08 Fixture Library/entries/chauvet-professional/colordash-par-h7x.md,assets/fixtures/chauvet-professional/colordash-par-h7x/models/fixture.blend,assets/fixtures/chauvet-professional/colordash-par-h7x/models/fixture.usdz,assets/fixtures/chauvet-professional/colordash-par-h7x/validation/usdz.json,high,2,assets/fixtures/chauvet-professional/colordash-par-h7x/previews/three-quarter.png,assets/fixtures/chauvet-professional/colordash-par-h7x/validation/detail.json,1,validated,assets/fixtures/chauvet-professional/colordash-par-h7x/validation/parity.json,lighting.static.par,"Source protocol list: DMX, RDM",Lighting fixtures > Static and manually focused > PAR and compact wash,[],rigged_native_validated,assets/fixtures/chauvet-professional/colordash-par-h7x/models/rig.json,1,apps/visionos/VenueVolume/FixtureAssets/Catalog/chauvet-professional/colordash-par-h7x/fixture.usdz,,complete,,
COLORdash PAR H12X IP,COLORDASHPARH12XIP,CHAUVET Professional,par,IP65 RGBWAUV LED wash,https://chauvetprofessional.com/product/colordash-par-h12x-ip/,"{""protocols"": [""DMX"", ""RDM""], ""source_urls"": [""https://chauvetprofessional.com/product/colordash-par-h12x-ip/""], ""power"": ""126 W at 120 V; 123 W at 208 V and 230 V; 100–240 V AC, 50/60 Hz"", ""weight"": ""11.8 lb (5.4 kg)"", ""dmx_channels"": [6, 8, 9, 13, 14], ""dimensions"": {""width_m"": 0.3054, ""height_m"": 0.2479, ""depth_m"": 0.232, ""axis_status"": ""estimated"", ""axis_note"": ""Manufacturer documents extents in 9.1 x 12 x 9.8 in order but the page does not label axes; mapping them to front width, vertical assembled height, and body depth is an estimate pending CAD confirmation."", ""reference_pose"": ""PAR face forward, double yoke upright; assembled fixture envelope from product-page dimensions.""}, ""research_evidence"": [{""url"": ""https://chauvetprofessional.com/product/colordash-par-h12x-ip/"", ""title"": ""COLORdash PAR H12X IP product page"", ""locator"": ""Specifications > Construction/Physical: 9.1 x 12 x 9.8 in (232 x 305.4 x 247.9 mm), weight 11.8 lb"", ""accessed_at"": ""2026-09-30""}, {""url"": ""https://chauvetprofessional.com/product/colordash-par-h12x-ip/"", ""title"": ""COLORdash PAR H12X IP product page"", ""locator"": ""Specifications > Control, Construction/Physical; downloads list 2D CAD, user manual and DMX chart"", ""accessed_at"": ""2026-09-30""}, {""url"": ""https://moogaudio.com/cdn/shop/files/ChauvetProfessionalCOLORdashPARH12XIPLEDWash_1_800x.jpg?v=1774026071"", ""title"": ""Moog Audio product image"", ""locator"": ""Distributor image; reuse status unknown"", ""accessed_at"": ""2026-09-30""}]}","[""https://chauvetprofessional.com/wp-content/uploads/2025/10/COLORDASH-PAR-H12X-IP-FRONT-FEAT.png""]",researched,assets/fixtures/chauvet-professional/colordash-par-h12x-ip,assets/fixtures/chauvet-professional/colordash-par-h12x-ip/fixture.json,docs/08 Fixture Library/entries/chauvet-professional/colordash-par-h12x-ip.md,assets/fixtures/chauvet-professional/colordash-par-h12x-ip/models/fixture.blend,assets/fixtures/chauvet-professional/colordash-par-h12x-ip/models/fixture.usdz,assets/fixtures/chauvet-professional/colordash-par-h12x-ip/validation/usdz.json,high,2,assets/fixtures/chauvet-professional/colordash-par-h12x-ip/previews/three-quarter.png,assets/fixtures/chauvet-professional/colordash-par-h12x-ip/validation/detail.json,2,validated,assets/fixtures/chauvet-professional/colordash-par-h12x-ip/validation/parity.json,lighting.static.par,"Source protocol list: DMX, RDM",Lighting fixtures > Static and manually focused > PAR and compact wash,"[""weather-rated variant""]",rigged_native_validated,assets/fixtures/chauvet-professional/colordash-par-h12x-ip/models/rig.json,1,apps/visionos/VenueVolume/FixtureAssets/Catalog/chauvet-professional/colordash-par-h12x-ip/fixture.usdz,,complete,,
COLORdash Par-Quad 18,COLORDASHPARQUAD18,CHAUVET Professional,par,legacy RGBA LED wash,https://chauvetprofessional.com/product/colordash-par-quad-18/,"{""protocols"": [""DMX""], ""source_urls"": [""https://chauvetprofessional.com/product/colordash-par-quad-18/"", ""https://www.chauvetprofessional.com/wp-content/uploads/2018/01/COLORdash_Par-Quad_18_UM_Rev6.pdf""], ""power"": ""118 W at 120 V, 116 W at 208 V, 115 W at 230 V"", ""weight"": ""10.2 lb (4.6 kg)"", ""dmx_channels"": [4, 6, 10], ""dimensions"": {""width_m"": 0.323, ""height_m"": 0.298, ""depth_m"": 0.106, ""axis_status"": ""estimated"", ""axis_note"": ""Manufacturer lists 323 x 298 x 106 mm but does not label axes in online specs; assignment uses front width, assembled height, and fixture depth from official manual's orthographic product views."", ""reference_pose"": ""Round PAR face forward with split yoke extending down; dimensions describe unit with mounting bracket installed.""}, ""research_evidence"": [{""url"": ""https://chauvetprofessional.com/product/colordash-par-quad-18/"", ""title"": ""COLORdash Par-Quad 18 product page"", ""locator"": ""Legacy page; Specifications > Construction/Physical: 12.7 x 11.7 x 4.1 in (323 x 298 x 106 mm), weight 10.2 lb"", ""accessed_at"": ""2026-09-30""}, {""url"": ""https://www.chauvetprofessional.com/wp-content/uploads/2018/01/COLORdash_Par-Quad_18_UM_Rev6.pdf"", ""title"": ""COLORdash Par-Quad 18 User Manual Rev. 6"", ""locator"": ""Product Overview, printed p. 3, front/side/rear technical illustrations; Technical Information table, printed p. 14"", ""accessed_at"": ""2026-09-30""}, {""url"": ""https://www.fullcompass.com/common/products/lgr/471924.jpg"", ""title"": ""Full Compass product image"", ""locator"": ""Distributor image; reuse status unknown"", ""accessed_at"": ""2026-09-30""}]}","[""https://chauvetprofessional.com/wp-content/uploads/2025/10/COLORDASH-PAR-QUAD-18-FRONT-FEAT.png""]",researched,assets/fixtures/chauvet-professional/colordash-par-quad-18,assets/fixtures/chauvet-professional/colordash-par-quad-18/fixture.json,docs/08 Fixture Library/entries/chauvet-professional/colordash-par-quad-18.md,assets/fixtures/chauvet-professional/colordash-par-quad-18/models/fixture.blend,assets/fixtures/chauvet-professional/colordash-par-quad-18/models/fixture.usdz,assets/fixtures/chauvet-professional/colordash-par-quad-18/validation/usdz.json,high,2,assets/fixtures/chauvet-professional/colordash-par-quad-18/previews/three-quarter.png,assets/fixtures/chauvet-professional/colordash-par-quad-18/validation/detail.json,2,validated,assets/fixtures/chauvet-professional/colordash-par-quad-18/validation/parity.json,lighting.static.par,Source protocol list: DMX,Lighting fixtures > Static and manually focused > PAR and compact wash,"[""legacy model""]",rigged_native_validated,assets/fixtures/chauvet-professional/colordash-par-quad-18/models/rig.json,1,apps/visionos/VenueVolume/FixtureAssets/Catalog/chauvet-professional/colordash-par-quad-18/fixture.usdz,,complete,,
SIXBAR 500,SIX074,Elation Professional,batten,legacy six-pixel RGBAW+UV wash bar,https://www.elationlighting.com/products/sixbar-500,"{""protocols"": [""DMX"", ""RDM"", ""Art-Net"", ""KlingNet""], ""source_urls"": [""https://www.elationlighting.com/products/sixbar-500""], ""power"": ""93 W maximum; 110–240 V AC, 50/60 Hz"", ""weight"": ""9.0 lb (4.1 kg)"", ""dmx_channels"": [6, 7, 11, 13, 18, 36, 39, 43], ""dimensions"": {""width_m"": 0.45, ""height_m"": 0.155, ""depth_m"": 0.2064, ""axis_status"": ""documented"", ""axis_note"": ""Manufacturer defines length, width with included glare shield, and vertical height. Long LED bar axis mapped to width."", ""reference_pose"": ""Assembled batten, face forward, long axis horizontal; included glare shield installed, per dimensional drawing.""}, ""research_evidence"": [{""url"": ""https://www.elationlighting.com/products/sixbar-500"", ""title"": ""SIXBAR 500 product page"", ""locator"": ""SIZE / WEIGHT: length 17.7 in (450 mm), width 8.1 in (206.4 mm) with glare shield, vertical height 6.1 in (155 mm), weight 9 lb"", ""accessed_at"": ""2026-09-30""}, {""url"": ""https://www.elationlighting.com/products/sixbar-500"", ""title"": ""SIXBAR 500 product page"", ""locator"": ""Control / Connections, electrical; downloads include dimensional drawing, CAD, manual and DMX traits"", ""accessed_at"": ""2026-09-30""}]}","[""https://www.elationlighting.com/cdn/shop/files/d48723d2ee9c88af30a9f643cdbfa40fac578a7b_SIX074__IMG__002__d682ef9e3d1d.jpg?v=1773210028&width=1800""]",ready_for_visualization,assets/fixtures/elation-professional/sixbar-500,assets/fixtures/elation-professional/sixbar-500/fixture.json,docs/08 Fixture Library/entries/elation-professional/sixbar-500.md,assets/fixtures/elation-professional/sixbar-500/models/fixture.blend,assets/fixtures/elation-professional/sixbar-500/models/fixture.usdz,assets/fixtures/elation-professional/sixbar-500/validation/usdz.json,high,2,assets/fixtures/elation-professional/sixbar-500/previews/three-quarter.png,assets/fixtures/elation-professional/sixbar-500/validation/detail.json,2,validated,assets/fixtures/elation-professional/sixbar-500/validation/parity.json,lighting.static.batten,"Source protocol list: DMX, RDM, Art-Net, KlingNet",Lighting fixtures > Static and manually focused > Linear batten / striplight,"[""pixel control"", ""legacy model""]",static_native_validated,assets/fixtures/elation-professional/sixbar-500/models/rig.json,0,apps/visionos/VenueVolume/FixtureAssets/Catalog/elation-professional/sixbar-500/fixture.usdz,,complete,,
VBAR 270,VBAR 270,Elation Professional,batten,legacy compact RGB wash bar,https://www.elationlighting.com/products/vbar-270,"{""protocols"": [""DMX-512""], ""source_urls"": [""https://www.elationlighting.com/products/vbar-270""], ""power"": ""30 W; 100–240 V AC, 50/60 Hz"", ""weight"": ""8 lb (3.3 kg; manufacturer gives both values)"", ""dmx_channels"": [5, 8, 11, 14, 20, 23], ""dimensions"": {""width_m"": 0.25, ""height_m"": 0.212, ""depth_m"": 0.093, ""axis_status"": ""documented"", ""axis_note"": ""Manufacturer lists length x width x height as 250 x 93 x 212 mm; longest dimension is the bar's lateral span."", ""reference_pose"": ""Unit with mounting bracket assembled, front LED panel aimed forward and bar axis horizontal.""}, ""research_evidence"": [{""url"": ""https://www.elationlighting.com/products/vbar-270"", ""title"": ""VBAR 270 product page"", ""locator"": ""Discontinued marker; DIMENSIONS & WEIGHT: 10 x 3.75 x 8.5 in (250 x 93 x 212 mm), 8 lb / 3.3 kg"", ""accessed_at"": ""2026-09-30""}, {""url"": ""https://www.elationlighting.com/products/vbar-270"", ""title"": ""VBAR 270 product page"", ""locator"": ""Control Specifications and Power Supply: six DMX channel modes and 30 W"", ""accessed_at"": ""2026-09-30""}]}","[""https://www.elationlighting.com/cdn/shop/files/ce8c991f5538b2029d5b0af1fd01d1cc6e288ebc_VBAR_270__IMG__001__bc8a52e62396.jpg?v=1776815895&width=500""]",ready_for_visualization,assets/fixtures/elation-professional/vbar-270,assets/fixtures/elation-professional/vbar-270/fixture.json,docs/08 Fixture Library/entries/elation-professional/vbar-270.md,assets/fixtures/elation-professional/vbar-270/models/fixture.blend,assets/fixtures/elation-professional/vbar-270/models/fixture.usdz,assets/fixtures/elation-professional/vbar-270/validation/usdz.json,high,2,assets/fixtures/elation-professional/vbar-270/previews/three-quarter.png,assets/fixtures/elation-professional/vbar-270/validation/detail.json,2,validated,assets/fixtures/elation-professional/vbar-270/validation/parity.json,lighting.static.batten,Source protocol list: DMX-512,Lighting fixtures > Static and manually focused > Linear batten / striplight,"[""legacy model""]",static_native_validated,assets/fixtures/elation-professional/vbar-270/models/rig.json,0,apps/visionos/VenueVolume/FixtureAssets/Catalog/elation-professional/vbar-270/fixture.usdz,,complete,,
MAC Viper Performance,MAC Viper Performance,Martin Professional (HARMAN),moving light,discharge framing profile,https://www.martin.com/en-US/products/mac-viper-performance,"{""protocols"": [""DMX"", ""RDM""], ""source_urls"": [""https://www.martin.com/en-US/products/mac-viper-performance""], ""power"": ""1225 W typical"", ""weight"": ""37.9 kg"", ""dimensions"": {""width_m"": 0.472, ""height_m"": 0.731, ""depth_m"": 0.566, ""axis_status"": ""estimated"", ""axis_note"": ""Source values: width 472 mm (335 mm base), length 472 mm base / 566 mm head, height 731 mm with head straight up / 748 mm maximum. The product page and drawing list these distinct extents but do not define a single matching W×H×D box; depth uses the longer head length and height uses the head-straight-up pose. Treat this as an estimated envelope, not a fully documented pose."", ""reference_pose"": ""Head straight up; estimated bounding envelope assembled from manufacturer physical values""}, ""research_evidence"": [{""url"": ""https://www.martin.com/en-US/products/mac-viper-performance"", ""title"": ""MAC Viper Performance"", ""locator"": ""Specifications / Physical explicitly list 472 mm base length, 566 mm head length, width 472 mm (335 mm base), height 731 mm head straight up / 748 mm maximum, mass 37.9 kg; downloads include 2D dimensions drawing"", ""accessed_at"": ""2026-09-30""}]}","[""https://adn.harmanpro.com/product_attachments/product_attachments/4794_1728940667/macviperperformance_x_large.webp""]",researched,assets/fixtures/martin-professional-harman/mac-viper-performance,assets/fixtures/martin-professional-harman/mac-viper-performance/fixture.json,docs/08 Fixture Library/entries/martin-professional-harman/mac-viper-performance.md,assets/fixtures/martin-professional-harman/mac-viper-performance/models/fixture.blend,assets/fixtures/martin-professional-harman/mac-viper-performance/models/fixture.usdz,assets/fixtures/martin-professional-harman/mac-viper-performance/validation/usdz.json,high,2,assets/fixtures/martin-professional-harman/mac-viper-performance/previews/three-quarter.png,assets/fixtures/martin-professional-harman/mac-viper-performance/validation/detail.json,2,validated,assets/fixtures/martin-professional-harman/mac-viper-performance/validation/parity.json,lighting.moving.profile,"Source protocol list: DMX, RDM",Lighting fixtures > Automated lighting > Framing profile,[],rigged_native_validated,assets/fixtures/martin-professional-harman/mac-viper-performance/models/rig.json,2,apps/visionos/VenueVolume/FixtureAssets/Catalog/martin-professional-harman/mac-viper-performance/fixture.usdz,,complete,,
MAC Aura,MAC Aura,Martin Professional (HARMAN),moving light,LED wash,https://www.martin.com/en-US/products/mac-aura,"{""protocols"": [""DMX"", ""RDM""], ""source_urls"": [""https://www.martin.com/en-US/products/mac-aura""], ""weight"": ""5.6 kg"", ""dimensions"": {""width_m"": 0.302, ""height_m"": 0.36, ""depth_m"": 0.302, ""axis_status"": ""documented"", ""axis_note"": ""Overall width and length across yoke plus vertical height with head straight up from manufacturer product specifications."", ""reference_pose"": ""Head straight up, yoke centered""}, ""research_evidence"": [{""url"": ""https://www.martin.com/en-US/products/mac-aura"", ""title"": ""MAC Aura"", ""locator"": ""Physical specifications, 302 × 302 × 360 mm, 5.6 kg; DMX/RDM and product photo"", ""accessed_at"": ""2026-09-30""}, {""url"": ""https://www.martin.com/en-US/site_elements/mac-aura-dimensions-2d-pdf"", ""title"": ""MAC Aura Dimensions 2D PDF"", ""locator"": ""Manufacturer dimensional drawing rev A; all dimensions mm"", ""accessed_at"": ""2026-09-30""}]}","[""https://adn.harmanpro.com/product_attachments/product_attachments/4827_1728124249/macaura_x_large.webp""]",researched,assets/fixtures/martin-professional-harman/mac-aura,assets/fixtures/martin-professional-harman/mac-aura/fixture.json,docs/08 Fixture Library/entries/martin-professional-harman/mac-aura.md,assets/fixtures/martin-professional-harman/mac-aura/models/fixture.blend,assets/fixtures/martin-professional-harman/mac-aura/models/fixture.usdz,assets/fixtures/martin-professional-harman/mac-aura/validation/usdz.json,high,2,assets/fixtures/martin-professional-harman/mac-aura/previews/three-quarter.png,assets/fixtures/martin-professional-harman/mac-aura/validation/detail.json,2,validated,assets/fixtures/martin-professional-harman/mac-aura/validation/parity.json,lighting.moving.wash,"Source protocol list: DMX, RDM",Lighting fixtures > Automated lighting > Wash,[],rigged_native_validated,assets/fixtures/martin-professional-harman/mac-aura/models/rig.json,2,apps/visionos/VenueVolume/FixtureAssets/Catalog/martin-professional-harman/mac-aura/fixture.usdz,,complete,,
VL800 EVENTPROFILE,VL800 EVENTPROFILE,Vari-Lite,moving light,LED profile,https://www.vari-lite.com/global/products/vl800-eventprofile,"{""protocols"": [""DMX"", ""RDM"", ""Art-Net""], ""source_urls"": [""https://www.vari-lite.com/global/products/vl800-eventprofile"", ""https://vari-lite.s3.eu-west-1.amazonaws.com/datasheets/vl800-eventprofile.pdf""], ""weight"": ""21 kg"", ""dimensions"": {""width_m"": 0.375, ""height_m"": 0.624, ""depth_m"": 0.408, ""axis_status"": ""documented"", ""axis_note"": ""Manufacturer specification sheet gives assembled physical extents; excludes packed dimensions."", ""reference_pose"": ""Yoke upright; head centered""}, ""research_evidence"": [{""url"": ""https://www.vari-lite.com/global/products/vl800-eventprofile"", ""title"": ""VL800 EVENTPROFILE"", ""locator"": ""Product page and official high resolution product image"", ""accessed_at"": ""2026-09-30""}, {""url"": ""https://vari-lite.s3.eu-west-1.amazonaws.com/datasheets/vl800-eventprofile.pdf"", ""title"": ""VL800 EVENTPROFILE Specification Sheet"", ""locator"": ""Physical dimensions and weight; 375 × 624 × 408 mm, 21 kg"", ""accessed_at"": ""2026-09-30""}]}","[""https://vari-lite.s3.eu-west-1.amazonaws.com/graphics/product-images/vl800-eventprofile-high-res.jpg""]",ready_for_visualization,assets/fixtures/vari-lite/vl800-eventprofile,assets/fixtures/vari-lite/vl800-eventprofile/fixture.json,docs/08 Fixture Library/entries/vari-lite/vl800-eventprofile.md,assets/fixtures/vari-lite/vl800-eventprofile/models/fixture.blend,assets/fixtures/vari-lite/vl800-eventprofile/models/fixture.usdz,assets/fixtures/vari-lite/vl800-eventprofile/validation/usdz.json,high,2,assets/fixtures/vari-lite/vl800-eventprofile/previews/three-quarter.png,assets/fixtures/vari-lite/vl800-eventprofile/validation/detail.json,2,validated,assets/fixtures/vari-lite/vl800-eventprofile/validation/parity.json,lighting.moving.profile,"Source protocol list: DMX, RDM, Art-Net",Lighting fixtures > Automated lighting > Framing profile,[],rigged_native_validated,assets/fixtures/vari-lite/vl800-eventprofile/models/rig.json,2,apps/visionos/VenueVolume/FixtureAssets/Catalog/vari-lite/vl800-eventprofile/fixture.usdz,,complete,,
VL2600 SE WASH,VL2600 SE WASH,Vari-Lite,moving light,LED wash,https://www.vari-lite.com/global/products/vl2600-wash,"{""protocols"": [""DMX"", ""RDM""], ""source_urls"": [""https://www.vari-lite.com/global/products/vl2600-wash"", ""https://vari-lite.s3.eu-west-1.amazonaws.com/datasheets/vl2600-se-wash.pdf""], ""power"": ""570 W"", ""weight"": ""30 kg"", ""dimensions"": {""width_m"": 0.464, ""height_m"": 0.705, ""depth_m"": 0.3, ""axis_status"": ""documented"", ""axis_note"": ""SE revision manufacturer datasheet lists assembled H × W × L as 705 × 464 × 300 mm; excluded packed dimensions."", ""reference_pose"": ""Head centered, yoke upright; assembled operating envelope""}, ""research_evidence"": [{""url"": ""https://www.vari-lite.com/global/products/vl2600-wash"", ""title"": ""VL2600 SE WASH"", ""locator"": ""Product overview; 570 W light engine, 27,500 lm, 12–63 degree zoom; theatre/touring uses"", ""accessed_at"": ""2026-09-30""}, {""url"": ""https://vari-lite.s3.eu-west-1.amazonaws.com/datasheets/vl2600-se-wash.pdf"", ""title"": ""VL2600 SE WASH Specification Sheet"", ""locator"": ""Physical table and dimensional drawing; 300 × 464 × 705 mm, 30 kg; drawing gives motion and clearance"", ""accessed_at"": ""2026-09-30""}]}","[""https://www.vari-lite.com/b-dam/vari-lite/products/vl2600-wash/images/vl2600-se-wash-thumbnail.jpg""]",ready_for_visualization,assets/fixtures/vari-lite/vl2600-se-wash,assets/fixtures/vari-lite/vl2600-se-wash/fixture.json,docs/08 Fixture Library/entries/vari-lite/vl2600-se-wash.md,assets/fixtures/vari-lite/vl2600-se-wash/models/fixture.blend,assets/fixtures/vari-lite/vl2600-se-wash/models/fixture.usdz,assets/fixtures/vari-lite/vl2600-se-wash/validation/usdz.json,high,2,assets/fixtures/vari-lite/vl2600-se-wash/previews/three-quarter.png,assets/fixtures/vari-lite/vl2600-se-wash/validation/detail.json,2,validated,assets/fixtures/vari-lite/vl2600-se-wash/validation/parity.json,lighting.moving.wash,"Source protocol list: DMX, RDM",Lighting fixtures > Automated lighting > Wash,[],rigged_native_validated,assets/fixtures/vari-lite/vl2600-se-wash/models/rig.json,2,apps/visionos/VenueVolume/FixtureAssets/Catalog/vari-lite/vl2600-se-wash/fixture.usdz,,complete,,
Mini-B,CL3005,Claypaky,moving light,compact LED wash beam,https://www.claypaky.it/products/mini-b/,"{""protocols"": [""DMX512"", ""RDM"", ""Art-Net"", ""sACN"", ""WebServer""], ""source_urls"": [""https://www.claypaky.it/products/mini-b/"", ""https://www.claypaky.it/wp-content/uploads/2022/10/Claypaky_NewProducts2019-2020_EN.pdf""], ""power"": ""375 W max"", ""weight"": ""6.5 kg"", ""dmx_channels"": [17, 21, 21, 29], ""dimensions"": {""width_m"": 0.22, ""height_m"": 0.346, ""depth_m"": 0.186, ""axis_status"": ""documented"", ""axis_note"": ""Product page gives base dimensions 186 x 220 mm and height 346 mm with head vertical; corresponding leaflet gives overall size 224 x 186 x 340 mm."", ""reference_pose"": ""Head vertical; base level; standard RGBW Mini-B, not Mini-B WW or ParLED Aqua.""}, ""research_evidence"": [{""url"": ""https://www.claypaky.it/products/mini-b/"", ""title"": ""Mini-B product page"", ""locator"": ""Specs and Weight - Size; RGBW model, channel footprints and assembled dimensions"", ""accessed_at"": ""2026-09-30""}, {""url"": ""https://www.claypaky.it/wp-content/uploads/2022/10/Claypaky_NewProducts2019-2020_EN.pdf"", ""title"": ""Claypaky New Products 2019-2020"", ""locator"": ""Mini-B section; 6.5 kg, 224 x 186 x 340 mm, seven LEDs"", ""accessed_at"": ""2026-09-30""}]}","[""https://www.claypaky.it/wp-content/uploads/2022/10/Claypaky_Mini-B.jpg""]",researched,assets/fixtures/claypaky/mini-b,assets/fixtures/claypaky/mini-b/fixture.json,docs/08 Fixture Library/entries/claypaky/mini-b.md,assets/fixtures/claypaky/mini-b/models/fixture.blend,assets/fixtures/claypaky/mini-b/models/fixture.usdz,assets/fixtures/claypaky/mini-b/validation/usdz.json,high,2,assets/fixtures/claypaky/mini-b/previews/three-quarter.png,assets/fixtures/claypaky/mini-b/validation/detail.json,2,validated,assets/fixtures/claypaky/mini-b/validation/parity.json,lighting.moving.wash,"Source protocol list: DMX512, RDM, Art-Net, sACN, WebServer",Lighting fixtures > Automated lighting > Wash,[],rigged_native_validated,assets/fixtures/claypaky/mini-b/models/rig.json,2,apps/visionos/VenueVolume/FixtureAssets/Catalog/claypaky/mini-b/fixture.usdz,,complete,,
Tambora Flash,CL2020,Claypaky,hybrid LED effect,strobe / wash / blinder,https://www.claypaky.it/products/tambora-flash/,"{""protocols"": [""DMX512"", ""RDM"", ""Art-Net"", ""sACN"", ""WebServer"", ""Kling-Net""], ""source_urls"": [""https://www.claypaky.it/products/tambora-flash/"", ""https://www.claypaky.it/products/tambora-flash/claypaky_tamboraflash_en/""], ""power"": ""1150 VA max at 230 V / 50 Hz"", ""weight"": ""10.4 kg"", ""dmx_channels"": {""main_engine"": [16, 20, 34, 42, 36], ""pixel_engine"": [12, 16], ""strobe_engine"": [16]}, ""dimensions"": {""width_m"": 0.497, ""height_m"": 0.186, ""depth_m"": 0.18, ""axis_status"": ""documented"", ""axis_note"": ""Current Claypaky product page gives 497 x 180 x 186 mm without handles; order interpreted as length, width, height, with long dimension across batten width. A February 2024 leaflet reports a conflicting length of 533 mm; the current page value is retained and conflict recorded."", ""reference_pose"": ""Body face upward, handles excluded, single unit; mounting angle 0 degrees.""}, ""research_evidence"": [{""url"": ""https://www.claypaky.it/products/tambora-flash/"", ""title"": ""Tambora Flash product page"", ""locator"": ""Specs; source, modes, 1150 VA, weight and dimensions without handles"", ""accessed_at"": ""2026-09-30""}, {""url"": ""https://www.claypaky.it/products/tambora-flash/claypaky_tamboraflash_en/"", ""title"": ""Tambora Flash technical leaflet"", ""locator"": ""Main features; February 2024, stated dimensions 533 x 180 x 186 mm"", ""accessed_at"": ""2026-09-30""}]}","[""https://www.claypaky.it/wp-content/uploads/2025/06/Claypaky_TamboraFlash.jpg""]",ready_for_visualization,assets/fixtures/claypaky/tambora-flash,assets/fixtures/claypaky/tambora-flash/fixture.json,docs/08 Fixture Library/entries/claypaky/tambora-flash.md,assets/fixtures/claypaky/tambora-flash/models/fixture.blend,assets/fixtures/claypaky/tambora-flash/models/fixture.usdz,assets/fixtures/claypaky/tambora-flash/validation/usdz.json,high,2,assets/fixtures/claypaky/tambora-flash/previews/three-quarter.png,assets/fixtures/claypaky/tambora-flash/validation/detail.json,2,validated,assets/fixtures/claypaky/tambora-flash/validation/parity.json,lighting.effects.strobe,"Source protocol list: DMX512, RDM, Art-Net, sACN, WebServer, Kling-Net",Lighting fixtures > Visible and audience effects > Strobe,"[""strobe capable"", ""blinder capable""]",static_native_validated,assets/fixtures/claypaky/tambora-flash/models/rig.json,0,apps/visionos/VenueVolume/FixtureAssets/Catalog/claypaky/tambora-flash/fixture.usdz,,complete,,
impression X5 IP Maxx,7796,GLP,moving light,IP65 LED wash,https://glp.de/en/products/entertainment-lighting/moving-lights/impression-x5-ip-maxx-en,"{""protocols"": [""DMX"", ""RDM"", ""Art-Net"", ""sACN"", ""CRMX""], ""source_urls"": [""https://glp.de/en/products/entertainment-lighting/moving-lights/impression-x5-ip-maxx-en"", ""https://www2.glp.de/files/products/impression-x5-ip-maxx-product-data/GLP_impression_X5_IP_Maxx_Safety_Manual_EN_Rev20241007-1.pdf"", ""https://www2.glp.de/files/products/impression-x5-ip-maxx-product-data/impression-X5-IP-Maxx_Datasheet_Rev20250430.pdf""], ""power"": ""1500 W max"", ""weight"": ""29.7 kg"", ""dmx_channels"": [22, 33, 42, 141, 122, 159], ""dimensions"": {""width_m"": 0.483, ""height_m"": 0.64, ""depth_m"": 0.358, ""axis_status"": ""documented"", ""axis_note"": ""GLP product data and safety manual; height includes rubber feet, width across yoke, head vertical. Datasheet depth is 348 mm while current product page gives 358 mm; conservative current product-page value is retained."", ""reference_pose"": ""Head vertical; yoke/base level; rubber feet installed.""}, ""research_evidence"": [{""url"": ""https://glp.de/en/products/entertainment-lighting/moving-lights/impression-x5-ip-maxx-en"", ""title"": ""impression X5 IP Maxx product page"", ""locator"": ""Technical Data; optical/control details, height, yoke width, depth and net weight"", ""accessed_at"": ""2026-09-30""}, {""url"": ""https://www2.glp.de/files/products/impression-x5-ip-maxx-product-data/GLP_impression_X5_IP_Maxx_Safety_Manual_EN_Rev20241007-1.pdf"", ""title"": ""impression X5 IP Maxx Safety Manual"", ""locator"": ""Dimensions and weight; head vertical, rubber feet installed, width across yoke"", ""accessed_at"": ""2026-09-30""}, {""url"": ""https://www2.glp.de/files/products/impression-x5-ip-maxx-product-data/impression-X5-IP-Maxx_Datasheet_Rev20250430.pdf"", ""title"": ""impression X5 IP Maxx Datasheet"", ""locator"": ""Dimensions & Weight and max power, revision 2025-04-30"", ""accessed_at"": ""2026-09-30""}]}","[""https://glp.de/templates/yootheme/cache/c3/impressionX5IP_Header-c337f84c.png""]",researched,assets/fixtures/glp/impression-x5-ip-maxx,assets/fixtures/glp/impression-x5-ip-maxx/fixture.json,docs/08 Fixture Library/entries/glp/impression-x5-ip-maxx.md,assets/fixtures/glp/impression-x5-ip-maxx/models/fixture.blend,assets/fixtures/glp/impression-x5-ip-maxx/models/fixture.usdz,assets/fixtures/glp/impression-x5-ip-maxx/validation/usdz.json,high,2,assets/fixtures/glp/impression-x5-ip-maxx/previews/three-quarter.png,assets/fixtures/glp/impression-x5-ip-maxx/validation/detail.json,2,validated,assets/fixtures/glp/impression-x5-ip-maxx/validation/parity.json,lighting.moving.wash,"Source protocol list: DMX, RDM, Art-Net, sACN, CRMX",Lighting fixtures > Automated lighting > Wash,"[""weather-rated variant""]",rigged_native_validated,assets/fixtures/glp/impression-x5-ip-maxx/models/rig.json,2,apps/visionos/VenueVolume/FixtureAssets/Catalog/glp/impression-x5-ip-maxx/fixture.usdz,,complete,,
JDC Line 1000,7875,GLP,linear LED effect,strobe / pixel batten,https://www1.glp.de/en/products/entertainment-lighting/strobes/jdc-line-1000-en,"{""protocols"": [""DMX512-A"", ""RDM"", ""Art-Net"", ""sACN""], ""source_urls"": [""https://www1.glp.de/en/products/entertainment-lighting/strobes/jdc-line-1000-en"", ""https://glp.de/files/products/jdc-line-1000-product-data/JDC_Line_1000_User_Manual_EN_Rev_20240618-01.pdf"", ""https://glp.de/files/products/jdc-line-1000-product-data/JDC_Line_1000_DMX_Channel_Index_Rev_20240618-01.pdf""], ""power"": ""1600 W max"", ""weight"": ""12 kg net"", ""dmx_channels"": {""M1"": 32, ""M2"": 68, ""M3"": 168, ""M4"": 94, ""M5"": 196, ""M6"": 316, ""M7"": 78}, ""dimensions"": {""width_m"": 1.0, ""height_m"": 0.074, ""depth_m"": 0.2015, ""axis_status"": ""documented"", ""axis_note"": ""GLP JDC Line 1000 product page; width 1000 mm, height 74 mm, depth 201.5 mm. Body without optional rigging or alignment brackets."", ""reference_pose"": ""Bar horizontal, optical face upward; no accessory brackets.""}, ""research_evidence"": [{""url"": ""https://www1.glp.de/en/products/entertainment-lighting/strobes/jdc-line-1000-en"", ""title"": ""GLP JDC Line 1000 product page"", ""locator"": ""Overview and Technical Data; hybrid strobe/pixel mapping, mode footprints, dimensions and net weight"", ""accessed_at"": ""2026-09-30""}, {""url"": ""https://glp.de/files/products/jdc-line-1000-product-data/JDC_Line_1000_User_Manual_EN_Rev_20240618-01.pdf"", ""title"": ""JDC Line 1000 User Manual"", ""locator"": ""Revision 2024-06-18; operating modes and fixture description"", ""accessed_at"": ""2026-09-30""}, {""url"": ""https://glp.de/files/products/jdc-line-1000-product-data/JDC_Line_1000_DMX_Channel_Index_Rev_20240618-01.pdf"", ""title"": ""JDC Line 1000 DMX Channel Index"", ""locator"": ""Revision 2024-06-18; all seven mode footprints"", ""accessed_at"": ""2026-09-30""}]}","[""https://www1.glp.de/templates/yootheme/cache/f0/JDC-Line-1000_Header-f04c3b7d.png""]",ready_for_visualization,assets/fixtures/glp/jdc-line-1000,assets/fixtures/glp/jdc-line-1000/fixture.json,docs/08 Fixture Library/entries/glp/jdc-line-1000.md,assets/fixtures/glp/jdc-line-1000/models/fixture.blend,assets/fixtures/glp/jdc-line-1000/models/fixture.usdz,assets/fixtures/glp/jdc-line-1000/validation/usdz.json,high,2,assets/fixtures/glp/jdc-line-1000/previews/three-quarter.png,assets/fixtures/glp/jdc-line-1000/validation/detail.json,2,validated,assets/fixtures/glp/jdc-line-1000/validation/parity.json,lighting.effects.strobe,"Source protocol list: DMX512-A, RDM, Art-Net, sACN",Lighting fixtures > Visible and audience effects > Strobe,"[""strobe capable"", ""pixel control""]",static_native_validated,assets/fixtures/glp/jdc-line-1000/models/rig.json,0,apps/visionos/VenueVolume/FixtureAssets/Catalog/glp/jdc-line-1000/fixture.usdz,,complete,,
ColorSource 20,CS20,ETC,lighting_console,20-fader theatrical lighting console,https://www.etcconnect.com/products/consoles/colorsource/features.aspx,"{""source_urls"": [""https://www.etcconnect.com/products/consoles/colorsource/features.aspx"", ""https://www.etcconnect.com/about/drawing-library/consoles/colorsource.aspx""], ""dimensions"": {""width_m"": 0.465, ""height_m"": 0.06, ""depth_m"": 0.279, ""source_order"": ""465 W x 279 D x 60 H mm, ColorSource Console Spec Sheet rev G; values typical"", ""axis_status"": ""documented"", ""axis_note"": ""465 W x 279 D x 60 H mm, ColorSource Console Spec Sheet rev G; values typical"", ""reference_pose"": ""Normal tabletop operating orientation: fader/touch surface upward, front edge toward operator; inferred from official product image.""}, ""dimensions_status"": ""documented_in_manufacturer_spec_sheet_mirrored_by_distributor"", ""control_path"": ""Console outputs control over one 5-pin DMX port to DMX fixtures/nodes. Base ColorSource 20 feature table does not list sACN/Art-Net; do not conflate with the AV variant."", ""protocols"": [""DMX512"", ""RDM discovery/configuration""], ""pose"": ""Normal tabletop operating orientation: fader/touch surface upward, front edge toward operator; inferred from official product image."", ""research_evidence"": [{""url"": ""https://www.etcconnect.com/products/consoles/colorsource/features.aspx"", ""title"": ""ColorSource Consoles Features"", ""locator"": ""ColorSource 20 feature list and comparison table (base CS20: 20 faders and one 5-pin DMX port)"", ""accessed_at"": ""2026-09-30"", ""reuse_status"": ""unknown""}, {""url"": ""https://www.etcconnect.com/about/drawing-library/consoles/colorsource.aspx"", ""title"": ""ETC ColorSource console drawings"", ""locator"": ""Physical standard drawing library; ColorSource 20 EU drawing dated 10-2025 and US drawing dated 09-2024; US DWG downloaded as research/fixtures/taxonomy/support-sources/etc-colorsource20-dimensions.dwg"", ""file"": ""research/fixtures/taxonomy/support-sources/etc-colorsource20-dimensions.dwg"", ""sha256"": ""3c4a5087a24fb0b6ec3ee835d58afc759b2738f4fe9c9296b96327eb6e80cb98"", ""accessed_at"": ""2026-09-30"", ""reuse_status"": ""unknown""}, {""url"": ""https://goknight.com/content/documentation/ColorSource_Console_Spec_Sheet_revG.pdf"", ""title"": ""ColorSource Console Spec Sheet rev G (ETC manufacturer document, distributor-hosted copy)"", ""locator"": ""Page 6, dimensions table: CS20/CS20AV height 60 mm, width 465 mm, depth 279 mm; dimension values called typical"", ""file"": ""research/fixtures/taxonomy/support-sources/colorsource-console-spec-revG.pdf"", ""sha256"": ""169da1cb5c9679410b95dcaa2ed59852219d31aca08271bdf9b4e93f59738ee3"", ""accessed_at"": ""2026-09-30"", ""reuse_status"": ""unknown"", ""source_kind"": ""secondary_host_of_manufacturer_document""}]}","[""https://www.etcconnect.com/uploadedImages/Main_Site/Images/Products/ColorSource/CS20_CS40.png""]",ready_for_visualization,assets/fixtures/etc/colorsource-20,assets/fixtures/etc/colorsource-20/fixture.json,docs/08 Fixture Library/entries/etc/colorsource-20.md,assets/fixtures/etc/colorsource-20/models/fixture.blend,assets/fixtures/etc/colorsource-20/models/fixture.usdz,assets/fixtures/etc/colorsource-20/validation/usdz.json,high,2,assets/fixtures/etc/colorsource-20/previews/three-quarter.png,assets/fixtures/etc/colorsource-20/validation/detail.json,taxonomy,validated,assets/fixtures/etc/colorsource-20/validation/parity.json,control.console,Console outputs control over one 5-pin DMX port to DMX fixtures/nodes. Base ColorSource 20 feature table does not list sACN/Art-Net; do not conflate with the AV variant.,Control and data > Lighting console / control surface,[],static_native_validated,assets/fixtures/etc/colorsource-20/models/rig.json,0,apps/visionos/VenueVolume/FixtureAssets/Catalog/etc/colorsource-20/fixture.usdz,,complete,research/fixtures/taxonomy/support-sources/etc-colorsource20.png,
ODE Mk3,70407,ENTTEC,lighting_network_node,two-universe Ethernet-to-DMX/RDM gateway,https://www.enttec.com/product/dmx-ethernet/ode-mk3-dmx-ethernet-converter/,"{""protocols"": [""Ethernet eDMX"", ""DMX512"", ""Art-RDM""], ""source_urls"": [""https://www.enttec.com/product/dmx-ethernet/ode-mk3-dmx-ethernet-converter/"", ""https://cdn.enttec.com/pdf/assets/70407/70407_ODE_MK3_DATASHEET.pdf"", ""https://cdn.enttec.com/cad/70407/70407_ODE_MK3_CAD.pdf""], ""dimensions"": {""width_m"": 0.1288, ""height_m"": 0.04, ""depth_m"": 0.058, ""source_order"": ""128.8 x 58 x 40 mm; manufacturer CAD drawing, mapped as long side x short side x body height"", ""axis_status"": ""documented"", ""axis_note"": ""128.8 x 58 x 40 mm; manufacturer CAD drawing, mapped as long side x short side x body height"", ""reference_pose"": ""Tabletop enclosure; 128.8 mm long axis is horizontal, status/ID panel upward, DMX connectors at the short end; axis assignment is inferred from the manufacturer orthographic/isometric CAD image.""}, ""dimensions_status"": ""documented"", ""control_path"": ""Ethernet eDMX input to two 5-pin DMX ports; bi-directional eDMX/DMX conversion with Art-RDM. Power by PoE or 12-24 V DC. It is a gateway/node, not a fixture and not a console."", ""pose"": ""Tabletop enclosure; 128.8 mm long axis is horizontal, status/ID panel upward, DMX connectors at the short end; axis assignment is inferred from the manufacturer orthographic/isometric CAD image."", ""research_evidence"": [{""url"": ""https://www.enttec.com/product/dmx-ethernet/ode-mk3-dmx-ethernet-converter/"", ""title"": ""ODE Mk3 product page"", ""locator"": ""SKU 70407, Features, Connectivity, Specifications, Resources; page lists unit dimensions 129 x 58 x 40 mm"", ""accessed_at"": ""2026-09-30"", ""reuse_status"": ""unknown""}, {""url"": ""https://cdn.enttec.com/cad/70407/70407_ODE_MK3_CAD.pdf"", ""title"": ""70407 ODE MK3 CAD drawing"", ""locator"": ""Sheet 1, orthographic and isometric drawing; 128.8 x 58 x 40 mm overall, with 25 mm body-only detail; released 2022-06-24"", ""file"": ""research/fixtures/taxonomy/support-sources/enttec-ode-mk3-dimensions.pdf"", ""sha256"": ""e857cc768239e692a50552ae3ede49bc164896fdf5060ff33b98e1dfe821b10c"", ""accessed_at"": ""2026-09-30"", ""reuse_status"": ""unknown""}]}","[""https://cdn.enttec.com/website/products/70407-ode-mk3/70407-ode-mk3-render-00.png""]",ready_for_visualization,assets/fixtures/enttec/ode-mk3,assets/fixtures/enttec/ode-mk3/fixture.json,docs/08 Fixture Library/entries/enttec/ode-mk3.md,assets/fixtures/enttec/ode-mk3/models/fixture.blend,assets/fixtures/enttec/ode-mk3/models/fixture.usdz,assets/fixtures/enttec/ode-mk3/validation/usdz.json,high,2,assets/fixtures/enttec/ode-mk3/previews/three-quarter.png,assets/fixtures/enttec/ode-mk3/validation/detail.json,taxonomy,validated,assets/fixtures/enttec/ode-mk3/validation/parity.json,control.node,"Ethernet eDMX input to two 5-pin DMX ports; bi-directional eDMX/DMX conversion with Art-RDM. Power by PoE or 12-24 V DC. It is a gateway/node, not a fixture and not a console.",Control and data > Network-to-DMX node / gateway,[],static_native_validated,assets/fixtures/enttec/ode-mk3/models/rig.json,0,apps/visionos/VenueVolume/FixtureAssets/Catalog/enttec/ode-mk3/fixture.usdz,,complete,research/fixtures/taxonomy/support-sources/enttec-ode-mk3.png,
DP-415R,DPR415,ADJ,dimmer_switch_pack,four-channel DMX dimmer/switch pack with eight Edison outlets,https://www.adj.com/products/dp-415r,"{""protocols"": [""DMX"", ""RDM""], ""source_urls"": [""https://www.adj.com/products/dp-415r"", ""https://www.adj.com/blogs/news/adj-dp-415r-a-classic-adj-control-product-gets-an-upgrade""], ""power"": ""120 V operation; 15 A maximum total load, 5 A maximum per channel"", ""dimensions"": {""width_m"": 0.26, ""height_m"": 0.076, ""depth_m"": 0.209, ""source_order"": ""260 L x 209 W x 76 H mm; manufacturer dimensions"", ""axis_status"": ""documented"", ""axis_note"": ""260 L x 209 W x 76 H mm; manufacturer dimensions"", ""reference_pose"": ""Pack body horizontal with flexible mounting bracket in tabletop/nominal storage pose; dimension axes are manufacturer L x W x H. The installed bracket may be rotated for wall, T-bar, or clamp mounting.""}, ""dimensions_status"": ""documented"", ""control_path"": ""DMX/RDM control input from console/node; pack dims or switches connected mains-powered loads at Edison outlets. Do not represent outlet power as DMX output."", ""pose"": ""Pack body horizontal with flexible mounting bracket in tabletop/nominal storage pose; dimension axes are manufacturer L x W x H. The installed bracket may be rotated for wall, T-bar, or clamp mounting."", ""research_evidence"": [{""url"": ""https://www.adj.com/products/dp-415r"", ""title"": ""ADJ DP-415R product page"", ""locator"": ""Electrical, Size/Weight, Certifications/IP, product overview; page lists 260 x 209 x 76 mm and 120 V operating variant"", ""accessed_at"": ""2026-09-30"", ""reuse_status"": ""unknown""}, {""url"": ""https://www.adj.com/blogs/news/adj-dp-415r-a-classic-adj-control-product-gets-an-upgrade"", ""title"": ""ADJ DP-415R: A Classic ADJ Control Product Gets An Upgrade"", ""locator"": ""Description of reversible bracket and applications; does not change the product-page dimensional authority"", ""accessed_at"": ""2026-09-30"", ""reuse_status"": ""unknown""}]}","[""https://www.adj.com/cdn/shop/files/11936d54e77e05407d8d2c922efdb285134d609c_DPR415__IMG__001__d6965eb649aa.jpg?v=1776712969&width=2048""]",ready_for_visualization,assets/fixtures/adj/dp-415r,assets/fixtures/adj/dp-415r/fixture.json,docs/08 Fixture Library/entries/adj/dp-415r.md,assets/fixtures/adj/dp-415r/models/fixture.blend,assets/fixtures/adj/dp-415r/models/fixture.usdz,assets/fixtures/adj/dp-415r/validation/usdz.json,high,2,assets/fixtures/adj/dp-415r/previews/three-quarter.png,assets/fixtures/adj/dp-415r/validation/detail.json,taxonomy,validated,assets/fixtures/adj/dp-415r/validation/parity.json,power.dimmer,DMX/RDM control input from console/node; pack dims or switches connected mains-powered loads at Edison outlets. Do not represent outlet power as DMX output.,Power and dimming > Dimmer / switch pack,[],static_native_validated,assets/fixtures/adj/dp-415r/models/rig.json,0,apps/visionos/VenueVolume/FixtureAssets/Catalog/adj/dp-415r/fixture.usdz,,complete,research/fixtures/taxonomy/support-sources/adj-dp-415r.jpg,
"SQ-4110 F34 Straight Segment, Natural Aluminium",F340066,Global Truss,square_truss_segment,one-meter F34 square aluminum truss section,https://www.globaltruss.com/sq-4110,"{""source_urls"": [""https://www.globaltruss.com/sq-4110"", ""https://d295jznhem2tn9.cloudfront.net/ItemRelatedFiles/11147/F34-SQ-4110.pdf""], ""dimensions"": {""width_m"": 1.0, ""height_m"": 0.29, ""depth_m"": 0.29, ""source_order"": ""1 m overall length x 290 x 290 mm external square section"", ""axis_status"": ""documented"", ""axis_note"": ""1 m overall length x 290 x 290 mm external square section"", ""reference_pose"": ""Long axis horizontal; square cross-section upright; convention inferred from manufacturer product image and segment geometry.""}, ""dimensions_status"": ""documented"", ""control_path"": ""Passive mechanical support; no DMX, network, or electrical control connection."", ""pose"": ""Long axis horizontal; square cross-section upright; convention inferred from manufacturer product image and segment geometry."", ""materials"": ""50 x 2 mm main tubing, 20 x 2 mm diagonal bracing; connecting hardware included per manufacturer page"", ""research_evidence"": [{""url"": ""https://www.globaltruss.com/sq-4110"", ""title"": ""Global Truss SQ-4110"", ""locator"": ""SKU F340066; 1 m overall length, 290 mm overall width, 50 mm tube, resources/dimensional drawing"", ""accessed_at"": ""2026-09-30"", ""reuse_status"": ""unknown""}, {""url"": ""https://d295jznhem2tn9.cloudfront.net/ItemRelatedFiles/11147/F34-SQ-4110.pdf"", ""title"": ""F34-SQ-4110 dimensional drawing"", ""locator"": ""Manufacturer linked dimensional drawing; supplied from product page"", ""file"": ""research/fixtures/taxonomy/support-sources/globaltruss-sq-4110-dimensions.pdf"", ""sha256"": ""cdc6ba9f48af605f0ace545501cc5cb2aeb5f948e1e5c775df840694e3c629de"", ""accessed_at"": ""2026-09-30"", ""reuse_status"": ""unknown""}]}","[""https://www.globaltruss.com/media/catalog/product/cache/6517c62f5899ad6aa0ba23ceb3eeff97/1/0/1000x1000-20f34-20straight-41866.jpg""]",ready_for_visualization,assets/fixtures/global-truss/sq-4110-f34-straight-segment-natural-aluminium,assets/fixtures/global-truss/sq-4110-f34-straight-segment-natural-aluminium/fixture.json,docs/08 Fixture Library/entries/global-truss/sq-4110-f34-straight-segment-natural-aluminium.md,assets/fixtures/global-truss/sq-4110-f34-straight-segment-natural-aluminium/models/fixture.blend,assets/fixtures/global-truss/sq-4110-f34-straight-segment-natural-aluminium/models/fixture.usdz,assets/fixtures/global-truss/sq-4110-f34-straight-segment-natural-aluminium/validation/usdz.json,high,2,assets/fixtures/global-truss/sq-4110-f34-straight-segment-natural-aluminium/previews/three-quarter.png,assets/fixtures/global-truss/sq-4110-f34-straight-segment-natural-aluminium/validation/detail.json,taxonomy,validated,assets/fixtures/global-truss/sq-4110-f34-straight-segment-natural-aluminium/validation/parity.json,rigging.truss,"Passive mechanical support; no DMX, network, or electrical control connection.",Rigging and support > Truss / pipe / structural module,[],static_native_validated,assets/fixtures/global-truss/sq-4110-f34-straight-segment-natural-aluminium/models/rig.json,0,apps/visionos/VenueVolume/FixtureAssets/Catalog/global-truss/sq-4110-f34-straight-segment-natural-aluminium/fixture.usdz,,complete,research/fixtures/taxonomy/support-sources/globaltruss-sq-4110.jpg,
Black Pearl BP2V2,BP2V2,ROE Visual,indoor_led_display_panel,2.84 mm pixel-pitch broadcast/virtual-production LED panel,https://www.roevisual.com/en/products/black-pearl-2v2,"{""source_urls"": [""https://www.roevisual.com/en/products/black-pearl-2v2"", ""https://www.roevisual.com/uploads/files/Product%20File/Black%20Pearl/bp2v2-brochure-en-feb.-3-2024.pdf""], ""dimensions"": {""width_m"": 0.5, ""height_m"": 0.5, ""depth_m"": 0.09, ""source_order"": ""500 x 500 x 90 mm per panel"", ""axis_status"": ""documented"", ""axis_note"": ""500 x 500 x 90 mm per panel"", ""reference_pose"": ""Panel face vertical, display surface forward and 500 mm square; 90 mm depth behind face; pose inferred from official product image and dimension specification.""}, ""dimensions_status"": ""documented"", ""control_path"": ""Video content path through supported LED processing platform to panel data connection; panel power path is separate. Not DMX-controlled lighting."", ""pose"": ""Panel face vertical, display surface forward and 500 mm square; 90 mm depth behind face; pose inferred from official product image and dimension specification."", ""application_tags"": [""indoor display"", ""broadcast"", ""film/virtual production"", ""event stage"", ""theatre""], ""research_evidence"": [{""url"": ""https://www.roevisual.com/en/products/black-pearl-2v2"", ""title"": ""Black Pearl 2V2 product page"", ""locator"": ""BP2V2 Specs: panel dimensions 500 x 500 x 90 mm, pixel pitch, weight and environment rating"", ""accessed_at"": ""2026-09-30"", ""reuse_status"": ""unknown""}, {""url"": ""https://www.roevisual.com/uploads/files/Product%20File/Black%20Pearl/bp2v2-brochure-en-feb.-3-2024.pdf"", ""title"": ""Black Pearl BP2V2 brochure"", ""locator"": ""Specifications table and product-dimension diagram"", ""file"": ""research/fixtures/taxonomy/support-sources/roe-bp2v2-brochure.pdf"", ""sha256"": ""92882d41a36713f248ad6ecafdf265a54cd3b053ef2d0f355a01080951d92583"", ""accessed_at"": ""2026-09-30"", ""reuse_status"": ""unknown""}]}","[""https://www.roevisual.com/uploads/Images/Products/Black%20Pearl%202%20V2/bp2v2-list1.png""]",ready_for_visualization,assets/fixtures/roe-visual/black-pearl-bp2v2,assets/fixtures/roe-visual/black-pearl-bp2v2/fixture.json,docs/08 Fixture Library/entries/roe-visual/black-pearl-bp2v2.md,assets/fixtures/roe-visual/black-pearl-bp2v2/models/fixture.blend,assets/fixtures/roe-visual/black-pearl-bp2v2/models/fixture.usdz,assets/fixtures/roe-visual/black-pearl-bp2v2/validation/usdz.json,high,2,assets/fixtures/roe-visual/black-pearl-bp2v2/previews/three-quarter.png,assets/fixtures/roe-visual/black-pearl-bp2v2/validation/detail.json,taxonomy,validated,assets/fixtures/roe-visual/black-pearl-bp2v2/validation/parity.json,video.panel,Video content path through supported LED processing platform to panel data connection; panel power path is separate. Not DMX-controlled lighting.,Video and projected surfaces > LED display panel,"[""pixel control""]",static_native_validated,assets/fixtures/roe-visual/black-pearl-bp2v2/models/rig.json,0,apps/visionos/VenueVolume/FixtureAssets/Catalog/roe-visual/black-pearl-bp2v2/fixture.usdz,,complete,research/fixtures/taxonomy/support-sources/roe-black-pearl-bp2v2.png,
PT-RZ660B with supplied ET-DLE170 lens,PT-RZ660B,Panasonic,laser_projector,"WUXGA 1-chip DLP solid-state laser projector, supplied ET-DLE170 lens",https://eu.connect.panasonic.com/gb/en/projectors/pt-rz660,"{""source_urls"": [""https://na.panasonic.com/ns/246048_rz660_spec_en.pdf"", ""https://eu.connect.panasonic.com/gb/en/projectors/pt-rz660""], ""dimensions"": {""width_m"": 0.498, ""height_m"": 0.2, ""depth_m"": 0.5808, ""source_order"": ""498 W x 200 H x 580.8 D mm; spec table rounds depth to 581 mm"", ""axis_status"": ""documented"", ""axis_note"": ""498 W x 200 H x 580.8 D mm; spec table rounds depth to 581 mm"", ""reference_pose"": ""Cabinet in upright base-resting position, lens forward; manufacturer dimension drawing gives 498 mm width and lens-installed overall depth. Do not add ceiling bracket dimensions.""}, ""dimensions_status"": ""documented"", ""dimension_footnote"": ""Specification footnote *5: 200 mm height with adjustable legs at shortest position. Supplied lens ET-DLE170 is included in 581 mm overall depth; without lens the table gives 538 mm depth. The dimension drawing labels exact depth 580.8 mm."", ""control_path"": ""Video path by HDMI, SDI, DVI-D, RGB; network/serial control includes Ethernet/PJLink and RS-232. Not DMX-controlled."", ""pose"": ""Cabinet in upright base-resting position, lens forward; manufacturer dimension drawing gives 498 mm width and lens-installed overall depth. Do not add ceiling bracket dimensions."", ""lens"": ""ET-DLE170 standard supplied lens, 1.7-2.4:1 throw ratio"", ""research_evidence"": [{""url"": ""https://na.panasonic.com/ns/246048_rz660_spec_en.pdf"", ""title"": ""PT-RZ660B/RZ660W Product Specification File"", ""locator"": ""Page 4: dimensions with/without supplied lens and footnote *5; Page 5: dimensional drawing, exact 580.8 mm lens-installed depth; Page 4 identifies supplied ET-DLE170"", ""file"": ""research/fixtures/taxonomy/support-sources/panasonic-pt-rz660-spec.pdf"", ""sha256"": ""49ff223e2d20ba907d0c79ada15aecb170d5f017e830ccb0b28a06e445cc7df4"", ""accessed_at"": ""2026-09-30"", ""reuse_status"": ""unknown""}, {""url"": ""https://eu.connect.panasonic.com/gb/en/projectors/pt-rz660"", ""title"": ""PT-RZ660 product page and image gallery"", ""locator"": ""Product gallery image labeled PT-RZ660B Angled High-res; supplied image file is a high-resolution angled view"", ""accessed_at"": ""2026-09-30"", ""reuse_status"": ""unknown""}]}","[""https://eu.connect.panasonic.com/sites/default/files/media/image/2024-04/ca90fd90df4b2185ef5c10b1a03a7c59ad66e542.jpg""]",ready_for_visualization,assets/fixtures/panasonic/pt-rz660b-with-supplied-et-dle170-lens,assets/fixtures/panasonic/pt-rz660b-with-supplied-et-dle170-lens/fixture.json,docs/08 Fixture Library/entries/panasonic/pt-rz660b-with-supplied-et-dle170-lens.md,assets/fixtures/panasonic/pt-rz660b-with-supplied-et-dle170-lens/models/fixture.blend,assets/fixtures/panasonic/pt-rz660b-with-supplied-et-dle170-lens/models/fixture.usdz,assets/fixtures/panasonic/pt-rz660b-with-supplied-et-dle170-lens/validation/usdz.json,high,2,assets/fixtures/panasonic/pt-rz660b-with-supplied-et-dle170-lens/previews/three-quarter.png,assets/fixtures/panasonic/pt-rz660b-with-supplied-et-dle170-lens/validation/detail.json,taxonomy,validated,assets/fixtures/panasonic/pt-rz660b-with-supplied-et-dle170-lens/validation/parity.json,video.projector,"Video path by HDMI, SDI, DVI-D, RGB; network/serial control includes Ethernet/PJLink and RS-232. Not DMX-controlled.",Video and projected surfaces > Video projector,[],static_native_validated,assets/fixtures/panasonic/pt-rz660b-with-supplied-et-dle170-lens/models/rig.json,0,apps/visionos/VenueVolume/FixtureAssets/Catalog/panasonic/pt-rz660b-with-supplied-et-dle170-lens/fixture.usdz,,complete,research/fixtures/taxonomy/support-sources/panasonic-pt-rz660b.jpg,
"Heavy Duty Stand, Black, Air-Cushioned, Black Steel",126BSUAC,Manfrotto,lighting_stand,air-cushioned heavy-duty leveling-leg stand with 28 mm junior receiver and 16 mm stud,https://www.manfrotto.com/global-uk/black-steel-air-cushioned-heavy-duty-stand-126bsuac/,"{""source_urls"": [""https://www.manfrotto.com/global-uk/black-steel-air-cushioned-heavy-duty-stand-126bsuac/"", ""https://www.bhphotovideo.com/c/product/512653-REG/Manfrotto_126BSUAC_126BSUAC_Heavy_Duty_Air.html""], ""dimensions"": {""width_m"": 1.25, ""height_m"": 3.33, ""depth_m"": 1.25, ""source_order"": ""Tripod footprint diameter 1250 mm (secondary retailer); maximum height 3330 mm; minimum/closed height 1310 mm (manufacturer)"", ""axis_status"": ""estimated"", ""axis_note"": ""Tripod footprint diameter 1250 mm (secondary retailer); maximum height 3330 mm; minimum/closed height 1310 mm (manufacturer)"", ""reference_pose"": ""Three legs fully deployed, stand vertical and fully extended to 3.33 m maximum height, leveling leg down; 1.25 m circular footprint envelope is secondary-source estimate; do not interpret as rectangular dimensions.""}, ""dimensions_status"": ""estimated_envelope_with_secondary_footprint"", ""dimension_notes"": ""Manfrotto official page documents min height 131 cm, max height 333 cm, closed length 131 cm, 8.3 kg mass, and attachment fittings. The 125 cm footprint diameter is from B&H Photo Video, a secondary retailer, and should be verified against manufacturer drawing before precision modeling."", ""control_path"": ""Passive mechanical support; no electrical or DMX control."", ""pose"": ""Three legs fully deployed, stand vertical and fully extended to 3.33 m maximum height, leveling leg down; 1.25 m circular footprint envelope from secondary source."", ""max_payload_kg"": 40, ""attachment"": ""28 mm socket with 16 mm stud; verify the exact adapter/interface before attaching show equipment"", ""research_evidence"": [{""url"": ""https://www.manfrotto.com/global-uk/black-steel-air-cushioned-heavy-duty-stand-126bsuac/"", ""title"": ""Manfrotto 126BSUAC product page"", ""locator"": ""Product overview/specifications: min/max height, closed length, load rating, attachment type"", ""accessed_at"": ""2026-09-30"", ""reuse_status"": ""unknown""}, {""url"": ""https://www.bhphotovideo.com/c/product/512653-REG/Manfrotto_126BSUAC_126BSUAC_Heavy_Duty_Air.html"", ""title"": ""B&H Photo Video Manfrotto 126BSUAC listing"", ""locator"": ""Footprint Diameter: 49 in / 125 cm; secondary retailer dimension"", ""accessed_at"": ""2026-09-30"", ""reuse_status"": ""unknown"", ""source_kind"": ""secondary""}]}","[""https://www.manfrotto.com/media/catalog/product/m/a/manfrotto-heavy-duty-stand-air-cushioned-black-steel-126bsuac.jpg""]",researched,assets/fixtures/manfrotto/heavy-duty-stand-black-air-cushioned-black-steel,assets/fixtures/manfrotto/heavy-duty-stand-black-air-cushioned-black-steel/fixture.json,docs/08 Fixture Library/entries/manfrotto/heavy-duty-stand-black-air-cushioned-black-steel.md,assets/fixtures/manfrotto/heavy-duty-stand-black-air-cushioned-black-steel/models/fixture.blend,assets/fixtures/manfrotto/heavy-duty-stand-black-air-cushioned-black-steel/models/fixture.usdz,assets/fixtures/manfrotto/heavy-duty-stand-black-air-cushioned-black-steel/validation/usdz.json,high,2,assets/fixtures/manfrotto/heavy-duty-stand-black-air-cushioned-black-steel/previews/three-quarter.png,assets/fixtures/manfrotto/heavy-duty-stand-black-air-cushioned-black-steel/validation/detail.json,taxonomy,validated,assets/fixtures/manfrotto/heavy-duty-stand-black-air-cushioned-black-steel/validation/parity.json,rigging.stand,Passive mechanical support; no electrical or DMX control.,Rigging and support > Stand / tower / ground support,[],static_native_validated,assets/fixtures/manfrotto/heavy-duty-stand-black-air-cushioned-black-steel/models/rig.json,0,apps/visionos/VenueVolume/FixtureAssets/Catalog/manfrotto/heavy-duty-stand-black-air-cushioned-black-steel/fixture.usdz,,complete,research/fixtures/taxonomy/support-sources/manfrotto-126bsuac.jpg,
Twenty Clamp,T58400,Doughty Engineering,lighting_clamp,pressure die-cast aluminium lightweight lantern clamp for 48-51 mm tube,https://doughty-usa.com/products/twenty-clamp/,"{""source_urls"": [""https://doughty-usa.com/products/twenty-clamp/"", ""https://www.doughty-engineering.co.uk/wp-content/uploads/2023/01/T58400-Data-Sheet.pdf""], ""dimensions"": {""width_m"": 0.101, ""height_m"": 0.0615, ""depth_m"": 0.028, ""source_order"": ""101 L x 61.5 H x 28 W mm per manufacturer's dimension drawing; 48-51 mm tube fit range"", ""axis_status"": ""documented"", ""axis_note"": ""101 L x 61.5 H x 28 W mm per manufacturer's dimension drawing; 48-51 mm tube fit range"", ""reference_pose"": ""Clamp shown in dimension drawing in side orthographic pose with jaw opening sized for 48-51 mm tube and M10 attachment slot; pose follows manufacturer's drawing.""}, ""dimensions_status"": ""documented"", ""control_path"": ""Passive mechanical clamp; no DMX, network, or electrical connection."", ""pose"": ""Clamp shown in dimension drawing in side orthographic pose with jaw opening sized for 48-51 mm tube and M10 attachment slot; pose follows manufacturer's drawing."", ""wll_kg"": 20, ""attachment"": ""M10 fixing; hand-tight only; manufacturer data sheet states 20 kg vertical WLL, 0.28 kg mass, 5:1 safety factor, TÜV approved"", ""research_evidence"": [{""url"": ""https://doughty-usa.com/products/twenty-clamp/"", ""title"": ""Doughty Twenty Clamp product page"", ""locator"": ""Part T58400, fit range 48-51 mm, 28 mm clamp width, WLL 20 kg, product downloads"", ""accessed_at"": ""2026-09-30"", ""reuse_status"": ""unknown""}, {""url"": ""https://www.doughty-engineering.co.uk/wp-content/uploads/2023/01/T58400-Data-Sheet.pdf"", ""title"": ""T58400 Twenty Clamp data sheet"", ""locator"": ""One-page dimension drawing: 101, 61.5, 51.0 tube aperture, 28, 13, and Ø10.5 mm; text: 48-51 mm tube, M10 fixing, vertical WLL 20 kg, 0.28 kg, 5:1 safety factor, TÜV approval"", ""file"": ""research/fixtures/taxonomy/support-sources/doughty-t58400-datasheet.pdf"", ""sha256"": ""c503be90cdb4714d8424731856c327126eef5cccfaf96f8a0b13c364e09dcc5b"", ""accessed_at"": ""2026-09-30"", ""reuse_status"": ""unknown""}]}","[""https://doughty-usa.com/wp-content/uploads/2023/01/T58400-New-Twenty-Clamp-700x700-c-default.jpg""]",ready_for_visualization,assets/fixtures/doughty-engineering/twenty-clamp,assets/fixtures/doughty-engineering/twenty-clamp/fixture.json,docs/08 Fixture Library/entries/doughty-engineering/twenty-clamp.md,assets/fixtures/doughty-engineering/twenty-clamp/models/fixture.blend,assets/fixtures/doughty-engineering/twenty-clamp/models/fixture.usdz,assets/fixtures/doughty-engineering/twenty-clamp/validation/usdz.json,high,2,assets/fixtures/doughty-engineering/twenty-clamp/previews/three-quarter.png,assets/fixtures/doughty-engineering/twenty-clamp/validation/detail.json,taxonomy,validated,assets/fixtures/doughty-engineering/twenty-clamp/validation/parity.json,rigging.clamp,"Passive mechanical clamp; no DMX, network, or electrical connection.",Rigging and support > Clamp / coupler / mounting adapter,[],static_native_validated,assets/fixtures/doughty-engineering/twenty-clamp/models/rig.json,0,apps/visionos/VenueVolume/FixtureAssets/Catalog/doughty-engineering/twenty-clamp/fixture.usdz,,complete,research/fixtures/taxonomy/support-sources/doughty-t58400.jpg,
D-SPLIT,70574 / 70578 / 70579,ENTTEC,dmx_splitter,"one-input, four-output optically isolated DMX splitter",https://www.enttec.com/es/product/dmx-isolated-splitter-din-rail/d-split-dmx-opto-splitter-isolator/,"{""dimensions"": {""width_m"": 0.116, ""height_m"": 0.052, ""depth_m"": 0.087, ""source_order"": ""116 x 87 x 52 mm, manufacturer datasheet"", ""axis_status"": ""documented"", ""axis_note"": ""116 x 87 x 52 mm, manufacturer datasheet"", ""reference_pose"": ""Enclosure horizontal with logo face upward and connector edge toward viewer, inferred from official isometric product image; dimensions mapped long x short x overall depth.""}, ""control_path"": ""USITT DMX512-1990 input to four isolated DMX512 outputs; no RDM compatibility; powered separately at 7-24 V DC; not an Ethernet node."", ""pose"": ""Enclosure horizontal with logo face upward and connector edge toward viewer, inferred from official isometric product image; dimensions mapped long x short x overall depth."", ""research_evidence"": [{""url"": ""https://www.enttec.com/es/product/dmx-isolated-splitter-din-rail/d-split-dmx-opto-splitter-isolator/"", ""title"": ""ENTTEC D-SPLIT product page"", ""locator"": ""Product identity, output count, SKU family and direct manufacturer product render"", ""accessed_at"": ""2026-09-30"", ""reuse_status"": ""unknown""}, {""url"": ""https://cdn.enttec.com/pdf/assets/70574_70578_70579/70574_70578_70579_D-SPLIT_DATASHEET.pdf"", ""title"": ""D-SPLIT datasheet"", ""locator"": ""Specification page: 116 x 87 x 52 mm dimensions; 1-to-4 DMX splitter; no RDM; 7-24 V DC"", ""file"": ""research/fixtures/taxonomy/support-sources/enttec-d-split.pdf"", ""sha256"": ""1eb13c74c54e8ba92c07d9251a8b6bd789f19efbf9a697f8376d1dd13e345045"", ""accessed_at"": ""2026-09-30"", ""reuse_status"": ""unknown""}]}","[""https://cdn.enttec.com/wp-content/uploads/2021/10/10015010/2024_0003_dsplit_Isometric-Top-view-A-3-pin.png""]",ready_for_visualization,assets/fixtures/enttec/d-split,assets/fixtures/enttec/d-split/fixture.json,docs/08 Fixture Library/entries/enttec/d-split.md,assets/fixtures/enttec/d-split/models/fixture.blend,assets/fixtures/enttec/d-split/models/fixture.usdz,assets/fixtures/enttec/d-split/validation/usdz.json,high,2,assets/fixtures/enttec/d-split/previews/three-quarter.png,assets/fixtures/enttec/d-split/validation/detail.json,taxonomy,validated,assets/fixtures/enttec/d-split/validation/parity.json,control.distribution,USITT DMX512-1990 input to four isolated DMX512 outputs; no RDM compatibility; powered separately at 7-24 V DC; not an Ethernet node.,Control and data > Data splitter / wireless bridge,[],static_native_validated,assets/fixtures/enttec/d-split/models/rig.json,0,apps/visionos/VenueVolume/FixtureAssets/Catalog/enttec/d-split/fixture.usdz,,complete,research/fixtures/taxonomy/support-sources/enttec-d-split.png,
Pixelator Mini,70067,ENTTEC,pixel_data_controller,Ethernet-to-PLink pixel data converter,https://www.enttec.com/product/led-pixel-control/pixelator-mini-lighting-controller-ethernet-to-spi-pixel-converter/,"{""dimensions"": {""width_m"": 0.2, ""height_m"": 0.042, ""depth_m"": 0.12, ""source_order"": ""200 x 120 x 42 mm unit dimensions"", ""axis_status"": ""documented"", ""axis_note"": ""200 x 120 x 42 mm unit dimensions"", ""reference_pose"": ""Tabletop controller, broad face horizontal with printed label/status upward and connectors facing outward; pose inferred from manufacturer render.""}, ""control_path"": ""Art-Net/sACN/ESP Ethernet input to eight proprietary PLink outputs for compatible PLink injectors; not a fixture power supply and not a DMX512 output device."", ""pose"": ""Tabletop controller, broad face horizontal with printed label/status upward and connectors facing outward; pose inferred from manufacturer render."", ""research_evidence"": [{""url"": ""https://www.enttec.com/product/led-pixel-control/pixelator-mini-lighting-controller-ethernet-to-spi-pixel-converter/"", ""title"": ""Pixelator Mini product page"", ""locator"": ""Product capabilities, protocols, connector count and direct manufacturer product render"", ""accessed_at"": ""2026-09-30"", ""reuse_status"": ""unknown""}, {""url"": ""https://cdn.enttec.com/pdf/assets/70067/70067_PIXELATOR_MINI_DATASHEET.pdf"", ""title"": ""Pixelator Mini datasheet"", ""locator"": ""Unit dimensions 200 x 120 x 42 mm; weight and PLink output specs"", ""file"": ""research/fixtures/taxonomy/support-sources/enttec-pixelator-mini.pdf"", ""sha256"": ""e7f211271fade653bbd86a9b274d8d98182daf3fb764be269593ef78fbb969d4"", ""accessed_at"": ""2026-09-30"", ""reuse_status"": ""unknown""}]}","[""https://cdn.enttec.com/wp-content/uploads/2022/02/09060535/product_pixelatormini__004.png""]",ready_for_visualization,assets/fixtures/enttec/pixelator-mini,assets/fixtures/enttec/pixelator-mini/fixture.json,docs/08 Fixture Library/entries/enttec/pixelator-mini.md,assets/fixtures/enttec/pixelator-mini/models/fixture.blend,assets/fixtures/enttec/pixelator-mini/models/fixture.usdz,assets/fixtures/enttec/pixelator-mini/validation/usdz.json,high,2,assets/fixtures/enttec/pixelator-mini/previews/three-quarter.png,assets/fixtures/enttec/pixelator-mini/validation/detail.json,taxonomy,validated,assets/fixtures/enttec/pixelator-mini/validation/parity.json,control.pixel,Art-Net/sACN/ESP Ethernet input to eight proprietary PLink outputs for compatible PLink injectors; not a fixture power supply and not a DMX512 output device.,Control and data > Pixel-data controller / tape driver,"[""pixel control""]",static_native_validated,assets/fixtures/enttec/pixelator-mini/models/rig.json,0,apps/visionos/VenueVolume/FixtureAssets/Catalog/enttec/pixelator-mini/fixture.usdz,,complete,research/fixtures/taxonomy/support-sources/enttec-pixelator-mini.png,
Tessera SX40,SX40,Brompton Technology,led_video_processor,LED display processor for video ingest and panel mapping,https://www.bromptontech.com/product/sx40/,"{""dimensions"": {""width_m"": 0.4826, ""height_m"": 0.0889, ""depth_m"": 0.4064, ""source_order"": ""482.6 W x 88.9 H x 406.4 L mm unboxed"", ""axis_status"": ""documented"", ""axis_note"": ""482.6 W x 88.9 H x 406.4 L mm unboxed"", ""reference_pose"": ""19-inch rackmount chassis, front panel vertical toward operator; 482.6 mm rack width x 88.9 mm 2U height x 406.4 mm chassis depth per manufacturer.""}, ""control_path"": ""Video input and LED-panel data output; processor also supports DMX-512A and sACN lighting control integration, which is distinct from the video output path."", ""pose"": ""19-inch rackmount chassis, front panel vertical toward operator; 482.6 mm rack width x 88.9 mm 2U height x 406.4 mm chassis depth per manufacturer."", ""research_evidence"": [{""url"": ""https://www.bromptontech.com/product/sx40/"", ""title"": ""Brompton Tessera SX40 product page"", ""locator"": ""Product overview, input/output feature summary and product render"", ""accessed_at"": ""2026-09-30"", ""reuse_status"": ""unknown""}, {""url"": ""https://www.bromptontech.com/wp-content/uploads/2025/07/Brompton-SX40-Data-Sheet-Feb2025-EN.pdf"", ""title"": ""Brompton SX40 data sheet"", ""locator"": ""Physical (W x H x L), unboxed: 482.6 x 88.9 x 406.4 mm; signal input/output details"", ""file"": ""research/fixtures/taxonomy/support-sources/brompton-sx40.pdf"", ""sha256"": ""6a01e409dffe2cd36af48b25d9fa71c57de766d562c417fe1cb583d8117dfe9f"", ""accessed_at"": ""2026-09-30"", ""reuse_status"": ""unknown""}]}","[""https://www.bromptontech.com/wp-content/uploads/2019/05/SX40_front_elevated_Final-1536x810.png.webp""]",ready_for_visualization,assets/fixtures/brompton-technology/tessera-sx40,assets/fixtures/brompton-technology/tessera-sx40/fixture.json,docs/08 Fixture Library/entries/brompton-technology/tessera-sx40.md,assets/fixtures/brompton-technology/tessera-sx40/models/fixture.blend,assets/fixtures/brompton-technology/tessera-sx40/models/fixture.usdz,assets/fixtures/brompton-technology/tessera-sx40/validation/usdz.json,high,2,assets/fixtures/brompton-technology/tessera-sx40/previews/three-quarter.png,assets/fixtures/brompton-technology/tessera-sx40/validation/detail.json,taxonomy,validated,assets/fixtures/brompton-technology/tessera-sx40/validation/parity.json,video.processor,"Video input and LED-panel data output; processor also supports DMX-512A and sACN lighting control integration, which is distinct from the video output path.",Video and projected surfaces > Media server / video processor,[],static_native_validated,assets/fixtures/brompton-technology/tessera-sx40/models/rig.json,0,apps/visionos/VenueVolume/FixtureAssets/Catalog/brompton-technology/tessera-sx40/fixture.usdz,,complete,research/fixtures/taxonomy/support-sources/brompton-sx40.webp,
Z-1000III Fog Machine,Z-1000III,Antari,atmospherics,heated water-based fogger,https://antari.com/products/z-1000iii/,"{""protocols"": [""DMX512"", ""manual"", ""timer"", ""optional wireless"", ""optional cable remote""], ""source_urls"": [""https://antari.com/products/z-1000iii/""], ""power"": ""1000 W"", ""weight"": ""7.9 kg"", ""dmx_channels"": [1], ""dimensions"": {""width_m"": 0.281, ""height_m"": 0.266, ""depth_m"": 0.433, ""axis_status"": ""documented"", ""axis_note"": ""Manufacturer labels L/W/H; L mapped to depth in the upright front-facing pose."", ""reference_pose"": ""Machine resting on feet with outlet facing forward and hanging bracket raised; L/W/H.""}, ""research_evidence"": [{""url"": ""https://antari.com/products/z-1000iii/"", ""title"": ""Z-1000III Fog Machine product page"", ""locator"": ""Specifications: 1000 W, 7.9 kg, L/W/H 433/281/266 mm, one-channel DMX"", ""accessed_at"": ""2026-09-30""}], ""control_path"": ""See source-backed protocol list; compatibility and control system are not implemented.""}","[""https://antari.com/wp-content/uploads/Z-1000III_01.jpg""]",ready_for_visualization,assets/fixtures/antari/z-1000iii-fog-machine,assets/fixtures/antari/z-1000iii-fog-machine/fixture.json,docs/08 Fixture Library/entries/antari/z-1000iii-fog-machine.md,assets/fixtures/antari/z-1000iii-fog-machine/models/fixture.blend,assets/fixtures/antari/z-1000iii-fog-machine/models/fixture.usdz,assets/fixtures/antari/z-1000iii-fog-machine/validation/usdz.json,high,2,assets/fixtures/antari/z-1000iii-fog-machine/previews/three-quarter.png,assets/fixtures/antari/z-1000iii-fog-machine/validation/detail.json,taxonomy,validated,assets/fixtures/antari/z-1000iii-fog-machine/validation/parity.json,atmosphere.fog,See source-backed protocol list; compatibility and control system are not implemented.,Atmosphere and air movement > Fog / smoke-look generator,[],static_native_validated,assets/fixtures/antari/z-1000iii-fog-machine/models/rig.json,0,apps/visionos/VenueVolume/FixtureAssets/Catalog/antari/z-1000iii-fog-machine/fixture.usdz,,complete,,
Hurricane Haze 1DX,Hurricane Haze 1DX,CHAUVET DJ,atmospherics,water-based heated hazer,https://fr.chauvetdj.com/products/hurricane-haze-1dx/,"{""protocols"": [""DMX"", ""standalone display"", ""included wired timer remote""], ""source_urls"": [""https://fr.chauvetdj.com/products/hurricane-haze-1dx/""], ""power"": ""303 W at 230 V, 50 Hz"", ""dmx_channels"": [1], ""dimensions"": {""width_m"": 0.15, ""height_m"": 0.223, ""depth_m"": 0.278, ""axis_status"": ""estimated"", ""axis_note"": ""Manufacturer lists 278 x 150 x 223 mm without labels; mapped largest axis to depth and shortest to width based on upright product view. Numeric dimensions are preserved; width/depth mapping is estimated."", ""reference_pose"": ""Body upright on base, output scoop facing forward; axis mapping inferred from official product photo.""}, ""research_evidence"": [{""url"": ""https://fr.chauvetdj.com/products/hurricane-haze-1dx/"", ""title"": ""Hurricane Haze 1DX product page"", ""locator"": ""Specifications: water-based haze, power, dimensions, one-channel DMX; product-view gallery"", ""accessed_at"": ""2026-09-30""}], ""control_path"": ""See source-backed protocol list; compatibility and control system are not implemented.""}","[""https://fr.chauvetdj.com/wp-content/uploads/2016/12/wsi-imageoptim-Hurricane-Haze-1DX-RIGHT.jpg""]",researched,assets/fixtures/chauvet-dj/hurricane-haze-1dx,assets/fixtures/chauvet-dj/hurricane-haze-1dx/fixture.json,docs/08 Fixture Library/entries/chauvet-dj/hurricane-haze-1dx.md,assets/fixtures/chauvet-dj/hurricane-haze-1dx/models/fixture.blend,assets/fixtures/chauvet-dj/hurricane-haze-1dx/models/fixture.usdz,assets/fixtures/chauvet-dj/hurricane-haze-1dx/validation/usdz.json,high,2,assets/fixtures/chauvet-dj/hurricane-haze-1dx/previews/three-quarter.png,assets/fixtures/chauvet-dj/hurricane-haze-1dx/validation/detail.json,taxonomy,validated,assets/fixtures/chauvet-dj/hurricane-haze-1dx/validation/parity.json,atmosphere.haze_water,See source-backed protocol list; compatibility and control system are not implemented.,Atmosphere and air movement > Water-based hazer / fazer,[],static_native_validated,assets/fixtures/chauvet-dj/hurricane-haze-1dx/models/rig.json,0,apps/visionos/VenueVolume/FixtureAssets/Catalog/chauvet-dj/hurricane-haze-1dx/fixture.usdz,,complete,,
ATMOSPHERE APS Haze Generator,ATMOSPHERE APS,MDG,atmospherics,oil-based compressor hazer,https://www.mdgfog.com/en/atmosphereaps,"{""protocols"": [""DMX via optional 2-channel interface"", ""remote timer""], ""source_urls"": [""https://www.mdgfog.com/en/atmosphereaps"", ""https://www.mdgfog.com/en/2-channel-dmx-interface""], ""power"": ""715 W; 115 or 230 VAC, 50/60 Hz single phase"", ""weight"": ""19 kg (machine); shipping/flight case weight excluded"", ""dmx_channels"": [2], ""dimensions"": {""width_m"": 0.18, ""height_m"": 0.3, ""depth_m"": 0.685, ""axis_status"": ""documented"", ""axis_note"": ""MDG labels length, width and height explicitly; L mapped to depth. Front/angled official image inspected for body orientation."", ""reference_pose"": ""Machine resting horizontally on its base, fluid reservoir at the front end and carry handle above; MDG product page dimensions.""}, ""process"": ""Mineral-oil fluid is atomized using compressed CO2 from a separate external supply; CO2 consumption is documented as 0.18 kg/h at 1.38 bar (20 psi). No onboard compressor is claimed; this is a haze atomizer, not a CO2 plume jet."", ""research_evidence"": [{""url"": ""https://www.mdgfog.com/en/atmosphereaps"", ""title"": ""ATMOSPHERE APS product page"", ""locator"": ""Specifications: consumption, fluid, power, dimensions, machine weight; excludes 34 kg shipping weight"", ""accessed_at"": ""2026-09-30""}, {""url"": ""https://www.mdgfog.com/en/2-channel-dmx-interface"", ""title"": ""2-channel DMX interface product page"", ""locator"": ""Interface compatible with ATMOSPHERE; separate accessory"", ""accessed_at"": ""2026-09-30""}], ""control_path"": ""See source-backed protocol list; compatibility and control system are not implemented.""}","[""https://mdgfog.s3.amazonaws.com/uploads/img-tiny/atmosphere-a-bb3c9a.png"", ""https://mdgfog.s3.amazonaws.com/uploads/img-tiny/atmosphere-b-b46a60.png""]",ready_for_visualization,assets/fixtures/mdg/atmosphere-aps-haze-generator,assets/fixtures/mdg/atmosphere-aps-haze-generator/fixture.json,docs/08 Fixture Library/entries/mdg/atmosphere-aps-haze-generator.md,assets/fixtures/mdg/atmosphere-aps-haze-generator/models/fixture.blend,assets/fixtures/mdg/atmosphere-aps-haze-generator/models/fixture.usdz,assets/fixtures/mdg/atmosphere-aps-haze-generator/validation/usdz.json,high,2,assets/fixtures/mdg/atmosphere-aps-haze-generator/previews/three-quarter.png,assets/fixtures/mdg/atmosphere-aps-haze-generator/validation/detail.json,taxonomy,validated,assets/fixtures/mdg/atmosphere-aps-haze-generator/validation/parity.json,atmosphere.haze_oil,See source-backed protocol list; compatibility and control system are not implemented.,Atmosphere and air movement > Oil-based / atomizing hazer,[],static_native_validated,assets/fixtures/mdg/atmosphere-aps-haze-generator/models/rig.json,0,apps/visionos/VenueVolume/FixtureAssets/Catalog/mdg/atmosphere-aps-haze-generator/fixture.usdz,,complete,,
Cumulus HP Low-Lying Fog Machine,Cumulus HP,CHAUVET DJ,atmospherics,ultrasonic water-mist low fogger,https://www.chauvetdj.com/products/cumulus-hp/,"{""protocols"": [""DMX"", ""standalone display"", ""included wireless remote""], ""source_urls"": [""https://www.chauvetdj.com/products/cumulus-hp/"", ""https://www.chauvetdj.com/wp-content/uploads/2023/12/Cumulus_HP_UM_Rev1.pdf""], ""power"": ""1608 W at 120 V / 60 Hz; 1541 W at 230 V / 50 Hz"", ""weight"": ""15.7 kg"", ""dmx_channels"": [2], ""dimensions"": {""width_m"": 0.304, ""height_m"": 0.347, ""depth_m"": 0.464, ""axis_status"": ""documented"", ""axis_note"": ""The manual's drawing and specifications label the bare enclosure length 464 mm, width 304 mm, height 347 mm. External output hose and floor nozzle are not included in this housing envelope."", ""reference_pose"": ""Bare Cumulus HP enclosure level on its base; hose and floor nozzle excluded from reference dimensions.""}, ""research_evidence"": [{""url"": ""https://www.chauvetdj.com/products/cumulus-hp/"", ""title"": ""Cumulus HP product page"", ""locator"": ""Highlights and specifications: ultrasonic atomizer, DMX, power, mass, size"", ""accessed_at"": ""2026-09-30""}, {""url"": ""https://www.chauvetdj.com/wp-content/uploads/2023/12/Cumulus_HP_UM_Rev1.pdf"", ""title"": ""Cumulus HP User Manual Rev. 1"", ""locator"": ""Printed page 3 (PDF page 6): product overview and labeled L/W/H dimensional drawing; technical specification table on printed page 13"", ""accessed_at"": ""2026-09-30""}], ""control_path"": ""See source-backed protocol list; compatibility and control system are not implemented.""}",[],researched,assets/fixtures/chauvet-dj/cumulus-hp-low-lying-fog-machine,assets/fixtures/chauvet-dj/cumulus-hp-low-lying-fog-machine/fixture.json,docs/08 Fixture Library/entries/chauvet-dj/cumulus-hp-low-lying-fog-machine.md,assets/fixtures/chauvet-dj/cumulus-hp-low-lying-fog-machine/models/fixture.blend,assets/fixtures/chauvet-dj/cumulus-hp-low-lying-fog-machine/models/fixture.usdz,assets/fixtures/chauvet-dj/cumulus-hp-low-lying-fog-machine/validation/usdz.json,high,2,assets/fixtures/chauvet-dj/cumulus-hp-low-lying-fog-machine/previews/three-quarter.png,assets/fixtures/chauvet-dj/cumulus-hp-low-lying-fog-machine/validation/detail.json,taxonomy,validated,assets/fixtures/chauvet-dj/cumulus-hp-low-lying-fog-machine/validation/parity.json,atmosphere.low_fog,See source-backed protocol list; compatibility and control system are not implemented.,Atmosphere and air movement > Low-lying fog,[],static_native_validated,assets/fixtures/chauvet-dj/cumulus-hp-low-lying-fog-machine/models/rig.json,0,apps/visionos/VenueVolume/FixtureAssets/Catalog/chauvet-dj/cumulus-hp-low-lying-fog-machine/fixture.usdz,,complete,research/fixtures/taxonomy/atmos-sources/cumulus-hp-product-dimensions-06.png,
M-9 Jet Fog Machine,M-9,Antari,atmospherics,LED-equipped heated fog jet,https://antari.com/products/m-9/,"{""protocols"": [""DMX512"", ""manual"", ""timer"", ""master/slave"", ""wireless"", ""optional wireless DMX""], ""source_urls"": [""https://antari.com/products/m-9/""], ""power"": ""1820 W; US 100–120 V 50/60 Hz, EU 220–240 V 50/60 Hz"", ""weight"": ""25.0 kg"", ""dmx_channels"": [10, 15, 25], ""dimensions"": {""width_m"": 0.321, ""height_m"": 0.42, ""depth_m"": 0.393, ""axis_status"": ""documented"", ""axis_note"": ""Manufacturer labels L/W/H; W mapped lateral and L depth. Official product image inspected, but image pose is not itself a dimensional drawing."", ""reference_pose"": ""Machine standing on its base with LED tray above body; fog outlet direction horizontal. Manufacturer's L/W/H dimensions.""}, ""light_source"": ""27 x 8 W 5-in-1 LED; fog fluid product, not CO2 propellant"", ""research_evidence"": [{""url"": ""https://antari.com/products/m-9/"", ""title"": ""M-9 Jet Fog Machine product page"", ""locator"": ""Overview and specifications: FLC compatible fluid, LED count, dimensions, weight, DMX footprints"", ""accessed_at"": ""2026-09-30""}], ""control_path"": ""See source-backed protocol list; compatibility and control system are not implemented.""}","[""https://antari.com/wp-content/uploads/M-9_01.jpg""]",ready_for_visualization,assets/fixtures/antari/m-9-jet-fog-machine,assets/fixtures/antari/m-9-jet-fog-machine/fixture.json,docs/08 Fixture Library/entries/antari/m-9-jet-fog-machine.md,assets/fixtures/antari/m-9-jet-fog-machine/models/fixture.blend,assets/fixtures/antari/m-9-jet-fog-machine/models/fixture.usdz,assets/fixtures/antari/m-9-jet-fog-machine/validation/usdz.json,high,2,assets/fixtures/antari/m-9-jet-fog-machine/previews/three-quarter.png,assets/fixtures/antari/m-9-jet-fog-machine/validation/detail.json,taxonomy,validated,assets/fixtures/antari/m-9-jet-fog-machine/validation/parity.json,atmosphere.fog_jet,See source-backed protocol list; compatibility and control system are not implemented.,Atmosphere and air movement > Fog-fluid jet / geyser,[],static_native_validated,assets/fixtures/antari/m-9-jet-fog-machine/models/rig.json,0,apps/visionos/VenueVolume/FixtureAssets/Catalog/antari/m-9-jet-fog-machine/fixture.usdz,,complete,,
B-100 Bubble Machine,B-100,Antari,atmospherics,DMX bubble machine,https://antari.com/products/b-100/,"{""protocols"": [""DMX512"", ""manual"", ""optional timer"", ""optional wireless"", ""optional cable remote""], ""source_urls"": [""https://antari.com/products/b-100/"", ""https://www.antari.com/usermanual/B/B-100/B-100.pdf""], ""power"": ""30 W at 120 V / 32 W at 230 V"", ""weight"": ""4.2 kg"", ""dmx_channels"": [1], ""dimensions"": {""width_m"": 0.265, ""height_m"": 0.29, ""depth_m"": 0.341, ""axis_status"": ""documented"", ""axis_note"": ""Current product page and current Rev. 05 manual agree on manufacturer L/W/H = 341/265/290 mm; dimensions refer to the B-100 variant."", ""reference_pose"": ""Enclosed bubble machine resting on feet, output/wheel opening front-facing and carry handle above; manufacturer L/W/H.""}, ""research_evidence"": [{""url"": ""https://antari.com/products/b-100/"", ""title"": ""B-100 Bubble Machine product page"", ""locator"": ""Current specification block: product dimensions, weight, power and manual control"", ""accessed_at"": ""2026-09-30""}, {""url"": ""https://www.antari.com/usermanual/B/B-100/B-100.pdf"", ""title"": ""B-100 User Manual Rev. 05"", ""locator"": ""Technical specifications agree with the current product page on L/W/H and machine weight"", ""accessed_at"": ""2026-09-30""}], ""control_path"": ""See source-backed protocol list; compatibility and control system are not implemented.""}","[""https://antari.com/wp-content/uploads/B-100-01.jpg""]",ready_for_visualization,assets/fixtures/antari/b-100-bubble-machine,assets/fixtures/antari/b-100-bubble-machine/fixture.json,docs/08 Fixture Library/entries/antari/b-100-bubble-machine.md,assets/fixtures/antari/b-100-bubble-machine/models/fixture.blend,assets/fixtures/antari/b-100-bubble-machine/models/fixture.usdz,assets/fixtures/antari/b-100-bubble-machine/validation/usdz.json,high,2,assets/fixtures/antari/b-100-bubble-machine/previews/three-quarter.png,assets/fixtures/antari/b-100-bubble-machine/validation/detail.json,taxonomy,validated,assets/fixtures/antari/b-100-bubble-machine/validation/parity.json,effects.bubble,See source-backed protocol list; compatibility and control system are not implemented.,Special-effects appliances > Bubble machine,[],static_native_validated,assets/fixtures/antari/b-100-bubble-machine/models/rig.json,0,apps/visionos/VenueVolume/FixtureAssets/Catalog/antari/b-100-bubble-machine/fixture.usdz,,complete,,
S-500 Snow Machine,S-500,Antari,atmospherics,water-based snow effect machine,https://antari.com/products/s-500/,"{""protocols"": [""DMX512"", ""manual"", ""timer"", ""optional wireless"", ""optional wireless DMX"", ""optional cable remote""], ""source_urls"": [""https://antari.com/products/s-500/""], ""power"": ""900 W; US 100–120 V 50/60 Hz, EU 220–240 V 50/60 Hz"", ""weight"": ""37.2 kg (S-500); S-500L variant is 46.4 kg and excluded"", ""dmx_channels"": [2], ""dimensions"": {""width_m"": 0.551, ""height_m"": 0.651, ""depth_m"": 0.592, ""axis_status"": ""estimated"", ""axis_note"": ""Antari labels L/W/H = 592/551/651 mm for S-500, but the current product image shows the case open and the dimensions appear to be the protective case's transport envelope. Body orientation mapping follows L/W/H; pose is estimated closed case."", ""reference_pose"": ""Model as the S-500 road case closed, with its open-lid manufacturer photo used only for product identification; exact closed-case drawing not found.""}, ""research_evidence"": [{""url"": ""https://antari.com/products/s-500/"", ""title"": ""S-500 Snow Machine product page"", ""locator"": ""Specifications: rated power, fluid, 2-channel DMX, dimensions and weight; S-500 and S-500L variants separated"", ""accessed_at"": ""2026-09-30""}], ""control_path"": ""See source-backed protocol list; compatibility and control system are not implemented.""}","[""https://antari.com/wp-content/uploads/S-500_main-1000x1000-1.jpg""]",researched,assets/fixtures/antari/s-500-snow-machine,assets/fixtures/antari/s-500-snow-machine/fixture.json,docs/08 Fixture Library/entries/antari/s-500-snow-machine.md,assets/fixtures/antari/s-500-snow-machine/models/fixture.blend,assets/fixtures/antari/s-500-snow-machine/models/fixture.usdz,assets/fixtures/antari/s-500-snow-machine/validation/usdz.json,high,2,assets/fixtures/antari/s-500-snow-machine/previews/three-quarter.png,assets/fixtures/antari/s-500-snow-machine/validation/detail.json,taxonomy,validated,assets/fixtures/antari/s-500-snow-machine/validation/parity.json,effects.snow,See source-backed protocol list; compatibility and control system are not implemented.,Special-effects appliances > Snow / foam-look machine,[],static_native_validated,assets/fixtures/antari/s-500-snow-machine/models/rig.json,0,apps/visionos/VenueVolume/FixtureAssets/Catalog/antari/s-500-snow-machine/fixture.usdz,,complete,,
Powershot II,MFX0304,MAGIC FX,atmospherics,electric confetti / streamer shot launcher,https://magicfx.com/products/powershot-ii,"{""protocols"": [""power on/off trigger""], ""source_urls"": [""https://magicfx.com/products/powershot-ii"", ""https://magicfx.com/cdn/shop/files/Powershot_II_manual.pdf?v=2824067315526127119""], ""power"": ""120 W; 220–240 VAC, 50/60 Hz"", ""weight"": ""1.7 kg"", ""dimensions"": {""width_m"": 0.127, ""height_m"": 0.19, ""depth_m"": 0.09, ""axis_status"": ""documented"", ""axis_note"": ""Manufacturer labels length/width/height; image checked in compact upright mounting pose, length treated as front-to-back short axis."", ""reference_pose"": ""Compact unit held upright with shot socket uppermost, mounting surface down; official product image.""}, ""research_evidence"": [{""url"": ""https://magicfx.com/products/powershot-ii"", ""title"": ""Powershot II product page"", ""locator"": ""Description identifies electric confetti/streamer launcher; specifications give SKU, size, mass, power and power-on/off control"", ""accessed_at"": ""2026-09-30""}], ""control_path"": ""See source-backed protocol list; compatibility and control system are not implemented.""}","[""https://magicfx.com/cdn/shop/files/POWERSHOTII_66533f85-fbf1-4057-ae70-44f6163f6649.jpg?v=1774941991&width=3840""]",ready_for_visualization,assets/fixtures/magic-fx/powershot-ii,assets/fixtures/magic-fx/powershot-ii/fixture.json,docs/08 Fixture Library/entries/magic-fx/powershot-ii.md,assets/fixtures/magic-fx/powershot-ii/models/fixture.blend,assets/fixtures/magic-fx/powershot-ii/models/fixture.usdz,assets/fixtures/magic-fx/powershot-ii/validation/usdz.json,high,2,assets/fixtures/magic-fx/powershot-ii/previews/three-quarter.png,assets/fixtures/magic-fx/powershot-ii/validation/detail.json,taxonomy,validated,assets/fixtures/magic-fx/powershot-ii/validation/parity.json,effects.confetti,See source-backed protocol list; compatibility and control system are not implemented.,Special-effects appliances > Confetti / streamer launcher,[],static_native_validated,assets/fixtures/magic-fx/powershot-ii/models/rig.json,0,apps/visionos/VenueVolume/FixtureAssets/Catalog/magic-fx/powershot-ii/fixture.usdz,,complete,,
Sparxtar II,MFX5003,MAGIC FX,atmospherics,cold-spark effect appliance,https://magicfx.com/products/sparxtar-ii,"{""protocols"": [""DMX512"", ""RDM""], ""source_urls"": [""https://magicfx.com/products/sparxtar-ii""], ""power"": ""700 W; 220–250 VAC"", ""weight"": ""10.25 kg"", ""dimensions"": {""width_m"": 0.254, ""height_m"": 0.254, ""depth_m"": 0.226, ""axis_status"": ""estimated"", ""axis_note"": ""Manufacturer publishes a three-axis size but does not label axis names; the two equal 254 mm axes remain interchangeable and 226 mm is assigned depth based on the product image."", ""reference_pose"": ""Compact black enclosure upright on base feet, front access panel facing forward; image shows the specific Sparxtar II chassis.""}, ""research_evidence"": [{""url"": ""https://magicfx.com/products/sparxtar-ii"", ""title"": ""Sparxtar II product page"", ""locator"": ""SKU MFX5003, product image, dimensions, weight, power and DMX/RDM protocol listing"", ""accessed_at"": ""2026-09-30""}], ""control_path"": ""See source-backed protocol list; compatibility and control system are not implemented.""}","[""https://magicfx.com/cdn/shop/files/SPARXTAR_II_VIEW-HERO.jpg?v=1783682020&width=3840""]",researched,assets/fixtures/magic-fx/sparxtar-ii,assets/fixtures/magic-fx/sparxtar-ii/fixture.json,docs/08 Fixture Library/entries/magic-fx/sparxtar-ii.md,assets/fixtures/magic-fx/sparxtar-ii/models/fixture.blend,assets/fixtures/magic-fx/sparxtar-ii/models/fixture.usdz,assets/fixtures/magic-fx/sparxtar-ii/validation/usdz.json,high,2,assets/fixtures/magic-fx/sparxtar-ii/previews/three-quarter.png,assets/fixtures/magic-fx/sparxtar-ii/validation/detail.json,taxonomy,validated,assets/fixtures/magic-fx/sparxtar-ii/validation/parity.json,effects.spark,See source-backed protocol list; compatibility and control system are not implemented.,Special-effects appliances > Spark-effect appliance,[],static_native_validated,assets/fixtures/magic-fx/sparxtar-ii/models/rig.json,0,apps/visionos/VenueVolume/FixtureAssets/Catalog/magic-fx/sparxtar-ii/fixture.usdz,,complete,,
Flameblazer,MFX1403,MAGIC FX,atmospherics,flame effect appliance,https://magicfx.com/products/flameblazer,"{""protocols"": [""DMX512"", ""RDM""], ""source_urls"": [""https://magicfx.com/products/flameblazer""], ""power"": ""395 W; 220–250 VAC"", ""weight"": ""19 kg"", ""dimensions"": {""width_m"": 0.3, ""height_m"": 0.28, ""depth_m"": 0.41, ""axis_status"": ""documented"", ""axis_note"": ""Manufacturer labels length, width and height; length is mapped to depth for the upright product body pose."", ""reference_pose"": ""Rectangular enclosure resting on bottom feet with output/face panel and connective side facing forward; official standalone image.""}, ""research_evidence"": [{""url"": ""https://magicfx.com/products/flameblazer"", ""title"": ""Flameblazer product page"", ""locator"": ""SKU MFX1403, standalone product image, dimensions, weight, power and DMX/RDM metadata"", ""accessed_at"": ""2026-09-30""}], ""control_path"": ""See source-backed protocol list; compatibility and control system are not implemented.""}","[""https://magicfx.com/cdn/shop/files/FLAMEBLAZER-03_b1e6b1f8-cda1-42e9-a702-83a9c509f9f8.jpg?v=1773150186""]",ready_for_visualization,assets/fixtures/magic-fx/flameblazer,assets/fixtures/magic-fx/flameblazer/fixture.json,docs/08 Fixture Library/entries/magic-fx/flameblazer.md,assets/fixtures/magic-fx/flameblazer/models/fixture.blend,assets/fixtures/magic-fx/flameblazer/models/fixture.usdz,assets/fixtures/magic-fx/flameblazer/validation/usdz.json,high,2,assets/fixtures/magic-fx/flameblazer/previews/three-quarter.png,assets/fixtures/magic-fx/flameblazer/validation/detail.json,taxonomy,validated,assets/fixtures/magic-fx/flameblazer/validation/parity.json,effects.flame,See source-backed protocol list; compatibility and control system are not implemented.,Special-effects appliances > Flame-effect appliance,[],static_native_validated,assets/fixtures/magic-fx/flameblazer/models/rig.json,0,apps/visionos/VenueVolume/FixtureAssets/Catalog/magic-fx/flameblazer/fixture.usdz,,complete,,
Entour Cyclone,ENT550,ADJ,atmospherics,DMX axial effect fan,https://www.adj.com/products/entour-cyclone,"{""protocols"": [""DMX512"", ""manual"", ""optional remote controller""], ""source_urls"": [""https://www.adj.com/products/entour-cyclone"", ""https://www.adj.com/cdn/shop/files/ADJ_Entour_Cyclone_User_Manual.pdf?v=12488028309515808394""], ""power"": ""120–220 W; region-specific 120 V or 230 V model"", ""weight"": ""8.56 kg product page; 8.39 kg manual (conflict; not used for scale)"", ""dmx_channels"": [1, 2], ""dimensions"": {""width_m"": 0.35, ""height_m"": 0.422, ""depth_m"": 0.131, ""axis_status"": ""documented"", ""axis_note"": ""ADJ manual dimensional drawing gives 350 mm width and 422 mm height in the front elevation, and 131 mm front-to-back in side elevation. The product page's L/W/H naming order is atypical; front/side drawing establishes fixture axes."", ""reference_pose"": ""Front grille vertical, fan unit standing in dual-purpose floor/truss bracket in its upright drawing pose; envelope includes bracket projections as shown.""}, ""research_evidence"": [{""url"": ""https://www.adj.com/products/entour-cyclone"", ""title"": ""Entour Cyclone product page"", ""locator"": ""SKU ENT550, 1/2-channel DMX modes, rated power, mass, dimensions L/W/H, product gallery"", ""accessed_at"": ""2026-09-30""}, {""url"": ""https://www.adj.com/cdn/shop/files/ADJ_Entour_Cyclone_User_Manual.pdf?v=12488028309515808394"", ""title"": ""Entour Cyclone User Manual"", ""locator"": ""Printed pages 6–7 / PDF page 4: dimensional drawing maps 350 mm front width, 422 mm front height and 131 mm side depth; final spec page lists 8.39 kg"", ""accessed_at"": ""2026-09-30""}], ""control_path"": ""See source-backed protocol list; compatibility and control system are not implemented.""}","[""https://www.adj.com/cdn/shop/files/0d0fed98b1c2f787a2f2af17a70aff0c68e442a0_ENT550__IMG__001__6678f14107a6.jpg?v=1775714654&width=2048""]",ready_for_visualization,assets/fixtures/adj/entour-cyclone,assets/fixtures/adj/entour-cyclone/fixture.json,docs/08 Fixture Library/entries/adj/entour-cyclone.md,assets/fixtures/adj/entour-cyclone/models/fixture.blend,assets/fixtures/adj/entour-cyclone/models/fixture.usdz,assets/fixtures/adj/entour-cyclone/validation/usdz.json,high,2,assets/fixtures/adj/entour-cyclone/previews/three-quarter.png,assets/fixtures/adj/entour-cyclone/validation/detail.json,taxonomy,validated,assets/fixtures/adj/entour-cyclone/validation/parity.json,atmosphere.fan,See source-backed protocol list; compatibility and control system are not implemented.,Atmosphere and air movement > Effect fan / airflow appliance,[],rigged_native_validated,assets/fixtures/adj/entour-cyclone/models/rig.json,2,apps/visionos/VenueVolume/FixtureAssets/Catalog/adj/entour-cyclone/fixture.usdz,,complete,research/fixtures/taxonomy/atmos-sources/adj-entour-cyclone-dimensions-4.png,
High Performance Fog Fluid (FJU) Gallon Jug,FJU,CHAUVET DJ,atmospherics,sealed manufacturer-approved water-based fog-fluid container,https://www.chauvetdj.com/products/fog-juice-gallon/,"{""protocols"": [], ""source_urls"": [""https://www.chauvetdj.com/products/fog-juice-gallon/""], ""weight"": ""3.9 kg"", ""dimensions"": {""width_m"": 0.155, ""height_m"": 0.3, ""depth_m"": 0.155, ""axis_status"": ""estimated"", ""axis_note"": ""CHAUVET lists dimensions 155 x 155 x 300 mm without axis labels; bottle photo supports upright height on the 300 mm axis and equal 155 mm base axes."", ""reference_pose"": ""Sealed one-gallon jug upright on its flat base with cap at top; exact external package dimensions from manufacturer listing.""}, ""research_evidence"": [{""url"": ""https://www.chauvetdj.com/products/fog-juice-gallon/"", ""title"": ""High Performance Fog Fluid (FJU)"", ""locator"": ""Product page: sealed 1 gal / 3.8 L jug, package weight 3.9 kg, package dimensions 155 x 155 x 300 mm"", ""accessed_at"": ""2026-09-30""}], ""control_path"": ""See source-backed protocol list; compatibility and control system are not implemented.""}","[""https://www.chauvetdj.com/wp-content/uploads/2015/12/fju-front-feat.png""]",researched,assets/fixtures/chauvet-dj/high-performance-fog-fluid-fju-gallon-jug,assets/fixtures/chauvet-dj/high-performance-fog-fluid-fju-gallon-jug/fixture.json,docs/08 Fixture Library/entries/chauvet-dj/high-performance-fog-fluid-fju-gallon-jug.md,assets/fixtures/chauvet-dj/high-performance-fog-fluid-fju-gallon-jug/models/fixture.blend,assets/fixtures/chauvet-dj/high-performance-fog-fluid-fju-gallon-jug/models/fixture.usdz,assets/fixtures/chauvet-dj/high-performance-fog-fluid-fju-gallon-jug/validation/usdz.json,high,2,assets/fixtures/chauvet-dj/high-performance-fog-fluid-fju-gallon-jug/previews/three-quarter.png,assets/fixtures/chauvet-dj/high-performance-fog-fluid-fju-gallon-jug/validation/detail.json,taxonomy,validated,assets/fixtures/chauvet-dj/high-performance-fog-fluid-fju-gallon-jug/validation/parity.json,accessories.fluid,See source-backed protocol list; compatibility and control system are not implemented.,Fixture accessories and consumables > Approved effect fluid / consumable,[],static_native_validated,assets/fixtures/chauvet-dj/high-performance-fog-fluid-fju-gallon-jug/models/rig.json,0,apps/visionos/VenueVolume/FixtureAssets/Catalog/chauvet-dj/high-performance-fog-fluid-fju-gallon-jug/fixture.usdz,,complete,,
CO2 Bottle To Hose Connector,MFX1103,MAGIC FX,atmospherics,CO2 cylinder-to-hose connector,https://magicfx.com/products/co2-bottle-to-hose-connector,"{""protocols"": [], ""source_urls"": [""https://magicfx.com/products/co2-bottle-to-hose-connector""], ""weight"": ""0.59 kg"", ""dimensions"": {""width_m"": 0.03, ""height_m"": 0.03, ""depth_m"": 0.15, ""axis_status"": ""documented"", ""axis_note"": ""Product page gives length/width/height 150/30/30 mm; length is mapped to the connector's long axis in the official photo."", ""reference_pose"": ""Connector lying on its side with long coupler axis horizontal; product image used for orientation.""}, ""regional_interface"": ""Manufacturer page identifies a quick connector but does not identify region-specific cylinder-thread compatibility; do not assume fit to NA or EU bottles."", ""research_evidence"": [{""url"": ""https://magicfx.com/products/co2-bottle-to-hose-connector"", ""title"": ""CO2 Bottle To Hose Connector"", ""locator"": ""SKU MFX1103; product purpose, dimensions, mass, and inclusion of quick connector; no region-specific cylinder-thread type documented"", ""accessed_at"": ""2026-09-30""}], ""control_path"": ""See source-backed protocol list; compatibility and control system are not implemented.""}","[""https://magicfx.com/cdn/shop/files/CO2Bottletohoseconnector.jpg?v=1773324576&width=3840""]",ready_for_visualization,assets/fixtures/magic-fx/co2-bottle-to-hose-connector,assets/fixtures/magic-fx/co2-bottle-to-hose-connector/fixture.json,docs/08 Fixture Library/entries/magic-fx/co2-bottle-to-hose-connector.md,assets/fixtures/magic-fx/co2-bottle-to-hose-connector/models/fixture.blend,assets/fixtures/magic-fx/co2-bottle-to-hose-connector/models/fixture.usdz,assets/fixtures/magic-fx/co2-bottle-to-hose-connector/validation/usdz.json,high,2,assets/fixtures/magic-fx/co2-bottle-to-hose-connector/previews/three-quarter.png,assets/fixtures/magic-fx/co2-bottle-to-hose-connector/validation/detail.json,taxonomy,validated,assets/fixtures/magic-fx/co2-bottle-to-hose-connector/validation/parity.json,accessories.gas,See source-backed protocol list; compatibility and control system are not implemented.,Fixture accessories and consumables > Gas cylinder / effect supply hardware,[],static_native_validated,assets/fixtures/magic-fx/co2-bottle-to-hose-connector/models/rig.json,0,apps/visionos/VenueVolume/FixtureAssets/Catalog/magic-fx/co2-bottle-to-hose-connector/fixture.usdz,,complete,,
Roxie2 1166-2 WW,1166-2 WW,Robert Juliat,followspot,"300 W LED manually operated followspot, warm white",https://www.robertjuliat.com/followspots/roxie.html,"{""source_urls"": [""https://www.robertjuliat.com/followspots/roxie.html"", ""https://www.robertjuliat.com/Product_Specifications/Fiches_EN/Standard/DSEN298_1166-2_WW.pdf""], ""control_path"": ""Operator manually aims pan/tilt; local controls and optional DMX dimmer/strobe only"", ""protocols"": [""DMX (dimmer/strobe only)""], ""power"": ""300 W LED"", ""weight"": ""20.5 kg"", ""dimensions"": {""width_m"": 0.321, ""height_m"": 0.387, ""depth_m"": 1.045, ""axis_status"": ""documented"", ""axis_note"": ""Exact 1166-2 WW dimensional specification drawing; long dimension is optical-axis length."", ""reference_pose"": ""Assembled followspot, optical axis horizontal; stand excluded.""}, ""research_evidence"": [{""url"": ""https://www.robertjuliat.com/Product_Specifications/Fiches_EN/Standard/DSEN298_1166-2_WW.pdf"", ""title"": ""Roxie2 1166-2 WW specification"", ""locator"": ""Variant-specific dimensions, mass and electrical specifications"", ""accessed_at"": ""2026-09-30""}, {""url"": ""https://www.robertjuliat.com/followspots/roxie.html"", ""title"": ""Roxie product page"", ""locator"": ""Exact product family and manual operator description"", ""accessed_at"": ""2026-09-30""}]}","[""https://www.robertjuliat.com/images/PhotosHD_Products/PhotoWebHD_ROXIE_1166.png""]",ready_for_visualization,assets/fixtures/robert-juliat/roxie2-1166-2-ww,assets/fixtures/robert-juliat/roxie2-1166-2-ww/fixture.json,docs/08 Fixture Library/entries/robert-juliat/roxie2-1166-2-ww.md,assets/fixtures/robert-juliat/roxie2-1166-2-ww/models/fixture.blend,assets/fixtures/robert-juliat/roxie2-1166-2-ww/models/fixture.usdz,assets/fixtures/robert-juliat/roxie2-1166-2-ww/validation/usdz.json,high,2,assets/fixtures/robert-juliat/roxie2-1166-2-ww/previews/three-quarter.png,assets/fixtures/robert-juliat/roxie2-1166-2-ww/validation/detail.json,taxonomy,validated,assets/fixtures/robert-juliat/roxie2-1166-2-ww/validation/parity.json,lighting.followspot,Operator manually aims pan/tilt; local controls and optional DMX dimmer/strobe only,Lighting fixtures > Manually operated followspot,[],rigged_native_validated,assets/fixtures/robert-juliat/roxie2-1166-2-ww/models/rig.json,1,apps/visionos/VenueVolume/FixtureAssets/Catalog/robert-juliat/roxie2-1166-2-ww/fixture.usdz,,complete,,
Lutin 306LPC,306LPC,Robert Juliat,pc,"150 mm plano-convex theatre luminaire, 1 kW",https://www.robertjuliat.com/singlelenslum/lutin.html,"{""source_urls"": [""https://www.robertjuliat.com/singlelenslum/lutin.html"", ""https://www.robertjuliat.com/Product_Specifications/Fiches_EN/Standard/DSEN004_306LPC.pdf""], ""control_path"": ""Mains-powered tungsten fixture; dimmer compatibility not transcribed from cited specification"", ""protocols"": [], ""power"": ""1000 W tungsten"", ""weight"": ""7.2 kg"", ""dimensions"": {""width_m"": 0.3, ""height_m"": 0.385, ""depth_m"": 0.43, ""axis_status"": ""documented"", ""axis_note"": ""Manufacturer drawing for exact 306LPC variant."", ""reference_pose"": ""Yoke assembled, lens axis horizontal; accessory and lamp excluded unless listed.""}, ""research_evidence"": [{""url"": ""https://www.robertjuliat.com/Product_Specifications/Fiches_EN/Standard/DSEN004_306LPC.pdf"", ""title"": ""Lutin 306LPC product specification"", ""locator"": ""306LPC variant; dimensional drawing and 1000W tungsten specification"", ""accessed_at"": ""2026-09-30""}]}","[""https://www.robertjuliat.com/images/produits_pics/LUTIN_c08.png""]",ready_for_visualization,assets/fixtures/robert-juliat/lutin-306lpc,assets/fixtures/robert-juliat/lutin-306lpc/fixture.json,docs/08 Fixture Library/entries/robert-juliat/lutin-306lpc.md,assets/fixtures/robert-juliat/lutin-306lpc/models/fixture.blend,assets/fixtures/robert-juliat/lutin-306lpc/models/fixture.usdz,assets/fixtures/robert-juliat/lutin-306lpc/validation/usdz.json,high,2,assets/fixtures/robert-juliat/lutin-306lpc/previews/three-quarter.png,assets/fixtures/robert-juliat/lutin-306lpc/validation/detail.json,taxonomy,validated,assets/fixtures/robert-juliat/lutin-306lpc/validation/parity.json,lighting.static.pc,Mains-powered tungsten fixture; dimmer compatibility not transcribed from cited specification,Lighting fixtures > Static and manually focused > Plano-convex / pebble-convex (PC),[],rigged_native_validated,assets/fixtures/robert-juliat/lutin-306lpc/models/rig.json,1,apps/visionos/VenueVolume/FixtureAssets/Catalog/robert-juliat/lutin-306lpc/fixture.usdz,,complete,,
ColorSource CYC Floor,CSCYC,ETC,cyc,"Dedicated asymmetric five-color LED cyclorama luminaire, floor form",https://www.etcconnect.com/products/entertainment-fixtures/colorsource-cyc/tech-specs.aspx,"{""source_urls"": [""https://www.etcconnect.com/products/entertainment-fixtures/colorsource-cyc/tech-specs.aspx""], ""control_path"": ""DMX/RDM and local presets"", ""protocols"": [""DMX512"", ""RDM""], ""power"": ""133 W; 100–240 V AC"", ""weight"": ""4.67 kg"", ""dimensions"": {""width_m"": 0.266, ""height_m"": 0.199, ""depth_m"": 0.221, ""axis_status"": ""documented"", ""axis_note"": ""ETC floor form dimensions, not hang form."", ""reference_pose"": ""Floor orientation, spill-control installed.""}, ""research_evidence"": [{""url"": ""https://www.etcconnect.com/products/entertainment-fixtures/colorsource-cyc/tech-specs.aspx"", ""title"": ""ColorSource CYC Tech Specs"", ""locator"": ""Floor dimensions, mass, power and control"", ""accessed_at"": ""2026-09-30""}]}","[""https://www.etcconnect.com/uploadedImages/Main_Site/Images/Products/Lighting_Fixtures/ColorSource/en-CS-CYC-Leaderlines-960x300.jpg""]",ready_for_visualization,assets/fixtures/etc/colorsource-cyc-floor,assets/fixtures/etc/colorsource-cyc-floor/fixture.json,docs/08 Fixture Library/entries/etc/colorsource-cyc-floor.md,assets/fixtures/etc/colorsource-cyc-floor/models/fixture.blend,assets/fixtures/etc/colorsource-cyc-floor/models/fixture.usdz,assets/fixtures/etc/colorsource-cyc-floor/validation/usdz.json,high,2,assets/fixtures/etc/colorsource-cyc-floor/previews/three-quarter.png,assets/fixtures/etc/colorsource-cyc-floor/validation/detail.json,taxonomy,validated,assets/fixtures/etc/colorsource-cyc-floor/validation/parity.json,lighting.static.cyc,DMX/RDM and local presets,Lighting fixtures > Static and manually focused > Cyclorama / asymmetric wall wash,[],static_native_validated,assets/fixtures/etc/colorsource-cyc-floor/models/rig.json,0,apps/visionos/VenueVolume/FixtureAssets/Catalog/etc/colorsource-cyc-floor/fixture.usdz,,complete,,
Altman PAR64-AL,PAR64-AL,Altman Lighting,par_can,"Traditional aluminum PAR64 tungsten can, external dimmer controlled",https://www.altmanlighting.com/wp-content/uploads/2019/05/PAR64ALSpecification_disc.pdf,"{""source_urls"": [""https://www.altmanlighting.com/wp-content/uploads/2019/05/PAR64ALSpecification_disc.pdf"", ""https://www.altmanlighting.com/wp-content/uploads/2016/04/PAR56-64.pdf""], ""control_path"": ""Passive tungsten fixture; lamp fed by external mains dimmer"", ""protocols"": [], ""power"": ""Lamp-dependent; no lamp selected"", ""dimensions"": {""width_m"": 0.279, ""height_m"": 0.39, ""depth_m"": 0.406, ""axis_status"": ""documented"", ""axis_note"": ""Manufacturer dimension drawing, assembled fixture outline; excludes packaging."", ""reference_pose"": ""PAR face forward, yoke installed; external dimmer not modeled.""}, ""research_evidence"": [{""url"": ""https://www.altmanlighting.com/wp-content/uploads/2016/04/PAR56-64.pdf"", ""title"": ""Altman PAR56/64 specification and drawing"", ""locator"": ""Page 1 exact PAR64-AL drawing: 11 x 15.25 x 16 in; max 1000 W"", ""accessed_at"": ""2026-09-30""}]}",[],researched,assets/fixtures/altman-lighting/altman-par64-al,assets/fixtures/altman-lighting/altman-par64-al/fixture.json,docs/08 Fixture Library/entries/altman-lighting/altman-par64-al.md,assets/fixtures/altman-lighting/altman-par64-al/models/fixture.blend,assets/fixtures/altman-lighting/altman-par64-al/models/fixture.usdz,assets/fixtures/altman-lighting/altman-par64-al/validation/usdz.json,high,2,assets/fixtures/altman-lighting/altman-par64-al/previews/three-quarter.png,assets/fixtures/altman-lighting/altman-par64-al/validation/detail.json,taxonomy,validated,assets/fixtures/altman-lighting/altman-par64-al/validation/parity.json,lighting.static.par,Passive tungsten fixture; lamp fed by external mains dimmer,Lighting fixtures > Static and manually focused > PAR and compact wash,[],rigged_native_validated,assets/fixtures/altman-lighting/altman-par64-al/models/rig.json,1,apps/visionos/VenueVolume/FixtureAssets/Catalog/altman-lighting/altman-par64-al/fixture.usdz,,complete,research/fixtures/taxonomy/lighting-sources/altman-par56-64-page1.png,
STRIKE 4,STRIKE4,CHAUVET Professional,blinder,Four-cell tungsten-style audience blinder/strobe,https://chauvetprofessional.com/product/strike-4/,"{""source_urls"": [""https://chauvetprofessional.com/product/strike-4/""], ""control_path"": ""DMX"", ""protocols"": [""DMX""], ""power"": ""301 W at 120 V; 286 W at 230 V"", ""weight"": ""8.7 kg"", ""dimensions"": {""width_m"": 0.362, ""height_m"": 0.362, ""depth_m"": 0.163, ""axis_status"": ""estimated"", ""axis_note"": ""Manufacturer LxWxH values 362 x 362 x 163 mm map to square face width/height and depth with emitting face forward. Neutral-pose axis assignment is image-inferred, not established by a labelled drawing."", ""reference_pose"": ""Four cells facing forward, square panel vertical, body depth toward/away from observer; yoke neutral.""}, ""research_evidence"": [{""url"": ""https://chauvetprofessional.com/product/strike-4/"", ""title"": ""STRIKE 4"", ""locator"": ""Dimensions, weight, power and control specifications"", ""accessed_at"": ""2026-09-30""}]}","[""https://chauvetprofessional.com/wp-content/uploads/2025/10/STRIKE-4-FRONT-FEAT.png""]",researched,assets/fixtures/chauvet-professional/strike-4,assets/fixtures/chauvet-professional/strike-4/fixture.json,docs/08 Fixture Library/entries/chauvet-professional/strike-4.md,assets/fixtures/chauvet-professional/strike-4/models/fixture.blend,assets/fixtures/chauvet-professional/strike-4/models/fixture.usdz,assets/fixtures/chauvet-professional/strike-4/validation/usdz.json,high,2,assets/fixtures/chauvet-professional/strike-4/previews/three-quarter.png,assets/fixtures/chauvet-professional/strike-4/validation/detail.json,taxonomy,validated,assets/fixtures/chauvet-professional/strike-4/validation/parity.json,lighting.effects.blinder,DMX,Lighting fixtures > Visible and audience effects > Audience blinder,"[""strobe capable"", ""blinder capable""]",static_native_validated,assets/fixtures/chauvet-professional/strike-4/models/rig.json,0,apps/visionos/VenueVolume/FixtureAssets/Catalog/chauvet-professional/strike-4/fixture.usdz,,complete,,
UV Flood 36,UVF021,ADJ,uv,12 x 3 W 395–400 nm dedicated LED blacklight flood,https://www.adj.com/products/uv-flood-36,"{""source_urls"": [""https://www.adj.com/products/uv-flood-36""], ""control_path"": ""DMX, manual dimmer or sound-active"", ""protocols"": [""DMX""], ""power"": ""35 W; AC 100–240 V"", ""weight"": ""2.2 kg"", ""dimensions"": {""width_m"": 0.3, ""height_m"": 0.235, ""depth_m"": 0.115, ""axis_status"": ""estimated"", ""axis_note"": ""Manufacturer LxWxH values; front-facing pose inferred from 4-column x 3-row aperture arrangement in product image, not a dimensional drawing."", ""reference_pose"": ""Broad LED face vertical and forward; 300 mm horizontal width, 235 mm face height, 115 mm depth.""}, ""wavelength"": ""395–400 nm"", ""research_evidence"": [{""url"": ""https://www.adj.com/products/uv-flood-36"", ""title"": ""UV Flood 36"", ""locator"": ""Dedicated UV, wavelength, dimensions, power and control specifications"", ""accessed_at"": ""2026-09-30""}]}","[""https://www.adj.com/cdn/shop/files/be63d603fe6a6291fae6243a8d0c98e86819e9bf_UVF021__IMG__001__b2c36e475ed4.jpg?v=1774475468&width=2048""]",researched,assets/fixtures/adj/uv-flood-36,assets/fixtures/adj/uv-flood-36/fixture.json,docs/08 Fixture Library/entries/adj/uv-flood-36.md,assets/fixtures/adj/uv-flood-36/models/fixture.blend,assets/fixtures/adj/uv-flood-36/models/fixture.usdz,assets/fixtures/adj/uv-flood-36/validation/usdz.json,high,2,assets/fixtures/adj/uv-flood-36/previews/three-quarter.png,assets/fixtures/adj/uv-flood-36/validation/detail.json,taxonomy,validated,assets/fixtures/adj/uv-flood-36/validation/parity.json,lighting.static.uv,"DMX, manual dimmer or sound-active",Lighting fixtures > Static and manually focused > Dedicated UV / blacklight,[],static_native_validated,assets/fixtures/adj/uv-flood-36/models/rig.json,0,apps/visionos/VenueVolume/FixtureAssets/Catalog/adj/uv-flood-36/fixture.usdz,,complete,,
ADJ Pinspot LED II,PIN222,ADJ,pinspot,"Static narrow-beam 3 W LED pinspot, exchangeable 3°/12° lens",https://www.adj.com/products/pinspot-led-ii,"{""source_urls"": [""https://www.adj.com/products/pinspot-led-ii""], ""control_path"": ""Mains powered, local/manual; no DMX"", ""protocols"": [], ""power"": ""3 W"", ""weight"": ""0.5 kg"", ""dimensions"": {""width_m"": 0.099, ""height_m"": 0.061, ""depth_m"": 0.184, ""axis_status"": ""estimated"", ""axis_note"": ""Manufacturer lists LxWxH but product form indicates 184 mm is the barrel length; mapping to depth follows optical axis, bracket outline not dimensioned."", ""reference_pose"": ""Fixture body horizontal, barrel axis forward/depth, aperture forward; bracket projection approximate.""}, ""research_evidence"": [{""url"": ""https://www.adj.com/products/pinspot-led-ii"", ""title"": ""Pinspot LED II"", ""locator"": ""Exact PIN222 product dimensions, wattage, beam options and control"", ""accessed_at"": ""2026-09-30""}]}","[""https://www.adj.com/cdn/shop/files/0340c0aad22443e2892abd64feb4d16bef72de3a_PIN222__IMG__001__4c296cfc78c8.jpg?v=1776712482&width=2048""]",researched,assets/fixtures/adj/adj-pinspot-led-ii,assets/fixtures/adj/adj-pinspot-led-ii/fixture.json,docs/08 Fixture Library/entries/adj/adj-pinspot-led-ii.md,assets/fixtures/adj/adj-pinspot-led-ii/models/fixture.blend,assets/fixtures/adj/adj-pinspot-led-ii/models/fixture.usdz,assets/fixtures/adj/adj-pinspot-led-ii/validation/usdz.json,high,2,assets/fixtures/adj/adj-pinspot-led-ii/previews/three-quarter.png,assets/fixtures/adj/adj-pinspot-led-ii/validation/detail.json,taxonomy,validated,assets/fixtures/adj/adj-pinspot-led-ii/validation/parity.json,lighting.static.beam,"Mains powered, local/manual; no DMX",Lighting fixtures > Static and manually focused > Pinspot / fixed beam / ACL,[],static_native_validated,assets/fixtures/adj/adj-pinspot-led-ii/models/rig.json,0,apps/visionos/VenueVolume/FixtureAssets/Catalog/adj/adj-pinspot-led-ii/fixture.usdz,,complete,,
Altman Scoop 153,153,Altman Lighting,flood,"10-inch scoop/worklight, 400 W incandescent, soft-edged flood",https://www.altmanlighting.com/wp-content/uploads/2018/10/Scoop153_Disc_Oct2018.pdf,"{""source_urls"": [""https://www.altmanlighting.com/wp-content/uploads/2018/10/Scoop153_Disc_Oct2018.pdf""], ""control_path"": ""Passive medium-screw incandescent socket; external dimmer only with compatible lamp"", ""protocols"": [], ""power"": ""400 W maximum"", ""dimensions"": {""width_m"": 0.273, ""height_m"": 0.359, ""depth_m"": 0.203, ""axis_status"": ""documented"", ""axis_note"": ""Manufacturer assembled side/front drawing; no package dimensions used."", ""reference_pose"": ""Yoke upright, reflector mouth forward; worklight attachment excluded.""}, ""research_evidence"": [{""url"": ""https://www.altmanlighting.com/wp-content/uploads/2018/10/Scoop153_Disc_Oct2018.pdf"", ""title"": ""Altman Scoop 153 discontinued datasheet"", ""locator"": ""Page 1 product photograph, 400 W and assembled dimensional drawing"", ""accessed_at"": ""2026-09-30""}]}",[],researched,assets/fixtures/altman-lighting/altman-scoop-153,assets/fixtures/altman-lighting/altman-scoop-153/fixture.json,docs/08 Fixture Library/entries/altman-lighting/altman-scoop-153.md,assets/fixtures/altman-lighting/altman-scoop-153/models/fixture.blend,assets/fixtures/altman-lighting/altman-scoop-153/models/fixture.usdz,assets/fixtures/altman-lighting/altman-scoop-153/validation/usdz.json,high,2,assets/fixtures/altman-lighting/altman-scoop-153/previews/three-quarter.png,assets/fixtures/altman-lighting/altman-scoop-153/validation/detail.json,taxonomy,validated,assets/fixtures/altman-lighting/altman-scoop-153/validation/parity.json,lighting.static.flood,Passive medium-screw incandescent socket; external dimmer only with compatible lamp,Lighting fixtures > Static and manually focused > Flood / scoop / area light,[],static_native_validated,assets/fixtures/altman-lighting/altman-scoop-153/models/rig.json,0,apps/visionos/VenueVolume/FixtureAssets/Catalog/altman-lighting/altman-scoop-153/fixture.usdz,,complete,research/fixtures/taxonomy/lighting-sources/altman-scoop153-page1.png,
NYX Bulb,FP5-E27,Astera,practical,Color-tunable RGBMA E27/E26 LED practical bulb with wireless CRMX,https://nyx-for-filmmakers.astera-led.com/,"{""source_urls"": [""https://nyx-for-filmmakers.astera-led.com/"", ""https://www.koto-jp.com/en/lighting/stage-studio/authorized-manufacturers/astera/1912/""], ""control_path"": ""E27 mains socket or external 5–18 V DC input; wireless CRMX DMX, UHF and Bluetooth"", ""protocols"": [""CRMX wireless DMX"", ""UHF"", ""Bluetooth""], ""power"": ""10 W maximum draw (manufacturer microsite); 14 W total LED power"", ""weight"": ""0.24 kg"", ""dimensions"": {""width_m"": 0.07, ""height_m"": 0.13, ""depth_m"": 0.07, ""axis_status"": ""documented"", ""axis_note"": ""Astera-authorized distributor supplies the bulb-only Ø70 x 130 mm and 0.24 kg dimensions."", ""reference_pose"": ""Bulb upright, threaded base down; socket and PowerStation excluded.""}, ""socket"": ""E27 regional variant; E26 variant differs in input voltage"", ""research_evidence"": [{""url"": ""https://nyx-for-filmmakers.astera-led.com/"", ""title"": ""NYX Bulb official product microsite"", ""kind"": ""manufacturer_product"", ""locator"": ""10 W draw, 750 lm at 4000 K, built-in CRMX, full-color RGB Mint Amber engine"", ""accessed_at"": ""2026-09-30""}, {""url"": ""https://www.koto-jp.com/en/lighting/stage-studio/authorized-manufacturers/astera/1912/"", ""title"": ""Koto Electric authorized Astera distributor"", ""kind"": ""secondary"", ""locator"": ""FP5-E27, Ø70 x 130 mm, 0.24 kg, input power and socket variants"", ""accessed_at"": ""2026-09-30""}]}","[""https://www.koto-jp.com/en/wp-content/uploads/2022/03/NYX_en.jpg""]",ready_for_visualization,assets/fixtures/astera/nyx-bulb,assets/fixtures/astera/nyx-bulb/fixture.json,docs/08 Fixture Library/entries/astera/nyx-bulb.md,assets/fixtures/astera/nyx-bulb/models/fixture.blend,assets/fixtures/astera/nyx-bulb/models/fixture.usdz,assets/fixtures/astera/nyx-bulb/validation/usdz.json,high,2,assets/fixtures/astera/nyx-bulb/previews/three-quarter.png,assets/fixtures/astera/nyx-bulb/validation/detail.json,taxonomy,validated,assets/fixtures/astera/nyx-bulb/validation/parity.json,lighting.static.practical,"E27 mains socket or external 5–18 V DC input; wireless CRMX DMX, UHF and Bluetooth",Lighting fixtures > Static and manually focused > Practical / decorative / handheld,[],static_native_validated,assets/fixtures/astera/nyx-bulb/models/rig.json,0,apps/visionos/VenueVolume/FixtureAssets/Catalog/astera/nyx-bulb/fixture.usdz,,complete,,
LED Pixel Tube 360,LED075,ADJ,tube,"1 m RGB 360-degree pixel tube, external controller required",https://www.adj.com/products/led-pixel-tube-360,"{""source_urls"": [""https://www.adj.com/products/led-pixel-tube-360"", ""https://www.adj.com/products/led-pixel-10c""], ""control_path"": ""External ADJ LED Pixel 4C or 10C controller; tube itself is not directly DMX addressable"", ""protocols"": [""Proprietary wired 4-pin controller connection""], ""power"": ""15 W, DC 24 V"", ""weight"": ""0.5 kg"", ""dimensions"": {""width_m"": 1.0, ""height_m"": 0.05, ""depth_m"": 0.05, ""axis_status"": ""documented"", ""axis_note"": ""Manufacturer lists 1000 x 50 x 50 mm."", ""reference_pose"": ""Tube straight, horizontal, end connectors installed; controller excluded.""}, ""research_evidence"": [{""url"": ""https://www.adj.com/products/led-pixel-tube-360"", ""title"": ""LED Pixel Tube 360"", ""locator"": ""Dimensions, power and controller compatibility"", ""accessed_at"": ""2026-09-30""}]}","[""https://www.adj.com/cdn/shop/files/429d3536aa084bddeeeb30bfad5c4762f264648f_LED075__IMG__001__adb6428d9066.jpg?v=1776713790&width=450""]",ready_for_visualization,assets/fixtures/adj/led-pixel-tube-360,assets/fixtures/adj/led-pixel-tube-360/fixture.json,docs/08 Fixture Library/entries/adj/led-pixel-tube-360.md,assets/fixtures/adj/led-pixel-tube-360/models/fixture.blend,assets/fixtures/adj/led-pixel-tube-360/models/fixture.usdz,assets/fixtures/adj/led-pixel-tube-360/validation/usdz.json,high,2,assets/fixtures/adj/led-pixel-tube-360/previews/three-quarter.png,assets/fixtures/adj/led-pixel-tube-360/validation/detail.json,taxonomy,validated,assets/fixtures/adj/led-pixel-tube-360/validation/parity.json,lighting.static.tube,External ADJ LED Pixel 4C or 10C controller; tube itself is not directly DMX addressable,Lighting fixtures > Static and manually focused > Luminous tube,"[""pixel control""]",static_native_validated,assets/fixtures/adj/led-pixel-tube-360/models/rig.json,0,apps/visionos/VenueVolume/FixtureAssets/Catalog/adj/led-pixel-tube-360/fixture.usdz,,complete,,
PIXEL TAPE 16IP,PIX618,Elation Professional,pixel_strip,"2.72 m IP65 RGB pixel tape module, driver required",https://www.elationlighting.com/products/pixel-tape-16ip,"{""source_urls"": [""https://www.elationlighting.com/products/pixel-tape-16ip""], ""control_path"": ""External Elation pixel driver; driver translates DMX to APA102 pixel data"", ""protocols"": [""APA102 pixel data at strip; DMX only via external driver""], ""power"": ""35 W maximum, 24 V DC"", ""weight"": ""under 0.2 kg"", ""dimensions"": {""width_m"": 2.72, ""height_m"": 0.003, ""depth_m"": 0.012, ""axis_status"": ""documented"", ""axis_note"": ""Manufacturer specified module length and cross-section."", ""reference_pose"": ""Tape laid straight and flat; straightened display pose, not packaging coil.""}, ""research_evidence"": [{""url"": ""https://www.elationlighting.com/products/pixel-tape-16ip"", ""title"": ""PIXEL TAPE 16IP"", ""locator"": ""Exact module size, pixel count, voltage, power and driver/control data"", ""accessed_at"": ""2026-09-30""}]}","[""https://www.elationlighting.com/cdn/shop/files/e25056689bf3c664c3ecf2633beaa478799b3ad2_PIX618__IMG__001__9fcf5d2d87a2.jpg?v=1776815651&width=2048""]",ready_for_visualization,assets/fixtures/elation-professional/pixel-tape-16ip,assets/fixtures/elation-professional/pixel-tape-16ip/fixture.json,docs/08 Fixture Library/entries/elation-professional/pixel-tape-16ip.md,assets/fixtures/elation-professional/pixel-tape-16ip/models/fixture.blend,assets/fixtures/elation-professional/pixel-tape-16ip/models/fixture.usdz,assets/fixtures/elation-professional/pixel-tape-16ip/validation/usdz.json,high,2,assets/fixtures/elation-professional/pixel-tape-16ip/previews/three-quarter.png,assets/fixtures/elation-professional/pixel-tape-16ip/validation/detail.json,taxonomy,validated,assets/fixtures/elation-professional/pixel-tape-16ip/validation/parity.json,lighting.static.pixel_tape,External Elation pixel driver; driver translates DMX to APA102 pixel data,Lighting fixtures > Static and manually focused > Flexible pixel tape / scenic pixels,"[""pixel control"", ""weather-rated variant""]",static_native_validated,assets/fixtures/elation-professional/pixel-tape-16ip/models/rig.json,0,apps/visionos/VenueVolume/FixtureAssets/Catalog/elation-professional/pixel-tape-16ip/fixture.usdz,,complete,,
Dynasty Scan DMX,DYNASTY SCAN,ADJ,scanner,150 W discharge moving-mirror scanner,https://www.adj.com/products/dynasty-scan-dmx,"{""source_urls"": [""https://www.adj.com/products/dynasty-scan-dmx""], ""control_path"": ""DMX 6-channel or onboard sound-active programs"", ""protocols"": [""DMX""], ""power"": ""150 W ZB-EFR lamp"", ""weight"": ""3.3 kg"", ""dimensions"": {""width_m"": 0.185, ""height_m"": 0.195, ""depth_m"": 0.46, ""axis_status"": ""estimated"", ""axis_note"": ""Manufacturer LxWxH mapped to a table-mounted scanner with the front optical aperture facing forward along depth. Neutral-pose axis assignment is image-inferred, not established by a labelled drawing."", ""reference_pose"": ""Table-mounted upright, neutral mirror, lens forward; long body axis longitudinal/depth.""}, ""research_evidence"": [{""url"": ""https://www.adj.com/products/dynasty-scan-dmx"", ""title"": ""Dynasty Scan DMX"", ""locator"": ""Product specifications, dimensions, lamp and 6-channel control"", ""accessed_at"": ""2026-09-30""}]}","[""https://www.adj.com/cdn/shop/files/8e8fdf896b7c324fb4ba06faa15832d3cfda9d95_DYNASTY_SCAN__IMG__001__4532095281c8.jpg?v=1776714362&width=2048""]",researched,assets/fixtures/adj/dynasty-scan-dmx,assets/fixtures/adj/dynasty-scan-dmx/fixture.json,docs/08 Fixture Library/entries/adj/dynasty-scan-dmx.md,assets/fixtures/adj/dynasty-scan-dmx/models/fixture.blend,assets/fixtures/adj/dynasty-scan-dmx/models/fixture.usdz,assets/fixtures/adj/dynasty-scan-dmx/validation/usdz.json,high,2,assets/fixtures/adj/dynasty-scan-dmx/previews/three-quarter.png,assets/fixtures/adj/dynasty-scan-dmx/validation/detail.json,taxonomy,validated,assets/fixtures/adj/dynasty-scan-dmx/validation/parity.json,lighting.moving.scanner,DMX 6-channel or onboard sound-active programs,Lighting fixtures > Automated lighting > Moving-mirror scanner,[],rigged_native_validated,assets/fixtures/adj/dynasty-scan-dmx/models/rig.json,2,apps/visionos/VenueVolume/FixtureAssets/Catalog/adj/dynasty-scan-dmx/fixture.usdz,,complete,,
MBMHD3 mirror ball motor,MBMHD3,Eliminator Lighting (ADJ Group),mirror_motor,"Non-DMX plug-in motor for separate mirror ball, up to 500 mm",https://www.adj.com/products/mbmhd3,"{""source_urls"": [""https://www.adj.com/products/mbmhd3""], ""control_path"": ""Mains-powered fixed-speed motor; separate ball"", ""protocols"": [], ""power"": ""120 V 60 Hz or 230 V 50 Hz variant"", ""weight"": ""1.055 kg"", ""dimensions"": {""width_m"": 0.136, ""height_m"": 0.08, ""depth_m"": 0.136, ""axis_status"": ""documented"", ""axis_note"": ""Motor enclosure dimensions only; ball is separate."", ""reference_pose"": ""Ceiling-mounted with shaft down; compatible ball modeled separately.""}, ""ball_capacity"": ""500 mm diameter / 10 kg maximum; 2.5–3 rpm"", ""research_evidence"": [{""url"": ""https://www.adj.com/products/mbmhd3"", ""title"": ""MBMHD3"", ""locator"": ""Dimensions, mass, max ball diameter/load and fixed rotation"", ""accessed_at"": ""2026-09-30""}]}","[""https://www.adj.com/cdn/shop/files/7d54dc275a1647abdf9352693a3edddb6e35fd7d_MBMHD3_web_01.jpg?v=1784181815&width=2048""]",ready_for_visualization,assets/fixtures/eliminator-lighting-adj-group/mbmhd3-mirror-ball-motor,assets/fixtures/eliminator-lighting-adj-group/mbmhd3-mirror-ball-motor/fixture.json,docs/08 Fixture Library/entries/eliminator-lighting-adj-group/mbmhd3-mirror-ball-motor.md,assets/fixtures/eliminator-lighting-adj-group/mbmhd3-mirror-ball-motor/models/fixture.blend,assets/fixtures/eliminator-lighting-adj-group/mbmhd3-mirror-ball-motor/models/fixture.usdz,assets/fixtures/eliminator-lighting-adj-group/mbmhd3-mirror-ball-motor/validation/usdz.json,high,2,assets/fixtures/eliminator-lighting-adj-group/mbmhd3-mirror-ball-motor/previews/three-quarter.png,assets/fixtures/eliminator-lighting-adj-group/mbmhd3-mirror-ball-motor/validation/detail.json,taxonomy,validated,assets/fixtures/eliminator-lighting-adj-group/mbmhd3-mirror-ball-motor/validation/parity.json,lighting.effects.mirror_motor,Mains-powered fixed-speed motor; separate ball,Lighting fixtures > Visible and audience effects > Mirror-ball motor,[],rigged_native_validated,assets/fixtures/eliminator-lighting-adj-group/mbmhd3-mirror-ball-motor/models/rig.json,1,apps/visionos/VenueVolume/FixtureAssets/Catalog/eliminator-lighting-adj-group/mbmhd3-mirror-ball-motor/fixture.usdz,,complete,,
M-2020 Mirror Ball,M-2020,ADJ,mirror_ball,20-inch spherical mirror ball; motor sold separately,https://www.adj.com/m-2020,"{""source_urls"": [""https://www.adj.com/m-2020""], ""control_path"": ""Passive reflective accessory; requires separately rated motor and suspension"", ""protocols"": [], ""weight"": ""6.8 kg"", ""dimensions"": {""width_m"": 0.508, ""height_m"": 0.508, ""depth_m"": 0.508, ""axis_status"": ""documented"", ""axis_note"": ""Manufacturer gives 20-inch sphere dimensions and 6.8 kg mass; sphere diameter used for each axis. Only the 508 mm sphere is modeled; hanging hardware is omitted."", ""reference_pose"": ""Sphere-only variant; undimensioned suspension loop and chain excluded.""}, ""suspension"": ""Top loop shown; loop dimensions/load rating not specified"", ""research_evidence"": [{""url"": ""https://www.adj.com/m-2020"", ""title"": ""ADJ M-2020 product page"", ""locator"": ""Exact product identity, 20-inch size, mass and compatible-motor safety note"", ""accessed_at"": ""2026-09-30""}]}","[""https://www.adj.com/cdn/shop/files/6f6095a0527f5c470d06959344a15172076cf0c2_M_2020__IMG__001__1171d2bbbf43.jpg?v=1776712813&width=2048""]",ready_for_visualization,assets/fixtures/adj/m-2020-mirror-ball,assets/fixtures/adj/m-2020-mirror-ball/fixture.json,docs/08 Fixture Library/entries/adj/m-2020-mirror-ball.md,assets/fixtures/adj/m-2020-mirror-ball/models/fixture.blend,assets/fixtures/adj/m-2020-mirror-ball/models/fixture.usdz,assets/fixtures/adj/m-2020-mirror-ball/validation/usdz.json,high,2,assets/fixtures/adj/m-2020-mirror-ball/previews/three-quarter.png,assets/fixtures/adj/m-2020-mirror-ball/validation/detail.json,taxonomy,validated,assets/fixtures/adj/m-2020-mirror-ball/validation/parity.json,lighting.effects.mirror_ball,Passive reflective accessory; requires separately rated motor and suspension,Lighting fixtures > Visible and audience effects > Mirror ball / reflective effect,[],rigged_native_validated,assets/fixtures/adj/m-2020-mirror-ball/models/rig.json,1,apps/visionos/VenueVolume/FixtureAssets/Catalog/adj/m-2020-mirror-ball/fixture.usdz,,complete,,
PIXEL DRIVER 170,PIX170,Elation Professional,pixel_driver,Compact DMX-to-pixel tape driver for Elation PIXEL TAPE 16IP / 40IP,https://www.elationlighting.com/products/pixel-driver-170,"{""source_urls"": [""https://www.elationlighting.com/products/pixel-driver-170"", ""https://www.elationlighting.com/products/pixel-tape-16ip""], ""control_path"": ""DMX512 input to APA120C pixel tape; one universe up to 170 pixels; separate 12–24 V DC supply required"", ""protocols"": [""DMX512 input/output"", ""APA120C pixel output""], ""power"": ""48 W maximum; DC input 12–24 V, 2 A"", ""weight"": ""0.133 kg"", ""dimensions"": {""width_m"": 0.101, ""height_m"": 0.05, ""depth_m"": 0.0262, ""axis_status"": ""estimated"", ""axis_note"": ""Manufacturer body dimensions; side mounting tabs visible in photo but excluded from stated size. Display-forward axes rotated from the manufacturer L/W/H list using the photo; 50 mm is face height and 26.2 mm enclosure depth. Mounting tabs excluded."", ""reference_pose"": ""Front/display face forward; body long axis horizontal, mounting flange plane vertical.""}, ""research_evidence"": [{""url"": ""https://www.elationlighting.com/products/pixel-driver-170"", ""title"": ""PIXEL DRIVER 170"", ""locator"": ""Size/weight, power, control/connectors and supported tape"", ""accessed_at"": ""2026-09-30""}]}","[""https://www.elationlighting.com/cdn/shop/files/e09856f207a5349be7eb1cb57d0dab9e1b04f8c9_PIX170__IMG__001__35eed3f29864.jpg?v=1776815686&width=2048""]",researched,assets/fixtures/elation-professional/pixel-driver-170,assets/fixtures/elation-professional/pixel-driver-170/fixture.json,docs/08 Fixture Library/entries/elation-professional/pixel-driver-170.md,assets/fixtures/elation-professional/pixel-driver-170/models/fixture.blend,assets/fixtures/elation-professional/pixel-driver-170/models/fixture.usdz,assets/fixtures/elation-professional/pixel-driver-170/validation/usdz.json,high,2,assets/fixtures/elation-professional/pixel-driver-170/previews/three-quarter.png,assets/fixtures/elation-professional/pixel-driver-170/validation/detail.json,taxonomy,validated,assets/fixtures/elation-professional/pixel-driver-170/validation/parity.json,control.pixel,DMX512 input to APA120C pixel tape; one universe up to 170 pixels; separate 12–24 V DC supply required,Control and data > Pixel-data controller / tape driver,"[""pixel control""]",static_native_validated,assets/fixtures/elation-professional/pixel-driver-170/models/rig.json,0,apps/visionos/VenueVolume/FixtureAssets/Catalog/elation-professional/pixel-driver-170/fixture.usdz,,complete,,
DS-1000RGB MK5,DS-1000RGB MK5,Laserworld,laser,"Class 4 RGB diode laser projector, physical asset only",https://www.laserworld.com/en/laserworld-ds/laserworld-ds-1000rgb-mk5,"{""source_urls"": [""https://www.laserworld.com/en/laserworld-ds/laserworld-ds-1000rgb-mk5"", ""https://www.laserworld.com/pdf/generate.php?lang=en&productid=7640144997564""], ""control_path"": ""Physical asset/specification only; no modeled aiming, safety implementation or firing instructions"", ""protocols"": [], ""power"": ""40 W; 85–250 V AC"", ""weight"": ""3.8 kg"", ""dimensions"": {""width_m"": 0.2, ""height_m"": 0.125, ""depth_m"": 0.185, ""axis_status"": ""documented"", ""axis_note"": ""Model-specific manufacturer physical dimensions."", ""reference_pose"": ""Enclosure level with aperture forward; carrying frame intact.""}, ""laser_class"": ""4"", ""research_evidence"": [{""url"": ""https://www.laserworld.com/pdf/generate.php?lang=en&productid=7640144997564"", ""title"": ""DS-1000RGB MK5 technical datasheet"", ""locator"": ""Exact model physical and electrical data"", ""accessed_at"": ""2026-09-30""}]}","[""https://www.laserworld.com/images_product/7640144997564/200/Laserworld_DS-1000RGB_MK5_fr_s.png""]",ready_for_visualization,assets/fixtures/laserworld/ds-1000rgb-mk5,assets/fixtures/laserworld/ds-1000rgb-mk5/fixture.json,docs/08 Fixture Library/entries/laserworld/ds-1000rgb-mk5.md,assets/fixtures/laserworld/ds-1000rgb-mk5/models/fixture.blend,assets/fixtures/laserworld/ds-1000rgb-mk5/models/fixture.usdz,assets/fixtures/laserworld/ds-1000rgb-mk5/validation/usdz.json,high,2,assets/fixtures/laserworld/ds-1000rgb-mk5/previews/three-quarter.png,assets/fixtures/laserworld/ds-1000rgb-mk5/validation/detail.json,taxonomy,validated,assets/fixtures/laserworld/ds-1000rgb-mk5/validation/parity.json,lighting.effects.laser,"Physical asset/specification only; no modeled aiming, safety implementation or firing instructions",Lighting fixtures > Visible and audience effects > Show laser projector,[],static_native_validated,assets/fixtures/laserworld/ds-1000rgb-mk5/models/rig.json,0,apps/visionos/VenueVolume/FixtureAssets/Catalog/laserworld/ds-1000rgb-mk5/fixture.usdz,,complete,,
GT-Stage-Adjust 1 x 2 m,STG0004,Global Truss,stage_deck,adjustable-height modular stage platform,https://www.globaltruss.com/gt-stage-adjust,"{""dimensions"": {""width_m"": 2.0, ""height_m"": 0.9779, ""depth_m"": 1.0, ""source_order"": ""1 x 2 m platform; current product page height range 27 to 38.5 in, exact maximum conversion 0.9779 m; 2019 catalog range differs slightly (27.5–39 in)"", ""axis_status"": ""estimated"", ""axis_note"": ""Platform footprint is documented. Maximum adjustable height is uncertain because the current product page says 38.5 in (0.9779 m) while the 2019 catalog says 39 in (0.9906 m); retained current-page value as representative configuration."", ""reference_pose"": ""Platform horizontal with 2 m edge along X, top surface up; maximum 38.5 in (0.9779 m) leg setting per current product page; height is subject to source conflict.""}, ""control_path"": ""Passive structural scenic platform; no electrical or DMX connection."", ""pose"": ""Platform horizontal with 2 m edge along X, top surface upward; adjustable legs at maximum 38.5 in = 0.9779 m setting per current product page. Platform footprint is product size; leg placement shown in render."", ""research_evidence"": [{""url"": ""https://www.globaltruss.com/gt-stage-adjust"", ""title"": ""GT-Stage-Adjust product page"", ""locator"": ""SKU STG0004, platform 1 x 2 m, four adjustable heights through 38.5 inches and direct product image"", ""accessed_at"": ""2026-09-30"", ""reuse_status"": ""unknown""}, {""url"": ""https://www.globaltruss.com/pub/media/globaltrdownloads/downloads/g/t/gta_catalog_feb_2019_online-compressed.pdf"", ""title"": ""Global Truss America catalog (February 2019)"", ""locator"": ""GT-Stage-Adjust height range is listed as 27.5–39 in, slightly different from the current product page; do not silently reconcile the published discrepancy."", ""accessed_at"": ""2026-09-30"", ""reuse_status"": ""unknown""}]}","[""https://www.globaltruss.com/media/catalog/product/cache/6517c62f5899ad6aa0ba23ceb3eeff97/1/0/1000x1000-20gt-20stage-201x2-41237.jpg""]",researched,assets/fixtures/global-truss/gt-stage-adjust-1-x-2-m,assets/fixtures/global-truss/gt-stage-adjust-1-x-2-m/fixture.json,docs/08 Fixture Library/entries/global-truss/gt-stage-adjust-1-x-2-m.md,assets/fixtures/global-truss/gt-stage-adjust-1-x-2-m/models/fixture.blend,assets/fixtures/global-truss/gt-stage-adjust-1-x-2-m/models/fixture.usdz,assets/fixtures/global-truss/gt-stage-adjust-1-x-2-m/validation/usdz.json,high,2,assets/fixtures/global-truss/gt-stage-adjust-1-x-2-m/previews/three-quarter.png,assets/fixtures/global-truss/gt-stage-adjust-1-x-2-m/validation/detail.json,taxonomy,validated,assets/fixtures/global-truss/gt-stage-adjust-1-x-2-m/validation/parity.json,scenic.deck,Passive structural scenic platform; no electrical or DMX connection.,Scenic and stage elements > Deck / riser / stairs,[],static_native_validated,assets/fixtures/global-truss/gt-stage-adjust-1-x-2-m/models/rig.json,0,apps/visionos/VenueVolume/FixtureAssets/Catalog/global-truss/gt-stage-adjust-1-x-2-m/fixture.usdz,,complete,research/fixtures/taxonomy/support-sources/globaltruss-stage-adjust.jpg,
"Fast-Fold Deluxe Screen System, 88692 (frame/screen only; legs omitted)",88692,Da-Lite (Legrand AV),projection_screen,"portable folding front/rear projection screen, 16:9 HDTV, HD Progressive ReView 0.9 surface",https://www.legrandav.com/products/screens/fastfold-portable-screens/fast-fold-deluxe-screen-system/88692,"{""dimensions"": {""width_m"": 3.048, ""height_m"": 1.7526, ""depth_m"": 0.03175, ""source_order"": ""Frame/screen only, excluding support legs and case: 120 x 69 in = 3.048 x 1.7526 m; 1.25 in square frame tubing = 31.75 mm depth; viewing area 114.5 x 63.5 in = 2.9083 x 1.6129 m."", ""axis_status"": ""documented"", ""axis_note"": ""Manufacturer inch dimensions converted exactly; this record is frame/screen geometry only, not the deployed stand footprint."", ""reference_pose"": ""Screen frame vertical, display face forward; legs/supports omitted.""}, ""dimensions_status"": ""documented_frame_only"", ""dimension_notes"": ""Dimensions describe the screen/frame only, with no support legs or carrying case. Exact inch conversions: 120 in=3048 mm, 69 in=1752.6 mm, 1.25 in tubing=31.75 mm. Manufacturer page-2 figure separately labels 59.25 in for a stand-foot span; that figure is excluded from this frame-only model."", ""control_path"": ""Passive projection surface and folding frame; image signal is projected onto surface by separate projector. No electrical or DMX connection."", ""pose"": ""Frame/screen vertical, screen face forward. Frame-only envelope 3.048 m W x 1.7526 m H x 0.03175 m tubing thickness/depth; support legs, skirt, drape and case omitted."", ""screen_surface"": ""HD Progressive ReView 0.9, front projection"", ""viewing_area_m"": {""width"": 2.9083, ""height"": 1.6129}, ""research_evidence"": [{""url"": ""https://www.legrandav.com/products/screens/fastfold-portable-screens/fast-fold-deluxe-screen-system/88692"", ""title"": ""Da-Lite Fast-Fold Deluxe Screen System product page, SKU 88692"", ""locator"": ""Product title identifies 88692 and 63.5 x 114.5 in HD Progressive ReView 0.9 screen surface"", ""accessed_at"": ""2026-09-30"", ""reuse_status"": ""unknown""}, {""url"": ""https://www.legrandav.com/-/media/images/dalite/product/series/resources/fastfold_deluxe_screen_system/fast-fold-deluxe-spec-data.pdf?sc_lang=en"", ""title"": ""Fast-Fold Deluxe Screens specification data"", ""locator"": ""Page 1: 16:9 HDTV format table, 69 x 120 in overall size, 63.5 x 114.5 in viewing area; page 2: product view labels 59 1/4 in deployed-foot dimension"", ""file"": ""research/fixtures/taxonomy/support-sources/dalite-fast-fold-deluxe-spec.pdf"", ""sha256"": ""cd2c1664e91e9e2c7f9786933652cdb1361cb48cad827b90a55fc05dc63264fb"", ""accessed_at"": ""2026-09-30"", ""reuse_status"": ""unknown""}]}",[],researched,assets/fixtures/da-lite-legrand-av/fast-fold-deluxe-screen-system-88692-frame-screen-only-legs-omitted,assets/fixtures/da-lite-legrand-av/fast-fold-deluxe-screen-system-88692-frame-screen-only-legs-omitted/fixture.json,docs/08 Fixture Library/entries/da-lite-legrand-av/fast-fold-deluxe-screen-system-88692-frame-screen-only-legs-omitted.md,assets/fixtures/da-lite-legrand-av/fast-fold-deluxe-screen-system-88692-frame-screen-only-legs-omitted/models/fixture.blend,assets/fixtures/da-lite-legrand-av/fast-fold-deluxe-screen-system-88692-frame-screen-only-legs-omitted/models/fixture.usdz,assets/fixtures/da-lite-legrand-av/fast-fold-deluxe-screen-system-88692-frame-screen-only-legs-omitted/validation/usdz.json,high,2,assets/fixtures/da-lite-legrand-av/fast-fold-deluxe-screen-system-88692-frame-screen-only-legs-omitted/previews/three-quarter.png,assets/fixtures/da-lite-legrand-av/fast-fold-deluxe-screen-system-88692-frame-screen-only-legs-omitted/validation/detail.json,taxonomy,validated,assets/fixtures/da-lite-legrand-av/fast-fold-deluxe-screen-system-88692-frame-screen-only-legs-omitted/validation/parity.json,video.screen,Passive projection surface and folding frame; image signal is projected onto surface by separate projector. No electrical or DMX connection.,Video and projected surfaces > Projection screen / scenic surface,[],static_native_validated,assets/fixtures/da-lite-legrand-av/fast-fold-deluxe-screen-system-88692-frame-screen-only-legs-omitted/models/rig.json,0,apps/visionos/VenueVolume/FixtureAssets/Catalog/da-lite-legrand-av/fast-fold-deluxe-screen-system-88692-frame-screen-only-legs-omitted/fixture.usdz,,complete,research/fixtures/taxonomy/support-sources/dalite-fast-fold-deluxe-spec-page2.png,
"Lodestar D8+ Type L, 1 tonne",Lodestar D8+ Model L,CM Entertainment Technology (Columbus McKinnon),electric_chain_hoist,"1,000 kg / 1 tonne, 4 m/min, 400 V three-phase single-reeved entertainment hoist",https://www.cmco.com/globalassets/catalogs--documents/emea/cmco-cm-et-product-catalogue-2022.pdf,"{""dimensions"": {""width_m"": 0.582, ""height_m"": 0.532, ""depth_m"": 0.321, ""source_order"": ""D8+ Series JJ/L/LL (Type L) mapped envelope: 582 mm length (D+F), 532 mm estimated outer hook-to-hook height (A+2H), 321 mm end width (I+J)."", ""axis_status"": ""estimated"", ""axis_note"": ""Mapped to axes from the manufacturer drawing; total height adds two labeled 30 mm hook offsets to the 472 mm A span, so the outer envelope is estimated."", ""reference_pose"": ""Body horizontal, suspension hook upright, load hook below; chain and bag omitted. Estimated outer hook envelope.""}, ""dimensions_status"": ""estimated_envelope_from_manufacturer_drawing"", ""dimension_notes"": ""Type L is the middle D8+ Series JJ/L/LL column, not the F column. D+F gives 582 mm horizontal envelope; I+J gives 321 mm end width; A=472 mm is the inner hook span. Adding H=30 mm at each hook end yields an estimated 532 mm outer hook envelope; confirm datum interpretation before precise clearance modeling. Values describe one reeving pose only and are not a structural/rigging model."", ""control_path"": ""Mains-powered lifting equipment with hoist controller and chain; not a lighting DMX fixture. Power/control model and rigging compatibility are production-specific."", ""pose"": ""Hoist body horizontal, suspension hook upright and load hook directly below; no chain or chain bag included. Estimated outer hook extremities in vertical envelope."", ""rated_capacity_kg"": 1000, ""lifting_speed_m_per_min"": 4, ""reeving"": ""single reeved"", ""research_evidence"": [{""url"": ""https://www.cmco.com/globalassets/catalogs--documents/emea/cmco-cm-et-product-catalogue-2022.pdf"", ""title"": ""CM Entertainment Technology product catalog 2022"", ""locator"": ""Page 4 Lodestar D8+ product view and capability family; page 5: dimension drawing D8+ Series columns and Type L 1,000 kg, 4 m/min, 400 V 3-phase specification"", ""file"": ""research/fixtures/taxonomy/support-sources/cm-lodestar-d8plus-catalog.pdf"", ""sha256"": ""f453768cc9847d4361ef3dceedc190ebb5c97e22388ae2d472a96ea1ef885674"", ""accessed_at"": ""2026-09-30"", ""reuse_status"": ""unknown""}]}",[],researched,assets/fixtures/cm-entertainment-technology-columbus-mckinnon/lodestar-d8-type-l-1-tonne,assets/fixtures/cm-entertainment-technology-columbus-mckinnon/lodestar-d8-type-l-1-tonne/fixture.json,docs/08 Fixture Library/entries/cm-entertainment-technology-columbus-mckinnon/lodestar-d8-type-l-1-tonne.md,assets/fixtures/cm-entertainment-technology-columbus-mckinnon/lodestar-d8-type-l-1-tonne/models/fixture.blend,assets/fixtures/cm-entertainment-technology-columbus-mckinnon/lodestar-d8-type-l-1-tonne/models/fixture.usdz,assets/fixtures/cm-entertainment-technology-columbus-mckinnon/lodestar-d8-type-l-1-tonne/validation/usdz.json,high,2,assets/fixtures/cm-entertainment-technology-columbus-mckinnon/lodestar-d8-type-l-1-tonne/previews/three-quarter.png,assets/fixtures/cm-entertainment-technology-columbus-mckinnon/lodestar-d8-type-l-1-tonne/validation/detail.json,taxonomy,validated,assets/fixtures/cm-entertainment-technology-columbus-mckinnon/lodestar-d8-type-l-1-tonne/validation/parity.json,rigging.hoist,Mains-powered lifting equipment with hoist controller and chain; not a lighting DMX fixture. Power/control model and rigging compatibility are production-specific.,Rigging and support > Hoist / winch / motion hardware,[],static_native_validated,assets/fixtures/cm-entertainment-technology-columbus-mckinnon/lodestar-d8-type-l-1-tonne/models/rig.json,0,apps/visionos/VenueVolume/FixtureAssets/Catalog/cm-entertainment-technology-columbus-mckinnon/lodestar-d8-type-l-1-tonne/fixture.usdz,,complete,research/fixtures/taxonomy/support-sources/cm-lodestar-d8plus-catalog-page4.png,
"Prestige Velour Border Curtain, Black, SKU 7676",7676,Georgia Stage,drape,"Stock black Prestige Velour stage border curtain, sewn with fullness",https://gastage.com/sale-stage-curtain-valances-and-borders/988-prestige-velour-border-curtain-3-1-x-37-6-black-7676.html,"{""source_urls"": [""https://gastage.com/sale-stage-curtain-valances-and-borders/988-prestige-velour-border-curtain-3-1-x-37-6-black-7676.html""], ""control_path"": ""Passive soft goods; manually hung from existing border rigging"", ""protocols"": [], ""dimensions"": {""width_m"": 11.43, ""height_m"": 0.9398, ""depth_m"": 0.005, ""axis_status"": ""estimated"", ""axis_note"": ""Retailer gives sewn item size and fullness; the 5 mm depth is an explicit visualization estimate only, because fabric caliper and hanging pleat profile are not specified. Render is a flat silhouette only; actual 50%-fullness gathers require production-specific hanging geometry."", ""reference_pose"": ""Flattened inventory silhouette at listed finished width and drop; 5 mm illustrative thickness, not installed pleat depth. Ties and hanging rig omitted.""}, ""fabric"": ""Heavyweight polyester velour with satin finish; black; listed as inherently flame-retardant; webbing, grommets and ties"", ""research_evidence"": [{""url"": ""https://gastage.com/sale-stage-curtain-valances-and-borders/988-prestige-velour-border-curtain-3-1-x-37-6-black-7676.html"", ""title"": ""Georgia Stage Prestige Velour Border Curtain SKU 7676"", ""kind"": ""secondary"", ""locator"": ""Product title/size 3 ft 1 in x 37 ft 6 in, 50% fullness, item image and stock SKU; closeout status disclosed"", ""accessed_at"": ""2026-09-30""}]}","[""https://gastage.com/3512-large_default/prestige-velour-border-curtain-3-1-x-37-6-black-7676.jpg""]",researched,assets/fixtures/georgia-stage/prestige-velour-border-curtain-black-sku-7676,assets/fixtures/georgia-stage/prestige-velour-border-curtain-black-sku-7676/fixture.json,docs/08 Fixture Library/entries/georgia-stage/prestige-velour-border-curtain-black-sku-7676.md,assets/fixtures/georgia-stage/prestige-velour-border-curtain-black-sku-7676/models/fixture.blend,assets/fixtures/georgia-stage/prestige-velour-border-curtain-black-sku-7676/models/fixture.usdz,assets/fixtures/georgia-stage/prestige-velour-border-curtain-black-sku-7676/validation/usdz.json,high,2,assets/fixtures/georgia-stage/prestige-velour-border-curtain-black-sku-7676/previews/three-quarter.png,assets/fixtures/georgia-stage/prestige-velour-border-curtain-black-sku-7676/validation/detail.json,taxonomy,validated,assets/fixtures/georgia-stage/prestige-velour-border-curtain-black-sku-7676/validation/parity.json,scenic.drape,Passive soft goods; manually hung from existing border rigging,Scenic and stage elements > Drape / masking / backdrop,[],static_native_validated,assets/fixtures/georgia-stage/prestige-velour-border-curtain-black-sku-7676/models/rig.json,0,apps/visionos/VenueVolume/FixtureAssets/Catalog/georgia-stage/prestige-velour-border-curtain-black-sku-7676/fixture.usdz,,complete,,
LRS-350-24,LRS-350-24,Mean Well,ac_dc_power_supply,"24 V, 350.4 W industrial enclosed switching power supply",https://www.meanwell.com/Upload/PDF/LRS-350/LRS-350-SPEC.PDF,"{""source_urls"": [""https://www.meanwell.com/Upload/PDF/LRS-350/LRS-350-SPEC.PDF""], ""dimensions"": {""width_m"": 0.215, ""height_m"": 0.03, ""depth_m"": 0.115, ""source_order"": ""215 L x 115 W x 30 H mm per manufacturer; terminal details included in overall envelope"", ""axis_status"": ""documented"", ""axis_note"": ""Manufacturer's named L x W x H dimensions mapped to W x H x D for the broad enclosure face upward."", ""reference_pose"": ""Enclosure base plane level, broad vented cover upward, terminal strip at one short end; pose follows the manufacturer's isometric product figure.""}, ""dimensions_status"": ""documented_in_manufacturer_specification"", ""control_path"": ""Mains AC input to isolated 24 V DC output; not a control-data node and not a multi-circuit venue power distro."", ""electrical"": {""output_voltage"": ""24 V DC nominal"", ""rated_output_current"": ""14.6 A"", ""rated_power"": ""350.4 W"", ""input"": ""90–132 VAC or 180–264 VAC selected by switch; 240–370 VDC only in 230 VAC switch position""}, ""safety_note"": ""Industrial supply with accessible screw terminals; not a user-ready corded product, not weatherproof, and not a venue distro. Mains-side enclosure, overcurrent protection, earthing, wiring and installation require application-specific design by qualified personnel. Do not model as a plug-in fixture or treat rated DC output as available without that design."", ""pose"": ""Enclosure base plane level, broad vented cover upward, terminal strip at one short end; pose inferred from manufacturer product image/drawing."", ""research_evidence"": [{""url"": ""https://www.meanwell.com/Upload/PDF/LRS-350/LRS-350-SPEC.PDF"", ""title"": ""LRS-350 Series Specification"", ""locator"": ""Output table (LRS-350-24: 24 V, 14.6 A, 350.4 W); input table; Other/Dimension: 215 x 115 x 30 mm; first-page product image"", ""file"": ""research/fixtures/taxonomy/support-sources/meanwell-lrs350-spec.pdf"", ""sha256"": ""ac3e7b8d27dcd72277b6bdbb208586a2343a635edf1ff578fffd131a31713f6f"", ""accessed_at"": ""2026-09-30"", ""reuse_status"": ""unknown"", ""source_kind"": ""manufacturer_specification""}]}",[],researched,assets/fixtures/mean-well/lrs-350-24,assets/fixtures/mean-well/lrs-350-24/fixture.json,docs/08 Fixture Library/entries/mean-well/lrs-350-24.md,assets/fixtures/mean-well/lrs-350-24/models/fixture.blend,assets/fixtures/mean-well/lrs-350-24/models/fixture.usdz,assets/fixtures/mean-well/lrs-350-24/validation/usdz.json,high,2,assets/fixtures/mean-well/lrs-350-24/previews/three-quarter.png,assets/fixtures/mean-well/lrs-350-24/validation/detail.json,taxonomy,validated,assets/fixtures/mean-well/lrs-350-24/validation/parity.json,power.distribution,Mains AC input to isolated 24 V DC output; not a control-data node and not a multi-circuit venue power distro.,Power and dimming > Power distribution / supply / driver,[],static_native_validated,assets/fixtures/mean-well/lrs-350-24/models/rig.json,0,apps/visionos/VenueVolume/FixtureAssets/Catalog/mean-well/lrs-350-24/fixture.usdz,,complete,research/fixtures/taxonomy/support-sources/meanwell-lrs350-product.jpg,
NC5MXX 5-pole male XLR cable connector,NC5MXX,Neutrik,data_connector,"5-pole male XLR cable connector, nickel housing, silver contacts",https://www.neutrik.com/en/product/nc5mxx,"{""source_urls"": [""https://www.neutrik.com/en/product/nc5mxx"", ""https://www.neutrik.com/media/8230/download/nc5mxx-1.pdf?v=1""], ""dimensions"": {""width_m"": 0.019, ""height_m"": 0.019, ""depth_m"": 0.0701, ""source_order"": ""19 mm max circular diameter x 68.1–70.1 mm axial length"", ""axis_status"": ""documented"", ""axis_note"": ""Circular cross-section is 19 mm maximum; longest manufacturer-dimensioned axis is 70.1 mm; use the maximum of its range."", ""reference_pose"": ""Long axis horizontal, mating end forward; pose follows the manufacturer orthographic views.""}, ""dimensions_status"": ""documented_in_manufacturer_drawing"", ""control_path"": ""Passive connector component for a 5-pole XLR data cable; it carries no active processing. Connector pinout and cable assembly are separate; do not identify this part as a terminator."", ""pose"": ""Long axis horizontal, mating end forward; circular housing cross-section up; pose follows the manufacturer's orthographic drawing."", ""limitations"": ""Drawing length is a 68.1–70.1 mm range. Use maximum 70.1 mm envelope for placement. Model is connector only; variable cable gland fit (3.5–8 mm cable OD) does not define a cable or bend radius."", ""research_evidence"": [{""url"": ""https://www.neutrik.com/en/product/nc5mxx"", ""title"": ""NC5MXX — Neutrik"", ""locator"": ""Product description and downloads; five-pole male cable connector; cable diameter range 3.5–8.0 mm"", ""accessed_at"": ""2026-09-30"", ""reuse_status"": ""unknown"", ""source_kind"": ""manufacturer_product""}, {""url"": ""https://www.neutrik.com/media/8230/download/nc5mxx-1.pdf?v=1"", ""title"": ""XX-Series NC5MXX dimensional drawing"", ""locator"": ""Sheet 1: axial length 68.1–70.1 mm; max diameter 19 mm"", ""file"": ""research/fixtures/taxonomy/support-sources/neutrik-nc5mxx-drawing.pdf"", ""sha256"": ""ee530903c8e592f12301d5f462dcb529c55a06f1db7d05a4e317bbd5df890e34"", ""accessed_at"": ""2026-09-30"", ""reuse_status"": ""unknown"", ""source_kind"": ""manufacturer_drawing""}]}","[""https://www.neutrik.com/uploads/media/400x/02/322-nc5mxx.jpg?v=1-0""]",ready_for_visualization,assets/fixtures/neutrik/nc5mxx-5-pole-male-xlr-cable-connector,assets/fixtures/neutrik/nc5mxx-5-pole-male-xlr-cable-connector/fixture.json,docs/08 Fixture Library/entries/neutrik/nc5mxx-5-pole-male-xlr-cable-connector.md,assets/fixtures/neutrik/nc5mxx-5-pole-male-xlr-cable-connector/models/fixture.blend,assets/fixtures/neutrik/nc5mxx-5-pole-male-xlr-cable-connector/models/fixture.usdz,assets/fixtures/neutrik/nc5mxx-5-pole-male-xlr-cable-connector/validation/usdz.json,high,2,assets/fixtures/neutrik/nc5mxx-5-pole-male-xlr-cable-connector/previews/three-quarter.png,assets/fixtures/neutrik/nc5mxx-5-pole-male-xlr-cable-connector/validation/detail.json,taxonomy,validated,assets/fixtures/neutrik/nc5mxx-5-pole-male-xlr-cable-connector/validation/parity.json,control.cable,Passive connector component for a 5-pole XLR data cable; it carries no active processing. Connector pinout and cable assembly are separate; do not identify this part as a terminator.,Control and data > Data cable / connector / termination,[],static_native_validated,assets/fixtures/neutrik/nc5mxx-5-pole-male-xlr-cable-connector/models/rig.json,0,apps/visionos/VenueVolume/FixtureAssets/Catalog/neutrik/nc5mxx-5-pole-male-xlr-cable-connector/fixture.usdz,,complete,research/fixtures/taxonomy/support-sources/neutrik-nc5mxx.jpg,
"powerCON TRUE1 TOP NAC3FX-W-TOP cable connector (Power-In, EU/US ratings)",NAC3FX-W-TOP,Neutrik,mains_connector,"locking single-phase Power-In cable connector, female, screw termination",https://www.neutrik.com/en/product/nac3fx-w-top,"{""source_urls"": [""https://www.neutrik.com/en/product/nac3fx-w-top"", ""https://www.neutrik.com/media/12872/download/st-nac3fx-w-top.PDF?v=1""], ""dimensions"": {""width_m"": 0.032, ""height_m"": 0.032, ""depth_m"": 0.08, ""source_order"": ""77–80 mm axial length; 32 mm overall end-view envelope and Ø26.5 mm housing per manufacturer's drawing"", ""axis_status"": ""estimated"", ""axis_note"": ""Model maximum 80 mm length and conservative 32 mm square end-view envelope from drawing; dimension drawing labels the end view 32 mm overall and 26.5 mm housing diameter. A circular/square conservative envelope is not an exact measured silhouette in both transverse axes."", ""reference_pose"": ""Cable axis horizontal, connector front directed outward; pose follows manufacturer drawing.""}, ""dimensions_status"": ""documented_in_manufacturer_drawing"", ""regional_rating"": {""Europe"": ""16 A, 250 V AC"", ""USA"": ""20 A, 250 V AC""}, ""control_path"": ""Mains power connector component, not a DMX/data connector. Female cable connector identifies Power-In; mating inlet, cord conductors, regional wiring and protection are separate."", ""safety_note"": ""Not an adapter or complete cord. Electrical ratings depend on the applicable local approval, mating connector, cord, wiring and installation. Never infer that an assembled system is rated by this connector alone."", ""pose"": ""Cable axis horizontal, connector front directed outward; pose follows manufacturer multi-view and isometric drawing."", ""research_evidence"": [{""url"": ""https://www.neutrik.com/en/product/nac3fx-w-top"", ""title"": ""NAC3FX-W-TOP — Neutrik"", ""locator"": ""Product specification: Power-In cable connector; Europe rating 16 A 250 VAC and USA rating 20 A 250 VAC; source image"", ""accessed_at"": ""2026-09-30"", ""reuse_status"": ""unknown"", ""source_kind"": ""manufacturer_product""}, {""url"": ""https://www.neutrik.com/media/12872/download/st-nac3fx-w-top.PDF?v=1"", ""title"": ""NAC3FX-W-TOP dimensional drawing"", ""locator"": ""Sheet 1: 77–80 mm overall axial length, 32 mm max end-view envelope and Ø26.5 mm radial housing dimension"", ""file"": ""research/fixtures/taxonomy/support-sources/neutrik-nac3fx-w-top-drawing.pdf"", ""sha256"": ""ada9dfa12ef7cad132d8636a306bd07306c0f67c8b9efb561e714d67b4c719c6"", ""accessed_at"": ""2026-09-30"", ""reuse_status"": ""unknown"", ""source_kind"": ""manufacturer_drawing""}]}","[""https://www.neutrik.com/uploads/media/400x/02/12832-NAC3FX-W-TOP.jpg?v=1-0""]",researched,assets/fixtures/neutrik/powercon-true1-top-nac3fx-w-top-cable-connector-power-in-eu-us-ratings,assets/fixtures/neutrik/powercon-true1-top-nac3fx-w-top-cable-connector-power-in-eu-us-ratings/fixture.json,docs/08 Fixture Library/entries/neutrik/powercon-true1-top-nac3fx-w-top-cable-connector-power-in-eu-us-ratings.md,assets/fixtures/neutrik/powercon-true1-top-nac3fx-w-top-cable-connector-power-in-eu-us-ratings/models/fixture.blend,assets/fixtures/neutrik/powercon-true1-top-nac3fx-w-top-cable-connector-power-in-eu-us-ratings/models/fixture.usdz,assets/fixtures/neutrik/powercon-true1-top-nac3fx-w-top-cable-connector-power-in-eu-us-ratings/validation/usdz.json,high,2,assets/fixtures/neutrik/powercon-true1-top-nac3fx-w-top-cable-connector-power-in-eu-us-ratings/previews/three-quarter.png,assets/fixtures/neutrik/powercon-true1-top-nac3fx-w-top-cable-connector-power-in-eu-us-ratings/validation/detail.json,taxonomy,validated,assets/fixtures/neutrik/powercon-true1-top-nac3fx-w-top-cable-connector-power-in-eu-us-ratings/validation/parity.json,power.cable,"Mains power connector component, not a DMX/data connector. Female cable connector identifies Power-In; mating inlet, cord conductors, regional wiring and protection are separate.",Power and dimming > Power cable / multicore / adapter,[],static_native_validated,assets/fixtures/neutrik/powercon-true1-top-nac3fx-w-top-cable-connector-power-in-eu-us-ratings/models/rig.json,0,apps/visionos/VenueVolume/FixtureAssets/Catalog/neutrik/powercon-true1-top-nac3fx-w-top-cable-connector-power-in-eu-us-ratings/fixture.usdz,,complete,research/fixtures/taxonomy/support-sources/neutrik-nac3fx-w-top.jpg,
RoboSpot MotionCamera,RoboSpot MotionCamera,ROBE Lighting,followspot_camera_head,moving-head full-HD camera with 32x optical zoom for RoboSpot BaseStation,https://www.robelighting.com/robospot-motioncamera,"{""source_urls"": [""https://www.robelighting.com/robospot-motioncamera"", ""https://www.robelighting.com/res/downloads/catalogues/ROBE_Product_Guide_2021.pdf""], ""dimensions"": {""width_m"": 0.277, ""height_m"": 0.386, ""depth_m"": 0.147, ""source_order"": ""277 W x 386 H x 147 D mm; height explicitly with head vertical"", ""axis_status"": ""documented"", ""axis_note"": ""Manufacturer mechanical dimensions; pose is head vertical."", ""reference_pose"": ""Head upright, camera optical axis upward to match manufacturer head-vertical height; pan base level.""}, ""dimensions_status"": ""documented_in_manufacturer_product_specification"", ""camera"": {""type"": ""SNZ-6320"", ""resolution"": ""1920 x 1080"", ""optical_zoom"": ""32x"", ""digital_zoom"": ""16x""}, ""control_path"": ""Moving camera head is controlled by DMX/RDM; camera video travels to RoboSpot BaseStation over Ethernet/Cat5. BaseStation is a separate equipment item."", ""pose"": ""Base adaptor at bottom, head in vertical position, lens facing forward; dimensions are manufacturer maximum outer dimensions for that pose."", ""research_evidence"": [{""url"": ""https://www.robelighting.com/robospot-motioncamera"", ""title"": ""RoboSpot MotionCamera — Robe"", ""locator"": ""Technical specification: camera model/resolution/zoom, DMX/RDM and Ethernet video routing; mechanical dimensions and head-vertical pose; product image"", ""accessed_at"": ""2026-09-30"", ""reuse_status"": ""unknown"", ""source_kind"": ""manufacturer_product""}, {""url"": ""https://www.robelighting.com/res/downloads/catalogues/ROBE_Product_Guide_2021.pdf"", ""title"": ""Robe Product Guide 2021"", ""locator"": ""RoboSpot MotionCamera specification table: electrical/mechanical values; 386 x 277 x 147 mm, head vertical"", ""accessed_at"": ""2026-09-30"", ""reuse_status"": ""unknown"", ""source_kind"": ""manufacturer_catalogue""}]}","[""https://cdn.aws.robe.cz/v1/image/resize/8a9cbc417b51763a20041409849a29deda12302d?width=904&height=904&fit=cover&withoutEnlargement=false""]",ready_for_visualization,assets/fixtures/robe-lighting/robospot-motioncamera,assets/fixtures/robe-lighting/robospot-motioncamera/fixture.json,docs/08 Fixture Library/entries/robe-lighting/robospot-motioncamera.md,assets/fixtures/robe-lighting/robospot-motioncamera/models/fixture.blend,assets/fixtures/robe-lighting/robospot-motioncamera/models/fixture.usdz,assets/fixtures/robe-lighting/robospot-motioncamera/validation/usdz.json,high,2,assets/fixtures/robe-lighting/robospot-motioncamera/previews/three-quarter.png,assets/fixtures/robe-lighting/robospot-motioncamera/validation/detail.json,taxonomy,validated,assets/fixtures/robe-lighting/robospot-motioncamera/validation/parity.json,control.tracking,Moving camera head is controlled by DMX/RDM; camera video travels to RoboSpot BaseStation over Ethernet/Cat5. BaseStation is a separate equipment item.,Control and data > Followspot tracking / automation control,[],rigged_native_validated,assets/fixtures/robe-lighting/robospot-motioncamera/models/rig.json,2,apps/visionos/VenueVolume/FixtureAssets/Catalog/robe-lighting/robospot-motioncamera/fixture.usdz,,complete,research/fixtures/taxonomy/support-sources/robe-robospot-motioncamera.webp,
CO2 JET II,MFX1118,MAGIC FX,atmospherics,liquid CO2 gas jet,https://magicfx.com/products/co2jet-ii,"{""protocols"": [""direct output; manual lists direct output control""], ""source_urls"": [""https://magicfx.com/products/co2jet-ii"", ""https://magicfx.com/cdn/shop/files/CO2jet_II_manual.pdf?v=5588412156141481997""], ""power"": ""20 W; 220–240 VAC, 50–60 Hz"", ""weight"": ""3.7 kg empty"", ""dimensions"": {""width_m"": 0.232, ""height_m"": 0.1245, ""depth_m"": 0.196, ""axis_status"": ""estimated"", ""axis_note"": ""Manufacturer documents main dimensions length 232 mm, width 196 mm, height 124.5 mm. Image-based pose maps length to width and manual width to depth; this axis assignment is estimated from the official view. Page triplet 290 x 290 x 200 mm is packaging, corroborated by manual package dimensions 289 x 289 x 201 mm; the manual's appliance dimensions are used. Integration review maps main length to front width using product photos. The rear-facing metal fitting is a gas inlet, not a horizontal output nozzle. Envelope axes/pose are estimated."", ""reference_pose"": ""Main appliance resting level with short outlet inside the rear opening and directed upward; external hoses, baseplate and extension nozzle excluded.""}, ""propellant"": ""Liquid CO2; manual identifies the appliance as CO2 FX and lists liquid CO2. This is distinct from heated-fluid LED fog jets."", ""research_evidence"": [{""url"": ""https://magicfx.com/products/co2jet-ii"", ""title"": ""CO2jet II product page"", ""locator"": ""SKU MFX1118; genuine CO2 effect; product page figures 29 x 29 x 20 cm and 4.29 kg are identified by manual as package dimensions/packaged mass; electrical and direct output data"", ""accessed_at"": ""2026-09-30""}, {""url"": ""https://magicfx.com/cdn/shop/files/CO2jet_II_manual.pdf?v=5588412156141481997"", ""title"": ""MAGICFX CO2 JET II User and Installation Manual"", ""locator"": ""Page 6 printed / PDF page 5: Product code MFX1118; main dimensions L 232 x W 196 x H 124.5 mm; empty mass 3.7 kg; package dimensions and packaged mass separately listed; 20W, 220-240VAC, 50-60Hz; liquid CO2 propellant"", ""accessed_at"": ""2026-09-30""}], ""control_path"": ""See source-backed protocol list; compatibility and control system are not implemented.""}","[""https://magicfx.com/cdn/shop/files/CO2JETII-01.jpg?v=1773148408&width=3840""]",researched,assets/fixtures/magic-fx/co2-jet-ii,assets/fixtures/magic-fx/co2-jet-ii/fixture.json,docs/08 Fixture Library/entries/magic-fx/co2-jet-ii.md,assets/fixtures/magic-fx/co2-jet-ii/models/fixture.blend,assets/fixtures/magic-fx/co2-jet-ii/models/fixture.usdz,assets/fixtures/magic-fx/co2-jet-ii/validation/usdz.json,high,2,assets/fixtures/magic-fx/co2-jet-ii/previews/three-quarter.png,assets/fixtures/magic-fx/co2-jet-ii/validation/detail.json,taxonomy,validated,assets/fixtures/magic-fx/co2-jet-ii/validation/parity.json,effects.co2,See source-backed protocol list; compatibility and control system are not implemented.,Special-effects appliances > Liquid-CO2 / gas jet,[],static_native_validated,assets/fixtures/magic-fx/co2-jet-ii/models/rig.json,0,apps/visionos/VenueVolume/FixtureAssets/Catalog/magic-fx/co2-jet-ii/fixture.usdz,,complete,research/fixtures/taxonomy/atmos-sources/magicfx-co2jet-ii-01.jpg,
Doughty Quick Link-10mm-550Kg,T23505,Doughty Engineering,atmospherics,rated secondary-suspension quick link,https://doughty-engineering.co.uk/products/quick-link-10mm-550kg/,"{""protocols"": [], ""source_urls"": [""https://doughty-engineering.co.uk/products/quick-link-10mm-550kg/"", ""https://doughty-engineering.co.uk/wp-content/uploads/2023/01/T23505-Data-Sheet-US.pdf""], ""dimensions"": {""width_m"": 0.09, ""height_m"": 0.044, ""depth_m"": 0.016, ""axis_status"": ""estimated"", ""axis_note"": ""Estimated outer 90 x 44 x 16 mm from orthographic manufacturer drawing: 70 mm inner length and 20 mm inner clear height, calibrated with 10 mm bar diameter; closure sleeve measures about 1.6x rod diameter in the side view and raises the silhouette about 4 mm beyond the 40 mm loop estimate. These are drawing-calibrated visual bounds, not published outer dimensions or certified clearances. Raw 70/20/11/10 mm measures retained above. Product page says 550 kg while data sheet says WLL 500 kg; appearance research only, not load selection."", ""reference_pose"": ""Closed quick link with loop plane vertical, long axis horizontal and closure sleeve along the lower edge; no attached rigging. Estimated outer silhouette.""}, ""working_load_limit"": ""500 kg on the product data sheet; product page heading/description says 550 kg. Conflict retained; confirm exact rating from product marking/manufacturer before any load application."", ""finish"": ""Zinc plated; product data sheet states DIN 56926"", ""research_evidence"": [{""url"": ""https://doughty-engineering.co.uk/products/quick-link-10mm-550kg/"", ""title"": ""Quick Link-10mm-550Kg – Doughty Engineering"", ""locator"": ""Exact part T23505; 10 mm size, 550 kg stated on manufacturer product page; product image link; zinc finish"", ""accessed_at"": ""2026-09-30""}, {""url"": ""https://doughty-engineering.co.uk/wp-content/uploads/2023/01/T23505-Data-Sheet-US.pdf"", ""title"": ""T23505 Product Data Sheet"", ""locator"": ""Official one-page sheet: exact T23505 SKU, 10 mm bar, zinc plated, WLL 500 kg and DIN 56926; drawing labels 70 mm inner clear length, 20 mm inner clear height, 11 mm closure gap, 10 mm bar; no explicit outer envelope"", ""accessed_at"": ""2026-09-30""}], ""control_path"": ""See source-backed protocol list; compatibility and control system are not implemented.""}","[""https://doughty-engineering.co.uk/wp-content/uploads/Product-Images/T23505-Quick-Link-1-700x700-c-default.jpg""]",researched,assets/fixtures/doughty-engineering/doughty-quick-link-10mm-550kg,assets/fixtures/doughty-engineering/doughty-quick-link-10mm-550kg/fixture.json,docs/08 Fixture Library/entries/doughty-engineering/doughty-quick-link-10mm-550kg.md,assets/fixtures/doughty-engineering/doughty-quick-link-10mm-550kg/models/fixture.blend,assets/fixtures/doughty-engineering/doughty-quick-link-10mm-550kg/models/fixture.usdz,assets/fixtures/doughty-engineering/doughty-quick-link-10mm-550kg/validation/usdz.json,high,2,assets/fixtures/doughty-engineering/doughty-quick-link-10mm-550kg/previews/three-quarter.png,assets/fixtures/doughty-engineering/doughty-quick-link-10mm-550kg/validation/detail.json,taxonomy,validated,assets/fixtures/doughty-engineering/doughty-quick-link-10mm-550kg/validation/parity.json,rigging.secondary,See source-backed protocol list; compatibility and control system are not implemented.,Rigging and support > Secondary suspension / safety hardware,[],static_native_validated,assets/fixtures/doughty-engineering/doughty-quick-link-10mm-550kg/models/rig.json,0,apps/visionos/VenueVolume/FixtureAssets/Catalog/doughty-engineering/doughty-quick-link-10mm-550kg/fixture.usdz,,complete,research/fixtures/taxonomy/atmos-sources/doughty-t23505.jpg,
Rogue R3 Beam,Rogue R3 Beam,CHAUVET Professional,moving light,beam,https://chauvetprofessional.com/product/rogue-r3-beam/,"{""protocols"": [""DMX512"", ""RDM""], ""dmx_channels"": [], ""weight"": ""15.6 kg"", ""notable"": ""300 W Ushio NSL lamp; 0.8° beam; 14-color wheel, 17 static gobos, dual prisms and frost."", ""source_urls"": [""https://chauvetprofessional.com/product/rogue-r3-beam/""], ""dimensions"": {""width_m"": 0.325, ""height_m"": 0.55, ""depth_m"": 0.22, ""axis_status"": ""estimated"", ""axis_note"": ""Product specifications state 325 × 220 × 550 mm without named axes. In the official upright product pose, the 550 mm axis is vertical and 220 mm is front-to-back; mapped as width × height × depth = 325 × 550 × 220 mm. Treat as an image-informed estimate pending a dimensioned CAD drawing."", ""reference_pose"": ""Base level; head at neutral vertical orientation.""}, ""research_evidence"": [{""url"": ""https://chauvetprofessional.com/product/rogue-r3-beam/"", ""title"": ""Rogue R3 Beam product specifications"", ""locator"": ""Specifications: Optical, Dynamic Effects, Construction/Physical; 325 × 220 × 550 mm and 15.6 kg"", ""accessed_at"": ""2026-10-02"", ""source_kind"": ""manufacturer_product""}]}","[""https://chauvetprofessional.com/wp-content/uploads/2025/10/ROGUE_R3_BEAM-FRONT-FEAT.png""]",researched,assets/fixtures/chauvet-professional/rogue-r3-beam,assets/fixtures/chauvet-professional/rogue-r3-beam/fixture.json,docs/08 Fixture Library/entries/chauvet-professional/rogue-r3-beam.md,assets/fixtures/chauvet-professional/rogue-r3-beam/models/fixture.blend,assets/fixtures/chauvet-professional/rogue-r3-beam/models/fixture.usdz,assets/fixtures/chauvet-professional/rogue-r3-beam/validation/usdz.json,high,2,assets/fixtures/chauvet-professional/rogue-r3-beam/previews/three-quarter.png,assets/fixtures/chauvet-professional/rogue-r3-beam/validation/detail.json,touring-dj-2026-10,validated,assets/fixtures/chauvet-professional/rogue-r3-beam/validation/parity.json,lighting.moving.beam,"Source protocol list: DMX512, RDM",Lighting fixtures > Automated lighting > Beam,[],rigged_native_validated,assets/fixtures/chauvet-professional/rogue-r3-beam/models/rig.json,2,apps/visionos/VenueVolume/FixtureAssets/Catalog/chauvet-professional/rogue-r3-beam/fixture.usdz,,complete,,
PROTEUS MAXIMUS,PROTEUS MAXIMUS,Elation Professional,moving light,profile / spot,https://www.elationlighting.com/products/proteus-maximus,"{""protocols"": [""DMX"", ""RDM"", ""Art-Net"", ""sACN""], ""dmx_channels"": [37, 61], ""power"": ""1400 W max"", ""weight"": ""53 kg"", ""notable"": ""IP65 950 W LED profile; 50,000 lm; 5.5°–55° zoom; framing, dual frost, dual prism, iris and animation wheel."", ""source_urls"": [""https://www.elationlighting.com/products/proteus-maximus"", ""https://www.elationlighting.com/media/certipro/articles/p/r/proteus_series-2022.pdf""], ""dimensions"": {""width_m"": 0.591, ""height_m"": 0.828, ""depth_m"": 0.458, ""axis_status"": ""documented"", ""axis_note"": ""Manufacturer specifications list length 458 mm × width 591 mm × height 828 mm; mapped to depth × width × height."", ""reference_pose"": ""Manufacturer overall dimensions; head position not separately specified.""}, ""research_evidence"": [{""url"": ""https://www.elationlighting.com/products/proteus-maximus"", ""title"": ""PROTEUS MAXIMUS product specifications"", ""locator"": ""Specifications: effects, control/connections, size/weight; size 18 × 23.3 × 32.6 in, max power 1400 W, weight 117 lb"", ""accessed_at"": ""2026-10-02"", ""source_kind"": ""manufacturer_product""}, {""url"": ""https://www.elationlighting.com/media/certipro/articles/p/r/proteus_series-2022.pdf"", ""title"": ""Proteus Series brochure"", ""locator"": ""PROTEUS MAXIMUS product overview: 950 W source, 50,000 lm, 5.5°–55° zoom"", ""accessed_at"": ""2026-10-02"", ""source_kind"": ""manufacturer_manual""}]}","[""https://www.elationlighting.com/cdn/shop/files/c0cfdc6e8c4020e8d6a8c32b1ba9d9a93bcaa229_PRM992__IMG__002__7152aceb057b.jpg?v=1776815619&width=2048""]",researched,assets/fixtures/elation-professional/proteus-maximus,assets/fixtures/elation-professional/proteus-maximus/fixture.json,docs/08 Fixture Library/entries/elation-professional/proteus-maximus.md,assets/fixtures/elation-professional/proteus-maximus/models/fixture.blend,assets/fixtures/elation-professional/proteus-maximus/models/fixture.usdz,assets/fixtures/elation-professional/proteus-maximus/validation/usdz.json,high,2,assets/fixtures/elation-professional/proteus-maximus/previews/three-quarter.png,assets/fixtures/elation-professional/proteus-maximus/validation/detail.json,touring-dj-2026-10,validated,assets/fixtures/elation-professional/proteus-maximus/validation/parity.json,lighting.moving.profile,"Source protocol list: DMX, RDM, Art-Net, sACN",Lighting fixtures > Automated lighting > Framing profile,[],rigged_native_validated,assets/fixtures/elation-professional/proteus-maximus/models/rig.json,2,apps/visionos/VenueVolume/FixtureAssets/Catalog/elation-professional/proteus-maximus/fixture.usdz,,complete,,
OPUS X4,CLOX4P,Cameo,moving light,profile / spot,https://www.cameolight.com/en/solutions/rental/moving-lights/profile-moving-heads/30735/opus-x4,"{""protocols"": [""DMX512"", ""RDM"", ""Art-Net"", ""sACN"", ""W-DMX"", ""CRMX""], ""dmx_channels"": [], ""power"": ""1670 W rated"", ""weight"": ""44 kg"", ""notable"": ""1400 W white COB LED; 50,000 lm; 5°–55° zoom; 4-blade framing, dual color and gobo wheels plus animation."", ""source_urls"": [""https://www.cameolight.com/en/solutions/rental/moving-lights/profile-moving-heads/30735/opus-x4""], ""dimensions"": {""width_m"": 0.441, ""height_m"": 0.83, ""depth_m"": 0.312, ""axis_status"": ""documented"", ""axis_note"": ""Manufacturer lists width 441 mm, height 830 mm, depth 312 mm."", ""reference_pose"": ""Product page overall assembled dimensions; head position not separately specified.""}, ""research_evidence"": [{""url"": ""https://www.cameolight.com/en/solutions/rental/moving-lights/profile-moving-heads/30735/opus-x4"", ""title"": ""OPUS X4 product specifications"", ""locator"": ""Specifications: photometric values, control, mains, dimensions & weight; 441 × 830 × 312 mm, 44 kg"", ""accessed_at"": ""2026-10-02"", ""source_kind"": ""manufacturer_product""}]}","[""https://cdn-shop.adamhall.com/ORIGINAL/media/MARKEN/CAMEO/CLOX4P/CLOX4P_1.jpg""]",researched,assets/fixtures/cameo/opus-x4,assets/fixtures/cameo/opus-x4/fixture.json,docs/08 Fixture Library/entries/cameo/opus-x4.md,assets/fixtures/cameo/opus-x4/models/fixture.blend,assets/fixtures/cameo/opus-x4/models/fixture.usdz,assets/fixtures/cameo/opus-x4/validation/usdz.json,high,2,assets/fixtures/cameo/opus-x4/previews/three-quarter.png,assets/fixtures/cameo/opus-x4/validation/detail.json,touring-dj-2026-10,validated,assets/fixtures/cameo/opus-x4/validation/parity.json,lighting.moving.profile,"Source protocol list: DMX512, RDM, Art-Net, sACN, W-DMX, CRMX",Lighting fixtures > Automated lighting > Framing profile,[],rigged_native_validated,assets/fixtures/cameo/opus-x4/models/rig.json,2,apps/visionos/VenueVolume/FixtureAssets/Catalog/cameo/opus-x4/fixture.usdz,,complete,,
Astra Hybrid330,ASTRAHYB330,PROLIGHTS,moving light,hybrid beam / spot / wash,https://prolights.it/en/product/ASTRAHYB330,"{""protocols"": [""DMX512"", ""RDM"", ""Art-Net"", ""sACN"", ""CRMX"", ""W-DMX""], ""dmx_channels"": [29], ""power"": ""517 W max at 230 V"", ""weight"": ""21.6 kg"", ""notable"": ""330 W white LED hybrid; 3°–50° linear zoom; CMY, three color wheels, two gobo wheels, animation, overlapping prisms and frost."", ""source_urls"": [""https://prolights.it/en/product/ASTRAHYB330""], ""dimensions"": {""width_m"": 0.411, ""height_m"": 0.638, ""depth_m"": 0.244, ""axis_status"": ""documented"", ""axis_note"": ""Manufacturer product page explicitly lists WxHxD 411 × 638 × 244 mm."", ""reference_pose"": ""Overall assembled fixture; head position not separately specified.""}, ""research_evidence"": [{""url"": ""https://prolights.it/en/product/ASTRAHYB330"", ""title"": ""Astra Hybrid330 product specifications"", ""locator"": ""Specifications: source, optics, control, movement, electrical, physical; dimensions 411 × 638 × 244 mm, 21.6 kg, max 517 W"", ""accessed_at"": ""2026-10-02"", ""source_kind"": ""manufacturer_product""}]}","[""https://www.prolights.it/images/tmp/1200x630ASTRAHYB330_32760.webp?20250103160054""]",researched,assets/fixtures/prolights/astra-hybrid330,assets/fixtures/prolights/astra-hybrid330/fixture.json,docs/08 Fixture Library/entries/prolights/astra-hybrid330.md,assets/fixtures/prolights/astra-hybrid330/models/fixture.blend,assets/fixtures/prolights/astra-hybrid330/models/fixture.usdz,assets/fixtures/prolights/astra-hybrid330/validation/usdz.json,high,2,assets/fixtures/prolights/astra-hybrid330/previews/three-quarter.png,assets/fixtures/prolights/astra-hybrid330/validation/detail.json,touring-dj-2026-10,validated,assets/fixtures/prolights/astra-hybrid330/validation/parity.json,lighting.moving.hybrid,"Source protocol list: DMX512, RDM, Art-Net, sACN, CRMX, W-DMX",Lighting fixtures > Automated lighting > Beam / spot / wash hybrid,"[""multi-role optics""]",rigged_native_validated,assets/fixtures/prolights/astra-hybrid330/models/rig.json,2,apps/visionos/VenueVolume/FixtureAssets/Catalog/prolights/astra-hybrid330/fixture.usdz,,complete,,
P18 Profile MK2 HP,P18 Profile MK2 HP,JB-Lighting,moving light,framing profile,https://www.jb-lighting.de/en/P18Profile,"{""protocols"": [""DMX512"", ""RDM"", ""Art-Net"", ""sACN"", ""CRMX""], ""dmx_channels"": [], ""power"": ""1500 VA max; 100–240 V 50/60 Hz"", ""weight"": ""32 kg"", ""notable"": ""HP variant: 1100 W white LED module, 6800 K, CRI >=70, 40000 lm output; framing system. HC source variant is not conflated with HP."", ""source_urls"": [""https://www.jb-lighting.de/en/P18Profile""], ""dimensions"": {""width_m"": 0.475, ""height_m"": 0.755, ""depth_m"": 0.307, ""axis_status"": ""documented"", ""axis_note"": ""Manufacturer mechanical specifications; optical-forward neutral pose and detail proportions are image-informed estimates."", ""reference_pose"": ""Base level, optical axis forward; listed assembled envelope normalized to visualization neutral pose, not a swept movement envelope.""}, ""research_evidence"": [{""url"": ""https://www.jb-lighting.de/en/P18Profile"", ""title"": ""JB-Lighting P18 Profile MK2 HP specifications"", ""locator"": ""Mechanical / electrical specifications and control; exact-model product gallery"", ""accessed_at"": ""2026-10-02"", ""source_kind"": ""manufacturer_product""}]}","[""https://www.jb-lighting.de/images/products/P18/P18_seitlich_MK2.png"", ""https://www.jb-lighting.de/images/products/P18/P18_backside_MK2.png"", ""https://www.jb-lighting.de/images/products/P18/P18_frontal_MK2.png""]",researched,assets/fixtures/jb-lighting/p18-profile-mk2-hp,assets/fixtures/jb-lighting/p18-profile-mk2-hp/fixture.json,docs/08 Fixture Library/entries/jb-lighting/p18-profile-mk2-hp.md,assets/fixtures/jb-lighting/p18-profile-mk2-hp/models/fixture.blend,assets/fixtures/jb-lighting/p18-profile-mk2-hp/models/fixture.usdz,assets/fixtures/jb-lighting/p18-profile-mk2-hp/validation/usdz.json,high,2,assets/fixtures/jb-lighting/p18-profile-mk2-hp/previews/three-quarter.png,assets/fixtures/jb-lighting/p18-profile-mk2-hp/validation/detail.json,touring-dj-2026-10,validated,assets/fixtures/jb-lighting/p18-profile-mk2-hp/validation/parity.json,lighting.moving.profile,"Source protocol list: DMX512, RDM, Art-Net, sACN, CRMX",Lighting fixtures > Automated lighting > Framing profile,[],rigged_native_validated,assets/fixtures/jb-lighting/p18-profile-mk2-hp/models/rig.json,2,apps/visionos/VenueVolume/FixtureAssets/Catalog/jb-lighting/p18-profile-mk2-hp/fixture.usdz,,complete,,
Sparx 12,Sparx 12,JB-Lighting,moving light,pixel wash,https://www.jb-lighting.de/en/Sparx12,"{""protocols"": [""DMX512"", ""RDM"", ""Art-Net"", ""sACN"", ""Kling-Net"", ""CRMX""], ""dmx_channels"": [], ""power"": ""750 VA max; 100–240 V 50/60 Hz"", ""weight"": ""15.5 kg"", ""notable"": ""19 RGBW 40 W LEDs; independently controlled inner/outer TwinZoom optics. Internal zoom mechanism and beam-shape accessory are not modeled."", ""source_urls"": [""https://www.jb-lighting.de/en/Sparx12""], ""dimensions"": {""width_m"": 0.404, ""height_m"": 0.491, ""depth_m"": 0.265, ""axis_status"": ""documented"", ""axis_note"": ""Manufacturer mechanical specifications; optical-forward neutral pose and detail proportions are image-informed estimates."", ""reference_pose"": ""Base level, optical axis forward; listed assembled envelope normalized to visualization neutral pose, not a swept movement envelope.""}, ""research_evidence"": [{""url"": ""https://www.jb-lighting.de/en/Sparx12"", ""title"": ""JB-Lighting Sparx 12 specifications"", ""locator"": ""Mechanical / electrical specifications and control; exact-model product gallery"", ""accessed_at"": ""2026-10-02"", ""source_kind"": ""manufacturer_product""}]}","[""https://www.jb-lighting.de/images/products/Sparx12/Sparx12_seitlich_min_Zoom.png"", ""https://www.jb-lighting.de/images/products/Sparx12/Sparx12_nach_oben_geschwenkt.png"", ""https://www.jb-lighting.de/images/products/Sparx12/Sparx12_Anschlusspanel.png""]",researched,assets/fixtures/jb-lighting/sparx-12,assets/fixtures/jb-lighting/sparx-12/fixture.json,docs/08 Fixture Library/entries/jb-lighting/sparx-12.md,assets/fixtures/jb-lighting/sparx-12/models/fixture.blend,assets/fixtures/jb-lighting/sparx-12/models/fixture.usdz,assets/fixtures/jb-lighting/sparx-12/validation/usdz.json,high,2,assets/fixtures/jb-lighting/sparx-12/previews/three-quarter.png,assets/fixtures/jb-lighting/sparx-12/validation/detail.json,touring-dj-2026-10,validated,assets/fixtures/jb-lighting/sparx-12/validation/parity.json,lighting.moving.wash,"Source protocol list: DMX512, RDM, Art-Net, sACN, Kling-Net, CRMX",Lighting fixtures > Automated lighting > Wash,"[""pixel control""]",rigged_native_validated,assets/fixtures/jb-lighting/sparx-12/models/rig.json,2,apps/visionos/VenueVolume/FixtureAssets/Catalog/jb-lighting/sparx-12/fixture.usdz,,complete,,
Sparx 18,Sparx 18,JB-Lighting,moving light,pixel wash,https://www.jb-lighting.de/en/Sparx18,"{""protocols"": [""DMX512"", ""RDM"", ""Art-Net"", ""sACN"", ""Kling-Net"", ""CRMX""], ""dmx_channels"": [], ""power"": ""1300 VA max; 100–240 V 50/60 Hz"", ""weight"": ""22 kg"", ""notable"": ""37 RGBW 40 W LEDs; independently controlled inner/outer TwinZoom optics. Internal zoom mechanism and beam-shape accessory are not modeled."", ""source_urls"": [""https://www.jb-lighting.de/en/Sparx18""], ""dimensions"": {""width_m"": 0.481, ""height_m"": 0.58, ""depth_m"": 0.308, ""axis_status"": ""documented"", ""axis_note"": ""Manufacturer mechanical specifications; optical-forward neutral pose and detail proportions are image-informed estimates."", ""reference_pose"": ""Base level, optical axis forward; listed assembled envelope normalized to visualization neutral pose, not a swept movement envelope.""}, ""research_evidence"": [{""url"": ""https://www.jb-lighting.de/en/Sparx18"", ""title"": ""JB-Lighting Sparx 18 specifications"", ""locator"": ""Mechanical / electrical specifications and control; exact-model product gallery"", ""accessed_at"": ""2026-10-02"", ""source_kind"": ""manufacturer_product""}]}","[""https://www.jb-lighting.de/images/products/Sparx18/Sparx18_seitlich.png"", ""https://www.jb-lighting.de/images/products/Sparx18/Sparx18_Kopf_oben.png"", ""https://www.jb-lighting.de/images/products/Sparx18/Sparx18_von_hinten.png""]",researched,assets/fixtures/jb-lighting/sparx-18,assets/fixtures/jb-lighting/sparx-18/fixture.json,docs/08 Fixture Library/entries/jb-lighting/sparx-18.md,assets/fixtures/jb-lighting/sparx-18/models/fixture.blend,assets/fixtures/jb-lighting/sparx-18/models/fixture.usdz,assets/fixtures/jb-lighting/sparx-18/validation/usdz.json,high,2,assets/fixtures/jb-lighting/sparx-18/previews/three-quarter.png,assets/fixtures/jb-lighting/sparx-18/validation/detail.json,touring-dj-2026-10,validated,assets/fixtures/jb-lighting/sparx-18/validation/parity.json,lighting.moving.wash,"Source protocol list: DMX512, RDM, Art-Net, sACN, Kling-Net, CRMX",Lighting fixtures > Automated lighting > Wash,"[""pixel control""]",rigged_native_validated,assets/fixtures/jb-lighting/sparx-18/models/rig.json,2,apps/visionos/VenueVolume/FixtureAssets/Catalog/jb-lighting/sparx-18/fixture.usdz,,complete,,
Sparx 30,Sparx 30,JB-Lighting,moving light,pixel wash,https://www.jb-lighting.de/en/Sparx30,"{""protocols"": [""DMX512"", ""RDM"", ""Art-Net"", ""sACN"", ""Kling-Net"", ""CRMX""], ""dmx_channels"": [], ""power"": ""2200 VA max; 100–240 V 50/60 Hz"", ""weight"": ""28.4 kg"", ""notable"": ""61 RGBW 40 W LEDs; independently controlled inner/outer TwinZoom optics. Internal zoom mechanism and beam-shape accessory are not modeled."", ""source_urls"": [""https://www.jb-lighting.de/en/Sparx30""], ""dimensions"": {""width_m"": 0.53, ""height_m"": 0.628, ""depth_m"": 0.308, ""axis_status"": ""documented"", ""axis_note"": ""Manufacturer mechanical specifications; optical-forward neutral pose and detail proportions are image-informed estimates."", ""reference_pose"": ""Base level, optical axis forward; listed assembled envelope normalized to visualization neutral pose, not a swept movement envelope.""}, ""research_evidence"": [{""url"": ""https://www.jb-lighting.de/en/Sparx30"", ""title"": ""JB-Lighting Sparx 30 specifications"", ""locator"": ""Mechanical / electrical specifications and control; exact-model product gallery"", ""accessed_at"": ""2026-10-02"", ""source_kind"": ""manufacturer_product""}]}","[""https://www.jb-lighting.de/images/products/Sparx30/Sparx30_seitlich.png"", ""https://www.jb-lighting.de/images/products/Sparx30/Sparx30_nach_oben.png"", ""https://www.jb-lighting.de/images/products/Sparx30/Sparx30_Backside.png""]",researched,assets/fixtures/jb-lighting/sparx-30,assets/fixtures/jb-lighting/sparx-30/fixture.json,docs/08 Fixture Library/entries/jb-lighting/sparx-30.md,assets/fixtures/jb-lighting/sparx-30/models/fixture.blend,assets/fixtures/jb-lighting/sparx-30/models/fixture.usdz,assets/fixtures/jb-lighting/sparx-30/validation/usdz.json,high,2,assets/fixtures/jb-lighting/sparx-30/previews/three-quarter.png,assets/fixtures/jb-lighting/sparx-30/validation/detail.json,touring-dj-2026-10,validated,assets/fixtures/jb-lighting/sparx-30/validation/parity.json,lighting.moving.wash,"Source protocol list: DMX512, RDM, Art-Net, sACN, Kling-Net, CRMX",Lighting fixtures > Automated lighting > Wash,"[""pixel control""]",rigged_native_validated,assets/fixtures/jb-lighting/sparx-30/models/rig.json,2,apps/visionos/VenueVolume/FixtureAssets/Catalog/jb-lighting/sparx-30/fixture.usdz,,complete,,
Color Force II 12,CHCF212RGBA,Chroma-Q,LED wash,cyc / wash batten,https://chroma-q.com/products/color-force-ii-12,"{""protocols"": [""DMX512-A""], ""dmx_channels"": [], ""power"": ""133 W at 120/240 V; 100–240 V input"", ""weight"": ""5 kg"", ""notable"": ""Legacy black wired-DMX RGBA variant; IP20; separately controllable 76 mm color cells. Manual bracket focus only; optional diffusion and wireless variants not included."", ""source_urls"": [""https://chroma-q.com/products/color-force-ii-12""], ""dimensions"": {""width_m"": 0.335, ""height_m"": 0.218, ""depth_m"": 0.19, ""axis_status"": ""estimated"", ""axis_note"": ""Manufacturer mechanical specifications; optical-forward neutral pose and detail proportions are image-informed estimates."", ""reference_pose"": ""Base level, optical axis forward; listed assembled envelope normalized to visualization neutral pose, not a swept movement envelope.""}, ""research_evidence"": [{""url"": ""https://chroma-q.com/products/color-force-ii-12"", ""title"": ""Chroma-Q Color Force II 12 specifications"", ""locator"": ""Mechanical / electrical specifications and control; exact-model product gallery"", ""accessed_at"": ""2026-10-02"", ""source_kind"": ""manufacturer_product""}]}","[""https://chroma-q.com/media/cache/app_top_hero/72/d9/2051c3ed2e2fb2fd36db9cf034a1.jpeg""]",researched,assets/fixtures/chroma-q/color-force-ii-12,assets/fixtures/chroma-q/color-force-ii-12/fixture.json,docs/08 Fixture Library/entries/chroma-q/color-force-ii-12.md,assets/fixtures/chroma-q/color-force-ii-12/models/fixture.blend,assets/fixtures/chroma-q/color-force-ii-12/models/fixture.usdz,assets/fixtures/chroma-q/color-force-ii-12/validation/usdz.json,high,2,assets/fixtures/chroma-q/color-force-ii-12/previews/three-quarter.png,assets/fixtures/chroma-q/color-force-ii-12/validation/detail.json,touring-dj-2026-10,validated,assets/fixtures/chroma-q/color-force-ii-12/validation/parity.json,lighting.static.batten,Source protocol list: DMX512-A,Lighting fixtures > Static and manually focused > Linear batten / striplight,[],rigged_native_validated,assets/fixtures/chroma-q/color-force-ii-12/models/rig.json,1,apps/visionos/VenueVolume/FixtureAssets/Catalog/chroma-q/color-force-ii-12/fixture.usdz,,complete,,
Color Force II 48,CHCF248RGBA,Chroma-Q,LED wash,cyc / wash batten,https://chroma-q.com/products/color-force-ii-48,"{""protocols"": [""DMX512-A""], ""dmx_channels"": [], ""power"": ""533 W at 120/240 V; 100–240 V input"", ""weight"": ""18 kg"", ""notable"": ""Legacy black wired-DMX RGBA variant; IP20; separately controllable 76 mm color cells. Manual bracket focus only; optional diffusion and wireless variants not included."", ""source_urls"": [""https://chroma-q.com/products/color-force-ii-48""], ""dimensions"": {""width_m"": 1.181, ""height_m"": 0.191, ""depth_m"": 0.165, ""axis_status"": ""estimated"", ""axis_note"": ""Manufacturer mechanical specifications; optical-forward neutral pose and detail proportions are image-informed estimates."", ""reference_pose"": ""Base level, optical axis forward; listed assembled envelope normalized to visualization neutral pose, not a swept movement envelope.""}, ""research_evidence"": [{""url"": ""https://chroma-q.com/products/color-force-ii-48"", ""title"": ""Chroma-Q Color Force II 48 specifications"", ""locator"": ""Mechanical / electrical specifications and control; exact-model product gallery"", ""accessed_at"": ""2026-10-02"", ""source_kind"": ""manufacturer_product""}]}","[""https://chroma-q.com/media/cache/app_top_hero/12/cd/6788b53503465a4bbdbf64bb60ab.jpeg""]",researched,assets/fixtures/chroma-q/color-force-ii-48,assets/fixtures/chroma-q/color-force-ii-48/fixture.json,docs/08 Fixture Library/entries/chroma-q/color-force-ii-48.md,assets/fixtures/chroma-q/color-force-ii-48/models/fixture.blend,assets/fixtures/chroma-q/color-force-ii-48/models/fixture.usdz,assets/fixtures/chroma-q/color-force-ii-48/validation/usdz.json,high,2,assets/fixtures/chroma-q/color-force-ii-48/previews/three-quarter.png,assets/fixtures/chroma-q/color-force-ii-48/validation/detail.json,touring-dj-2026-10,validated,assets/fixtures/chroma-q/color-force-ii-48/validation/parity.json,lighting.static.batten,Source protocol list: DMX512-A,Lighting fixtures > Static and manually focused > Linear batten / striplight,[],rigged_native_validated,assets/fixtures/chroma-q/color-force-ii-48/models/rig.json,1,apps/visionos/VenueVolume/FixtureAssets/Catalog/chroma-q/color-force-ii-48/fixture.usdz,,complete,,
Color Force II 72,CHCF272RGBA,Chroma-Q,LED wash,cyc / wash batten,https://chroma-q.com/products/color-force-ii-72,"{""protocols"": [""DMX512-A""], ""dmx_channels"": [], ""power"": ""800 W at 120/240 V; 100–240 V input"", ""weight"": ""24 kg"", ""notable"": ""Legacy black wired-DMX RGBA variant; IP20; separately controllable 76 mm color cells. Manual bracket focus only; optional diffusion and wireless variants not included."", ""source_urls"": [""https://chroma-q.com/products/color-force-ii-72""], ""dimensions"": {""width_m"": 1.759, ""height_m"": 0.191, ""depth_m"": 0.165, ""axis_status"": ""estimated"", ""axis_note"": ""Manufacturer mechanical specifications; optical-forward neutral pose and detail proportions are image-informed estimates."", ""reference_pose"": ""Base level, optical axis forward; listed assembled envelope normalized to visualization neutral pose, not a swept movement envelope.""}, ""research_evidence"": [{""url"": ""https://chroma-q.com/products/color-force-ii-72"", ""title"": ""Chroma-Q Color Force II 72 specifications"", ""locator"": ""Mechanical / electrical specifications and control; exact-model product gallery"", ""accessed_at"": ""2026-10-02"", ""source_kind"": ""manufacturer_product""}]}","[""https://chroma-q.com/media/cache/app_top_hero/3c/3b/783a4f1fc7d01481a9a4fd10c7b6.jpeg""]",researched,assets/fixtures/chroma-q/color-force-ii-72,assets/fixtures/chroma-q/color-force-ii-72/fixture.json,docs/08 Fixture Library/entries/chroma-q/color-force-ii-72.md,assets/fixtures/chroma-q/color-force-ii-72/models/fixture.blend,assets/fixtures/chroma-q/color-force-ii-72/models/fixture.usdz,assets/fixtures/chroma-q/color-force-ii-72/validation/usdz.json,high,2,assets/fixtures/chroma-q/color-force-ii-72/previews/three-quarter.png,assets/fixtures/chroma-q/color-force-ii-72/validation/detail.json,touring-dj-2026-10,validated,assets/fixtures/chroma-q/color-force-ii-72/validation/parity.json,lighting.static.batten,Source protocol list: DMX512-A,Lighting fixtures > Static and manually focused > Linear batten / striplight,[],rigged_native_validated,assets/fixtures/chroma-q/color-force-ii-72/models/rig.json,1,apps/visionos/VenueVolume/FixtureAssets/Catalog/chroma-q/color-force-ii-72/fixture.usdz,,complete,,
Rivale Profile,Rivale Profile,Ayrton,moving light,IP65 profile,https://www.ayrton.eu/produit/rivale-profile/,"{""protocols"": [""DMX 512"", ""DMX-RDM"", ""ArtNet"", ""sACN""], ""dmx_channels"": [42, 65], ""power"": ""700 W maximum"", ""weight"": ""30.8 kg"", ""notable"": ""30,000 lm; 4°–52° zoom; 160 mm front lens; IP65; continuous pan and tilt rotation."", ""source_urls"": [""https://www.ayrton.eu/produit/rivale-profile/"", ""https://www.ayrton.eu/wp-content/uploads/2024/04/RivaleProfile-Specification-Sheet.pdf""], ""dimensions"": {""width_m"": 0.36, ""height_m"": 0.676, ""depth_m"": 0.316, ""axis_status"": ""documented"", ""axis_note"": ""Manufacturer technical specification lists product dimensions 360 x 676 x 316 mm (l x h x d); flight-case dimensions excluded."", ""reference_pose"": ""Manufacturer reference dimensions; fixture assembled.""}, ""research_evidence"": [{""url"": ""https://www.ayrton.eu/produit/rivale-profile/"", ""title"": ""Rivale Profile product page"", ""locator"": ""Performance, Control, Power Supply, Size and Weight; protocols, channel modes, dimensions and weight"", ""accessed_at"": ""2026-10-02"", ""source_kind"": ""manufacturer_product""}, {""url"": ""https://www.ayrton.eu/wp-content/uploads/2024/04/RivaleProfile-Specification-Sheet.pdf"", ""title"": ""Rivale Profile specification sheet"", ""locator"": ""Optics and performance; 4°–52°, 160 mm, 30,000 lm"", ""accessed_at"": ""2026-10-02"", ""source_kind"": ""manufacturer_manual""}]}","[""https://www.ayrton.eu/wp-content/uploads/2023/04/ayrton_plus_vignettes_rivalep-819x630.jpg""]",ready_for_visualization,assets/fixtures/ayrton/rivale-profile,assets/fixtures/ayrton/rivale-profile/fixture.json,docs/08 Fixture Library/entries/ayrton/rivale-profile.md,assets/fixtures/ayrton/rivale-profile/models/fixture.blend,assets/fixtures/ayrton/rivale-profile/models/fixture.usdz,assets/fixtures/ayrton/rivale-profile/validation/usdz.json,high,2,assets/fixtures/ayrton/rivale-profile/previews/three-quarter.png,assets/fixtures/ayrton/rivale-profile/validation/detail.json,touring-dj-2026-10,validated,assets/fixtures/ayrton/rivale-profile/validation/parity.json,lighting.moving.profile,"Source protocol list: DMX 512, DMX-RDM, ArtNet, sACN",Lighting fixtures > Automated lighting > Framing profile,"[""weather-rated variant""]",rigged_native_validated,assets/fixtures/ayrton/rivale-profile/models/rig.json,2,apps/visionos/VenueVolume/FixtureAssets/Catalog/ayrton/rivale-profile/fixture.usdz,,complete,,
Lonestar Prime,Lonestar Prime,High End Systems,moving light,"profile / framing spot, IP54",https://www.etcconnect.com/Lonestar-Prime/,"{""protocols"": [""DMX512""], ""dmx_channels"": [52], ""weight"": ""23.1 kg"", ""notable"": ""17,000 lm Bright White LED; 3.8°–55° zoom; full-curtain framing, 9 rotating and 10 fixed gobos, animation wheel, dual frost/prism; IP54."", ""source_urls"": [""https://www.etcconnect.com/Lonestar-Prime/"", ""https://www.etcconnect.com/WorkArea/DownloadAsset.aspx?id=10737520529""], ""dimensions"": {""width_m"": 0.35, ""height_m"": 0.584, ""depth_m"": 0.23, ""axis_status"": ""documented"", ""axis_note"": ""Manufacturer datasheet explicitly lists height 584 mm, width 350 mm and depth 230 mm; fixture excluding mounting hardware."", ""reference_pose"": ""Manufacturer overall envelope; moving head orientation not separately specified.""}, ""research_evidence"": [{""url"": ""https://www.etcconnect.com/Lonestar-Prime/"", ""title"": ""Lonestar Prime product page"", ""locator"": ""Features: 17,000 lm, IP54, CMY/CTO, framing, patterns and effect package"", ""accessed_at"": ""2026-10-02"", ""source_kind"": ""manufacturer_product""}, {""url"": ""https://www.etcconnect.com/WorkArea/DownloadAsset.aspx?id=10737520529"", ""title"": ""Lonestar Prime Datasheet, revision C, 2026-05"", ""locator"": ""Product Dimensions table; physical, optical, control sections; 584 × 350 × 230 mm, 23.1 kg; 52-channel mode"", ""accessed_at"": ""2026-10-02"", ""source_kind"": ""manufacturer_manual""}]}","[""https://www.etcconnect.com/uploadedImages/Main_Site/Images/Products/Live_Events/Lighting_Fixtures/Lonestar_Prime/LonestarPrime_547x400.jpg""]",researched,assets/fixtures/high-end-systems/lonestar-prime,assets/fixtures/high-end-systems/lonestar-prime/fixture.json,docs/08 Fixture Library/entries/high-end-systems/lonestar-prime.md,assets/fixtures/high-end-systems/lonestar-prime/models/fixture.blend,assets/fixtures/high-end-systems/lonestar-prime/models/fixture.usdz,assets/fixtures/high-end-systems/lonestar-prime/validation/usdz.json,high,2,assets/fixtures/high-end-systems/lonestar-prime/previews/three-quarter.png,assets/fixtures/high-end-systems/lonestar-prime/validation/detail.json,touring-dj-2026-10,validated,assets/fixtures/high-end-systems/lonestar-prime/validation/parity.json,lighting.moving.profile,Source protocol list: DMX512,Lighting fixtures > Automated lighting > Framing profile,[],rigged_native_validated,assets/fixtures/high-end-systems/lonestar-prime/models/rig.json,2,apps/visionos/VenueVolume/FixtureAssets/Catalog/high-end-systems/lonestar-prime/fixture.usdz,,complete,,
MAC One Beam,MAC One Beam,Martin Professional (HARMAN),moving light,beam / effect,https://www.martin.com/en-US/products/mac-one-beam,"{""protocols"": [""DMX"", ""Art-Net"", ""sACN"", ""Martin P3""], ""dmx_channels"": [19, 35, 107], ""power"": ""55 W maximum"", ""weight"": ""4.95 kg"", ""notable"": ""Laser illuminated light instrument; 7 million candela; 120 mm lens with individually controllable light guides."", ""source_urls"": [""https://www.martin.com/en-US/products/mac-one-beam""], ""dimensions"": {""width_m"": 0.254, ""height_m"": 0.35, ""depth_m"": 0.233, ""axis_status"": ""documented"", ""axis_note"": ""Manufacturer physical specs: base width 254 mm, maximum height 350 mm, head depth 233 mm. Across-yoke width is 226 mm; dimensions intentionally use base width and maximum vertical envelope."", ""reference_pose"": ""Maximum-height dimension with head forward; base level.""}, ""research_evidence"": [{""url"": ""https://www.martin.com/en-US/products/mac-one-beam"", ""title"": ""MAC One Beam product page"", ""locator"": ""Physical specs (width, height, depth, weight); Control (protocols, DMX modes/channels); Overview (120 mm light guides, 7 Mcd)"", ""accessed_at"": ""2026-10-02"", ""source_kind"": ""manufacturer_product""}]}","[""https://adn.harmanpro.com/productattachment/13642/product_attachment/x_large-e7dbe56ff717256b1331ad23914f76ad.webp""]",ready_for_visualization,assets/fixtures/martin-professional-harman/mac-one-beam,assets/fixtures/martin-professional-harman/mac-one-beam/fixture.json,docs/08 Fixture Library/entries/martin-professional-harman/mac-one-beam.md,assets/fixtures/martin-professional-harman/mac-one-beam/models/fixture.blend,assets/fixtures/martin-professional-harman/mac-one-beam/models/fixture.usdz,assets/fixtures/martin-professional-harman/mac-one-beam/validation/usdz.json,high,2,assets/fixtures/martin-professional-harman/mac-one-beam/previews/three-quarter.png,assets/fixtures/martin-professional-harman/mac-one-beam/validation/detail.json,touring-dj-2026-10,validated,assets/fixtures/martin-professional-harman/mac-one-beam/validation/parity.json,lighting.moving.beam,"Source protocol list: DMX, Art-Net, sACN, Martin P3",Lighting fixtures > Automated lighting > Beam,[],rigged_native_validated,assets/fixtures/martin-professional-harman/mac-one-beam/models/rig.json,2,apps/visionos/VenueVolume/FixtureAssets/Catalog/martin-professional-harman/mac-one-beam/fixture.usdz,,complete,,
LIGHTNING,STROBE 6 IP,ACME,strobe,pixel strobe / wash / beam array,https://en.acmelighting.com/item/LIGHTNING,"{""protocols"": [""DMX512"", ""RDM"", ""Art-Net"", ""sACN""], ""dmx_channels"": [10, 17, 24, 21, 26, 36, 41, 61, 150, 158], ""power"": ""1610 W"", ""weight"": ""13.3 kg"", ""notable"": ""240 RGBW LEDs in 30 sections and 30 cool-white pixel beam LEDs; Smart Glass electronic frost; IP66."", ""source_urls"": [""https://en.acmelighting.com/item/LIGHTNING""], ""dimensions"": {""width_m"": 0.483, ""height_m"": 0.224, ""depth_m"": 0.212, ""axis_status"": ""documented"", ""axis_note"": ""Manufacturer physical specs explicitly label width 483 mm, depth 212 mm, height 224 mm."", ""reference_pose"": ""Assembled fixture with yoke; universal working position.""}, ""research_evidence"": [{""url"": ""https://en.acmelighting.com/item/LIGHTNING"", ""title"": ""ACME LIGHTNING product specifications"", ""locator"": ""Technical Specification: source, control, effects, electrical and physical; 483 × 212 × 224 mm, 13.3 kg, 1610 W"", ""accessed_at"": ""2026-10-02"", ""source_kind"": ""manufacturer_product""}]}","[""https://en.acmelighting.com/upload/image/20250113/2dca5f7c2c24d4cefba4178a862171ec.png""]",ready_for_visualization,assets/fixtures/acme/lightning,assets/fixtures/acme/lightning/fixture.json,docs/08 Fixture Library/entries/acme/lightning.md,assets/fixtures/acme/lightning/models/fixture.blend,assets/fixtures/acme/lightning/models/fixture.usdz,assets/fixtures/acme/lightning/validation/usdz.json,high,2,assets/fixtures/acme/lightning/previews/three-quarter.png,assets/fixtures/acme/lightning/validation/detail.json,touring-dj-2026-10,validated,assets/fixtures/acme/lightning/validation/parity.json,lighting.effects.strobe,"Source protocol list: DMX512, RDM, Art-Net, sACN",Lighting fixtures > Visible and audience effects > Strobe,"[""strobe capable"", ""pixel control""]",rigged_native_validated,assets/fixtures/acme/lightning/models/rig.json,1,apps/visionos/VenueVolume/FixtureAssets/Catalog/acme/lightning/fixture.usdz,,complete,,
VL10 BeamWash,VL10 BeamWash,Vari-Lite,moving light,beam / wash effect,https://www.vari-lite.com/global/products/vl10-beamwash,"{""protocols"": [""DMX512""], ""dmx_channels"": [41], ""power"": ""752.4 W at 90 V / 60 Hz; 703.7 W at 230 V / 50 Hz"", ""weight"": ""33 kg"", ""notable"": ""28,000 lm; 2.2°–48° zoom, reduction to 0.7°; 180 mm front lens; 550 W 25R lamp; dual prisms, gobos and VL*FX animation wheel."", ""source_urls"": [""https://www.vari-lite.com/global/products/vl10-beamwash"", ""https://www.vari-lite.com/b-dam/vari-lite/products/vl10-beamwash/guides-and-manuals/VariLite_VL10_BeamWash_UserManual.pd-revised.pdf-%28final%29.pdf""], ""dimensions"": {""width_m"": 0.704, ""height_m"": 0.501, ""depth_m"": 0.32, ""axis_status"": ""estimated"", ""axis_note"": ""Manufacturer product page gives an unlabelled compact envelope of 704 x 501 x 320 mm; axis mapping to width, height and depth follows its product rendering and is an estimate."", ""reference_pose"": ""Assembled fixture; manufacturer product summary dimensions.""}, ""research_evidence"": [{""url"": ""https://www.vari-lite.com/global/products/vl10-beamwash"", ""title"": ""VL10 BeamWash product page"", ""locator"": ""Features and product summary: 28,000 lm, 33 kg, dimensions, lamp and optics"", ""accessed_at"": ""2026-10-02"", ""source_kind"": ""manufacturer_product""}, {""url"": ""https://www.vari-lite.com/b-dam/vari-lite/products/vl10-beamwash/guides-and-manuals/VariLite_VL10_BeamWash_UserManual.pd-revised.pdf-%28final%29.pdf"", ""title"": ""VL10 BeamWash User Manual"", ""locator"": ""Specification table: 41 DMX channels, 33.01 kg, power consumption by input voltage"", ""accessed_at"": ""2026-10-02"", ""source_kind"": ""manufacturer_manual""}]}","[""https://www.vari-lite.com/b-dam/vari-lite/products/vl10-beamwash/VLS_PRODUCTS_VL10FRONT_700x410px.jpg""]",researched,assets/fixtures/vari-lite/vl10-beamwash,assets/fixtures/vari-lite/vl10-beamwash/fixture.json,docs/08 Fixture Library/entries/vari-lite/vl10-beamwash.md,assets/fixtures/vari-lite/vl10-beamwash/models/fixture.blend,assets/fixtures/vari-lite/vl10-beamwash/models/fixture.usdz,assets/fixtures/vari-lite/vl10-beamwash/validation/usdz.json,high,2,assets/fixtures/vari-lite/vl10-beamwash/previews/three-quarter.png,assets/fixtures/vari-lite/vl10-beamwash/validation/detail.json,touring-dj-2026-10,validated,assets/fixtures/vari-lite/vl10-beamwash/validation/parity.json,lighting.moving.wash,Source protocol list: DMX512,Lighting fixtures > Automated lighting > Wash,[],rigged_native_validated,assets/fixtures/vari-lite/vl10-beamwash/models/rig.json,2,apps/visionos/VenueVolume/FixtureAssets/Catalog/vari-lite/vl10-beamwash/fixture.usdz,,complete,,
MAD MAXX,7992,GLP,moving light,fat beam / multisource effect,https://glp.de/en/products/entertainment-lighting/moving-lights/mad-maxx-en,"{""protocols"": [""DMX512-A"", ""RDM"", ""CRMX DMX/RDM"", ""Art-Net"", ""sACN"", ""GLP iQ.Mesh""], ""dmx_channels"": [15, 22, 70], ""power"": ""2,500 W max at 230 V"", ""weight"": ""208 kg (current product page); 195 kg (datasheet Rev. 2025-11-28)"", ""notable"": ""19 white-light LED beams; approx. 750 mm front lens/beam diameter; 1.6° fixed beam; 68,000 lm; three control modes."", ""source_urls"": [""https://glp.de/en/products/entertainment-lighting/moving-lights/mad-maxx-en"", ""https://glp.de/en/component/content/article/mad-maxx-cw-product-data"", ""https://glp.de/files/products/mad-maxx-cw-product-data/Mad-Maxx_Datasheet-Rev20251128.pdf""], ""dimensions"": {""width_m"": 1.043, ""height_m"": 1.057, ""depth_m"": 0.789, ""axis_status"": ""documented"", ""axis_note"": ""GLP product page lists width 1043 mm, height 1057 mm, depth 789 mm; with head straight up the alternate envelope is 1248 mm high and 528 mm deep."", ""reference_pose"": ""Manufacturer technical data baseline; head position as shown in the standard dimension view. Alternate head-straight-up extent recorded in axis note.""}, ""research_evidence"": [{""url"": ""https://glp.de/en/products/entertainment-lighting/moving-lights/mad-maxx-en"", ""title"": ""GLP MAD MAXX product page"", ""locator"": ""Technical Data: construction, dimensions, weight, power, motion and beam specs"", ""accessed_at"": ""2026-10-02"", ""source_kind"": ""manufacturer_product""}, {""url"": ""https://glp.de/en/component/content/article/mad-maxx-cw-product-data"", ""title"": ""GLP MAD MAXX CW Product Data"", ""locator"": ""Control modes/protocols, channel counts, LED source and dimensional table"", ""accessed_at"": ""2026-10-02"", ""source_kind"": ""manufacturer_product""}, {""url"": ""https://glp.de/files/products/mad-maxx-cw-product-data/Mad-Maxx_Datasheet-Rev20251128.pdf"", ""title"": ""GLP MAD MAXX datasheet Rev. 2025-11-28"", ""locator"": ""Dimensions & Weight: discrepancy with current product page (195 kg vs 208 kg)"", ""accessed_at"": ""2026-10-02"", ""source_kind"": ""manufacturer_manual""}]}","[""https://glp.de/images/products/MadMaxx/MadMaxx_Header.png""]",ready_for_visualization,assets/fixtures/glp/mad-maxx,assets/fixtures/glp/mad-maxx/fixture.json,docs/08 Fixture Library/entries/glp/mad-maxx.md,assets/fixtures/glp/mad-maxx/models/fixture.blend,assets/fixtures/glp/mad-maxx/models/fixture.usdz,assets/fixtures/glp/mad-maxx/validation/usdz.json,high,2,assets/fixtures/glp/mad-maxx/previews/three-quarter.png,assets/fixtures/glp/mad-maxx/validation/detail.json,touring-dj-2026-10,validated,assets/fixtures/glp/mad-maxx/validation/parity.json,lighting.moving.beam,"Source protocol list: DMX512-A, RDM, CRMX DMX/RDM, Art-Net, sACN, GLP iQ.Mesh",Lighting fixtures > Automated lighting > Beam,[],rigged_native_validated,assets/fixtures/glp/mad-maxx/models/rig.json,2,apps/visionos/VenueVolume/FixtureAssets/Catalog/glp/mad-maxx/fixture.usdz,,complete,,
Color Force 3 72,CQ1530-7200,Chroma-Q,LED wash,cyc / wash batten,https://chroma-q.com/products/color-force-3-72,"{""protocols"": [""DMX512-A"", ""Art-Net"", ""sACN"", ""RDM""], ""dmx_channels"": [], ""power"": ""1100 W; 100–240 V 50/60 Hz"", ""weight"": ""35 kg"", ""notable"": ""Black wired variant; 24 RGBA cells plus 48 SparQle LEDs; IP65; manual ±120° focus. Rectangular cells and two accent-pixel banks have separate geometry; detail proportions and pivot are estimated."", ""source_urls"": [""https://chroma-q.com/products/color-force-3-72""], ""dimensions"": {""width_m"": 1.785, ""height_m"": 0.215, ""depth_m"": 0.18, ""axis_status"": ""estimated"", ""axis_note"": ""Manufacturer mechanical specifications; optical-forward neutral pose and detail proportions are image-informed estimates."", ""reference_pose"": ""Base level, optical axis forward; listed assembled envelope normalized to visualization neutral pose, not a swept movement envelope.""}, ""research_evidence"": [{""url"": ""https://chroma-q.com/products/color-force-3-72"", ""title"": ""Chroma-Q Color Force 3 72 specifications"", ""locator"": ""Mechanical / electrical specifications and control; exact-model product gallery"", ""accessed_at"": ""2026-10-02"", ""source_kind"": ""manufacturer_product""}]}","[""https://chroma-q.com/media/cache/app_top_hero/1b/63/541e6aee1d2fc564aed8e47ae239.jpeg""]",researched,assets/fixtures/chroma-q/color-force-3-72,assets/fixtures/chroma-q/color-force-3-72/fixture.json,docs/08 Fixture Library/entries/chroma-q/color-force-3-72.md,assets/fixtures/chroma-q/color-force-3-72/models/fixture.blend,assets/fixtures/chroma-q/color-force-3-72/models/fixture.usdz,assets/fixtures/chroma-q/color-force-3-72/validation/usdz.json,high,2,assets/fixtures/chroma-q/color-force-3-72/previews/three-quarter.png,assets/fixtures/chroma-q/color-force-3-72/validation/detail.json,touring-dj-2026-10,validated,assets/fixtures/chroma-q/color-force-3-72/validation/parity.json,lighting.static.batten,"Source protocol list: DMX512-A, Art-Net, sACN, RDM",Lighting fixtures > Static and manually focused > Linear batten / striplight,[],rigged_native_validated,assets/fixtures/chroma-q/color-force-3-72/models/rig.json,1,apps/visionos/VenueVolume/FixtureAssets/Catalog/chroma-q/color-force-3-72/fixture.usdz,,complete,,
Hurricane Haze 2D,Hurricane Haze 2D,CHAUVET DJ,equipment,water-based haze machine,https://www.chauvetdj.com/wp-content/uploads/pdf/en/hurricane-haze-2d.pdf,"{""protocols"": [""DMX512""], ""dmx_channels"": [2], ""power"": ""533 W at 120 V"", ""weight"": ""8.5 kg"", ""notable"": ""Water-based haze, 1,200 cfm output, 2.5 L tank, 5 min warm-up, user-adjustable outlet angle."", ""source_urls"": [""https://www.chauvetdj.com/wp-content/uploads/pdf/en/hurricane-haze-2d.pdf"", ""https://www.chauvetdj.com/wp-content/uploads/2015/12/Hurricane_Haze_2D_UM_Rev12_WO-1.pdf""], ""dimensions"": {""width_m"": 0.285, ""height_m"": 0.35, ""depth_m"": 0.267, ""axis_status"": ""documented"", ""axis_note"": ""Manufacturer size 285 x 267 x 350 mm; mapped width x depth x height."", ""reference_pose"": ""Machine level on feet, output aimed horizontally.""}, ""research_evidence"": [{""url"": ""https://www.chauvetdj.com/wp-content/uploads/pdf/en/hurricane-haze-2d.pdf"", ""title"": ""Hurricane Haze 2D official specification sheet"", ""locator"": ""Highlights and specifications: 2 DMX channels, output, dimensions, weight, power and tank"", ""accessed_at"": ""2026-10-02"", ""source_kind"": ""manufacturer_manual""}]}","[""https://www.chauvetdj.com/wp-content/uploads/2015/12/hurricane-haze-2d-cat.jpg""]",researched,assets/fixtures/chauvet-dj/hurricane-haze-2d,assets/fixtures/chauvet-dj/hurricane-haze-2d/fixture.json,docs/08 Fixture Library/entries/chauvet-dj/hurricane-haze-2d.md,assets/fixtures/chauvet-dj/hurricane-haze-2d/models/fixture.blend,assets/fixtures/chauvet-dj/hurricane-haze-2d/models/fixture.usdz,assets/fixtures/chauvet-dj/hurricane-haze-2d/validation/usdz.json,high,2,assets/fixtures/chauvet-dj/hurricane-haze-2d/previews/three-quarter.png,assets/fixtures/chauvet-dj/hurricane-haze-2d/validation/detail.json,touring-dj-2026-10,validated,assets/fixtures/chauvet-dj/hurricane-haze-2d/validation/parity.json,atmosphere.haze_water,Source protocol list: DMX512,Atmosphere and air movement > Water-based hazer / fazer,[],static_native_validated,assets/fixtures/chauvet-dj/hurricane-haze-2d/models/rig.json,0,apps/visionos/VenueVolume/FixtureAssets/Catalog/chauvet-dj/hurricane-haze-2d/fixture.usdz,,complete,,
Intimidator Spot 375ZX,Intimidator Spot 375ZX,CHAUVET DJ,moving light,LED spot,https://www.chauvetdj.com/products/intimidator-spot-375zx/,"{""protocols"": [""DMX512""], ""dmx_channels"": [9, 15], ""power"": ""354 W at 120 V; 337 W at 230 V"", ""weight"": ""12.4 kg"", ""notable"": ""200 W LED, 10–23° motorized zoom, motorized focus, rotating gobos and dual prisms."", ""source_urls"": [""https://www.chauvetdj.com/products/intimidator-spot-375zx/""], ""dimensions"": {""width_m"": 0.322, ""height_m"": 0.466, ""depth_m"": 0.22, ""axis_status"": ""documented"", ""axis_note"": ""Manufacturer size 322 x 220 x 466 mm; mapped width x depth x height."", ""reference_pose"": ""Base level, head vertical per product dimensional listing.""}, ""research_evidence"": [{""url"": ""https://www.chauvetdj.com/products/intimidator-spot-375zx/"", ""title"": ""Intimidator Spot 375ZX product page"", ""locator"": ""Specifications and downloads; 9/15 DMX channels, electrical, dimensions, mass and optics"", ""accessed_at"": ""2026-10-02"", ""source_kind"": ""manufacturer_product""}]}","[""https://www.chauvetdj.com/wp-content/uploads/2022/10/INTIMIDATOR-375ZX-FRONT-OFF.jpg""]",researched,assets/fixtures/chauvet-dj/intimidator-spot-375zx,assets/fixtures/chauvet-dj/intimidator-spot-375zx/fixture.json,docs/08 Fixture Library/entries/chauvet-dj/intimidator-spot-375zx.md,assets/fixtures/chauvet-dj/intimidator-spot-375zx/models/fixture.blend,assets/fixtures/chauvet-dj/intimidator-spot-375zx/models/fixture.usdz,assets/fixtures/chauvet-dj/intimidator-spot-375zx/validation/usdz.json,high,2,assets/fixtures/chauvet-dj/intimidator-spot-375zx/previews/three-quarter.png,assets/fixtures/chauvet-dj/intimidator-spot-375zx/validation/detail.json,touring-dj-2026-10,validated,assets/fixtures/chauvet-dj/intimidator-spot-375zx/validation/parity.json,lighting.moving.spot,Source protocol list: DMX512,Lighting fixtures > Automated lighting > Spot / gobo projector,[],rigged_native_validated,assets/fixtures/chauvet-dj/intimidator-spot-375zx/models/rig.json,2,apps/visionos/VenueVolume/FixtureAssets/Catalog/chauvet-dj/intimidator-spot-375zx/fixture.usdz,,complete,,
Stealth Spot,Stealth Spot,Eliminator Lighting,moving light,LED spot,https://www.eliminatorlighting.com/products/stealth-spot,"{""protocols"": [""DMX512""], ""dmx_channels"": [5, 15], ""power"": ""90 W"", ""weight"": ""4.6 kg"", ""notable"": ""60 W white LED; 13° beam, motorized focus, rotating gobos, 3-facet prism; 540° pan / 210° tilt."", ""source_urls"": [""https://www.eliminatorlighting.com/products/stealth-spot""], ""dimensions"": {""width_m"": 0.17, ""height_m"": 0.355, ""depth_m"": 0.239, ""axis_status"": ""documented"", ""axis_note"": ""Manufacturer lists 239 x 170 x 355 mm, L x W x H."", ""reference_pose"": ""Assembled head upright; base level.""}, ""research_evidence"": [{""url"": ""https://www.eliminatorlighting.com/products/stealth-spot"", ""title"": ""Stealth Spot product page"", ""locator"": ""Specifications: 5/15 DMX channels, source, effects, dimensions and weight"", ""accessed_at"": ""2026-10-02"", ""source_kind"": ""manufacturer_product""}]}","[""https://www.eliminatorlighting.com/cdn/shop/files/e9cc2f1941b7f92d0f54e5119f2fa3af2a1ff5df_STEALTH_SPOT__IMG__001__bdb2c102a9b5.jpg?v=1777055789&width=2048""]",researched,assets/fixtures/eliminator-lighting/stealth-spot,assets/fixtures/eliminator-lighting/stealth-spot/fixture.json,docs/08 Fixture Library/entries/eliminator-lighting/stealth-spot.md,assets/fixtures/eliminator-lighting/stealth-spot/models/fixture.blend,assets/fixtures/eliminator-lighting/stealth-spot/models/fixture.usdz,assets/fixtures/eliminator-lighting/stealth-spot/validation/usdz.json,high,2,assets/fixtures/eliminator-lighting/stealth-spot/previews/three-quarter.png,assets/fixtures/eliminator-lighting/stealth-spot/validation/detail.json,touring-dj-2026-10,validated,assets/fixtures/eliminator-lighting/stealth-spot/validation/parity.json,lighting.moving.spot,Source protocol list: DMX512,Lighting fixtures > Automated lighting > Spot / gobo projector,[],rigged_native_validated,assets/fixtures/eliminator-lighting/stealth-spot/models/rig.json,2,apps/visionos/VenueVolume/FixtureAssets/Catalog/eliminator-lighting/stealth-spot/fixture.usdz,,complete,,
Intimidator Wash Zoom 450 IRC,Intimidator Wash Zoom 450 IRC,CHAUVET DJ,moving light,RGBW zoom wash,https://www.chauvetdj.com/products/intimidator-wash-zoom-450-irc/,"{""protocols"": [""DMX512""], ""dmx_channels"": [14, 29], ""power"": ""219 W at 120 V; 207 W at 230 V"", ""weight"": ""7.2 kg"", ""notable"": ""12 x 20 W RGBW emitters, 7–34° motorized zoom, Totem floor mode; optional IRC-6 remote is non-DMX."", ""source_urls"": [""https://www.chauvetdj.com/products/intimidator-wash-zoom-450-irc/""], ""dimensions"": {""width_m"": 0.194, ""height_m"": 0.363, ""depth_m"": 0.277, ""axis_status"": ""documented"", ""axis_note"": ""Manufacturer size 194 x 277 x 363 mm; mapped width x depth x height."", ""reference_pose"": ""Base level, head vertical; assembled fixture.""}, ""research_evidence"": [{""url"": ""https://www.chauvetdj.com/products/intimidator-wash-zoom-450-irc/"", ""title"": ""Intimidator Wash Zoom 450 IRC product page"", ""locator"": ""Specifications: DMX, source, zoom, power, dimensions and weight"", ""accessed_at"": ""2026-10-02"", ""source_kind"": ""manufacturer_product""}]}","[""https://www.chauvetdj.com/wp-content/uploads/2016/01/cat-Intimidator-Wash-Zoom-450-IRC.jpg""]",researched,assets/fixtures/chauvet-dj/intimidator-wash-zoom-450-irc,assets/fixtures/chauvet-dj/intimidator-wash-zoom-450-irc/fixture.json,docs/08 Fixture Library/entries/chauvet-dj/intimidator-wash-zoom-450-irc.md,assets/fixtures/chauvet-dj/intimidator-wash-zoom-450-irc/models/fixture.blend,assets/fixtures/chauvet-dj/intimidator-wash-zoom-450-irc/models/fixture.usdz,assets/fixtures/chauvet-dj/intimidator-wash-zoom-450-irc/validation/usdz.json,high,2,assets/fixtures/chauvet-dj/intimidator-wash-zoom-450-irc/previews/three-quarter.png,assets/fixtures/chauvet-dj/intimidator-wash-zoom-450-irc/validation/detail.json,touring-dj-2026-10,validated,assets/fixtures/chauvet-dj/intimidator-wash-zoom-450-irc/validation/parity.json,lighting.moving.wash,Source protocol list: DMX512,Lighting fixtures > Automated lighting > Wash,[],rigged_native_validated,assets/fixtures/chauvet-dj/intimidator-wash-zoom-450-irc/models/rig.json,2,apps/visionos/VenueVolume/FixtureAssets/Catalog/chauvet-dj/intimidator-wash-zoom-450-irc/fixture.usdz,,complete,,
LED Beam & Spot Moving Head 150W,SHE-NLEDB150W-BPUS,SHEHDS,moving light,LED beam / spot,https://shehds.com/products/new-arrival-led-beam-150w-good-moving-head-lighting,"{""protocols"": [""DMX512""], ""dmx_channels"": [16], ""power"": ""150 W"", ""weight"": ""8.35 kg"", ""notable"": ""2.2° beam, 12 colors plus open, 13 gobos plus open, rotating 8/20-face prism; 540° pan / 190° tilt."", ""source_urls"": [""https://shehds.com/products/new-arrival-led-beam-150w-good-moving-head-lighting"", ""https://shehds.com/cdn/shop/files/f7d7c897f798fc44c391847188c3ac79.jpg?v=1752917692&width=416""], ""dimensions"": {""width_m"": 0.27, ""height_m"": 0.42, ""depth_m"": 0.18, ""axis_status"": ""documented"", ""axis_note"": ""Official product-size image labels 27 cm head width, 18 cm side depth and 42 cm assembled overall height."", ""reference_pose"": ""Base level, head upright, per official product-size image.""}, ""research_evidence"": [{""url"": ""https://shehds.com/products/new-arrival-led-beam-150w-good-moving-head-lighting"", ""title"": ""SHEHDS 150W LED Beam & Spot product page"", ""locator"": ""Technical Parameters: 16-channel DMX, movement, optics and unit weight"", ""accessed_at"": ""2026-10-02"", ""source_kind"": ""manufacturer_product""}, {""url"": ""https://shehds.com/cdn/shop/files/f7d7c897f798fc44c391847188c3ac79.jpg?v=1752917692&width=416"", ""title"": ""SHEHDS 150W product-size image"", ""locator"": ""Labeled assembled dimensions: head width 27 cm, side depth 18 cm, overall height 42 cm"", ""accessed_at"": ""2026-10-02"", ""source_kind"": ""manufacturer_asset""}]}","[""https://shehds.com/cdn/shop/files/MG_4008_f7139f4f-c15c-4bf7-babd-4e14fb86c8e1.jpg?v=1752917692&width=416""]",researched,assets/fixtures/shehds/led-beam-spot-moving-head-150w,assets/fixtures/shehds/led-beam-spot-moving-head-150w/fixture.json,docs/08 Fixture Library/entries/shehds/led-beam-spot-moving-head-150w.md,assets/fixtures/shehds/led-beam-spot-moving-head-150w/models/fixture.blend,assets/fixtures/shehds/led-beam-spot-moving-head-150w/models/fixture.usdz,assets/fixtures/shehds/led-beam-spot-moving-head-150w/validation/usdz.json,high,2,assets/fixtures/shehds/led-beam-spot-moving-head-150w/previews/three-quarter.png,assets/fixtures/shehds/led-beam-spot-moving-head-150w/validation/detail.json,touring-dj-2026-10,validated,assets/fixtures/shehds/led-beam-spot-moving-head-150w/validation/parity.json,lighting.moving.beam,Source protocol list: DMX512,Lighting fixtures > Automated lighting > Beam,[],rigged_native_validated,assets/fixtures/shehds/led-beam-spot-moving-head-150w/models/rig.json,2,apps/visionos/VenueVolume/FixtureAssets/Catalog/shehds/led-beam-spot-moving-head-150w/fixture.usdz,,complete,,
Intimidator Spot 360X,Intimidator Spot 360X,CHAUVET DJ,moving light,LED spot,https://www.chauvetdj.com/products/intimidator-spot-360x/,"{""protocols"": [""DMX512""], ""dmx_channels"": [8, 14], ""power"": ""217 W at 120 V; 211 W at 230 V"", ""weight"": ""11.4 kg"", ""notable"": ""100 W LED, manual zoom 12–17°, dual rotating prisms, rotating gobos, Totem mode."", ""source_urls"": [""https://www.chauvetdj.com/products/intimidator-spot-360x/"", ""https://www.chauvetdj.com/wp-content/uploads/2022/10/Intimidator-Spot-360X_UM_Rev1.pdf""], ""dimensions"": {""width_m"": 0.322, ""height_m"": 0.423, ""depth_m"": 0.22, ""axis_status"": ""documented"", ""axis_note"": ""Official listing gives 322 x 220 x 423 mm; manual drawing dimensions were also checked and show compatible head-up envelope."", ""reference_pose"": ""Base level, head upright; manual dimension figure indicates head upright.""}, ""research_evidence"": [{""url"": ""https://www.chauvetdj.com/products/intimidator-spot-360x/"", ""title"": ""Intimidator Spot 360X product page"", ""locator"": ""Specifications: 8/14 DMX, source, optical system, power, weight and dimensions"", ""accessed_at"": ""2026-10-02"", ""source_kind"": ""manufacturer_product""}, {""url"": ""https://www.chauvetdj.com/wp-content/uploads/2022/10/Intimidator-Spot-360X_UM_Rev1.pdf"", ""title"": ""Intimidator Spot 360X User Manual Rev. 1"", ""locator"": ""Product Dimensions figure; technical specifications"", ""accessed_at"": ""2026-10-02"", ""source_kind"": ""manufacturer_manual""}]}","[""https://www.chauvetdj.com/wp-content/uploads/2022/10/INTIMIDATOR-360X-FRONT-OFF.jpg""]",researched,assets/fixtures/chauvet-dj/intimidator-spot-360x,assets/fixtures/chauvet-dj/intimidator-spot-360x/fixture.json,docs/08 Fixture Library/entries/chauvet-dj/intimidator-spot-360x.md,assets/fixtures/chauvet-dj/intimidator-spot-360x/models/fixture.blend,assets/fixtures/chauvet-dj/intimidator-spot-360x/models/fixture.usdz,assets/fixtures/chauvet-dj/intimidator-spot-360x/validation/usdz.json,high,2,assets/fixtures/chauvet-dj/intimidator-spot-360x/previews/three-quarter.png,assets/fixtures/chauvet-dj/intimidator-spot-360x/validation/detail.json,touring-dj-2026-10,validated,assets/fixtures/chauvet-dj/intimidator-spot-360x/validation/parity.json,lighting.moving.spot,Source protocol list: DMX512,Lighting fixtures > Automated lighting > Spot / gobo projector,[],rigged_native_validated,assets/fixtures/chauvet-dj/intimidator-spot-360x/models/rig.json,2,apps/visionos/VenueVolume/FixtureAssets/Catalog/chauvet-dj/intimidator-spot-360x/fixture.usdz,,complete,,
Intimidator Spot 475ZX,08011956,CHAUVET DJ,moving light,LED spot,https://www.chauvetdj.com/products/intimidator-spot-475zx/,"{""protocols"": [""DMX512""], ""dmx_channels"": [10, 16], ""power"": ""378 W at 120 V; 372 W at 230 V"", ""weight"": ""16.5 kg"", ""notable"": ""250 W cool-white LED; 13–28° motorized zoom, dual prisms, gobo wheel and 540°/270° pan/tilt."", ""source_urls"": [""https://www.chauvetdj.com/products/intimidator-spot-475zx/"", ""https://www.chauvetdj.com/wp-content/uploads/2022/10/Intimidator-Spot-475ZX_UM_Rev1.pdf""], ""dimensions"": {""width_m"": 0.363, ""height_m"": 0.531, ""depth_m"": 0.25, ""axis_status"": ""documented"", ""axis_note"": ""Manual lists length 363 mm, width 250 mm, height 531 mm."", ""reference_pose"": ""Assembled, base level, head vertical.""}, ""research_evidence"": [{""url"": ""https://www.chauvetdj.com/wp-content/uploads/pdf/en/intimidator-spot-475zx.pdf"", ""title"": ""Intimidator Spot 475ZX official specification sheet"", ""locator"": ""Specifications: DMX modes, electrical, weight, dimensions and effects"", ""accessed_at"": ""2026-10-02"", ""source_kind"": ""manufacturer_manual""}, {""url"": ""https://www.chauvetdj.com/wp-content/uploads/2022/10/Intimidator-Spot-475ZX_UM_Rev1.pdf"", ""title"": ""Intimidator Spot 475ZX User Manual Rev. 1"", ""locator"": ""Technical Specifications: dimensions, power and DMX"", ""accessed_at"": ""2026-10-02"", ""source_kind"": ""manufacturer_manual""}]}","[""https://www.chauvetdj.com/wp-content/uploads/2022/10/INTIMIDATOR-475ZX-FRONT-OFF.jpg""]",researched,assets/fixtures/chauvet-dj/intimidator-spot-475zx,assets/fixtures/chauvet-dj/intimidator-spot-475zx/fixture.json,docs/08 Fixture Library/entries/chauvet-dj/intimidator-spot-475zx.md,assets/fixtures/chauvet-dj/intimidator-spot-475zx/models/fixture.blend,assets/fixtures/chauvet-dj/intimidator-spot-475zx/models/fixture.usdz,assets/fixtures/chauvet-dj/intimidator-spot-475zx/validation/usdz.json,high,2,assets/fixtures/chauvet-dj/intimidator-spot-475zx/previews/three-quarter.png,assets/fixtures/chauvet-dj/intimidator-spot-475zx/validation/detail.json,touring-dj-2026-10,validated,assets/fixtures/chauvet-dj/intimidator-spot-475zx/validation/parity.json,lighting.moving.spot,Source protocol list: DMX512,Lighting fixtures > Automated lighting > Spot / gobo projector,[],rigged_native_validated,assets/fixtures/chauvet-dj/intimidator-spot-475zx/models/rig.json,2,apps/visionos/VenueVolume/FixtureAssets/Catalog/chauvet-dj/intimidator-spot-475zx/fixture.usdz,,complete,,
Sentinel Wash Q120,Sentinel Wash Q120,CHAUVET DJ,moving light,RGBW Fresnel wash,https://www.chauvetdj.com/products/sentinel-wash-q120/,"{""protocols"": [""DMX512""], ""dmx_channels"": [10, 14], ""power"": ""152 W at 120 V; 148 W at 230 V"", ""weight"": ""3.5 kg"", ""notable"": ""120 W RGBW LED and 16° Fresnel coverage; USB-C software update port; compact party/event moving wash."", ""source_urls"": [""https://www.chauvetdj.com/products/sentinel-wash-q120/"", ""https://www.chauvetdj.com/wp-content/uploads/pdf/en/sentinel-wash-q120.pdf""], ""dimensions"": {""width_m"": 0.219, ""height_m"": 0.296, ""depth_m"": 0.143, ""axis_status"": ""documented"", ""axis_note"": ""Manufacturer size 219 x 143 x 296 mm; mapped width x depth x height."", ""reference_pose"": ""Base level, head upright; assembled with hanging bracket.""}, ""research_evidence"": [{""url"": ""https://www.chauvetdj.com/products/sentinel-wash-q120/"", ""title"": ""Sentinel Wash Q120 product page"", ""locator"": ""Specifications: 10/14 DMX modes, source, size, mass and electrical"", ""accessed_at"": ""2026-10-02"", ""source_kind"": ""manufacturer_product""}, {""url"": ""https://www.chauvetdj.com/wp-content/uploads/pdf/en/sentinel-wash-q120.pdf"", ""title"": ""Sentinel Wash Q120 official specification sheet"", ""locator"": ""Specifications table"", ""accessed_at"": ""2026-10-02"", ""source_kind"": ""manufacturer_manual""}]}","[""https://www.chauvetdj.com/wp-content/uploads/2026/04/SENTINEL-WASH-Q120-FRONT-OFF-FEATURE.png""]",researched,assets/fixtures/chauvet-dj/sentinel-wash-q120,assets/fixtures/chauvet-dj/sentinel-wash-q120/fixture.json,docs/08 Fixture Library/entries/chauvet-dj/sentinel-wash-q120.md,assets/fixtures/chauvet-dj/sentinel-wash-q120/models/fixture.blend,assets/fixtures/chauvet-dj/sentinel-wash-q120/models/fixture.usdz,assets/fixtures/chauvet-dj/sentinel-wash-q120/validation/usdz.json,high,2,assets/fixtures/chauvet-dj/sentinel-wash-q120/previews/three-quarter.png,assets/fixtures/chauvet-dj/sentinel-wash-q120/validation/detail.json,touring-dj-2026-10,validated,assets/fixtures/chauvet-dj/sentinel-wash-q120/validation/parity.json,lighting.moving.wash,Source protocol list: DMX512,Lighting fixtures > Automated lighting > Wash,[],rigged_native_validated,assets/fixtures/chauvet-dj/sentinel-wash-q120/models/rig.json,2,apps/visionos/VenueVolume/FixtureAssets/Catalog/chauvet-dj/sentinel-wash-q120/fixture.usdz,,complete,,
LED TMH-S30 Moving-Head Spot,51786070,Eurolite,moving light,compact LED spot,https://www.steinigke.de/mpn51786070-eurolite-led-tmh-s30-moving-head-spot.html,"{""protocols"": [""DMX512""], ""dmx_channels"": [10, 12], ""power"": ""45 W"", ""weight"": ""3.03 kg"", ""notable"": ""30 W COB white LED, 8° beam, rotating 7-gobo wheel, 540° pan / 170° tilt; optional CRMX, W-DMX or QuickDMX via USB."", ""source_urls"": [""https://www.steinigke.de/mpn51786070-eurolite-led-tmh-s30-moving-head-spot.html"", ""https://www.steinigke.de/download/Move-Magazine-2-2020-E_00131465.pdf""], ""dimensions"": {""width_m"": 0.17, ""height_m"": 0.24, ""depth_m"": 0.15, ""axis_status"": ""documented"", ""axis_note"": ""Steinigke product specification explicitly gives width 17.0 cm, height 24.0 cm, depth 15.0 cm."", ""reference_pose"": ""Compact head and base assembled; main product pose, base level.""}, ""research_evidence"": [{""url"": ""https://www.steinigke.de/mpn51786070-eurolite-led-tmh-s30-moving-head-spot.html"", ""title"": ""Eurolite LED TMH-S30 official product page"", ""locator"": ""Technical specifications: control/modes, 45 W, W/H/D, 3.03 kg; image gallery; DMX support files"", ""accessed_at"": ""2026-10-02"", ""source_kind"": ""manufacturer_product""}, {""url"": ""https://www.steinigke.de/download/Move-Magazine-2-2020-E_00131465.pdf"", ""title"": ""Steinigke MOVE Magazine 2/2020"", ""locator"": ""Page 60: model technical specification and 10/12-channel DMX"", ""accessed_at"": ""2026-10-02"", ""source_kind"": ""manufacturer_manual""}]}","[""https://media.steinigke.de/images/7640p/86/51786070a.webp""]",researched,assets/fixtures/eurolite/led-tmh-s30-moving-head-spot,assets/fixtures/eurolite/led-tmh-s30-moving-head-spot/fixture.json,docs/08 Fixture Library/entries/eurolite/led-tmh-s30-moving-head-spot.md,assets/fixtures/eurolite/led-tmh-s30-moving-head-spot/models/fixture.blend,assets/fixtures/eurolite/led-tmh-s30-moving-head-spot/models/fixture.usdz,assets/fixtures/eurolite/led-tmh-s30-moving-head-spot/validation/usdz.json,high,2,assets/fixtures/eurolite/led-tmh-s30-moving-head-spot/previews/three-quarter.png,assets/fixtures/eurolite/led-tmh-s30-moving-head-spot/validation/detail.json,touring-dj-2026-10,validated,assets/fixtures/eurolite/led-tmh-s30-moving-head-spot/validation/parity.json,lighting.moving.spot,Source protocol list: DMX512,Lighting fixtures > Automated lighting > Spot / gobo projector,[],rigged_native_validated,assets/fixtures/eurolite/led-tmh-s30-moving-head-spot/models/rig.json,2,apps/visionos/VenueVolume/FixtureAssets/Catalog/eurolite/led-tmh-s30-moving-head-spot/fixture.usdz,,complete,,
G-7 Spot,G-7 Spot,SGM,moving light,framing profile,https://www.sgmlighting.com/products/architecture/g%C2%B77-spot,"{""protocols"": [""DMX512-A"", ""RDM"", ""CRMX"", ""W-DMX""], ""dmx_channels"": [22, 29], ""power"": ""480 W max"", ""weight"": ""27 kg"", ""notable"": ""Legacy standard touring-base variant, not POI; manufacturer physical table 433 L × 622 H × 370 W mm. 22/29 channel modes; optics and output remain illustrative."", ""source_urls"": [""https://www.sgmlighting.com/products/architecture/g%C2%B77-spot""], ""dimensions"": {""width_m"": 0.37, ""height_m"": 0.622, ""depth_m"": 0.433, ""axis_status"": ""documented"", ""axis_note"": ""Manufacturer mechanical specifications; optical-forward neutral pose and detail proportions are image-informed estimates."", ""reference_pose"": ""Base level, optical axis forward; listed assembled envelope normalized to visualization neutral pose, not a swept movement envelope.""}, ""research_evidence"": [{""url"": ""https://www.sgmlighting.com/products/architecture/g%C2%B77-spot"", ""title"": ""SGM G-7 Spot specifications"", ""locator"": ""Mechanical / electrical specifications and control; exact-model product gallery"", ""accessed_at"": ""2026-10-02"", ""source_kind"": ""manufacturer_product""}]}","[""https://www.sgmlighting.com/files/images/perfion/G7Spot_STD_Discontinued%20Products.png""]",ready_for_visualization,assets/fixtures/sgm/g-7-spot,assets/fixtures/sgm/g-7-spot/fixture.json,docs/08 Fixture Library/entries/sgm/g-7-spot.md,assets/fixtures/sgm/g-7-spot/models/fixture.blend,assets/fixtures/sgm/g-7-spot/models/fixture.usdz,assets/fixtures/sgm/g-7-spot/validation/usdz.json,high,2,assets/fixtures/sgm/g-7-spot/previews/three-quarter.png,assets/fixtures/sgm/g-7-spot/validation/detail.json,touring-dj-2026-10,validated,assets/fixtures/sgm/g-7-spot/validation/parity.json,lighting.moving.profile,"Source protocol list: DMX512-A, RDM, CRMX, W-DMX",Lighting fixtures > Automated lighting > Framing profile,[],rigged_native_validated,assets/fixtures/sgm/g-7-spot/models/rig.json,2,apps/visionos/VenueVolume/FixtureAssets/Catalog/sgm/g-7-spot/fixture.usdz,,complete,,
G-4 Wash,G-4 Wash,SGM,moving light,pixel wash,https://www.sgmlighting.com/products/g%C2%B74-wash,"{""protocols"": [""DMX512-A"", ""RDM"", ""CRMX"", ""W-DMX""], ""dmx_channels"": [18], ""power"": ""250 W max; 100–240 V 50/60 Hz"", ""weight"": ""10 kg"", ""notable"": ""Legacy IP65 RGBAM Fresnel wash; 220° tilt and endless pan; physical 219 L × 465 H × 255 W mm. Preview uses illustrative travel, not a manufacturer control personality."", ""source_urls"": [""https://www.sgmlighting.com/products/g%C2%B74-wash""], ""dimensions"": {""width_m"": 0.255, ""height_m"": 0.465, ""depth_m"": 0.219, ""axis_status"": ""documented"", ""axis_note"": ""Manufacturer mechanical specifications; optical-forward neutral pose and detail proportions are image-informed estimates."", ""reference_pose"": ""Base level, optical axis forward; listed assembled envelope normalized to visualization neutral pose, not a swept movement envelope.""}, ""research_evidence"": [{""url"": ""https://www.sgmlighting.com/products/g%C2%B74-wash"", ""title"": ""SGM G-4 Wash specifications"", ""locator"": ""Mechanical / electrical specifications and control; exact-model product gallery"", ""accessed_at"": ""2026-10-02"", ""source_kind"": ""manufacturer_product""}]}","[""https://www.sgmlighting.com/files/images/perfion/G4%20Wash_STD-Discontinued%20Products.png""]",ready_for_visualization,assets/fixtures/sgm/g-4-wash,assets/fixtures/sgm/g-4-wash/fixture.json,docs/08 Fixture Library/entries/sgm/g-4-wash.md,assets/fixtures/sgm/g-4-wash/models/fixture.blend,assets/fixtures/sgm/g-4-wash/models/fixture.usdz,assets/fixtures/sgm/g-4-wash/validation/usdz.json,high,2,assets/fixtures/sgm/g-4-wash/previews/three-quarter.png,assets/fixtures/sgm/g-4-wash/validation/detail.json,touring-dj-2026-10,validated,assets/fixtures/sgm/g-4-wash/validation/parity.json,lighting.moving.wash,"Source protocol list: DMX512-A, RDM, CRMX, W-DMX",Lighting fixtures > Automated lighting > Wash,"[""pixel control""]",rigged_native_validated,assets/fixtures/sgm/g-4-wash/models/rig.json,2,apps/visionos/VenueVolume/FixtureAssets/Catalog/sgm/g-4-wash/fixture.usdz,,complete,,
Stealth Beam,STEALTH BEAM,Eliminator Lighting,moving light,RGBW ACL beam,https://www.eliminatorlighting.com/products/stealth-beam,"{""protocols"": [""DMX512""], ""dmx_channels"": [5, 17], ""power"": ""75 W"", ""weight"": ""3.8 kg"", ""notable"": ""60 W RGBW LED and ACL optic; continuous pan, 270° tilt, 11° beam."", ""source_urls"": [""https://www.eliminatorlighting.com/products/stealth-beam""], ""dimensions"": {""width_m"": 0.239, ""height_m"": 0.285, ""depth_m"": 0.158, ""axis_status"": ""documented"", ""axis_note"": ""Manufacturer lists 158 x 239 x 285 mm as L x W x H."", ""reference_pose"": ""Base level, head vertical; listed assembled dimensions.""}, ""research_evidence"": [{""url"": ""https://www.eliminatorlighting.com/products/stealth-beam"", ""title"": ""Stealth Beam product page"", ""locator"": ""Specifications: DMX modes, power, movement, dimensions and weight"", ""accessed_at"": ""2026-10-02"", ""source_kind"": ""manufacturer_product""}]}","[""https://www.eliminatorlighting.com/cdn/shop/files/91dafeb75bae3b7b779e484c06ea673d6786cbc9_STEALTH_BEAM__IMG__001__432d0839d573.jpg?v=1777055739&width=2048""]",researched,assets/fixtures/eliminator-lighting/stealth-beam,assets/fixtures/eliminator-lighting/stealth-beam/fixture.json,docs/08 Fixture Library/entries/eliminator-lighting/stealth-beam.md,assets/fixtures/eliminator-lighting/stealth-beam/models/fixture.blend,assets/fixtures/eliminator-lighting/stealth-beam/models/fixture.usdz,assets/fixtures/eliminator-lighting/stealth-beam/validation/usdz.json,high,2,assets/fixtures/eliminator-lighting/stealth-beam/previews/three-quarter.png,assets/fixtures/eliminator-lighting/stealth-beam/validation/detail.json,touring-dj-2026-10,validated,assets/fixtures/eliminator-lighting/stealth-beam/validation/parity.json,lighting.moving.beam,Source protocol list: DMX512,Lighting fixtures > Automated lighting > Beam,[],rigged_native_validated,assets/fixtures/eliminator-lighting/stealth-beam/models/rig.json,2,apps/visionos/VenueVolume/FixtureAssets/Catalog/eliminator-lighting/stealth-beam/fixture.usdz,,complete,,
Saber Spot DTW,SAB990,ADJ,LED spotlight,warm-white dim-to-warm pinspot,https://www.adj.com/products/saber-spot-dtw,"{""protocols"": [""DMX512"", ""RDM""], ""dmx_channels"": [1, 2, 4], ""power"": ""24 W consumption; 15 W LED"", ""weight"": ""1.2 kg"", ""notable"": ""15 W warm-white LED, 20° ACL optic, dim-to-warm effect, two interchangeable frost lenses, scissor floor/hanging bracket."", ""source_urls"": [""https://www.adj.com/products/saber-spot-dtw"", ""https://www.adj.com/blogs/news/adj-saber-spot-dtw-innovative-new-saber-spot-unleashed""], ""dimensions"": {""width_m"": 0.17, ""height_m"": 0.087, ""depth_m"": 0.088, ""axis_status"": ""documented"", ""axis_note"": ""ADJ labels dimensions L x W x H = 88 x 170 x 87 mm; elongated scissor-bracket dimension is treated as width and lens-axis length as depth."", ""reference_pose"": ""Housing mounted in scissor bracket, optical axis horizontal""}, ""research_evidence"": [{""url"": ""https://www.adj.com/products/saber-spot-dtw"", ""title"": ""ADJ Saber Spot DTW product page"", ""locator"": ""Specifications list 1/2/4-channel DMX modes, RDM, 15 W source, dimensions and weight"", ""accessed_at"": ""2026-10-02"", ""source_kind"": ""manufacturer_product""}, {""url"": ""https://www.adj.com/blogs/news/adj-saber-spot-dtw-innovative-new-saber-spot-unleashed"", ""title"": ""ADJ Saber Spot DTW launch article"", ""locator"": ""Confirms labeled L x W x H dimensions and channel modes"", ""accessed_at"": ""2026-10-02"", ""source_kind"": ""manufacturer_article""}]}","[""https://www.adj.com/cdn/shop/files/98f3715e256374fee335f16f73bb79e00a474798_SAB990__IMG__001__7b5b730252c4.jpg?v=1776712483&width=2048""]",researched,assets/fixtures/adj/saber-spot-dtw,assets/fixtures/adj/saber-spot-dtw/fixture.json,docs/08 Fixture Library/entries/adj/saber-spot-dtw.md,assets/fixtures/adj/saber-spot-dtw/models/fixture.blend,assets/fixtures/adj/saber-spot-dtw/models/fixture.usdz,assets/fixtures/adj/saber-spot-dtw/validation/usdz.json,high,2,assets/fixtures/adj/saber-spot-dtw/previews/three-quarter.png,assets/fixtures/adj/saber-spot-dtw/validation/detail.json,touring-dj-2026-10,validated,assets/fixtures/adj/saber-spot-dtw/validation/parity.json,lighting.static.beam,"Source protocol list: DMX512, RDM",Lighting fixtures > Static and manually focused > Pinspot / fixed beam / ACL,[],rigged_native_validated,assets/fixtures/adj/saber-spot-dtw/models/rig.json,1,apps/visionos/VenueVolume/FixtureAssets/Catalog/adj/saber-spot-dtw/fixture.usdz,,complete,,
Focus Spot 6Z,FOC635,ADJ,moving light,LED zoom spot,https://www.adj.com/products/focus-spot-6z,"{""protocols"": [""DMX512"", ""RDM"", ""Art-Net"", ""sACN""], ""dmx_channels"": [21, 25, 29], ""power"": ""380 W max"", ""weight"": ""20 kg"", ""notable"": ""300 W cool-white LED, 9–28° motorized zoom, two color wheels, two gobo wheels, dual 6-facet prisms and two frost filters."", ""source_urls"": [""https://www.adj.com/products/focus-spot-6z""], ""dimensions"": {""width_m"": 0.234, ""height_m"": 0.562, ""depth_m"": 0.36, ""axis_status"": ""documented"", ""axis_note"": ""ADJ labels assembled dimensions L x W x H = 360 x 234 x 562 mm; long front-back axis is depth, 234 mm is width, and 562 mm is head-upright height."", ""reference_pose"": ""Base level, head upright as in dimensional drawing""}, ""research_evidence"": [{""url"": ""https://www.adj.com/products/focus-spot-6z"", ""title"": ""ADJ Focus Spot 6Z product page"", ""locator"": ""Specifications: 21/25/29 DMX channels; DMX512, sACN, Art-Net; 300 W LED, 380 W max power, 20 kg, dimensions LxWxH 360x234x562 mm"", ""accessed_at"": ""2026-10-02"", ""source_kind"": ""manufacturer_product""}, {""url"": ""https://www.adj.com/cdn/shop/files/95ee89cff1e445d51cb614ec245ed52d33baaae6_FOCUS_SPOT_6Z_red_RT.jpg?v=1778306534&width=2048"", ""title"": ""ADJ Focus Spot 6Z product image"", ""locator"": ""Official product-page image asset"", ""accessed_at"": ""2026-10-02"", ""source_kind"": ""manufacturer_product_image""}]}","[""https://www.adj.com/cdn/shop/files/95ee89cff1e445d51cb614ec245ed52d33baaae6_FOCUS_SPOT_6Z_red_RT.jpg?v=1778306534&width=2048""]",ready_for_visualization,assets/fixtures/adj/focus-spot-6z,assets/fixtures/adj/focus-spot-6z/fixture.json,docs/08 Fixture Library/entries/adj/focus-spot-6z.md,assets/fixtures/adj/focus-spot-6z/models/fixture.blend,assets/fixtures/adj/focus-spot-6z/models/fixture.usdz,assets/fixtures/adj/focus-spot-6z/validation/usdz.json,high,2,assets/fixtures/adj/focus-spot-6z/previews/three-quarter.png,assets/fixtures/adj/focus-spot-6z/validation/detail.json,touring-dj-2026-10,validated,assets/fixtures/adj/focus-spot-6z/validation/parity.json,lighting.moving.spot,"Source protocol list: DMX512, RDM, Art-Net, sACN",Lighting fixtures > Automated lighting > Spot / gobo projector,[],rigged_native_validated,assets/fixtures/adj/focus-spot-6z/models/rig.json,2,apps/visionos/VenueVolume/FixtureAssets/Catalog/adj/focus-spot-6z/fixture.usdz,,complete,,
Focus Flex L7,FOC734,ADJ,moving light,seven-pixel RGBL wash,https://www.adj.com/products/focus-flex-l7,"{""protocols"": [""DMX512"", ""RDM""], ""dmx_channels"": [16, 25, 34, 42, 50, 25, 28], ""power"": ""337 W max at 120 V"", ""weight"": ""7 kg"", ""notable"": ""Seven independently controlled 40 W RGBL LED engines; 6–55° field zoom; wireless WiFLY EXR; virtual CMY options."", ""source_urls"": [""https://www.adj.com/products/focus-flex-l7""], ""dimensions"": {""width_m"": 0.25, ""height_m"": 0.349, ""depth_m"": 0.179, ""axis_status"": ""documented"", ""axis_note"": ""ADJ labels L x W x H = 178.8 x 250.0 x 349.2 mm; 250 mm cross-head span mapped to width, 349.2 mm upright height, 178.8 mm front-back depth."", ""reference_pose"": ""Base level; head vertical in dimensional pose""}, ""research_evidence"": [{""url"": ""https://www.adj.com/products/focus-flex-l7"", ""title"": ""ADJ Focus Flex L7 product page"", ""locator"": ""Specifications: seven modes (16/25/34/42/50/25/28 channels), DMX/RDM, seven 40 W RGBL LEDs, dimensions, power and weight"", ""accessed_at"": ""2026-10-02"", ""source_kind"": ""manufacturer_product""}, {""url"": ""https://www.adj.com/cdn/shop/files/d33775b549cb16578938a380735e1b6d7f7f5094_FOC734__IMG__003__c7174f800104.jpg?v=1776712415&width=2048"", ""title"": ""ADJ Focus Flex L7 product image"", ""locator"": ""Official product-page image asset"", ""accessed_at"": ""2026-10-02"", ""source_kind"": ""manufacturer_product_image""}]}","[""https://www.adj.com/cdn/shop/files/d33775b549cb16578938a380735e1b6d7f7f5094_FOC734__IMG__003__c7174f800104.jpg?v=1776712415&width=2048""]",researched,assets/fixtures/adj/focus-flex-l7,assets/fixtures/adj/focus-flex-l7/fixture.json,docs/08 Fixture Library/entries/adj/focus-flex-l7.md,assets/fixtures/adj/focus-flex-l7/models/fixture.blend,assets/fixtures/adj/focus-flex-l7/models/fixture.usdz,assets/fixtures/adj/focus-flex-l7/validation/usdz.json,high,2,assets/fixtures/adj/focus-flex-l7/previews/three-quarter.png,assets/fixtures/adj/focus-flex-l7/validation/detail.json,touring-dj-2026-10,validated,assets/fixtures/adj/focus-flex-l7/validation/parity.json,lighting.moving.wash,"Source protocol list: DMX512, RDM",Lighting fixtures > Automated lighting > Wash,"[""pixel control""]",rigged_native_validated,assets/fixtures/adj/focus-flex-l7/models/rig.json,2,apps/visionos/VenueVolume/FixtureAssets/Catalog/adj/focus-flex-l7/fixture.usdz,,complete,,
LED KLS-120 Compact Light Set,42109606,Eurolite,light fixture,four-spot RGBW light bar,https://www.steinigke.de/mpn42109606-eurolite-led-kls-120-kompakt-lichtset.html,"{""protocols"": [""DMX512""], ""dmx_channels"": [4, 7, 16, 19], ""power"": ""30 W"", ""weight"": ""3.70 kg"", ""notable"": ""Four individually controlled 8 W RGBW spots on a crossbar; electronic dimmer and strobe effect."", ""source_urls"": [""https://www.steinigke.de/mpn42109606-eurolite-led-kls-120-kompakt-lichtset.html""], ""dimensions"": {""width_m"": 0.616, ""height_m"": 0.226, ""depth_m"": 0.1, ""axis_status"": ""documented"", ""axis_note"": ""Manufacturer page explicitly labels width, height and depth for the assembled crossbar."", ""reference_pose"": ""Crossbar assembled, front-facing, without stand""}, ""research_evidence"": [{""url"": ""https://www.steinigke.de/mpn42109606-eurolite-led-kls-120-kompakt-lichtset.html"", ""title"": ""EUROLITE LED KLS-120 Compact Light Set product page"", ""locator"": ""Technical data: power 30 W, DMX modes 4/7/16/19, dimensions W61.6 x H22.6 x D10.0 cm, weight 3.70 kg; four RGBW spots individually controlled"", ""accessed_at"": ""2026-10-02"", ""source_kind"": ""manufacturer_product""}, {""url"": ""https://media.steinigke.de/images/7640p/09/42109606a.webp"", ""title"": ""EUROLITE LED KLS-120 product image"", ""locator"": ""Official product gallery main image"", ""accessed_at"": ""2026-10-02"", ""source_kind"": ""manufacturer_product_image""}]}","[""https://media.steinigke.de/images/7640p/09/42109606a.webp""]",ready_for_visualization,assets/fixtures/eurolite/led-kls-120-compact-light-set,assets/fixtures/eurolite/led-kls-120-compact-light-set/fixture.json,docs/08 Fixture Library/entries/eurolite/led-kls-120-compact-light-set.md,assets/fixtures/eurolite/led-kls-120-compact-light-set/models/fixture.blend,assets/fixtures/eurolite/led-kls-120-compact-light-set/models/fixture.usdz,assets/fixtures/eurolite/led-kls-120-compact-light-set/validation/usdz.json,high,2,assets/fixtures/eurolite/led-kls-120-compact-light-set/previews/three-quarter.png,assets/fixtures/eurolite/led-kls-120-compact-light-set/validation/detail.json,touring-dj-2026-10,validated,assets/fixtures/eurolite/led-kls-120-compact-light-set/validation/parity.json,lighting.static.batten,Source protocol list: DMX512,Lighting fixtures > Static and manually focused > Linear batten / striplight,[],rigged_native_validated,assets/fixtures/eurolite/led-kls-120-compact-light-set/models/rig.json,4,apps/visionos/VenueVolume/FixtureAssets/Catalog/eurolite/led-kls-120-compact-light-set/fixture.usdz,,complete,,
Phantom 100 Spot,40077,Showtec,moving light,LED moving spot,https://www.showtec-lights.com/en/40077-phantom-100-spot.html,"{""protocols"": [""DMX512""], ""dmx_channels"": [10, 14], ""power"": ""200 W"", ""weight"": ""11.3 kg"", ""notable"": ""100 W cool-white LED, manual 12–17° zoom, motorized focus, 8 colors + open, 7 rotating gobos + open, 5- and 6-facet prisms."", ""source_urls"": [""https://www.showtec-lights.com/en/40077-phantom-100-spot.html"", ""https://www.highlite.com/media/attachments/MANUAL/40077_MANUAL_GB_V2.pdf""], ""dimensions"": {""width_m"": 0.325, ""height_m"": 0.42, ""depth_m"": 0.21, ""axis_status"": ""documented"", ""axis_note"": ""Showtec lists mechanical length 325 mm, width 210 mm, height 420 mm; in upright head pose, length is mapped to front-back depth."", ""reference_pose"": ""Base level with head upright; dimensions from mechanical specification""}, ""research_evidence"": [{""url"": ""https://www.showtec-lights.com/en/40077-phantom-100-spot.html"", ""title"": ""Showtec Phantom 100 Spot product page"", ""locator"": ""Control: DMX 10/14; power 200 W; mechanical L325 x W210 x H420 mm, weight 11.3 kg; product still image"", ""accessed_at"": ""2026-10-02"", ""source_kind"": ""manufacturer_product""}, {""url"": ""https://www.highlite.com/media/attachments/MANUAL/40077_MANUAL_GB_V2.pdf"", ""title"": ""Showtec Phantom 100 Spot manual"", ""locator"": ""Official manufacturer manual confirms 40077 identity, operating modes and DMX control"", ""accessed_at"": ""2026-10-02"", ""source_kind"": ""manufacturer_manual""}]}","[""https://www.showtec-lights.com/media/catalog/product/cache/cf45802cd465083d13f645e2a66e0ee8/4/0/40077_40.png""]",ready_for_visualization,assets/fixtures/showtec/phantom-100-spot,assets/fixtures/showtec/phantom-100-spot/fixture.json,docs/08 Fixture Library/entries/showtec/phantom-100-spot.md,assets/fixtures/showtec/phantom-100-spot/models/fixture.blend,assets/fixtures/showtec/phantom-100-spot/models/fixture.usdz,assets/fixtures/showtec/phantom-100-spot/validation/usdz.json,high,2,assets/fixtures/showtec/phantom-100-spot/previews/three-quarter.png,assets/fixtures/showtec/phantom-100-spot/validation/detail.json,touring-dj-2026-10,validated,assets/fixtures/showtec/phantom-100-spot/validation/parity.json,lighting.moving.spot,Source protocol list: DMX512,Lighting fixtures > Automated lighting > Spot / gobo projector,[],rigged_native_validated,assets/fixtures/showtec/phantom-100-spot/models/rig.json,2,apps/visionos/VenueVolume/FixtureAssets/Catalog/showtec/phantom-100-spot/fixture.usdz,,complete,,
MAC Encore Wash WRM,MAC Encore Wash WRM,Martin Professional (HARMAN),moving light,warm-white wash,https://www.martin.com/en-US/products/mac-encore-wash-wrm.html,"{""protocols"": [""DMX512-A"", ""RDM""], ""dmx_channels"": [24], ""power"": ""596 W typical; 64 W idle"", ""weight"": ""28.5 kg"", ""notable"": ""Warm-white LED soft-edge head; standard Fresnel lens, optional PC lens; 11°–58° zoom with optional PC lens."", ""source_urls"": [""https://www.martin.com/en-US/products/mac-encore-wash-wrm""], ""dimensions"": {""width_m"": 0.48, ""height_m"": 0.755, ""depth_m"": 0.452, ""axis_status"": ""documented"", ""axis_note"": ""Manufacturer physical dimensions: length 452 mm, width 480 mm across yoke, maximum height 755 mm (745 mm head straight up)."", ""reference_pose"": ""Maximum height reference; base level.""}, ""research_evidence"": [{""url"": ""https://www.martin.com/en-US/products/mac-encore-wash-wrm.html"", ""title"": ""MAC Encore Wash WRM product page"", ""locator"": ""Technical Data: physical dimensions, weight, power; Control: DMX compliance USITT DMX512-A, RDM compliance ANSI/ESTA E1.20, 24-channel mode"", ""accessed_at"": ""2026-10-02"", ""source_kind"": ""manufacturer_product""}]}","[""https://adn.harmanpro.com/productattachment/5552/product_attachment/x_large-502998efe863913cf2b4f66a46ab0fb9.webp""]",ready_for_visualization,assets/fixtures/martin-professional-harman/mac-encore-wash-wrm,assets/fixtures/martin-professional-harman/mac-encore-wash-wrm/fixture.json,docs/08 Fixture Library/entries/martin-professional-harman/mac-encore-wash-wrm.md,assets/fixtures/martin-professional-harman/mac-encore-wash-wrm/models/fixture.blend,assets/fixtures/martin-professional-harman/mac-encore-wash-wrm/models/fixture.usdz,assets/fixtures/martin-professional-harman/mac-encore-wash-wrm/validation/usdz.json,high,2,assets/fixtures/martin-professional-harman/mac-encore-wash-wrm/previews/three-quarter.png,assets/fixtures/martin-professional-harman/mac-encore-wash-wrm/validation/detail.json,touring-dj-2026-10,validated,assets/fixtures/martin-professional-harman/mac-encore-wash-wrm/validation/parity.json,lighting.moving.wash,"Source protocol list: DMX512-A, RDM",Lighting fixtures > Automated lighting > Wash,[],rigged_native_validated,assets/fixtures/martin-professional-harman/mac-encore-wash-wrm/models/rig.json,2,apps/visionos/VenueVolume/FixtureAssets/Catalog/martin-professional-harman/mac-encore-wash-wrm/fixture.usdz,,complete,,
MAC Encore Wash CLD,MAC Encore Wash CLD,Martin Professional (HARMAN),moving light,cool-white wash,https://www.martin.com/en-US/products/mac-encore-wash-cld.html,"{""protocols"": [""DMX512-A"", ""RDM""], ""dmx_channels"": [24], ""power"": ""596 W typical; 64 W idle"", ""weight"": ""28.5 kg"", ""notable"": ""LED soft-edge head; standard Fresnel lens, optional PC lens; 11°–58° zoom with optional PC lens."", ""source_urls"": [""https://www.martin.com/en-US/products/mac-encore-wash-cld""], ""dimensions"": {""width_m"": 0.48, ""height_m"": 0.755, ""depth_m"": 0.452, ""axis_status"": ""documented"", ""axis_note"": ""Manufacturer physical dimensions: length 452 mm, width 480 mm across yoke, maximum height 755 mm (745 mm head straight up)."", ""reference_pose"": ""Maximum height reference; base level.""}, ""research_evidence"": [{""url"": ""https://www.martin.com/en-US/products/mac-encore-wash-cld.html"", ""title"": ""MAC Encore Wash CLD product page"", ""locator"": ""Technical Data: physical dimensions, weight, power; Control: DMX compliance USITT DMX512-A, RDM compliance ANSI/ESTA E1.20, 24-channel mode"", ""accessed_at"": ""2026-10-02"", ""source_kind"": ""manufacturer_product""}]}","[""https://adn.harmanpro.com/productattachment/5561/product_attachment/x_large-405323454e3e7cca83aef032adab4ef8.webp""]",ready_for_visualization,assets/fixtures/martin-professional-harman/mac-encore-wash-cld,assets/fixtures/martin-professional-harman/mac-encore-wash-cld/fixture.json,docs/08 Fixture Library/entries/martin-professional-harman/mac-encore-wash-cld.md,assets/fixtures/martin-professional-harman/mac-encore-wash-cld/models/fixture.blend,assets/fixtures/martin-professional-harman/mac-encore-wash-cld/models/fixture.usdz,assets/fixtures/martin-professional-harman/mac-encore-wash-cld/validation/usdz.json,high,2,assets/fixtures/martin-professional-harman/mac-encore-wash-cld/previews/three-quarter.png,assets/fixtures/martin-professional-harman/mac-encore-wash-cld/validation/detail.json,touring-dj-2026-10,validated,assets/fixtures/martin-professional-harman/mac-encore-wash-cld/validation/parity.json,lighting.moving.wash,"Source protocol list: DMX512-A, RDM",Lighting fixtures > Automated lighting > Wash,[],rigged_native_validated,assets/fixtures/martin-professional-harman/mac-encore-wash-cld/models/rig.json,2,apps/visionos/VenueVolume/FixtureAssets/Catalog/martin-professional-harman/mac-encore-wash-cld/fixture.usdz,,complete,,
MAC Encore Performance CLD,MAC Encore Performance CLD,Martin Professional (HARMAN),moving light,cool-white profile,https://www.martin.com/en-US/products/mac-encore-performance-cld.html,"{""protocols"": [""DMX512-A"", ""RDM""], ""dmx_channels"": [38], ""power"": ""596 W typical; 64 W idle"", ""weight"": ""31 kg"", ""notable"": ""468 W LED hard-edge profile; 12°–48° zoom."", ""source_urls"": [""https://www.martin.com/en-US/products/mac-encore-performance-cld.html""], ""dimensions"": {""width_m"": 0.48, ""height_m"": 0.74, ""depth_m"": 0.452, ""axis_status"": ""documented"", ""axis_note"": ""Manufacturer physical dimensions: length 452 mm, width 480 mm across yoke, maximum height 740 mm (731 mm head straight up)."", ""reference_pose"": ""Maximum height reference; base level.""}, ""research_evidence"": [{""url"": ""https://www.martin.com/en-US/products/mac-encore-performance-cld.html"", ""title"": ""MAC Encore Performance CLD product page"", ""locator"": ""Technical Data: physical dimensions, weight, power; Control: DMX compliance USITT DMX512-A, RDM compliance ANSI/ESTA E1.20, 38-channel mode"", ""accessed_at"": ""2026-10-02"", ""source_kind"": ""manufacturer_product""}]}","[""https://adn.harmanpro.com/productattachment/5010/product_attachment/x_large-f0bf9bb5fd615e73cefc193df83b07cc.webp""]",ready_for_visualization,assets/fixtures/martin-professional-harman/mac-encore-performance-cld,assets/fixtures/martin-professional-harman/mac-encore-performance-cld/fixture.json,docs/08 Fixture Library/entries/martin-professional-harman/mac-encore-performance-cld.md,assets/fixtures/martin-professional-harman/mac-encore-performance-cld/models/fixture.blend,assets/fixtures/martin-professional-harman/mac-encore-performance-cld/models/fixture.usdz,assets/fixtures/martin-professional-harman/mac-encore-performance-cld/validation/usdz.json,high,2,assets/fixtures/martin-professional-harman/mac-encore-performance-cld/previews/three-quarter.png,assets/fixtures/martin-professional-harman/mac-encore-performance-cld/validation/detail.json,touring-dj-2026-10,validated,assets/fixtures/martin-professional-harman/mac-encore-performance-cld/validation/parity.json,lighting.moving.profile,"Source protocol list: DMX512-A, RDM",Lighting fixtures > Automated lighting > Framing profile,[],rigged_native_validated,assets/fixtures/martin-professional-harman/mac-encore-performance-cld/models/rig.json,2,apps/visionos/VenueVolume/FixtureAssets/Catalog/martin-professional-harman/mac-encore-performance-cld/fixture.usdz,,complete,,
MAC Encore Performance WRM,MAC Encore Performance WRM,Martin Professional (HARMAN),moving light,warm-white profile,https://www.martin.com/en-US/products/mac-encore-performance-wrm.html,"{""protocols"": [""DMX512-A"", ""RDM""], ""dmx_channels"": [38], ""power"": ""596 W typical; 64 W idle"", ""weight"": ""31 kg"", ""notable"": ""468 W 3000 K LED engine; 12°–48° zoom; framing, iris, gobos and Animotion FX."", ""source_urls"": [""https://www.martin.com/en-US/products/mac-encore-performance-wrm.html""], ""dimensions"": {""width_m"": 0.48, ""height_m"": 0.74, ""depth_m"": 0.452, ""axis_status"": ""documented"", ""axis_note"": ""Manufacturer physical dimensions: length 452 mm, width 480 mm across yoke, maximum height 740 mm (731 mm head straight up)."", ""reference_pose"": ""Maximum height reference; base level.""}, ""research_evidence"": [{""url"": ""https://www.martin.com/en-US/products/mac-encore-performance-wrm.html"", ""title"": ""MAC Encore Performance WRM product page"", ""locator"": ""Technical Data: physical dimensions, weight, power; Control: DMX compliance USITT DMX512-A, RDM compliance ANSI/ESTA E1.20, 38-channel mode"", ""accessed_at"": ""2026-10-02"", ""source_kind"": ""manufacturer_product""}]}","[""https://adn.harmanpro.com/productattachment/5009/product_attachment/x_large-f067900483bdc666afaa9a55a7f38df3.webp""]",ready_for_visualization,assets/fixtures/martin-professional-harman/mac-encore-performance-wrm,assets/fixtures/martin-professional-harman/mac-encore-performance-wrm/fixture.json,docs/08 Fixture Library/entries/martin-professional-harman/mac-encore-performance-wrm.md,assets/fixtures/martin-professional-harman/mac-encore-performance-wrm/models/fixture.blend,assets/fixtures/martin-professional-harman/mac-encore-performance-wrm/models/fixture.usdz,assets/fixtures/martin-professional-harman/mac-encore-performance-wrm/validation/usdz.json,high,2,assets/fixtures/martin-professional-harman/mac-encore-performance-wrm/previews/three-quarter.png,assets/fixtures/martin-professional-harman/mac-encore-performance-wrm/validation/detail.json,touring-dj-2026-10,validated,assets/fixtures/martin-professional-harman/mac-encore-performance-wrm/validation/parity.json,lighting.moving.profile,"Source protocol list: DMX512-A, RDM",Lighting fixtures > Automated lighting > Framing profile,[],rigged_native_validated,assets/fixtures/martin-professional-harman/mac-encore-performance-wrm/models/rig.json,2,apps/visionos/VenueVolume/FixtureAssets/Catalog/martin-professional-harman/mac-encore-performance-wrm/fixture.usdz,,complete,,
MAC Aura XB,MAC Aura XB,Martin Professional (HARMAN),moving light,high-output wash / Aura pixel effect,https://www.martin.com/en-US/products/mac-aura-xb,"{""protocols"": [""DMX"", ""RDM""], ""dmx_channels"": [14, 25], ""power"": ""400 W maximum; 359 W typical"", ""weight"": ""6.5 kg"", ""notable"": ""19 individually controlled RGBW 15 W LEDs; front Aura pixel effect; 4°–50° zoom; 19,500 lm fixture output."", ""source_urls"": [""https://www.martin.com/en-US/products/mac-aura-xb""], ""dimensions"": {""width_m"": 0.222, ""height_m"": 0.39, ""depth_m"": 0.138, ""axis_status"": ""documented"", ""axis_note"": ""Manufacturer physical specs: base width 222 mm, maximum height 390 mm, base depth 138 mm; across-yoke width is 302 mm."", ""reference_pose"": ""Head maximum height; base level.""}, ""research_evidence"": [{""url"": ""https://www.martin.com/en-US/products/mac-aura-xb"", ""title"": ""MAC Aura XB product page"", ""locator"": ""Technical source details: 19 RGBW LEDs and Aura effect; physical dimensions, power, protocols and DMX mode channel counts"", ""accessed_at"": ""2026-10-02"", ""source_kind"": ""manufacturer_product""}]}","[""https://adn.harmanpro.com/productattachment/4821/product_attachment/x_large-c3352fc68c412cf3ff940047dbe67d37.webp""]",ready_for_visualization,assets/fixtures/martin-professional-harman/mac-aura-xb,assets/fixtures/martin-professional-harman/mac-aura-xb/fixture.json,docs/08 Fixture Library/entries/martin-professional-harman/mac-aura-xb.md,assets/fixtures/martin-professional-harman/mac-aura-xb/models/fixture.blend,assets/fixtures/martin-professional-harman/mac-aura-xb/models/fixture.usdz,assets/fixtures/martin-professional-harman/mac-aura-xb/validation/usdz.json,high,2,assets/fixtures/martin-professional-harman/mac-aura-xb/previews/three-quarter.png,assets/fixtures/martin-professional-harman/mac-aura-xb/validation/detail.json,touring-dj-2026-10,validated,assets/fixtures/martin-professional-harman/mac-aura-xb/validation/parity.json,lighting.moving.wash,"Source protocol list: DMX, RDM",Lighting fixtures > Automated lighting > Wash,"[""pixel control""]",rigged_native_validated,assets/fixtures/martin-professional-harman/mac-aura-xb/models/rig.json,2,apps/visionos/VenueVolume/FixtureAssets/Catalog/martin-professional-harman/mac-aura-xb/fixture.usdz,,complete,,
Rivale Wash,Rivale Wash,Ayrton,moving light,IP65 Fresnel wash,https://www.ayrton.eu/produit/rivale-wash/,"{""protocols"": [""DMX 512"", ""DMX-RDM"", ""ArtNet"", ""sACN""], ""dmx_channels"": [60], ""power"": ""700 W maximum"", ""weight"": ""30.8 kg"", ""notable"": ""28,000 lm; 4°–57° zoom; 170 mm lens; continuous pan and tilt rotation; IP65."", ""source_urls"": [""https://www.ayrton.eu/produit/rivale-wash/""], ""dimensions"": {""width_m"": 0.36, ""height_m"": 0.676, ""depth_m"": 0.316, ""axis_status"": ""documented"", ""axis_note"": ""Manufacturer product dimensions 360 x 676 x 316 mm (length x height x depth); flight case excluded."", ""reference_pose"": ""Manufacturer reference dimensions; fixture assembled.""}, ""research_evidence"": [{""url"": ""https://www.ayrton.eu/produit/rivale-wash/"", ""title"": ""Rivale Wash product page"", ""locator"": ""Performance, movement, control, power and size: weight, 60 channels, 700 W, dimensions"", ""accessed_at"": ""2026-10-02"", ""source_kind"": ""manufacturer_product""}]}","[""https://www.ayrton.eu/wp-content/uploads/2024/06/RivaleW-3.png""]",ready_for_visualization,assets/fixtures/ayrton/rivale-wash,assets/fixtures/ayrton/rivale-wash/fixture.json,docs/08 Fixture Library/entries/ayrton/rivale-wash.md,assets/fixtures/ayrton/rivale-wash/models/fixture.blend,assets/fixtures/ayrton/rivale-wash/models/fixture.usdz,assets/fixtures/ayrton/rivale-wash/validation/usdz.json,high,2,assets/fixtures/ayrton/rivale-wash/previews/three-quarter.png,assets/fixtures/ayrton/rivale-wash/validation/detail.json,touring-dj-2026-10,validated,assets/fixtures/ayrton/rivale-wash/validation/parity.json,lighting.moving.wash,"Source protocol list: DMX 512, DMX-RDM, ArtNet, sACN",Lighting fixtures > Automated lighting > Wash,"[""weather-rated variant""]",rigged_native_validated,assets/fixtures/ayrton/rivale-wash/models/rig.json,2,apps/visionos/VenueVolume/FixtureAssets/Catalog/ayrton/rivale-wash/fixture.usdz,,complete,,
MAC Aura PXL,MAC Aura PXL,Martin Professional (HARMAN),moving light,pixel wash,https://www.martin.com/en-US/products/mac-aura-pxl,"{""protocols"": [""DMX"", ""RDM"", ""Art-Net"", ""RDM over Art-Net"", ""sACN"", ""Martin P3""], ""dmx_channels"": [17, 32, 89, 512, 17], ""power"": ""560 W maximum; 500 W typical"", ""weight"": ""15.60 kg"", ""notable"": ""19 individually controlled 40 W RGBW beam pixels plus 141 x 0.3 W RGB Aura backlight pixels; 13,000 lm output."", ""source_urls"": [""https://www.martin.com/en-US/products/mac-aura-pxl"", ""https://www.martin.com/en-US/site_elements/martin-mac-aura-pxl-user-safety-and-installation-manual""], ""dimensions"": {""width_m"": 0.41, ""height_m"": 0.544, ""depth_m"": 0.232, ""axis_status"": ""documented"", ""axis_note"": ""Official page overall dimensions: 410 x 489 x 232 mm; maximum height is 544 mm and base width is 385 mm. Overall width is across yoke, not base width."", ""reference_pose"": ""Head maximum height; base level.""}, ""research_evidence"": [{""url"": ""https://www.martin.com/en-US/products/mac-aura-pxl"", ""title"": ""MAC Aura PXL product page"", ""locator"": ""Dimensions: 410 x 489 x 232 mm; 19 main beam pixels and 141 Aura pixels; protocols, 17/32/89/512/17 channel modes"", ""accessed_at"": ""2026-10-02"", ""source_kind"": ""manufacturer_product""}, {""url"": ""https://www.martin.com/en-US/site_elements/martin-mac-aura-pxl-user-safety-and-installation-manual"", ""title"": ""MAC Aura PXL User Guide"", ""locator"": ""Pixel mapping diagram and statement identifying 19 Beam pixels and 141 Aura pixels"", ""accessed_at"": ""2026-10-02"", ""source_kind"": ""manufacturer_manual""}]}","[""https://adn.harmanpro.com/productattachment/11973/product_attachment/x_large-405d2e500f88a8f703df7ab87a842f65.webp""]",ready_for_visualization,assets/fixtures/martin-professional-harman/mac-aura-pxl,assets/fixtures/martin-professional-harman/mac-aura-pxl/fixture.json,docs/08 Fixture Library/entries/martin-professional-harman/mac-aura-pxl.md,assets/fixtures/martin-professional-harman/mac-aura-pxl/models/fixture.blend,assets/fixtures/martin-professional-harman/mac-aura-pxl/models/fixture.usdz,assets/fixtures/martin-professional-harman/mac-aura-pxl/validation/usdz.json,high,2,assets/fixtures/martin-professional-harman/mac-aura-pxl/previews/three-quarter.png,assets/fixtures/martin-professional-harman/mac-aura-pxl/validation/detail.json,touring-dj-2026-10,validated,assets/fixtures/martin-professional-harman/mac-aura-pxl/validation/parity.json,lighting.moving.wash,"Source protocol list: DMX, RDM, Art-Net, RDM over Art-Net, sACN, Martin P3",Lighting fixtures > Automated lighting > Wash,"[""pixel control""]",rigged_native_validated,assets/fixtures/martin-professional-harman/mac-aura-pxl/models/rig.json,2,apps/visionos/VenueVolume/FixtureAssets/Catalog/martin-professional-harman/mac-aura-pxl/fixture.usdz,,complete,,
Stradale Profile,012121,Ayrton,moving light,IP65 profile,https://www.ayrton.eu/produit/stradale-profile/,"{""protocols"": [""DMX 512"", ""DMX-RDM"", ""ArtNet"", ""sACN""], ""dmx_channels"": [42, 65], ""power"": ""630 W maximum"", ""weight"": ""23.5 kg"", ""notable"": ""20,000 lm; 4°–52° zoom; 140 mm lens; continuous pan and tilt rotation; IP65."", ""source_urls"": [""https://www.ayrton.eu/produit/stradale-profile/""], ""dimensions"": {""width_m"": 0.339, ""height_m"": 0.593, ""depth_m"": 0.298, ""axis_status"": ""documented"", ""axis_note"": ""Manufacturer dimensions are 339 x 593 x 298 mm (length x height x depth)."", ""reference_pose"": ""Manufacturer reference dimensions; assembled fixture.""}, ""research_evidence"": [{""url"": ""https://www.ayrton.eu/produit/stradale-profile/"", ""title"": ""Stradale Profile product page"", ""locator"": ""Performance, movement, control, power and size: 23.5 kg, 42/65 channels, 630 W, dimensions"", ""accessed_at"": ""2026-10-02"", ""source_kind"": ""manufacturer_product""}]}","[""https://www.ayrton.eu/wp-content/uploads/2025/03/StradaleP.png""]",ready_for_visualization,assets/fixtures/ayrton/stradale-profile,assets/fixtures/ayrton/stradale-profile/fixture.json,docs/08 Fixture Library/entries/ayrton/stradale-profile.md,assets/fixtures/ayrton/stradale-profile/models/fixture.blend,assets/fixtures/ayrton/stradale-profile/models/fixture.usdz,assets/fixtures/ayrton/stradale-profile/validation/usdz.json,high,2,assets/fixtures/ayrton/stradale-profile/previews/three-quarter.png,assets/fixtures/ayrton/stradale-profile/validation/detail.json,touring-dj-2026-10,validated,assets/fixtures/ayrton/stradale-profile/validation/parity.json,lighting.moving.profile,"Source protocol list: DMX 512, DMX-RDM, ArtNet, sACN",Lighting fixtures > Automated lighting > Framing profile,"[""weather-rated variant""]",rigged_native_validated,assets/fixtures/ayrton/stradale-profile/models/rig.json,2,apps/visionos/VenueVolume/FixtureAssets/Catalog/ayrton/stradale-profile/fixture.usdz,,complete,,
Zonda 3 FX,013250,Ayrton,moving light,multi-source FX wash,https://www.ayrton.eu/produit/zonda-3-fx/,"{""protocols"": [""DMX 512"", ""DMX-RDM"", ""ArtNet"", ""sACN""], ""dmx_channels"": [26, 79], ""power"": ""400 W maximum"", ""weight"": ""11.1 kg"", ""notable"": ""Seven individually controlled 40 W RGBW LEDs, 5,200 lm; 4°–56° zoom; 170 mm front cluster; continuous pan and tilt rotation; IP20."", ""source_urls"": [""https://www.ayrton.eu/produit/zonda-3-fx/""], ""dimensions"": {""width_m"": 0.365, ""height_m"": 0.404, ""depth_m"": 0.233, ""axis_status"": ""documented"", ""axis_note"": ""Manufacturer dimensions are 365 x 404 x 233 mm (length x height x depth); flight case excluded."", ""reference_pose"": ""Manufacturer reference dimensions; fixture assembled.""}, ""research_evidence"": [{""url"": ""https://www.ayrton.eu/produit/zonda-3-fx/"", ""title"": ""Zonda 3 FX product page"", ""locator"": ""Source, optics, movement, control, power and size; 7 x 40 W LEDs, 26–79 channels, 400 W, dimensions"", ""accessed_at"": ""2026-10-02"", ""source_kind"": ""manufacturer_product""}]}","[""https://www.ayrton.eu/wp-content/uploads/2022/12/Zonda-3-4.png""]",researched,assets/fixtures/ayrton/zonda-3-fx,assets/fixtures/ayrton/zonda-3-fx/fixture.json,docs/08 Fixture Library/entries/ayrton/zonda-3-fx.md,assets/fixtures/ayrton/zonda-3-fx/models/fixture.blend,assets/fixtures/ayrton/zonda-3-fx/models/fixture.usdz,assets/fixtures/ayrton/zonda-3-fx/validation/usdz.json,high,2,assets/fixtures/ayrton/zonda-3-fx/previews/three-quarter.png,assets/fixtures/ayrton/zonda-3-fx/validation/detail.json,touring-dj-2026-10,validated,assets/fixtures/ayrton/zonda-3-fx/validation/parity.json,lighting.moving.wash,"Source protocol list: DMX 512, DMX-RDM, ArtNet, sACN",Lighting fixtures > Automated lighting > Wash,[],rigged_native_validated,assets/fixtures/ayrton/zonda-3-fx/models/rig.json,2,apps/visionos/VenueVolume/FixtureAssets/Catalog/ayrton/zonda-3-fx/fixture.usdz,,complete,,
Nando 502 Wash,013420,Ayrton,moving light,multi-source IP65 wash,https://www.ayrton.eu/produit/nando-502-wash/,"{""protocols"": [""DMX 512"", ""DMX-RDM"", ""ArtNet"", ""sACN""], ""dmx_channels"": [26, 86], ""power"": ""550 W maximum"", ""weight"": ""15.6 kg"", ""notable"": ""12 x 40 W RGB-L sources, 11,000 lm; 3.5°–53° zoom; 210 mm cluster; 540° pan and 232° tilt; IP65."", ""source_urls"": [""https://www.ayrton.eu/produit/nando-502-wash/"", ""https://www.ayrton.eu/wp-content/uploads/2023/04/NANDO-502-WASH-Specification-Sheet-V5.pdf""], ""dimensions"": {""width_m"": 0.342, ""height_m"": 0.467, ""depth_m"": 0.268, ""axis_status"": ""documented"", ""axis_note"": ""Current product page gives 342 x 467 x 268 mm (length x height x depth); older manual specifies 340 x 474 x 268 mm, so the conflicting revision dimensions are retained in evidence rather than blended."", ""reference_pose"": ""Current manufacturer product page reference dimensions; fixture assembled.""}, ""research_evidence"": [{""url"": ""https://www.ayrton.eu/produit/nando-502-wash/"", ""title"": ""Nando 502 Wash product page"", ""locator"": ""Source, optics, movement, control, power and size: source count, modes, output, 550 W, 342 x 467 x 268 mm"", ""accessed_at"": ""2026-10-02"", ""source_kind"": ""manufacturer_product""}, {""url"": ""https://www.ayrton.eu/wp-content/uploads/2023/04/NANDO-502-WASH-Specification-Sheet-V5.pdf"", ""title"": ""Nando 502 Wash specification sheet V5"", ""locator"": ""Physical dimensions table gives 342 x 447 x 268 mm; note conflict with current product page height 467 mm"", ""accessed_at"": ""2026-10-02"", ""source_kind"": ""manufacturer_manual""}]}","[""https://www.ayrton.eu/wp-content/uploads/2024/03/Nando-3.png""]",researched,assets/fixtures/ayrton/nando-502-wash,assets/fixtures/ayrton/nando-502-wash/fixture.json,docs/08 Fixture Library/entries/ayrton/nando-502-wash.md,assets/fixtures/ayrton/nando-502-wash/models/fixture.blend,assets/fixtures/ayrton/nando-502-wash/models/fixture.usdz,assets/fixtures/ayrton/nando-502-wash/validation/usdz.json,high,2,assets/fixtures/ayrton/nando-502-wash/previews/three-quarter.png,assets/fixtures/ayrton/nando-502-wash/validation/detail.json,touring-dj-2026-10,validated,assets/fixtures/ayrton/nando-502-wash/validation/parity.json,lighting.moving.wash,"Source protocol list: DMX 512, DMX-RDM, ArtNet, sACN",Lighting fixtures > Automated lighting > Wash,"[""weather-rated variant""]",rigged_native_validated,assets/fixtures/ayrton/nando-502-wash/models/rig.json,2,apps/visionos/VenueVolume/FixtureAssets/Catalog/ayrton/nando-502-wash/fixture.usdz,,complete,,
ESPRITE,ESPRITE,ROBE Lighting,moving light,white-source spot/profile/wash/beam hybrid,https://www.robe.cz/esprite,"{""protocols"": [""DMX512"", ""RDM""], ""power"": ""870 W max (standard mode, at 230 V / 50 Hz)"", ""weight"": ""28.2 kg"", ""source_urls"": [""https://www.robe.cz/esprite""], ""dimensions"": {""width_m"": 0.443, ""height_m"": 0.733, ""depth_m"": 0.264, ""axis_status"": ""documented"", ""axis_note"": ""Product page dimensions; width and depth specified with head vertical."", ""reference_pose"": ""Head vertical; base level.""}, ""research_evidence"": [{""url"": ""https://www.robe.cz/esprite"", ""title"": ""ESPRITE product page"", ""locator"": ""Technical specifications: width, depth, height, weight and power; first product gallery image URL extracted from page markup"", ""accessed_at"": ""2026-10-02"", ""source_kind"": ""manufacturer_product""}]}","[""https://cdn.aws.robe.cz/v1/image/resize/e2bc84495f13fc1251b5151cbc3313c6145b2d23""]",ready_for_visualization,assets/fixtures/robe-lighting/esprite,assets/fixtures/robe-lighting/esprite/fixture.json,docs/08 Fixture Library/entries/robe-lighting/esprite.md,assets/fixtures/robe-lighting/esprite/models/fixture.blend,assets/fixtures/robe-lighting/esprite/models/fixture.usdz,assets/fixtures/robe-lighting/esprite/validation/usdz.json,high,2,assets/fixtures/robe-lighting/esprite/previews/three-quarter.png,assets/fixtures/robe-lighting/esprite/validation/detail.json,touring-dj-2026-10,validated,assets/fixtures/robe-lighting/esprite/validation/parity.json,lighting.moving.hybrid,"Source protocol list: DMX512, RDM",Lighting fixtures > Automated lighting > Beam / spot / wash hybrid,"[""multi-role optics""]",rigged_native_validated,assets/fixtures/robe-lighting/esprite/models/rig.json,2,apps/visionos/VenueVolume/FixtureAssets/Catalog/robe-lighting/esprite/fixture.usdz,,complete,,
LedPOINTE,LedPOINTE,ROBE Lighting,moving light,white-source spot/profile/beam,https://www.robe.cz/ledpointe,"{""protocols"": [""DMX512"", ""RDM""], ""power"": ""400 W at 230 V / 50 Hz"", ""weight"": ""21 kg"", ""notable"": ""155 mm front lens"", ""source_urls"": [""https://www.robe.cz/ledpointe""], ""dimensions"": {""width_m"": 0.363, ""height_m"": 0.667, ""depth_m"": 0.24, ""axis_status"": ""documented"", ""axis_note"": ""Product page dimensions; depth specified with head vertical."", ""reference_pose"": ""Head vertical; base level.""}, ""research_evidence"": [{""url"": ""https://www.robe.cz/ledpointe"", ""title"": ""LedPOINTE product page"", ""locator"": ""Technical specifications: width, depth, height, weight and power; first gallery image URL in page markup"", ""accessed_at"": ""2026-10-02"", ""source_kind"": ""manufacturer_product""}]}","[""https://cdn.aws.robe.cz/v1/image/resize/de81a3be704d0b859c06149498f5d3b2d357d1cd""]",ready_for_visualization,assets/fixtures/robe-lighting/ledpointe,assets/fixtures/robe-lighting/ledpointe/fixture.json,docs/08 Fixture Library/entries/robe-lighting/ledpointe.md,assets/fixtures/robe-lighting/ledpointe/models/fixture.blend,assets/fixtures/robe-lighting/ledpointe/models/fixture.usdz,assets/fixtures/robe-lighting/ledpointe/validation/usdz.json,high,2,assets/fixtures/robe-lighting/ledpointe/previews/three-quarter.png,assets/fixtures/robe-lighting/ledpointe/validation/detail.json,touring-dj-2026-10,validated,assets/fixtures/robe-lighting/ledpointe/validation/parity.json,lighting.moving.profile,"Source protocol list: DMX512, RDM",Lighting fixtures > Automated lighting > Framing profile,[],rigged_native_validated,assets/fixtures/robe-lighting/ledpointe/models/rig.json,2,apps/visionos/VenueVolume/FixtureAssets/Catalog/robe-lighting/ledpointe/fixture.usdz,,complete,,
PAINTE,PAINTE,ROBE Lighting,moving light,white-source spot/profile/beam,https://www.robe.cz/painte,"{""protocols"": [""DMX512"", ""RDM""], ""power"": ""440 W max"", ""weight"": ""19.6 kg"", ""source_urls"": [""https://www.robe.cz/painte""], ""dimensions"": {""width_m"": 0.367, ""height_m"": 0.619, ""depth_m"": 0.219, ""axis_status"": ""documented"", ""axis_note"": ""Product page dimensions; depth specified with head vertical."", ""reference_pose"": ""Head vertical; base level.""}, ""research_evidence"": [{""url"": ""https://www.robe.cz/painte"", ""title"": ""PAINTE product page"", ""locator"": ""Technical specifications: width, depth, height, weight and power; first gallery image URL in page markup"", ""accessed_at"": ""2026-10-02"", ""source_kind"": ""manufacturer_product""}]}","[""https://cdn.aws.robe.cz/v1/image/resize/cf5f5663bcc52116c460cd120ec31283ac7c867e""]",ready_for_visualization,assets/fixtures/robe-lighting/painte,assets/fixtures/robe-lighting/painte/fixture.json,docs/08 Fixture Library/entries/robe-lighting/painte.md,assets/fixtures/robe-lighting/painte/models/fixture.blend,assets/fixtures/robe-lighting/painte/models/fixture.usdz,assets/fixtures/robe-lighting/painte/validation/usdz.json,high,2,assets/fixtures/robe-lighting/painte/previews/three-quarter.png,assets/fixtures/robe-lighting/painte/validation/detail.json,touring-dj-2026-10,validated,assets/fixtures/robe-lighting/painte/validation/parity.json,lighting.moving.profile,"Source protocol list: DMX512, RDM",Lighting fixtures > Automated lighting > Framing profile,[],rigged_native_validated,assets/fixtures/robe-lighting/painte/models/rig.json,2,apps/visionos/VenueVolume/FixtureAssets/Catalog/robe-lighting/painte/fixture.usdz,,complete,,
CUETE,CUETE,ROBE Lighting,moving light,white-source profile,https://www.robe.cz/cuete,"{""protocols"": [""DMX512"", ""RDM""], ""power"": ""220 W max"", ""weight"": ""12.2 kg"", ""source_urls"": [""https://www.robe.cz/cuete""], ""dimensions"": {""width_m"": 0.343, ""height_m"": 0.51, ""depth_m"": 0.22, ""axis_status"": ""documented"", ""axis_note"": ""Product page dimensions; depth specified with head vertical."", ""reference_pose"": ""Head vertical; base level.""}, ""research_evidence"": [{""url"": ""https://www.robe.cz/cuete"", ""title"": ""CUETE product page"", ""locator"": ""Technical specifications: width, depth, height, weight and power; first gallery image URL in page markup"", ""accessed_at"": ""2026-10-02"", ""source_kind"": ""manufacturer_product""}]}","[""https://cdn.aws.robe.cz/v1/image/resize/30cea14efb6f539abb3d297a63aa28ad574d10c4""]",ready_for_visualization,assets/fixtures/robe-lighting/cuete,assets/fixtures/robe-lighting/cuete/fixture.json,docs/08 Fixture Library/entries/robe-lighting/cuete.md,assets/fixtures/robe-lighting/cuete/models/fixture.blend,assets/fixtures/robe-lighting/cuete/models/fixture.usdz,assets/fixtures/robe-lighting/cuete/validation/usdz.json,high,2,assets/fixtures/robe-lighting/cuete/previews/three-quarter.png,assets/fixtures/robe-lighting/cuete/validation/detail.json,touring-dj-2026-10,validated,assets/fixtures/robe-lighting/cuete/validation/parity.json,lighting.moving.profile,"Source protocol list: DMX512, RDM",Lighting fixtures > Automated lighting > Framing profile,[],rigged_native_validated,assets/fixtures/robe-lighting/cuete/models/rig.json,2,apps/visionos/VenueVolume/FixtureAssets/Catalog/robe-lighting/cuete/fixture.usdz,,complete,,
Intimidator Spot Duo,Intimidator Spot Duo,CHAUVET DJ,moving light,dual moving spot heads on bar,https://www.chauvetdj.com/products/intimidator-spot-duo/,"{""protocols"": [""DMX512""], ""dmx_channels"": [10, 17, 20], ""power"": ""98 W at 120 V / 104 W at 230 V"", ""weight"": ""8.4 kg"", ""notable"": ""Two independently controlled 10 W white LED moving heads; each head has separate color/gobo wheels, 360° pan and up to 270° tilt."", ""source_urls"": [""https://www.chauvetdj.com/products/intimidator-spot-duo/"", ""https://www.chauvetdj.com/wp-content/uploads/pdf/en/intimidator-spot-duo.pdf""], ""dimensions"": {""width_m"": 0.54, ""height_m"": 0.365, ""depth_m"": 0.187, ""axis_status"": ""documented"", ""axis_note"": ""Manufacturer publishes assembled dimensions 540 x 187 x 365 mm; long bar dimension is width, vertical envelope is height, and remaining dimension is depth."", ""reference_pose"": ""Crossbar level with both heads in upright home position""}, ""research_evidence"": [{""url"": ""https://www.chauvetdj.com/products/intimidator-spot-duo/"", ""title"": ""CHAUVET DJ Intimidator Spot Duo product page"", ""locator"": ""Highlights and specifications: dual independently controlled heads, 10/17/20 DMX modes, power, weight and dimensions"", ""accessed_at"": ""2026-10-02"", ""source_kind"": ""manufacturer_product""}, {""url"": ""https://www.chauvetdj.com/wp-content/uploads/pdf/en/intimidator-spot-duo.pdf"", ""title"": ""CHAUVET DJ Intimidator Spot Duo product sheet"", ""locator"": ""Manufacturer PDF confirms dimensions, weight, control channels and optical/power specifications"", ""accessed_at"": ""2026-10-02"", ""source_kind"": ""manufacturer_datasheet""}]}","[""https://www.chauvetdj.com/wp-content/uploads/2015/12/intimidator-spot-duo-cat.jpg""]",ready_for_visualization,assets/fixtures/chauvet-dj/intimidator-spot-duo,assets/fixtures/chauvet-dj/intimidator-spot-duo/fixture.json,docs/08 Fixture Library/entries/chauvet-dj/intimidator-spot-duo.md,assets/fixtures/chauvet-dj/intimidator-spot-duo/models/fixture.blend,assets/fixtures/chauvet-dj/intimidator-spot-duo/models/fixture.usdz,assets/fixtures/chauvet-dj/intimidator-spot-duo/validation/usdz.json,high,2,assets/fixtures/chauvet-dj/intimidator-spot-duo/previews/three-quarter.png,assets/fixtures/chauvet-dj/intimidator-spot-duo/validation/detail.json,touring-dj-2026-10,validated,assets/fixtures/chauvet-dj/intimidator-spot-duo/validation/parity.json,lighting.moving.batten,Source protocol list: DMX512,Lighting fixtures > Automated lighting > Moving batten / multi-head bar,[],rigged_native_validated,assets/fixtures/chauvet-dj/intimidator-spot-duo/models/rig.json,4,apps/visionos/VenueVolume/FixtureAssets/Catalog/chauvet-dj/intimidator-spot-duo/fixture.usdz,,complete,,
Focus Wash 400,FOC615,ADJ,moving light,RGBACL LED Fresnel wash,https://www.adj.com/products/focus-wash-400,"{""protocols"": [""DMX512"", ""RDM""], ""dmx_channels"": [17, 22, 24, 18, 24], ""power"": ""460 W at 120 V; 430 W at 240 V"", ""weight"": ""10.7 kg"", ""notable"": ""400 W RGBACL engine, 9–43° motorized zoom, tunable white and virtual CMY; 6-inch Fresnel lens."", ""source_urls"": [""https://www.adj.com/products/focus-wash-400""], ""dimensions"": {""width_m"": 0.21333, ""height_m"": 0.4981, ""depth_m"": 0.27843, ""axis_status"": ""documented"", ""axis_note"": ""ADJ lists width 213.33 mm, vertical height 498.1 mm without snoot, and length 278.43 mm."", ""reference_pose"": ""Assembled fixture without optional snoot; head vertical as manufacturer dimensions specify.""}, ""research_evidence"": [{""url"": ""https://www.adj.com/products/focus-wash-400"", ""title"": ""Focus Wash 400 product page"", ""locator"": ""Technical specifications and Downloads list: product drawings, DMX traits and manual"", ""accessed_at"": ""2026-10-02"", ""source_kind"": ""manufacturer_product""}]}","[""https://www.adj.com/cdn/shop/files/f47caca4f21ed796c0be8a2c5f4cd420206163b7_FOC615__IMG__001__aec75c6e5447.jpg?v=1776712595""]",researched,assets/fixtures/adj/focus-wash-400,assets/fixtures/adj/focus-wash-400/fixture.json,docs/08 Fixture Library/entries/adj/focus-wash-400.md,assets/fixtures/adj/focus-wash-400/models/fixture.blend,assets/fixtures/adj/focus-wash-400/models/fixture.usdz,assets/fixtures/adj/focus-wash-400/validation/usdz.json,high,2,assets/fixtures/adj/focus-wash-400/previews/three-quarter.png,assets/fixtures/adj/focus-wash-400/validation/detail.json,touring-dj-2026-10,validated,assets/fixtures/adj/focus-wash-400/validation/parity.json,lighting.moving.wash,"Source protocol list: DMX512, RDM",Lighting fixtures > Automated lighting > Wash,[],rigged_native_validated,assets/fixtures/adj/focus-wash-400/models/rig.json,2,apps/visionos/VenueVolume/FixtureAssets/Catalog/adj/focus-wash-400/fixture.usdz,,complete,,
PROTEUS LUCIUS,PROTEUS LUCIUS,Elation Professional,moving light,profile / spot,https://www.elationlighting.com/products/proteus-lucius,"{""protocols"": [""DMX"", ""RDM"", ""Art-Net"", ""sACN""], ""dmx_channels"": [43, 68], ""power"": ""1000 W max"", ""weight"": ""40.8 kg"", ""notable"": ""IP65 profile; 33,500 lm, 580 W LED source; 5.5°–50° zoom, framing and CMY."", ""source_urls"": [""https://www.elationlighting.com/products/proteus-lucius"", ""https://assets.centryngroup.com/dl/files/PRL546__DL__006.pdf"", ""https://assets.centryngroup.com/dl/files/PRL546__DL__008.pdf"", ""https://assets.centryngroup.com/dl/files/ProteusLuciusUserManual.pdf""], ""dimensions"": {""width_m"": 0.37, ""height_m"": 0.682, ""depth_m"": 0.468, ""axis_status"": ""documented"", ""axis_note"": ""Current manufacturer specification sheet explicitly labels Length 468 mm, Width 370 mm, Height 682 mm; corroborated by the May 2023 dimensional drawing (base width 370 mm, base length 468 mm, max assembled height 682 mm). Older Proteus series brochure dimensions are superseded and do not match this model's current drawing."", ""reference_pose"": ""Manufacturer dimensional drawing, assembled fixture with head in illustrated forward/down pose; width × height × depth mapped from sheet's width/height/length.""}, ""research_evidence"": [{""url"": ""https://www.elationlighting.com/products/proteus-lucius"", ""title"": ""PROTEUS LUCIUS product page"", ""locator"": ""Current product specifications and downloads; 33,500 lm, 580 W source, 89.9 lb; linked spec sheet and drawing"", ""accessed_at"": ""2026-10-02"", ""source_kind"": ""manufacturer_product""}, {""url"": ""https://assets.centryngroup.com/dl/files/PRL546__DL__006.pdf"", ""title"": ""PROTEUS LUCIUS Dimensional Drawing, 10 May 2023"", ""locator"": ""Orthographic dimension sheet: base width 370 mm, base length 468 mm, max height 682 mm"", ""accessed_at"": ""2026-10-02"", ""source_kind"": ""manufacturer_drawing""}, {""url"": ""https://assets.centryngroup.com/dl/files/PRL546__DL__008.pdf"", ""title"": ""PROTEUS LUCIUS Specification Sheet, 16 May 2023"", ""locator"": ""Size/Weight and Electrical sections: L468 × W370 × H682 mm, 40.8 kg, max 1000 W, DMX modes 43/68"", ""accessed_at"": ""2026-10-02"", ""source_kind"": ""manufacturer_manual""}]}","[""https://www.elationlighting.com/cdn/shop/files/e852a97433e35b21e3ea37860247754dbf5e272c_PRL546__IMG__001__e7dc0c89c4f6.jpg?v=1776815027&width=2048""]",researched,assets/fixtures/elation-professional/proteus-lucius,assets/fixtures/elation-professional/proteus-lucius/fixture.json,docs/08 Fixture Library/entries/elation-professional/proteus-lucius.md,assets/fixtures/elation-professional/proteus-lucius/models/fixture.blend,assets/fixtures/elation-professional/proteus-lucius/models/fixture.usdz,assets/fixtures/elation-professional/proteus-lucius/validation/usdz.json,high,2,assets/fixtures/elation-professional/proteus-lucius/previews/three-quarter.png,assets/fixtures/elation-professional/proteus-lucius/validation/detail.json,touring-dj-2026-10,validated,assets/fixtures/elation-professional/proteus-lucius/validation/parity.json,lighting.moving.profile,"Source protocol list: DMX, RDM, Art-Net, sACN",Lighting fixtures > Automated lighting > Framing profile,[],rigged_native_validated,assets/fixtures/elation-professional/proteus-lucius/models/rig.json,2,apps/visionos/VenueVolume/FixtureAssets/Catalog/elation-professional/proteus-lucius/fixture.usdz,,complete,,
Phantom 65,40070,Showtec,moving light,LED spot,https://www.highlite.com/media/attachments/MANUAL/40070_MANUAL_GB_V1.pdf,"{""protocols"": [""DMX512""], ""dmx_channels"": [8, 13], ""power"": ""125 W"", ""weight"": ""6.2 kg"", ""notable"": ""65 W white LED, 16° beam, 540° pan / 270° tilt, 8 colors and rotating gobos."", ""source_urls"": [""https://www.highlite.com/media/attachments/MANUAL/40070_MANUAL_GB_V1.pdf"", ""https://www.showtec-lights.com/en/products/entertainment-lighting/moving-lights/moving-lights-spot.html""], ""dimensions"": {""width_m"": 0.23, ""height_m"": 0.365, ""depth_m"": 0.2, ""axis_status"": ""documented"", ""axis_note"": ""Manual lists 230 x 200 x 365 mm, L x W x H."", ""reference_pose"": ""Head vertical and base level per manual dimension figure.""}, ""research_evidence"": [{""url"": ""https://www.highlite.com/media/attachments/MANUAL/40070_MANUAL_GB_V1.pdf"", ""title"": ""Showtec Phantom 65 user manual"", ""locator"": ""Technical specifications pp. 6 and 26; dimensions figure p. 27"", ""accessed_at"": ""2026-10-02"", ""source_kind"": ""manufacturer_manual""}]}","[""https://www.showtec-lights.com/media/catalog/product/cache/87bb4254b6bb8fe881d0a120867e629d/4/0/40070_43.png""]",researched,assets/fixtures/showtec/phantom-65,assets/fixtures/showtec/phantom-65/fixture.json,docs/08 Fixture Library/entries/showtec/phantom-65.md,assets/fixtures/showtec/phantom-65/models/fixture.blend,assets/fixtures/showtec/phantom-65/models/fixture.usdz,assets/fixtures/showtec/phantom-65/validation/usdz.json,high,2,assets/fixtures/showtec/phantom-65/previews/three-quarter.png,assets/fixtures/showtec/phantom-65/validation/detail.json,touring-dj-2026-10,validated,assets/fixtures/showtec/phantom-65/validation/parity.json,lighting.moving.spot,Source protocol list: DMX512,Lighting fixtures > Automated lighting > Spot / gobo projector,[],rigged_native_validated,assets/fixtures/showtec/phantom-65/models/rig.json,2,apps/visionos/VenueVolume/FixtureAssets/Catalog/showtec/phantom-65/fixture.usdz,,complete,,
Rogue R3X Wash,Rogue R3X Wash,CHAUVET Professional,moving light,wash,https://chauvetprofessional.com/product/rogue-r3x-wash/,"{""protocols"": [""DMX512"", ""RDM""], ""dmx_channels"": [21, 27, 62, 71, 107], ""power"": ""650–670 W depending on line voltage"", ""weight"": ""17.5 kg"", ""notable"": ""37 RGBW LED array (25 W each); zoom 8°–30°; pixel-mappable wash; five DMX personalities."", ""source_urls"": [""https://chauvetprofessional.com/product/rogue-r3x-wash/"", ""https://chauvetprofessional.com/wp-content/uploads/2019/10/Rogue_R3X_Wash_UM_Rev8.pdf""], ""dimensions"": {""width_m"": 0.394, ""height_m"": 0.47, ""depth_m"": 0.298, ""axis_status"": ""documented"", ""axis_note"": ""User Manual Rev. 8, Product Dimensions drawing (p. 5): 394 mm front width × 470 mm maximum height × 298 mm depth, assembled neutral pose."", ""reference_pose"": ""Assembled fixture in manual's dimensional drawing pose; yoke level.""}, ""research_evidence"": [{""url"": ""https://chauvetprofessional.com/product/rogue-r3x-wash/"", ""title"": ""Rogue R3X Wash product page"", ""locator"": ""Construction/Physical and Control: 394 × 298 × 470 mm, 17.46 kg, 650–661 W, 21/27/62/71/107 channels; optical specifications"", ""accessed_at"": ""2026-10-02"", ""source_kind"": ""manufacturer_product""}, {""url"": ""https://chauvetprofessional.com/wp-content/uploads/2019/10/Rogue_R3X_Wash_UM_Rev8.pdf"", ""title"": ""Rogue R3X Wash User Manual Rev. 8"", ""locator"": ""p. 5 Product Dimensions drawing; p. 10 DMX Personalities; pp. 22–23 Technical Specifications"", ""accessed_at"": ""2026-10-02"", ""source_kind"": ""manufacturer_manual""}]}","[""https://chauvetprofessional.com/wp-content/uploads/2025/10/ROGUE_R3X_WASH-FRONT-FEAT.png""]",researched,assets/fixtures/chauvet-professional/rogue-r3x-wash,assets/fixtures/chauvet-professional/rogue-r3x-wash/fixture.json,docs/08 Fixture Library/entries/chauvet-professional/rogue-r3x-wash.md,assets/fixtures/chauvet-professional/rogue-r3x-wash/models/fixture.blend,assets/fixtures/chauvet-professional/rogue-r3x-wash/models/fixture.usdz,assets/fixtures/chauvet-professional/rogue-r3x-wash/validation/usdz.json,high,2,assets/fixtures/chauvet-professional/rogue-r3x-wash/previews/three-quarter.png,assets/fixtures/chauvet-professional/rogue-r3x-wash/validation/detail.json,touring-dj-2026-10,validated,assets/fixtures/chauvet-professional/rogue-r3x-wash/validation/parity.json,lighting.moving.wash,"Source protocol list: DMX512, RDM",Lighting fixtures > Automated lighting > Wash,[],rigged_native_validated,assets/fixtures/chauvet-professional/rogue-r3x-wash/models/rig.json,2,apps/visionos/VenueVolume/FixtureAssets/Catalog/chauvet-professional/rogue-r3x-wash/fixture.usdz,,complete,,
Titan Tube,FP1-BTB,Astera,linear fixture,wireless RGBMintAmber pixel tube,https://astera-led.com/wp-content/uploads/FP1_Titan-Tube_Datasheet_V3.pdf,"{""protocols"": [""DMX512 (via Astera interface)"", ""CRMX"", ""UHF"", ""Bluetooth"", ""Wi-Fi""], ""dmx_channels"": [], ""power"": ""48 W LED power draw (72 W total LED power); 24 VDC, 2 A"", ""weight"": ""1.35 kg"", ""notable"": ""16-pixel battery-powered Titan LED Engine tube; RGBMintAmber; up to 20 h runtime; BTB revision adds integrated Bluetooth bridge; wired DMX requires a separate Astera interface."", ""source_urls"": [""https://astera-led.com/wp-content/uploads/Astera_Titan_Tube_whiteblack_V1.svg"", ""https://astera-led.com/wp-content/uploads/FP1_Titan-Tube_Datasheet_V3.pdf"", ""https://astera-led.com/wp-content/uploads/FP1-BTB_TitanTubeBTB_Manual.pdf"", ""https://astera-led.com/fr/products/snapgrid-for-titan-tube-ax1-pixeltube/""], ""dimensions"": {""width_m"": 1.035, ""height_m"": 0.043, ""depth_m"": 0.043, ""axis_status"": ""documented"", ""axis_note"": ""Manufacturer datasheet specifies 1035 mm overall length × Ø43 mm; modeled horizontally as width × circular height/depth."", ""reference_pose"": ""Tube horizontal; included end caps fitted, no brackets/accessories fitted.""}, ""research_evidence"": [{""url"": ""https://astera-led.com/wp-content/uploads/Astera_Titan_Tube_whiteblack_V1.svg"", ""title"": ""Astera Titan Tube product render (white/black variants)"", ""locator"": ""Official Astera media-library isolated product illustration; image URL is first in row images; verified from official WordPress media record 843"", ""accessed_at"": ""2026-10-02"", ""source_kind"": ""manufacturer_product""}, {""url"": ""https://astera-led.com/wp-content/uploads/FP1_Titan-Tube_Datasheet_V3.pdf"", ""title"": ""Titan Tube Datasheet V3, 20 February 2023"", ""locator"": ""Specifications: order codes FP1/FP1-BTB, output/control, weight 1.35 kg, dimensions 1035 mm × Ø43 mm"", ""accessed_at"": ""2026-10-02"", ""source_kind"": ""manufacturer_manual""}, {""url"": ""https://astera-led.com/wp-content/uploads/FP1-BTB_TitanTubeBTB_Manual.pdf"", ""title"": ""Titan Tube BTB manual"", ""locator"": ""Technical data and dimensions; FP1-BTB product identification"", ""accessed_at"": ""2026-10-02"", ""source_kind"": ""manufacturer_manual""}]}","[""https://astera-led.com/wp-content/uploads/Astera_Titan_Tube_whiteblack_V1.svg"", ""https://astera-led.com/wp-content/uploads/FP1.jpg""]",researched,assets/fixtures/astera/titan-tube,assets/fixtures/astera/titan-tube/fixture.json,docs/08 Fixture Library/entries/astera/titan-tube.md,assets/fixtures/astera/titan-tube/models/fixture.blend,assets/fixtures/astera/titan-tube/models/fixture.usdz,assets/fixtures/astera/titan-tube/validation/usdz.json,high,2,assets/fixtures/astera/titan-tube/previews/three-quarter.png,assets/fixtures/astera/titan-tube/validation/detail.json,touring-dj-2026-10,validated,assets/fixtures/astera/titan-tube/validation/parity.json,lighting.static.tube,"Source protocol list: DMX512 (via Astera interface), CRMX, UHF, Bluetooth, Wi-Fi",Lighting fixtures > Static and manually focused > Luminous tube,"[""pixel control""]",static_native_validated,assets/fixtures/astera/titan-tube/models/rig.json,0,apps/visionos/VenueVolume/FixtureAssets/Catalog/astera/titan-tube/fixture.usdz,,complete,,
Helios Tube,FP2-BTB,Astera,linear fixture,wireless RGBMintAmber pixel tube,https://astera-led.com/fr/products/helios-tube/specs/,"{""protocols"": [""DMX512 (via Astera interface)"", ""CRMX"", ""UHF"", ""Bluetooth"", ""Wi-Fi""], ""dmx_channels"": [], ""power"": ""36 W max; 24 W LED power draw; 24 VDC, 1.25 A"", ""weight"": ""0.765 kg"", ""notable"": ""8-pixel battery-powered Titan LED Engine tube; RGBMintAmber; 1285 lm at 3200 K / 1340 lm at 4000 K; up to 20 h runtime; IP65 only with FP1-SP end cap."", ""source_urls"": [""https://astera-led.com/fr/products/helios-tube/specs/"", ""https://astera-led.com/wp-content/uploads/Datasheet_Helios_Tube_V4-1.pdf"", ""https://astera-led.com/wp-content/uploads/FP2-BTB_HeliosTube_BTB_Manual_EN_DE_IT_ES_FR_PT.pdf"", ""https://astera-led.com/wp-content/uploads/FP2_FP2-BTB_Helios_Tube_DMX_Profiles_V2.pdf""], ""dimensions"": {""width_m"": 0.55, ""height_m"": 0.043, ""depth_m"": 0.043, ""axis_status"": ""documented"", ""axis_note"": ""Manufacturer Datasheet V4 (3 July 2025): overall length 550 mm × Ø43 mm; horizontal tube orientation used for width."", ""reference_pose"": ""Tube horizontal; end caps fitted, no mounting accessories.""}, ""research_evidence"": [{""url"": ""https://astera-led.com/fr/products/helios-tube/specs/"", ""title"": ""Helios Tube technical specifications"", ""locator"": ""FP2/FP2-BTB comparison: 36 W total LED power, 24 W draw, eight pixels, 0.765 kg, L550 × Ø43 mm"", ""accessed_at"": ""2026-10-02"", ""source_kind"": ""manufacturer_product""}, {""url"": ""https://astera-led.com/wp-content/uploads/Datasheet_Helios_Tube_V4-1.pdf"", ""title"": ""Helios Datasheet V4, 3 July 2025"", ""locator"": ""Specifications: LED source/color/output, control and physical specification"", ""accessed_at"": ""2026-10-02"", ""source_kind"": ""manufacturer_manual""}, {""url"": ""https://astera-led.com/wp-content/uploads/FP2-BTB_HeliosTube_BTB_Manual_EN_DE_IT_ES_FR_PT.pdf"", ""title"": ""BTB Helios Tube Manual"", ""locator"": ""Technical data and dimensions table"", ""accessed_at"": ""2026-10-02"", ""source_kind"": ""manufacturer_manual""}]}","[""https://media.astera-led.com/wp-content/uploads/Helios-Tube_V2.png""]",researched,assets/fixtures/astera/helios-tube,assets/fixtures/astera/helios-tube/fixture.json,docs/08 Fixture Library/entries/astera/helios-tube.md,assets/fixtures/astera/helios-tube/models/fixture.blend,assets/fixtures/astera/helios-tube/models/fixture.usdz,assets/fixtures/astera/helios-tube/validation/usdz.json,high,2,assets/fixtures/astera/helios-tube/previews/three-quarter.png,assets/fixtures/astera/helios-tube/validation/detail.json,touring-dj-2026-10,validated,assets/fixtures/astera/helios-tube/validation/parity.json,lighting.static.tube,"Source protocol list: DMX512 (via Astera interface), CRMX, UHF, Bluetooth, Wi-Fi",Lighting fixtures > Static and manually focused > Luminous tube,"[""pixel control""]",static_native_validated,assets/fixtures/astera/helios-tube/models/rig.json,0,apps/visionos/VenueVolume/FixtureAssets/Catalog/astera/helios-tube/fixture.usdz,,complete,,
OPUS X4 IP,CLOX4PIP,Cameo,moving light,"profile / spot, IP65",https://www.cameolight.com/en/solutions/rental/moving-lights/profile-moving-heads/31933/opus-x4-ip,"{""protocols"": [""DMX512"", ""RDM"", ""Art-Net"", ""sACN"", ""W-DMX"", ""CRMX""], ""dmx_channels"": [], ""power"": ""1780 W rated"", ""weight"": ""46 kg"", ""notable"": ""IP65 version; 1400 W white LED engine, 50,000 lm, 5°–50° zoom, framing, dual gobo wheels and animation; three DMX modes (footprints not stated on product page)."", ""source_urls"": [""https://www.cameolight.com/en/solutions/rental/moving-lights/profile-moving-heads/31933/opus-x4-ip""], ""dimensions"": {""width_m"": 0.475, ""height_m"": 0.86, ""depth_m"": 0.35, ""axis_status"": ""documented"", ""axis_note"": ""Cameo product page labels width 475 mm, height 860 mm, depth 350 mm."", ""reference_pose"": ""Overall assembled IP65 fixture; head pose not separately specified.""}, ""research_evidence"": [{""url"": ""https://www.cameolight.com/en/solutions/rental/moving-lights/profile-moving-heads/31933/opus-x4-ip"", ""title"": ""OPUS X4 IP product specifications"", ""locator"": ""Control, mains, construction, environmental and dimensions & weight sections: protocols, 1780 W, 475 × 860 × 350 mm, 46 kg; optical features"", ""accessed_at"": ""2026-10-02"", ""source_kind"": ""manufacturer_product""}]}","[""https://cdn-shop.adamhall.com/ORIGINAL/media/MARKEN/CAMEO/CLOX4PIP/CLOX4PIP_1.jpg""]",researched,assets/fixtures/cameo/opus-x4-ip,assets/fixtures/cameo/opus-x4-ip/fixture.json,docs/08 Fixture Library/entries/cameo/opus-x4-ip.md,assets/fixtures/cameo/opus-x4-ip/models/fixture.blend,assets/fixtures/cameo/opus-x4-ip/models/fixture.usdz,assets/fixtures/cameo/opus-x4-ip/validation/usdz.json,high,2,assets/fixtures/cameo/opus-x4-ip/previews/three-quarter.png,assets/fixtures/cameo/opus-x4-ip/validation/detail.json,touring-dj-2026-10,validated,assets/fixtures/cameo/opus-x4-ip/validation/parity.json,lighting.moving.profile,"Source protocol list: DMX512, RDM, Art-Net, sACN, W-DMX, CRMX",Lighting fixtures > Automated lighting > Framing profile,"[""weather-rated variant""]",rigged_native_validated,assets/fixtures/cameo/opus-x4-ip/models/rig.json,2,apps/visionos/VenueVolume/FixtureAssets/Catalog/cameo/opus-x4-ip/fixture.usdz,,complete,,
AX5 TriplePAR,AX5-BTB,Astera,par,battery-powered RGBAW PAR,https://astera-led.com/fr/products/ax5-triplepar/specs/,"{""protocols"": [""DMX512"", ""CRMX"", ""UHF"", ""Bluetooth"", ""Wi-Fi""], ""dmx_channels"": [], ""power"": ""45 W LED; 90–264 VAC input"", ""weight"": ""3.4 kg"", ""notable"": ""Three 15 W RGBAW LEDs; 13° beam, 26° field; 1080 lm at 3200 K / 1413 lm at 5500 K; built-in CRMX, rechargeable battery up to 20 h, IP65."", ""source_urls"": [""https://astera-led.com/fr/products/ax5-triplepar/specs/"", ""https://astera-led.com/wp-content/uploads/Datasheet_AX5_TriplePar_V4.pdf"", ""https://astera-led.com/wp-content/uploads/AX5_TriplePAR_Manual_EN_DE_IT_ES_FR_CN.pdf"", ""https://astera-led.com/wp-content/uploads/AX5_AX5-BTB_AX5_TriplePAR_DMX_Profiles_V5.pdf""], ""dimensions"": {""width_m"": 0.1936, ""height_m"": 0.2135, ""depth_m"": 0.1481, ""axis_status"": ""documented"", ""axis_note"": ""Manufacturer dimensions with bracket: L148.1 × W193.6 × H213.5 mm; mapped to depth × width × height in the bracketed pose. Body without bracket is Ø153.2 × H140.5 mm."", ""reference_pose"": ""Upright PAR with included yoke/bracket attached, as specified in manufacturer with-bracket dimensions.""}, ""research_evidence"": [{""url"": ""https://astera-led.com/fr/products/ax5-triplepar/specs/"", ""title"": ""AX5 TriplePAR official specifications"", ""locator"": ""AX5/AX5-BTB comparison, output/control and physical tables"", ""accessed_at"": ""2026-10-02"", ""source_kind"": ""manufacturer_product""}, {""url"": ""https://astera-led.com/wp-content/uploads/Datasheet_AX5_TriplePar_V4.pdf"", ""title"": ""AX5 TriplePAR Datasheet V4, 20 July 2025"", ""locator"": ""Specifications: output/control, 3.4 kg mass and with-/without-bracket dimensions"", ""accessed_at"": ""2026-10-02"", ""source_kind"": ""manufacturer_manual""}, {""url"": ""https://astera-led.com/wp-content/uploads/AX5_TriplePAR_Manual_EN_DE_IT_ES_FR_CN.pdf"", ""title"": ""AX5 TriplePAR Manual"", ""locator"": ""Operating, technical and wireless-control details"", ""accessed_at"": ""2026-10-02"", ""source_kind"": ""manufacturer_manual""}]}","[""https://media.astera-led.com/wp-content/uploads/AX5_TriplePAR_V1.png""]",ready_for_visualization,assets/fixtures/astera/ax5-triplepar,assets/fixtures/astera/ax5-triplepar/fixture.json,docs/08 Fixture Library/entries/astera/ax5-triplepar.md,assets/fixtures/astera/ax5-triplepar/models/fixture.blend,assets/fixtures/astera/ax5-triplepar/models/fixture.usdz,assets/fixtures/astera/ax5-triplepar/validation/usdz.json,high,2,assets/fixtures/astera/ax5-triplepar/previews/three-quarter.png,assets/fixtures/astera/ax5-triplepar/validation/detail.json,touring-dj-2026-10,validated,assets/fixtures/astera/ax5-triplepar/validation/parity.json,lighting.static.par,"Source protocol list: DMX512, CRMX, UHF, Bluetooth, Wi-Fi",Lighting fixtures > Static and manually focused > PAR and compact wash,[],rigged_native_validated,assets/fixtures/astera/ax5-triplepar/models/rig.json,1,apps/visionos/VenueVolume/FixtureAssets/Catalog/astera/ax5-triplepar/fixture.usdz,Visual review found a vertically stretched optical housing despite the correct three reflector cups and floor yoke; the source envelope needs a neutral-pose proportion correction.,visual_review_pending,,
ColorSource Spot jr,CSSPOTJR2550,ETC,fixed light,LED profile / ellipsoidal,https://www.etcconnect.com/products/entertainment-fixtures/colorsource-spot-jr/documentation.aspx,"{""protocols"": [""DMX512"", ""RDM""], ""dmx_channels"": [], ""power"": ""166 W typical at 120 V; 162 W at 240 V"", ""weight"": ""5.4 kg"", ""notable"": ""52 RGB-L LED emitters, 5,708 lm standard / 5,426 lm Deep Blue; built-in 25°–50° zoom; four DMX modes."", ""source_urls"": [""https://www.etcconnect.com/products/entertainment-fixtures/colorsource-spot-jr/documentation.aspx"", ""https://www.etcconnect.com/WorkArea/DownloadAsset.aspx?id=10737502586"", ""https://www.etcconnect.com/WorkArea/DownloadAsset.aspx?id=10737502608""], ""dimensions"": {""width_m"": 0.258, ""height_m"": 0.331, ""depth_m"": 0.46, ""axis_status"": ""documented"", ""axis_note"": ""Manufacturer physical drawing labels width 258 mm, height 331 mm and depth 460 mm for the assembled fixture."", ""reference_pose"": ""Manufacturer physical drawing, yoke assembled; C-clamp not included.""}, ""research_evidence"": [{""url"": ""https://www.etcconnect.com/products/entertainment-fixtures/colorsource-spot-jr/documentation.aspx"", ""title"": ""ColorSource Spot jr documentation"", ""locator"": ""Official product documentation and product image"", ""accessed_at"": ""2026-10-02"", ""source_kind"": ""manufacturer_product""}, {""url"": ""https://www.etcconnect.com/WorkArea/DownloadAsset.aspx?id=10737502586"", ""title"": ""ColorSource Spot jr Datasheet"", ""locator"": ""Source, output, zoom, protocol, electrical draw and mass"", ""accessed_at"": ""2026-10-02"", ""source_kind"": ""manufacturer_manual""}, {""url"": ""https://www.etcconnect.com/WorkArea/DownloadAsset.aspx?id=10737502608"", ""title"": ""ColorSource Spot jr Physical Drawing"", ""locator"": ""Drawing: W258 × H331 × D460 mm"", ""accessed_at"": ""2026-10-02"", ""source_kind"": ""manufacturer_drawing""}]}","[""https://www.etcconnect.com/uploadedImages/Main_Site/Images/Products/Lighting_Fixtures/ColorSource/ColorSource_Spot_jr_Right.jpg""]",ready_for_visualization,assets/fixtures/etc/colorsource-spot-jr,assets/fixtures/etc/colorsource-spot-jr/fixture.json,docs/08 Fixture Library/entries/etc/colorsource-spot-jr.md,assets/fixtures/etc/colorsource-spot-jr/models/fixture.blend,assets/fixtures/etc/colorsource-spot-jr/models/fixture.usdz,assets/fixtures/etc/colorsource-spot-jr/validation/usdz.json,high,2,assets/fixtures/etc/colorsource-spot-jr/previews/three-quarter.png,assets/fixtures/etc/colorsource-spot-jr/validation/detail.json,touring-dj-2026-10,validated,assets/fixtures/etc/colorsource-spot-jr/validation/parity.json,lighting.static.profile,"Source protocol list: DMX512, RDM",Lighting fixtures > Static and manually focused > Profile / ellipsoidal (ERS),[],rigged_native_validated,assets/fixtures/etc/colorsource-spot-jr/models/rig.json,1,apps/visionos/VenueVolume/FixtureAssets/Catalog/etc/colorsource-spot-jr/fixture.usdz,,complete,,
ColorSource PAR jr,CSPARJR,ETC,par,LED PAR,https://www.etcconnect.com/products/entertainment-fixtures/colorsource-par-jr/documentation.aspx,"{""protocols"": [""DMX512"", ""RDM""], ""dmx_channels"": [], ""power"": ""72 W typical"", ""weight"": ""2.54 kg"", ""notable"": ""16 RGB-L LED emitters, 2,290 lm standard / 2,061 lm Deep Blue, 15.3° beam; four DMX modes spanning 1–6 channels."", ""source_urls"": [""https://www.etcconnect.com/products/entertainment-fixtures/colorsource-par-jr/documentation.aspx"", ""https://www.etcconnect.com/WorkArea/DownloadAsset.aspx?id=10737516212""], ""dimensions"": {""width_m"": 0.213, ""height_m"": 0.282, ""depth_m"": 0.251, ""axis_status"": ""documented"", ""axis_note"": ""Manufacturer table labels H282 × W213 × D251 mm, including yoke envelope."", ""reference_pose"": ""Upright PAR with included yoke attached; C-clamp excluded.""}, ""research_evidence"": [{""url"": ""https://www.etcconnect.com/products/entertainment-fixtures/colorsource-par-jr/documentation.aspx"", ""title"": ""ColorSource PAR jr documentation"", ""locator"": ""Official product page and image"", ""accessed_at"": ""2026-10-02"", ""source_kind"": ""manufacturer_product""}, {""url"": ""https://www.etcconnect.com/WorkArea/DownloadAsset.aspx?id=10737516212"", ""title"": ""ColorSource PAR jr Datasheet"", ""locator"": ""Product specifications and physical table: 16 emitters, 72 W, 2.54 kg, H282 × W213 × D251 mm"", ""accessed_at"": ""2026-10-02"", ""source_kind"": ""manufacturer_manual""}]}","[""https://www.etcconnect.com/uploadedImages/Main_Site/Images/Products/ColorSource/ColorSource_PAR_jr_Right_Black.jpg""]",ready_for_visualization,assets/fixtures/etc/colorsource-par-jr,assets/fixtures/etc/colorsource-par-jr/fixture.json,docs/08 Fixture Library/entries/etc/colorsource-par-jr.md,assets/fixtures/etc/colorsource-par-jr/models/fixture.blend,assets/fixtures/etc/colorsource-par-jr/models/fixture.usdz,assets/fixtures/etc/colorsource-par-jr/validation/usdz.json,high,2,assets/fixtures/etc/colorsource-par-jr/previews/three-quarter.png,assets/fixtures/etc/colorsource-par-jr/validation/detail.json,touring-dj-2026-10,validated,assets/fixtures/etc/colorsource-par-jr/validation/parity.json,lighting.static.par,"Source protocol list: DMX512, RDM",Lighting fixtures > Static and manually focused > PAR and compact wash,[],rigged_native_validated,assets/fixtures/etc/colorsource-par-jr/models/rig.json,1,apps/visionos/VenueVolume/FixtureAssets/Catalog/etc/colorsource-par-jr/fixture.usdz,Visual review found that fitting the documented assembled envelope stretches the round optical housing vertically; a pose-specific proportion correction is still required.,visual_review_pending,,
MANA PROFILE,XA 600 BSWF IP,ACME,moving light,LED framing profile / spot,https://en.acmelighting.com/item/MANA-PROFILE,"{""protocols"": [""DMX512"", ""RDM"", ""Art-Net"", ""sACN""], ""dmx_channels"": [22, 30, 31, 40], ""power"": ""910 W consumption"", ""weight"": ""32.5 kg"", ""notable"": ""600 W LED engine, 26,000 lm, 170 mm front lens, 3.5°–45° zoom, IP66; CMY/CTO, framing, iris, animation and dual prisms. Manufacturer lists five modes with footprints 22/30/31/31/40 channels."", ""source_urls"": [""https://en.acmelighting.com/item/MANA-PROFILE"", ""https://en.acmelighting.com/upload/other/20260722/aea9031a33652685164a03651b20b64d.pdf""], ""dimensions"": {""width_m"": 0.38, ""height_m"": 0.658, ""depth_m"": 0.284, ""axis_status"": ""documented"", ""axis_note"": ""Manufacturer 2026 leaflet physical information lists fixture dimensions 380 × 284 × 658 mm; mapped to W × D × H, corroborated by its dimension illustration."", ""reference_pose"": ""Assembled fixture upright in manufacturer dimension illustration; flight-case dimensions excluded.""}, ""research_evidence"": [{""url"": ""https://en.acmelighting.com/item/MANA-PROFILE"", ""title"": ""ACME MANA PROFILE"", ""locator"": ""Official product page: product image, control protocols, five channel modes and 910 W consumption"", ""accessed_at"": ""2026-10-02"", ""source_kind"": ""manufacturer_product""}, {""url"": ""https://en.acmelighting.com/upload/other/20260722/aea9031a33652685164a03651b20b64d.pdf"", ""title"": ""MANA PROFILE leaflet, July 2026"", ""locator"": ""Specifications: XA 600 BSWF IP, 600 W LED, 26,000 lm, 32.5 kg, W380 × D284 × H658 mm; optics and effects"", ""accessed_at"": ""2026-10-02"", ""source_kind"": ""manufacturer_manual""}]}","[""https://en.acmelighting.com/upload/image/20250109/f418501fcbdf3338a8a1164670990feb.png""]",researched,assets/fixtures/acme/mana-profile,assets/fixtures/acme/mana-profile/fixture.json,docs/08 Fixture Library/entries/acme/mana-profile.md,assets/fixtures/acme/mana-profile/models/fixture.blend,assets/fixtures/acme/mana-profile/models/fixture.usdz,assets/fixtures/acme/mana-profile/validation/usdz.json,high,2,assets/fixtures/acme/mana-profile/previews/three-quarter.png,assets/fixtures/acme/mana-profile/validation/detail.json,touring-dj-2026-10,validated,assets/fixtures/acme/mana-profile/validation/parity.json,lighting.moving.profile,"Source protocol list: DMX512, RDM, Art-Net, sACN",Lighting fixtures > Automated lighting > Framing profile,[],rigged_native_validated,assets/fixtures/acme/mana-profile/models/rig.json,2,apps/visionos/VenueVolume/FixtureAssets/Catalog/acme/mana-profile/fixture.usdz,,complete,,
Lonestar,Lonestar,High End Systems,moving light,LED framing profile,https://www.etcconnect.com/lonestar/,"{""protocols"": [""DMX512"", ""Art-Net"", ""sACN""], ""dmx_channels"": [48], ""power"": ""615 W max"", ""weight"": ""23 kg"", ""notable"": ""290 W white LED engine, 15,400 lm, 3.8°–55° zoom, framing shutters; Standard and Trifusion modes, 48 channels."", ""source_urls"": [""https://www.etcconnect.com/lonestar/"", ""https://www.etcconnect.com/WorkArea/DownloadAsset.aspx?id=10737513380"", ""https://www.etcconnect.com/WorkArea/DownloadAsset.aspx?id=10737514372""], ""dimensions"": {""width_m"": 0.368, ""height_m"": 0.6, ""depth_m"": 0.221, ""axis_status"": ""documented"", ""axis_note"": ""Manufacturer Datasheet Rev H gives W368 × H600 × D221 mm for fixture envelope."", ""reference_pose"": ""Assembled moving head, upright base and head orientation as manufacturer drawing.""}, ""research_evidence"": [{""url"": ""https://www.etcconnect.com/lonestar/"", ""title"": ""High End Systems Lonestar"", ""locator"": ""Official product overview and image"", ""accessed_at"": ""2026-10-02"", ""source_kind"": ""manufacturer_product""}, {""url"": ""https://www.etcconnect.com/WorkArea/DownloadAsset.aspx?id=10737513380"", ""title"": ""Lonestar Datasheet Rev H, June 2025"", ""locator"": ""Product Dimensions table: H600 × W368 × D221 mm; 23 kg; source, optics, power and modes"", ""accessed_at"": ""2026-10-02"", ""source_kind"": ""manufacturer_manual""}, {""url"": ""https://www.etcconnect.com/WorkArea/DownloadAsset.aspx?id=10737514372"", ""title"": ""Lonestar DMX Channel Map"", ""locator"": ""Standard and Trifusion modes; 48-channel footprint"", ""accessed_at"": ""2026-10-02"", ""source_kind"": ""manufacturer_manual""}]}","[""https://www.etcconnect.com/uploadedImages/Main_Site/Images/Products/Live_Events/Lighting_Fixtures/Lonestar/Lonestar_Prod_Left_Red_547x400.jpg""]",researched,assets/fixtures/high-end-systems/lonestar,assets/fixtures/high-end-systems/lonestar/fixture.json,docs/08 Fixture Library/entries/high-end-systems/lonestar.md,assets/fixtures/high-end-systems/lonestar/models/fixture.blend,assets/fixtures/high-end-systems/lonestar/models/fixture.usdz,assets/fixtures/high-end-systems/lonestar/validation/usdz.json,high,2,assets/fixtures/high-end-systems/lonestar/previews/three-quarter.png,assets/fixtures/high-end-systems/lonestar/validation/detail.json,touring-dj-2026-10,validated,assets/fixtures/high-end-systems/lonestar/validation/parity.json,lighting.moving.profile,"Source protocol list: DMX512, Art-Net, sACN",Lighting fixtures > Automated lighting > Framing profile,[],rigged_native_validated,assets/fixtures/high-end-systems/lonestar/models/rig.json,2,apps/visionos/VenueVolume/FixtureAssets/Catalog/high-end-systems/lonestar/fixture.usdz,,complete,,
B-Eye 7,CL3046,Claypaky,moving light,IP66 RGBL wash,https://www.claypaky.it/products/b-eye-7/,"{""protocols"": [""DMX"", ""Art-Net"", ""RDM"", ""sACN""], ""dmx_channels"": [30, 47, 28], ""power"": ""500 W at 100 V / 480 W at 240 V"", ""weight"": ""12 kg"", ""notable"": ""Seven individually controlled 55 W RGBL sources; 7,700 lm; 4.0°–45.4° zoom; endless pan and tilt; IP66. Standard/Extended modes: 30/47 channels; pixel engine: 28 channels."", ""source_urls"": [""https://www.claypaky.it/products/b-eye-7/""], ""dimensions"": {""width_m"": 0.35, ""height_m"": 0.4609, ""depth_m"": 0.2048, ""axis_status"": ""estimated"", ""axis_note"": ""Manufacturer states 350 x 204.8 mm base and 460.9 mm vertical-head height; assignment of base axes to width/depth follows product views and is estimated."", ""reference_pose"": ""Head vertical; base level.""}, ""research_evidence"": [{""url"": ""https://www.claypaky.it/products/b-eye-7/"", ""title"": ""B-Eye 7 product page"", ""locator"": ""Light source, output and zoom; CONTROL and CONNECTIONS: 30/47 DMX modes plus 28-channel pixel engine, DMX/Art-Net/RDM/sACN; WEIGHT-SIZE and power consumption"", ""accessed_at"": ""2026-10-02"", ""source_kind"": ""manufacturer_product""}]}","[""https://www.claypaky.it/wp-content/uploads/2026/08/Claypaky_B-Eye7_featured.jpg""]",researched,assets/fixtures/claypaky/b-eye-7,assets/fixtures/claypaky/b-eye-7/fixture.json,docs/08 Fixture Library/entries/claypaky/b-eye-7.md,assets/fixtures/claypaky/b-eye-7/models/fixture.blend,assets/fixtures/claypaky/b-eye-7/models/fixture.usdz,assets/fixtures/claypaky/b-eye-7/validation/usdz.json,high,2,assets/fixtures/claypaky/b-eye-7/previews/three-quarter.png,assets/fixtures/claypaky/b-eye-7/validation/detail.json,touring-dj-2026-10,validated,assets/fixtures/claypaky/b-eye-7/validation/parity.json,lighting.moving.wash,"Source protocol list: DMX, Art-Net, RDM, sACN",Lighting fixtures > Automated lighting > Wash,"[""weather-rated variant""]",rigged_native_validated,assets/fixtures/claypaky/b-eye-7/models/rig.json,2,apps/visionos/VenueVolume/FixtureAssets/Catalog/claypaky/b-eye-7/fixture.usdz,,complete,,
Arolla Aqua,CL3027,Claypaky,moving light,IP66 profile,https://www.claypaky.it/products/arolla-aqua/,"{""protocols"": [""DMX"", ""Art-Net"", ""RDM"", ""sACN"", ""Wireless DMX""], ""dmx_channels"": [38, 41], ""power"": ""1100 VA"", ""weight"": ""38.7 kg"", ""notable"": ""Custom 900 W white LED engine (7000 K), 40,000 lm; IP66 moving profile; rotating gobos, animation wheel, framing and color section."", ""source_urls"": [""https://www.claypaky.it/products/arolla-aqua/""], ""dimensions"": {""width_m"": 0.325, ""height_m"": 0.75, ""depth_m"": 0.45, ""axis_status"": ""estimated"", ""axis_note"": ""Manufacturer states 325 x 450 mm base and 750 mm height with vertical head. Assignment of base axes to width/depth follows the product views; preserve original base spans."", ""reference_pose"": ""Head vertical; base level.""}, ""research_evidence"": [{""url"": ""https://www.claypaky.it/products/arolla-aqua/"", ""title"": ""Arolla Aqua product page"", ""locator"": ""Source/output and CONTROL and CONNECTIONS: 38/41 channels, DMX/Art-Net/RDM/sACN/wireless; WEIGHT-SIZE: 38.7 kg, base/height, 1100 VA"", ""accessed_at"": ""2026-10-02"", ""source_kind"": ""manufacturer_product""}]}","[""https://www.claypaky.it/wp-content/uploads/2025/06/Claypaky_ArollaAqua.jpg""]",researched,assets/fixtures/claypaky/arolla-aqua,assets/fixtures/claypaky/arolla-aqua/fixture.json,docs/08 Fixture Library/entries/claypaky/arolla-aqua.md,assets/fixtures/claypaky/arolla-aqua/models/fixture.blend,assets/fixtures/claypaky/arolla-aqua/models/fixture.usdz,assets/fixtures/claypaky/arolla-aqua/validation/usdz.json,high,2,assets/fixtures/claypaky/arolla-aqua/previews/three-quarter.png,assets/fixtures/claypaky/arolla-aqua/validation/detail.json,touring-dj-2026-10,validated,assets/fixtures/claypaky/arolla-aqua/validation/parity.json,lighting.moving.profile,"Source protocol list: DMX, Art-Net, RDM, sACN, Wireless DMX",Lighting fixtures > Automated lighting > Framing profile,"[""weather-rated variant""]",rigged_native_validated,assets/fixtures/claypaky/arolla-aqua/models/rig.json,2,apps/visionos/VenueVolume/FixtureAssets/Catalog/claypaky/arolla-aqua/fixture.usdz,,complete,,
B-Eye K30,CL3044,Claypaky,moving light,large RGBL wash / effect,https://www.claypaky.it/products/b-eye-k30/,"{""protocols"": [""DMX"", ""Art-Net"", ""RDM"", ""sACN"", ""CRMX""], ""dmx_channels"": [30, 47, 148], ""power"": ""1700 W max"", ""weight"": ""37.6 kg"", ""notable"": ""37 individually controlled 55 W RGBL LEDs; up to 28,000 lm; 3.7°–54.5° zoom; 330 mm front lens; IP66; endless pan and 230° tilt with safety brake. Standard/Extended modes: 30/47 channels; pixel engine: 148 channels."", ""source_urls"": [""https://www.claypaky.it/products/b-eye-k30/""], ""dimensions"": {""width_m"": 0.43, ""height_m"": 0.609, ""depth_m"": 0.4, ""axis_status"": ""estimated"", ""axis_note"": ""Claypaky lists 430 x 400 mm base dimensions and 609 mm with vertical head but does not label the two base axes; width/depth mapping is estimated from the product view."", ""reference_pose"": ""Head vertical; base level.""}, ""research_evidence"": [{""url"": ""https://www.claypaky.it/products/b-eye-k30/"", ""title"": ""B-Eye K30 product page"", ""locator"": ""CL3044; light sources/output/zoom; CONTROL and CONNECTIONS protocols and 30/47 + 148-channel modes; dynamic effects and motion; max power; WEIGHT-SIZE"", ""accessed_at"": ""2026-10-02"", ""source_kind"": ""manufacturer_product""}]}","[""https://www.claypaky.it/wp-content/uploads/2026/08/Claypaky_B-EyeK30.jpg""]",researched,assets/fixtures/claypaky/b-eye-k30,assets/fixtures/claypaky/b-eye-k30/fixture.json,docs/08 Fixture Library/entries/claypaky/b-eye-k30.md,assets/fixtures/claypaky/b-eye-k30/models/fixture.blend,assets/fixtures/claypaky/b-eye-k30/models/fixture.usdz,assets/fixtures/claypaky/b-eye-k30/validation/usdz.json,high,2,assets/fixtures/claypaky/b-eye-k30/previews/three-quarter.png,assets/fixtures/claypaky/b-eye-k30/validation/detail.json,touring-dj-2026-10,validated,assets/fixtures/claypaky/b-eye-k30/validation/parity.json,lighting.moving.wash,"Source protocol list: DMX, Art-Net, RDM, sACN, CRMX",Lighting fixtures > Automated lighting > Wash,[],rigged_native_validated,assets/fixtures/claypaky/b-eye-k30/models/rig.json,2,apps/visionos/VenueVolume/FixtureAssets/Catalog/claypaky/b-eye-k30/fixture.usdz,,complete,,
MAC Aura Raven XIP,MAC Aura Raven XIP,Martin Professional (HARMAN),moving light,IP-rated wash / Aura pixel effect,https://www.martin.com/en-US/products/mac-aura-raven-xip,"{""protocols"": [""DMX"", ""RDM"", ""Art-Net"", ""RDM over Art-Net"", ""sACN"", ""Martin P3""], ""dmx_channels"": [22, 38, 149, 266, 851, 22], ""power"": ""1120 W maximum; 1020 W typical"", ""weight"": ""28.8 kg"", ""notable"": ""37 x 40 W RGBL beam LEDs plus 234 RGB Aura LEDs on the forward face; 27,000 lm fixture output; 343 mm front lens; IP54."", ""source_urls"": [""https://www.martin.com/en-US/products/mac-aura-raven-xip""], ""dimensions"": {""width_m"": 0.429, ""height_m"": 0.603, ""depth_m"": 0.285, ""axis_status"": ""documented"", ""axis_note"": ""Manufacturer physical specs: base width 429 mm, maximum height 603 mm, base depth 285 mm; across-yoke width is 528 mm."", ""reference_pose"": ""Head maximum height; base level.""}, ""research_evidence"": [{""url"": ""https://www.martin.com/en-US/products/mac-aura-raven-xip"", ""title"": ""MAC Aura Raven XIP product page"", ""locator"": ""Physical dimensions, power, protocols, DMX modes/channel counts, light sources and Aura effect: 37 beam LEDs and 234 Aura LEDs"", ""accessed_at"": ""2026-10-02"", ""source_kind"": ""manufacturer_product""}]}","[""https://adn.harmanpro.com/productattachment/12797/product_attachment/x_large-c5fd37cb61ca8d844c5298005092457a.webp""]",ready_for_visualization,assets/fixtures/martin-professional-harman/mac-aura-raven-xip,assets/fixtures/martin-professional-harman/mac-aura-raven-xip/fixture.json,docs/08 Fixture Library/entries/martin-professional-harman/mac-aura-raven-xip.md,assets/fixtures/martin-professional-harman/mac-aura-raven-xip/models/fixture.blend,assets/fixtures/martin-professional-harman/mac-aura-raven-xip/models/fixture.usdz,assets/fixtures/martin-professional-harman/mac-aura-raven-xip/validation/usdz.json,high,2,assets/fixtures/martin-professional-harman/mac-aura-raven-xip/previews/three-quarter.png,assets/fixtures/martin-professional-harman/mac-aura-raven-xip/validation/detail.json,touring-dj-2026-10,validated,assets/fixtures/martin-professional-harman/mac-aura-raven-xip/validation/parity.json,lighting.moving.wash,"Source protocol list: DMX, RDM, Art-Net, RDM over Art-Net, sACN, Martin P3",Lighting fixtures > Automated lighting > Wash,"[""pixel control""]",rigged_native_validated,assets/fixtures/martin-professional-harman/mac-aura-raven-xip/models/rig.json,2,apps/visionos/VenueVolume/FixtureAssets/Catalog/martin-professional-harman/mac-aura-raven-xip/fixture.usdz,,complete,,
MAC Encore Two,MAC Encore Two,Martin Professional (HARMAN),moving light,LED profile,https://www.martin.com/en-US/products/mac-encore-two,"{""protocols"": [""DMX"", ""RDM"", ""Art-Net"", ""RDM over Art-Net"", ""sACN"", ""Martin P3""], ""dmx_channels"": [52, 62, 68], ""power"": ""1040 W maximum; 945 W typical"", ""weight"": ""36.8 kg"", ""notable"": ""Current LED profile with CMY mixing, 7 rotating gobos, animation wheel and framing system."", ""source_urls"": [""https://www.martin.com/en-US/products/mac-encore-two""], ""dimensions"": {""width_m"": 0.479, ""height_m"": 0.776, ""depth_m"": 0.596, ""axis_status"": ""documented"", ""axis_note"": ""Martin physical specifications: base width 429 mm, across-yoke width 479 mm, head length 596 mm, maximum height 776 mm (head straight up 758 mm), base depth 275 mm. Width uses across-yoke envelope; depth uses head length."", ""reference_pose"": ""Maximum height; base level; head tilted to maximum envelope.""}, ""research_evidence"": [{""url"": ""https://www.martin.com/en-US/products/mac-encore-two"", ""title"": ""MAC Encore Two product page"", ""locator"": ""Specifications > Physical: across-yoke/base widths, maximum/head-up height, head length and weight; Control modes; power"", ""accessed_at"": ""2026-10-02"", ""source_kind"": ""manufacturer_product""}]}","[""https://adn.harmanpro.com/productattachment/13804/product_attachment/x_large-f4b421de0df9f555d4e46bcbff7105cd.webp""]",ready_for_visualization,assets/fixtures/martin-professional-harman/mac-encore-two,assets/fixtures/martin-professional-harman/mac-encore-two/fixture.json,docs/08 Fixture Library/entries/martin-professional-harman/mac-encore-two.md,assets/fixtures/martin-professional-harman/mac-encore-two/models/fixture.blend,assets/fixtures/martin-professional-harman/mac-encore-two/models/fixture.usdz,assets/fixtures/martin-professional-harman/mac-encore-two/validation/usdz.json,high,2,assets/fixtures/martin-professional-harman/mac-encore-two/previews/three-quarter.png,assets/fixtures/martin-professional-harman/mac-encore-two/validation/detail.json,touring-dj-2026-10,validated,assets/fixtures/martin-professional-harman/mac-encore-two/validation/parity.json,lighting.moving.profile,"Source protocol list: DMX, RDM, Art-Net, RDM over Art-Net, sACN, Martin P3",Lighting fixtures > Automated lighting > Framing profile,[],rigged_native_validated,assets/fixtures/martin-professional-harman/mac-encore-two/models/rig.json,2,apps/visionos/VenueVolume/FixtureAssets/Catalog/martin-professional-harman/mac-encore-two/fixture.usdz,,complete,,
Karif LT,011170,Ayrton,moving light,long-throw beam / spot,https://www.ayrton.eu/produit/karif-lt/,"{""protocols"": [""DMX512"", ""RDM"", ""CRMX wireless DMX""], ""dmx_channels"": [32, 46], ""power"": ""550 W maximum"", ""weight"": ""27 kg"", ""notable"": ""20,000 lm LED engine; 14,000 lm fixture output; 2.8°–47° zoom; 168 mm lens; infinite pan; IP20."", ""source_urls"": [""https://www.ayrton.eu/produit/karif-lt/""], ""dimensions"": {""width_m"": 0.365, ""height_m"": 0.622, ""depth_m"": 0.212, ""axis_status"": ""documented"", ""axis_note"": ""Official product page states 365 x 622 x 212 mm (length x height x depth)."", ""reference_pose"": ""Manufacturer reference dimensions; fixture assembled.""}, ""research_evidence"": [{""url"": ""https://www.ayrton.eu/produit/karif-lt/"", ""title"": ""Karif LT product page"", ""locator"": ""Performance and Technical specifications: CONTROL, POWER SUPPLY, SIZE, WEIGHT, product code 011170"", ""accessed_at"": ""2026-10-02"", ""source_kind"": ""manufacturer_product""}]}","[""https://www.ayrton.eu/wp-content/uploads/2020/03/Product-Karif-03.png""]",ready_for_visualization,assets/fixtures/ayrton/karif-lt,assets/fixtures/ayrton/karif-lt/fixture.json,docs/08 Fixture Library/entries/ayrton/karif-lt.md,assets/fixtures/ayrton/karif-lt/models/fixture.blend,assets/fixtures/ayrton/karif-lt/models/fixture.usdz,assets/fixtures/ayrton/karif-lt/validation/usdz.json,high,2,assets/fixtures/ayrton/karif-lt/previews/three-quarter.png,assets/fixtures/ayrton/karif-lt/validation/detail.json,touring-dj-2026-10,validated,assets/fixtures/ayrton/karif-lt/validation/parity.json,lighting.moving.beam,"Source protocol list: DMX512, RDM, CRMX wireless DMX",Lighting fixtures > Automated lighting > Beam,[],rigged_native_validated,assets/fixtures/ayrton/karif-lt/models/rig.json,2,apps/visionos/VenueVolume/FixtureAssets/Catalog/ayrton/karif-lt/fixture.usdz,,complete,,
Mistral S,011240,Ayrton,moving light,white-source profile,https://www.ayrton.eu/produit/mistral/,"{""protocols"": [""DMX512"", ""RDM"", ""CRMX wireless DMX""], ""dmx_channels"": [26, 39], ""power"": ""550 W maximum"", ""weight"": ""18.9 kg"", ""notable"": ""26,000 lm 8000 K LED engine; up to 18,000 lm fixture output at 7000 K; 6.7°–53° zoom; 119 mm lens; 540° pan/263° tilt; IP20."", ""source_urls"": [""https://www.ayrton.eu/produit/mistral/""], ""dimensions"": {""width_m"": 0.365, ""height_m"": 0.591, ""depth_m"": 0.212, ""axis_status"": ""documented"", ""axis_note"": ""Official product page: 365 x 591 x 212 mm (length x height x depth)."", ""reference_pose"": ""Manufacturer reference dimensions; fixture assembled.""}, ""research_evidence"": [{""url"": ""https://www.ayrton.eu/produit/mistral/"", ""title"": ""Mistral product page"", ""locator"": ""S/TC versions and codes; source output; movement; CONTROL channel range; power; SIZE/WEIGHT"", ""accessed_at"": ""2026-10-02"", ""source_kind"": ""manufacturer_product""}]}","[""https://www.ayrton.eu/wp-content/uploads/2015/01/Product-Mistral-TC-02-Produit-1.png""]",ready_for_visualization,assets/fixtures/ayrton/mistral-s,assets/fixtures/ayrton/mistral-s/fixture.json,docs/08 Fixture Library/entries/ayrton/mistral-s.md,assets/fixtures/ayrton/mistral-s/models/fixture.blend,assets/fixtures/ayrton/mistral-s/models/fixture.usdz,assets/fixtures/ayrton/mistral-s/validation/usdz.json,high,2,assets/fixtures/ayrton/mistral-s/previews/three-quarter.png,assets/fixtures/ayrton/mistral-s/validation/detail.json,touring-dj-2026-10,validated,assets/fixtures/ayrton/mistral-s/validation/parity.json,lighting.moving.profile,"Source protocol list: DMX512, RDM, CRMX wireless DMX",Lighting fixtures > Automated lighting > Framing profile,[],rigged_native_validated,assets/fixtures/ayrton/mistral-s/models/rig.json,2,apps/visionos/VenueVolume/FixtureAssets/Catalog/ayrton/mistral-s/fixture.usdz,,complete,,
Mistral TC,011250,Ayrton,moving light,high-CRI profile,https://www.ayrton.eu/produit/mistral/,"{""protocols"": [""DMX512"", ""RDM"", ""CRMX wireless DMX""], ""dmx_channels"": [26, 39], ""power"": ""550 W maximum"", ""weight"": ""18.9 kg"", ""notable"": ""21,000 lm 7000 K LED engine; up to 14,000 lm fixture output at 6500 K; native CRI >90; 6.7°–53° zoom; IP20."", ""source_urls"": [""https://www.ayrton.eu/produit/mistral/""], ""dimensions"": {""width_m"": 0.365, ""height_m"": 0.591, ""depth_m"": 0.212, ""axis_status"": ""documented"", ""axis_note"": ""Official product page: 365 x 591 x 212 mm (length x height x depth)."", ""reference_pose"": ""Manufacturer reference dimensions; fixture assembled.""}, ""research_evidence"": [{""url"": ""https://www.ayrton.eu/produit/mistral/"", ""title"": ""Mistral product page"", ""locator"": ""S/TC versions and codes; source output; movement; CONTROL channel range; power; SIZE/WEIGHT"", ""accessed_at"": ""2026-10-02"", ""source_kind"": ""manufacturer_product""}]}","[""https://www.ayrton.eu/wp-content/uploads/2015/01/Product-Mistral-TC-02-Produit-1.png""]",ready_for_visualization,assets/fixtures/ayrton/mistral-tc,assets/fixtures/ayrton/mistral-tc/fixture.json,docs/08 Fixture Library/entries/ayrton/mistral-tc.md,assets/fixtures/ayrton/mistral-tc/models/fixture.blend,assets/fixtures/ayrton/mistral-tc/models/fixture.usdz,assets/fixtures/ayrton/mistral-tc/validation/usdz.json,high,2,assets/fixtures/ayrton/mistral-tc/previews/three-quarter.png,assets/fixtures/ayrton/mistral-tc/validation/detail.json,touring-dj-2026-10,validated,assets/fixtures/ayrton/mistral-tc/validation/parity.json,lighting.moving.profile,"Source protocol list: DMX512, RDM, CRMX wireless DMX",Lighting fixtures > Automated lighting > Framing profile,[],rigged_native_validated,assets/fixtures/ayrton/mistral-tc/models/rig.json,2,apps/visionos/VenueVolume/FixtureAssets/Catalog/ayrton/mistral-tc/fixture.usdz,,complete,,
Diablo Profile S,011340,Ayrton,moving light,white LED profile,https://www.ayrton.eu/produit/diablo/,"{""protocols"": [""DMX512"", ""RDM"", ""CRMX wireless DMX""], ""dmx_channels"": [34, 56], ""power"": ""550 W maximum"", ""weight"": ""22 kg"", ""notable"": ""8000 K white LED engine; 19,000 lm output; 7°–53° zoom; 119 mm lens; 4-blade framing, iris and animation wheel; IP20."", ""source_urls"": [""https://www.ayrton.eu/produit/diablo/""], ""dimensions"": {""width_m"": 0.365, ""height_m"": 0.591, ""depth_m"": 0.208, ""axis_status"": ""documented"", ""axis_note"": ""Official product page: 365 x 591 x 208 mm (length x height x depth)."", ""reference_pose"": ""Manufacturer reference dimensions; fixture assembled.""}, ""research_evidence"": [{""url"": ""https://www.ayrton.eu/produit/diablo/"", ""title"": ""Diablo Profile product page"", ""locator"": ""Version descriptions and codes; CONTROL modes/channel count; POWER SUPPLY; SIZE; WEIGHT"", ""accessed_at"": ""2026-10-02"", ""source_kind"": ""manufacturer_product""}]}","[""https://www.ayrton.eu/wp-content/uploads/2018/12/Product-Diablo-02.png""]",ready_for_visualization,assets/fixtures/ayrton/diablo-profile-s,assets/fixtures/ayrton/diablo-profile-s/fixture.json,docs/08 Fixture Library/entries/ayrton/diablo-profile-s.md,assets/fixtures/ayrton/diablo-profile-s/models/fixture.blend,assets/fixtures/ayrton/diablo-profile-s/models/fixture.usdz,assets/fixtures/ayrton/diablo-profile-s/validation/usdz.json,high,2,assets/fixtures/ayrton/diablo-profile-s/previews/three-quarter.png,assets/fixtures/ayrton/diablo-profile-s/validation/detail.json,touring-dj-2026-10,validated,assets/fixtures/ayrton/diablo-profile-s/validation/parity.json,lighting.moving.profile,"Source protocol list: DMX512, RDM, CRMX wireless DMX",Lighting fixtures > Automated lighting > Framing profile,[],rigged_native_validated,assets/fixtures/ayrton/diablo-profile-s/models/rig.json,2,apps/visionos/VenueVolume/FixtureAssets/Catalog/ayrton/diablo-profile-s/fixture.usdz,,complete,,
Diablo Profile TC,011350,Ayrton,moving light,high-CRI profile,https://www.ayrton.eu/produit/diablo/,"{""protocols"": [""DMX512"", ""RDM"", ""CRMX wireless DMX""], ""dmx_channels"": [34, 56], ""power"": ""550 W maximum"", ""weight"": ""22 kg"", ""notable"": ""7000 K LED engine; 14,000 lm fixture output; native CRI >90; 7°–53° zoom; 119 mm lens; 4-blade framing; IP20."", ""source_urls"": [""https://www.ayrton.eu/produit/diablo/""], ""dimensions"": {""width_m"": 0.365, ""height_m"": 0.591, ""depth_m"": 0.208, ""axis_status"": ""documented"", ""axis_note"": ""Official product page: 365 x 591 x 208 mm (length x height x depth)."", ""reference_pose"": ""Manufacturer reference dimensions; fixture assembled.""}, ""research_evidence"": [{""url"": ""https://www.ayrton.eu/produit/diablo/"", ""title"": ""Diablo Profile product page"", ""locator"": ""Version descriptions and codes; CONTROL modes/channel count; POWER SUPPLY; SIZE; WEIGHT"", ""accessed_at"": ""2026-10-02"", ""source_kind"": ""manufacturer_product""}]}","[""https://www.ayrton.eu/wp-content/uploads/2018/12/Product-Diablo-02.png""]",ready_for_visualization,assets/fixtures/ayrton/diablo-profile-tc,assets/fixtures/ayrton/diablo-profile-tc/fixture.json,docs/08 Fixture Library/entries/ayrton/diablo-profile-tc.md,assets/fixtures/ayrton/diablo-profile-tc/models/fixture.blend,assets/fixtures/ayrton/diablo-profile-tc/models/fixture.usdz,assets/fixtures/ayrton/diablo-profile-tc/validation/usdz.json,high,2,assets/fixtures/ayrton/diablo-profile-tc/previews/three-quarter.png,assets/fixtures/ayrton/diablo-profile-tc/validation/detail.json,touring-dj-2026-10,validated,assets/fixtures/ayrton/diablo-profile-tc/validation/parity.json,lighting.moving.profile,"Source protocol list: DMX512, RDM, CRMX wireless DMX",Lighting fixtures > Automated lighting > Framing profile,[],rigged_native_validated,assets/fixtures/ayrton/diablo-profile-tc/models/rig.json,2,apps/visionos/VenueVolume/FixtureAssets/Catalog/ayrton/diablo-profile-tc/fixture.usdz,,complete,,
Levante S,010240,Ayrton,moving light,white-source wash,https://www.ayrton.eu/produit/levante/,"{""protocols"": [""DMX512"", ""RDM"", ""CRMX wireless DMX""], ""dmx_channels"": [29, 50], ""power"": ""550 W maximum"", ""weight"": ""22 kg"", ""notable"": ""8000 K white LED engine; up to 20,000 lm fixture output; 6.9°–57° zoom; 138 mm lens; framing, iris, gobos; IP20."", ""source_urls"": [""https://www.ayrton.eu/produit/levante/""], ""dimensions"": {""width_m"": 0.365, ""height_m"": 0.632, ""depth_m"": 0.212, ""axis_status"": ""documented"", ""axis_note"": ""Official product page: 365 x 632 x 212 mm (length x height x depth)."", ""reference_pose"": ""Manufacturer reference dimensions; fixture assembled.""}, ""research_evidence"": [{""url"": ""https://www.ayrton.eu/produit/levante/"", ""title"": ""Levante product page"", ""locator"": ""Version descriptions and product codes; CONTROL modes/channel count; power, physical size and weight"", ""accessed_at"": ""2026-10-02"", ""source_kind"": ""manufacturer_product""}]}","[""https://www.ayrton.eu/wp-content/uploads/2019/02/Product-Levante-02.png""]",ready_for_visualization,assets/fixtures/ayrton/levante-s,assets/fixtures/ayrton/levante-s/fixture.json,docs/08 Fixture Library/entries/ayrton/levante-s.md,assets/fixtures/ayrton/levante-s/models/fixture.blend,assets/fixtures/ayrton/levante-s/models/fixture.usdz,assets/fixtures/ayrton/levante-s/validation/usdz.json,high,2,assets/fixtures/ayrton/levante-s/previews/three-quarter.png,assets/fixtures/ayrton/levante-s/validation/detail.json,touring-dj-2026-10,validated,assets/fixtures/ayrton/levante-s/validation/parity.json,lighting.moving.wash,"Source protocol list: DMX512, RDM, CRMX wireless DMX",Lighting fixtures > Automated lighting > Wash,[],rigged_native_validated,assets/fixtures/ayrton/levante-s/models/rig.json,2,apps/visionos/VenueVolume/FixtureAssets/Catalog/ayrton/levante-s/fixture.usdz,,complete,,
Levante TC,010250,Ayrton,moving light,high-CRI wash,https://www.ayrton.eu/produit/levante/,"{""protocols"": [""DMX512"", ""RDM"", ""CRMX wireless DMX""], ""dmx_channels"": [29, 50], ""power"": ""550 W maximum"", ""weight"": ""22 kg"", ""notable"": ""7000 K LED engine; up to 15,000 lm fixture output; native CRI >90; 6.9°–57° zoom; 138 mm lens; IP20."", ""source_urls"": [""https://www.ayrton.eu/produit/levante/""], ""dimensions"": {""width_m"": 0.365, ""height_m"": 0.632, ""depth_m"": 0.212, ""axis_status"": ""documented"", ""axis_note"": ""Official product page: 365 x 632 x 212 mm (length x height x depth)."", ""reference_pose"": ""Manufacturer reference dimensions; fixture assembled.""}, ""research_evidence"": [{""url"": ""https://www.ayrton.eu/produit/levante/"", ""title"": ""Levante product page"", ""locator"": ""Version descriptions and product codes; CONTROL modes/channel count; power, physical size and weight"", ""accessed_at"": ""2026-10-02"", ""source_kind"": ""manufacturer_product""}]}","[""https://www.ayrton.eu/wp-content/uploads/2019/02/Product-Levante-02.png""]",ready_for_visualization,assets/fixtures/ayrton/levante-tc,assets/fixtures/ayrton/levante-tc/fixture.json,docs/08 Fixture Library/entries/ayrton/levante-tc.md,assets/fixtures/ayrton/levante-tc/models/fixture.blend,assets/fixtures/ayrton/levante-tc/models/fixture.usdz,assets/fixtures/ayrton/levante-tc/validation/usdz.json,high,2,assets/fixtures/ayrton/levante-tc/previews/three-quarter.png,assets/fixtures/ayrton/levante-tc/validation/detail.json,touring-dj-2026-10,validated,assets/fixtures/ayrton/levante-tc/validation/parity.json,lighting.moving.wash,"Source protocol list: DMX512, RDM, CRMX wireless DMX",Lighting fixtures > Automated lighting > Wash,[],rigged_native_validated,assets/fixtures/ayrton/levante-tc/models/rig.json,2,apps/visionos/VenueVolume/FixtureAssets/Catalog/ayrton/levante-tc/fixture.usdz,,complete,,
Zonda 3 Wash,013240,Ayrton,moving light,multi-source beam / wash,https://www.ayrton.eu/produit/zonda-3-wash/,"{""protocols"": [""DMX512"", ""RDM"", ""Art-Net"", ""sACN""], ""dmx_channels"": [26, 46], ""power"": ""400 W maximum"", ""weight"": ""11.1 kg"", ""notable"": ""Seven 40 W RGBW sources; 5,200 lm; 4°–56° zoom; 170 mm source cluster; 540° pan, 265° tilt; IP20."", ""source_urls"": [""https://www.ayrton.eu/produit/zonda-3-wash/""], ""dimensions"": {""width_m"": 0.365, ""height_m"": 0.404, ""depth_m"": 0.233, ""axis_status"": ""documented"", ""axis_note"": ""Official product page: 365 x 404 x 233 mm (length x height x depth)."", ""reference_pose"": ""Manufacturer reference dimensions; fixture assembled.""}, ""research_evidence"": [{""url"": ""https://www.ayrton.eu/produit/zonda-3-wash/"", ""title"": ""Zonda 3 Wash product page"", ""locator"": ""Sources/optics, movement, control, power, size/weight and product code 013240"", ""accessed_at"": ""2026-10-02"", ""source_kind"": ""manufacturer_product""}]}","[""https://www.ayrton.eu/wp-content/uploads/2022/12/Zonda-3-Wash-3.png""]",researched,assets/fixtures/ayrton/zonda-3-wash,assets/fixtures/ayrton/zonda-3-wash/fixture.json,docs/08 Fixture Library/entries/ayrton/zonda-3-wash.md,assets/fixtures/ayrton/zonda-3-wash/models/fixture.blend,assets/fixtures/ayrton/zonda-3-wash/models/fixture.usdz,assets/fixtures/ayrton/zonda-3-wash/validation/usdz.json,high,2,assets/fixtures/ayrton/zonda-3-wash/previews/three-quarter.png,assets/fixtures/ayrton/zonda-3-wash/validation/detail.json,touring-dj-2026-10,validated,assets/fixtures/ayrton/zonda-3-wash/validation/parity.json,lighting.moving.wash,"Source protocol list: DMX512, RDM, Art-Net, sACN",Lighting fixtures > Automated lighting > Wash,[],rigged_native_validated,assets/fixtures/ayrton/zonda-3-wash/models/rig.json,2,apps/visionos/VenueVolume/FixtureAssets/Catalog/ayrton/zonda-3-wash/fixture.usdz,,complete,,
Rawbeam 350,014350,Ayrton,moving light,IP65 laser-source beam / spot,https://www.ayrton.eu/produit/rawbeam-350/,"{""protocols"": [""DMX512"", ""RDM"", ""Art-Net"", ""sACN"", ""CRMX wireless DMX""], ""dmx_channels"": [43], ""power"": ""660 W maximum; 550 W typical at 230 V"", ""weight"": ""25.4 kg"", ""notable"": ""350 W phosphor-laser engine; 22,000 lm engine output; 18,000 lm fixture output; 1.1°–45° zoom; 160 mm front lens; continuous pan/tilt; IP65."", ""source_urls"": [""https://www.ayrton.eu/produit/rawbeam-350/"", ""https://www.ayrton.eu/wp-content/uploads/2026/06/RAWBEAM-Specification-Sheet-V1.pdf""], ""dimensions"": {""width_m"": 0.339, ""height_m"": 0.592, ""depth_m"": 0.297, ""axis_status"": ""documented"", ""axis_note"": ""Official product page: 339 x 592 x 297 mm (length x height x depth)."", ""reference_pose"": ""Manufacturer reference dimensions; assembled fixture.""}, ""research_evidence"": [{""url"": ""https://www.ayrton.eu/produit/rawbeam-350/"", ""title"": ""Rawbeam 350 product page"", ""locator"": ""Technical specifications: control, source/output, dimensions, power and weight; product code 014350"", ""accessed_at"": ""2026-10-02"", ""source_kind"": ""manufacturer_product""}, {""url"": ""https://www.ayrton.eu/wp-content/uploads/2026/06/RAWBEAM-Specification-Sheet-V1.pdf"", ""title"": ""Rawbeam 350 Specification Sheet V1"", ""locator"": ""Control protocols, RDM, network protocols and 43-channel footprint"", ""accessed_at"": ""2026-10-02"", ""source_kind"": ""manufacturer_manual""}]}","[""https://www.ayrton.eu/wp-content/uploads/2026/06/RawBeam350-2.png""]",ready_for_visualization,assets/fixtures/ayrton/rawbeam-350,assets/fixtures/ayrton/rawbeam-350/fixture.json,docs/08 Fixture Library/entries/ayrton/rawbeam-350.md,assets/fixtures/ayrton/rawbeam-350/models/fixture.blend,assets/fixtures/ayrton/rawbeam-350/models/fixture.usdz,assets/fixtures/ayrton/rawbeam-350/validation/usdz.json,high,2,assets/fixtures/ayrton/rawbeam-350/previews/three-quarter.png,assets/fixtures/ayrton/rawbeam-350/validation/detail.json,touring-dj-2026-10,validated,assets/fixtures/ayrton/rawbeam-350/validation/parity.json,lighting.moving.beam,"Source protocol list: DMX512, RDM, Art-Net, sACN, CRMX wireless DMX",Lighting fixtures > Automated lighting > Beam,"[""weather-rated variant""]",rigged_native_validated,assets/fixtures/ayrton/rawbeam-350/models/rig.json,2,apps/visionos/VenueVolume/FixtureAssets/Catalog/ayrton/rawbeam-350/fixture.usdz,,complete,,
Eurus Profile S,011540,Ayrton,moving light,white-source profile,https://www.ayrton.eu/produit/eurus/,"{""protocols"": [""DMX512"", ""RDM"", ""Art-Net"", ""sACN"", ""CRMX wireless DMX""], ""dmx_channels"": [39, 62], ""power"": ""1000 W maximum"", ""weight"": ""32.9 kg"", ""notable"": ""650 W LED engine; 36,000 lm fixture output; 4.5°–50° zoom; 170 mm lens; four-blade framing; IP20."", ""source_urls"": [""https://www.ayrton.eu/produit/eurus/""], ""dimensions"": {""width_m"": 0.445, ""height_m"": 0.743, ""depth_m"": 0.273, ""axis_status"": ""documented"", ""axis_note"": ""Official product page: 445 x 743 x 273 mm (length x height x depth)."", ""reference_pose"": ""Manufacturer reference dimensions; assembled fixture.""}, ""research_evidence"": [{""url"": ""https://www.ayrton.eu/produit/eurus/"", ""title"": ""Eurus Profile product page"", ""locator"": ""S/TC versions and codes; source output; CONTROL channel modes; power, dimensions and weight"", ""accessed_at"": ""2026-10-02"", ""source_kind"": ""manufacturer_product""}]}","[""https://www.ayrton.eu/wp-content/uploads/2020/11/Product-Eurus-04.png""]",ready_for_visualization,assets/fixtures/ayrton/eurus-profile-s,assets/fixtures/ayrton/eurus-profile-s/fixture.json,docs/08 Fixture Library/entries/ayrton/eurus-profile-s.md,assets/fixtures/ayrton/eurus-profile-s/models/fixture.blend,assets/fixtures/ayrton/eurus-profile-s/models/fixture.usdz,assets/fixtures/ayrton/eurus-profile-s/validation/usdz.json,high,2,assets/fixtures/ayrton/eurus-profile-s/previews/three-quarter.png,assets/fixtures/ayrton/eurus-profile-s/validation/detail.json,touring-dj-2026-10,validated,assets/fixtures/ayrton/eurus-profile-s/validation/parity.json,lighting.moving.profile,"Source protocol list: DMX512, RDM, Art-Net, sACN, CRMX wireless DMX",Lighting fixtures > Automated lighting > Framing profile,[],rigged_native_validated,assets/fixtures/ayrton/eurus-profile-s/models/rig.json,2,apps/visionos/VenueVolume/FixtureAssets/Catalog/ayrton/eurus-profile-s/fixture.usdz,,complete,,
Eurus Profile TC,011545,Ayrton,moving light,high-CRI profile,https://www.ayrton.eu/produit/eurus/,"{""protocols"": [""DMX512"", ""RDM"", ""Art-Net"", ""sACN"", ""CRMX wireless DMX""], ""dmx_channels"": [39, 62], ""power"": ""1000 W maximum"", ""weight"": ""32.9 kg"", ""notable"": ""32,000 lm 7000 K LED engine; 25,000 lm fixture output; native CRI >90; 4.5°–50° zoom; 170 mm lens; IP20."", ""source_urls"": [""https://www.ayrton.eu/produit/eurus/""], ""dimensions"": {""width_m"": 0.445, ""height_m"": 0.743, ""depth_m"": 0.273, ""axis_status"": ""documented"", ""axis_note"": ""Official product page: 445 x 743 x 273 mm (length x height x depth)."", ""reference_pose"": ""Manufacturer reference dimensions; assembled fixture.""}, ""research_evidence"": [{""url"": ""https://www.ayrton.eu/produit/eurus/"", ""title"": ""Eurus Profile product page"", ""locator"": ""S/TC versions and codes; source output; CONTROL channel modes; power, dimensions and weight"", ""accessed_at"": ""2026-10-02"", ""source_kind"": ""manufacturer_product""}]}","[""https://www.ayrton.eu/wp-content/uploads/2020/11/Product-Eurus-04.png""]",ready_for_visualization,assets/fixtures/ayrton/eurus-profile-tc,assets/fixtures/ayrton/eurus-profile-tc/fixture.json,docs/08 Fixture Library/entries/ayrton/eurus-profile-tc.md,assets/fixtures/ayrton/eurus-profile-tc/models/fixture.blend,assets/fixtures/ayrton/eurus-profile-tc/models/fixture.usdz,assets/fixtures/ayrton/eurus-profile-tc/validation/usdz.json,high,2,assets/fixtures/ayrton/eurus-profile-tc/previews/three-quarter.png,assets/fixtures/ayrton/eurus-profile-tc/validation/detail.json,touring-dj-2026-10,validated,assets/fixtures/ayrton/eurus-profile-tc/validation/parity.json,lighting.moving.profile,"Source protocol list: DMX512, RDM, Art-Net, sACN, CRMX wireless DMX",Lighting fixtures > Automated lighting > Framing profile,[],rigged_native_validated,assets/fixtures/ayrton/eurus-profile-tc/models/rig.json,2,apps/visionos/VenueVolume/FixtureAssets/Catalog/ayrton/eurus-profile-tc/fixture.usdz,,complete,,
Bora S,010640,Ayrton,moving light,white-source wash,https://www.ayrton.eu/produit/bora/,"{""protocols"": [""DMX512"", ""RDM"", ""Art-Net"", ""sACN"", ""CRMX wireless DMX""], ""dmx_channels"": [30, 52], ""power"": ""1150 W maximum"", ""weight"": ""37.8 kg"", ""notable"": ""60,000 lm 8000 K white LED engine; 40,000 lm fixture output; 8°–64° zoom; 178 mm lens; IP20."", ""source_urls"": [""https://www.ayrton.eu/produit/bora/""], ""dimensions"": {""width_m"": 0.494, ""height_m"": 0.737, ""depth_m"": 0.28, ""axis_status"": ""documented"", ""axis_note"": ""Official product page: 494 x 737 x 280 mm (length x height x depth)."", ""reference_pose"": ""Manufacturer reference dimensions; fixture assembled.""}, ""research_evidence"": [{""url"": ""https://www.ayrton.eu/produit/bora/"", ""title"": ""Bora product page"", ""locator"": ""S/TC model codes and source output; CONTROL modes/protocols; power; physical dimensions and weight"", ""accessed_at"": ""2026-10-02"", ""source_kind"": ""manufacturer_product""}]}","[""https://www.ayrton.eu/wp-content/uploads/2015/02/Product-Bora-01-Produit.png""]",ready_for_visualization,assets/fixtures/ayrton/bora-s,assets/fixtures/ayrton/bora-s/fixture.json,docs/08 Fixture Library/entries/ayrton/bora-s.md,assets/fixtures/ayrton/bora-s/models/fixture.blend,assets/fixtures/ayrton/bora-s/models/fixture.usdz,assets/fixtures/ayrton/bora-s/validation/usdz.json,high,2,assets/fixtures/ayrton/bora-s/previews/three-quarter.png,assets/fixtures/ayrton/bora-s/validation/detail.json,touring-dj-2026-10,validated,assets/fixtures/ayrton/bora-s/validation/parity.json,lighting.moving.wash,"Source protocol list: DMX512, RDM, Art-Net, sACN, CRMX wireless DMX",Lighting fixtures > Automated lighting > Wash,[],rigged_native_validated,assets/fixtures/ayrton/bora-s/models/rig.json,2,apps/visionos/VenueVolume/FixtureAssets/Catalog/ayrton/bora-s/fixture.usdz,,complete,,
Bora TC,010650,Ayrton,moving light,high-CRI wash,https://www.ayrton.eu/produit/bora/,"{""protocols"": [""DMX512"", ""RDM"", ""Art-Net"", ""sACN"", ""CRMX wireless DMX""], ""dmx_channels"": [30, 52], ""power"": ""1150 W maximum"", ""weight"": ""37.8 kg"", ""notable"": ""48,000 lm 7000 K LED engine; 31,000 lm fixture output at 6200 K; native CRI >90; 8°–64° zoom; IP20."", ""source_urls"": [""https://www.ayrton.eu/produit/bora/""], ""dimensions"": {""width_m"": 0.494, ""height_m"": 0.737, ""depth_m"": 0.28, ""axis_status"": ""documented"", ""axis_note"": ""Official product page: 494 x 737 x 280 mm (length x height x depth)."", ""reference_pose"": ""Manufacturer reference dimensions; fixture assembled.""}, ""research_evidence"": [{""url"": ""https://www.ayrton.eu/produit/bora/"", ""title"": ""Bora product page"", ""locator"": ""S/TC model codes and source output; CONTROL modes/protocols; power; physical dimensions and weight"", ""accessed_at"": ""2026-10-02"", ""source_kind"": ""manufacturer_product""}]}","[""https://www.ayrton.eu/wp-content/uploads/2015/02/Product-Bora-01-Produit.png""]",ready_for_visualization,assets/fixtures/ayrton/bora-tc,assets/fixtures/ayrton/bora-tc/fixture.json,docs/08 Fixture Library/entries/ayrton/bora-tc.md,assets/fixtures/ayrton/bora-tc/models/fixture.blend,assets/fixtures/ayrton/bora-tc/models/fixture.usdz,assets/fixtures/ayrton/bora-tc/validation/usdz.json,high,2,assets/fixtures/ayrton/bora-tc/previews/three-quarter.png,assets/fixtures/ayrton/bora-tc/validation/detail.json,touring-dj-2026-10,validated,assets/fixtures/ayrton/bora-tc/validation/parity.json,lighting.moving.wash,"Source protocol list: DMX512, RDM, Art-Net, sACN, CRMX wireless DMX",Lighting fixtures > Automated lighting > Wash,[],rigged_native_validated,assets/fixtures/ayrton/bora-tc/models/rig.json,2,apps/visionos/VenueVolume/FixtureAssets/Catalog/ayrton/bora-tc/fixture.usdz,,complete,,
Veloce Wash,012541,Ayrton,moving light,IP65 Fresnel wash / profile effects,https://www.ayrton.eu/produit/veloce-wash/,"{""protocols"": [""DMX512"", ""RDM"", ""Art-Net"", ""sACN"", ""CRMX wireless DMX""], ""dmx_channels"": [60], ""power"": ""1300 W maximum"", ""weight"": ""39 kg"", ""notable"": ""850 W sealed LED module; 58,000 lm engine / 40,000 lm fixture output; 4°–57° zoom; 190 mm lens; 4-blade framing and continuous pan/tilt; IP65."", ""source_urls"": [""https://www.ayrton.eu/produit/veloce-wash/"", ""https://www.ayrton.eu/wp-content/uploads/2024/09/VeloceWashS-Specification-Sheet-V4.pdf""], ""dimensions"": {""width_m"": 0.405, ""height_m"": 0.757, ""depth_m"": 0.366, ""axis_status"": ""documented"", ""axis_note"": ""Official product page: 405 x 757 x 366 mm (length x height x depth); manual V1 gives depth 367 mm, so product-page value retained."", ""reference_pose"": ""Manufacturer reference dimensions; fixture assembled.""}, ""research_evidence"": [{""url"": ""https://www.ayrton.eu/produit/veloce-wash/"", ""title"": ""Veloce Wash product page"", ""locator"": ""Optics, 60-channel control, network protocols, source/power, size, weight and product code 012541"", ""accessed_at"": ""2026-10-02"", ""source_kind"": ""manufacturer_product""}, {""url"": ""https://www.ayrton.eu/wp-content/uploads/2024/09/VeloceWashS-Specification-Sheet-V4.pdf"", ""title"": ""Veloce Wash specification sheet V4"", ""locator"": ""DMX/RDM/network protocols and single 60-channel footprint; power source/electrical data"", ""accessed_at"": ""2026-10-02"", ""source_kind"": ""manufacturer_manual""}]}","[""https://www.ayrton.eu/wp-content/uploads/2025/02/VeloceW.png""]",ready_for_visualization,assets/fixtures/ayrton/veloce-wash,assets/fixtures/ayrton/veloce-wash/fixture.json,docs/08 Fixture Library/entries/ayrton/veloce-wash.md,assets/fixtures/ayrton/veloce-wash/models/fixture.blend,assets/fixtures/ayrton/veloce-wash/models/fixture.usdz,assets/fixtures/ayrton/veloce-wash/validation/usdz.json,high,2,assets/fixtures/ayrton/veloce-wash/previews/three-quarter.png,assets/fixtures/ayrton/veloce-wash/validation/detail.json,touring-dj-2026-10,validated,assets/fixtures/ayrton/veloce-wash/validation/parity.json,lighting.moving.wash,"Source protocol list: DMX512, RDM, Art-Net, sACN, CRMX wireless DMX",Lighting fixtures > Automated lighting > Wash,"[""weather-rated variant""]",rigged_native_validated,assets/fixtures/ayrton/veloce-wash/models/rig.json,2,apps/visionos/VenueVolume/FixtureAssets/Catalog/ayrton/veloce-wash/fixture.usdz,,complete,,
Argo 6 FX,019650,Ayrton,moving light,IP65 multi-source FX,https://www.ayrton.eu/produit/argo-6-fx/,"{""protocols"": [""DMX512"", ""RDM"", ""Art-Net"", ""sACN"", ""CRMX wireless DMX""], ""dmx_channels"": [26, 127], ""power"": ""950 W maximum"", ""weight"": ""24.2 kg"", ""notable"": ""19 x 40 W RGBW emitters in 280 mm cluster; 13,000 lm; 4°–56° zoom; infinite pan/tilt; LiquidEffect graphics; IP65."", ""source_urls"": [""https://www.ayrton.eu/produit/argo-6-fx/""], ""dimensions"": {""width_m"": 0.436, ""height_m"": 0.536, ""depth_m"": 0.28, ""axis_status"": ""documented"", ""axis_note"": ""Official product page: 436 x 536 x 280 mm (length x height x depth)."", ""reference_pose"": ""Manufacturer reference dimensions; fixture assembled.""}, ""research_evidence"": [{""url"": ""https://www.ayrton.eu/produit/argo-6-fx/"", ""title"": ""Argo 6 FX product page"", ""locator"": ""Official gallery image; 19-source optical arrangement; control/protocols/mode range; power; dimensions, weight and code 019650"", ""accessed_at"": ""2026-10-02"", ""source_kind"": ""manufacturer_product""}]}","[""https://www.ayrton.eu/wp-content/uploads/2023/04/Argo6FX.png""]",researched,assets/fixtures/ayrton/argo-6-fx,assets/fixtures/ayrton/argo-6-fx/fixture.json,docs/08 Fixture Library/entries/ayrton/argo-6-fx.md,assets/fixtures/ayrton/argo-6-fx/models/fixture.blend,assets/fixtures/ayrton/argo-6-fx/models/fixture.usdz,assets/fixtures/ayrton/argo-6-fx/validation/usdz.json,high,2,assets/fixtures/ayrton/argo-6-fx/previews/three-quarter.png,assets/fixtures/ayrton/argo-6-fx/validation/detail.json,touring-dj-2026-10,validated,assets/fixtures/ayrton/argo-6-fx/validation/parity.json,lighting.moving.spot,"Source protocol list: DMX512, RDM, Art-Net, sACN, CRMX wireless DMX",Lighting fixtures > Automated lighting > Spot / gobo projector,"[""weather-rated variant""]",rigged_native_validated,assets/fixtures/ayrton/argo-6-fx/models/rig.json,2,apps/visionos/VenueVolume/FixtureAssets/Catalog/ayrton/argo-6-fx/fixture.usdz,,complete,,
Tetra1,Tetra1,ROBE Lighting,linear moving light,single-row multisource batten,https://www.robe.cz/tetra1,"{""protocols"": [""DMX512"", ""RDM""], ""dmx_channels"": [25, 45, 59, 68, 72, 81], ""power"": ""300 W max"", ""weight"": ""11.3 kg"", ""notable"": ""Nine 40 W RGBW LED multichips; 4°–45° zoom; 191° tilt; DMX control modes 25/45/59/68/72/81 channels."", ""source_urls"": [""https://www.robe.cz/tetra1"", ""https://www.robe.cz/res/downloads/catalogues/ROBE_Product_Guide_2021.pdf""], ""dimensions"": {""width_m"": 0.508, ""height_m"": 0.279, ""depth_m"": 0.192, ""axis_status"": ""documented"", ""axis_note"": ""Product page dimensions; depth specified with head horizontal."", ""reference_pose"": ""Linear fixture head horizontal.""}, ""research_evidence"": [{""url"": ""https://www.robe.cz/tetra1"", ""title"": ""Tetra1 product page"", ""locator"": ""Technical specifications: mechanical dimensions, weight and power; lighting source and tilt movement"", ""accessed_at"": ""2026-10-02"", ""source_kind"": ""manufacturer_product""}, {""url"": ""https://www.robe.cz/res/downloads/catalogues/ROBE_Product_Guide_2021.pdf"", ""title"": ""ROBE Product Guide 2021"", ""locator"": ""Tetra1: nine 40 W RGBW multichips; six DMX mode channel footprints; tilt movement and protocol data"", ""accessed_at"": ""2026-10-02"", ""source_kind"": ""manufacturer_manual""}]}","[""https://cdn.aws.robe.cz/v1/image/resize/0d779a8285c7afd295ab8119df8a6b6b0062a4cc""]",researched,assets/fixtures/robe-lighting/tetra1,assets/fixtures/robe-lighting/tetra1/fixture.json,docs/08 Fixture Library/entries/robe-lighting/tetra1.md,assets/fixtures/robe-lighting/tetra1/models/fixture.blend,assets/fixtures/robe-lighting/tetra1/models/fixture.usdz,assets/fixtures/robe-lighting/tetra1/validation/usdz.json,high,2,assets/fixtures/robe-lighting/tetra1/previews/three-quarter.png,assets/fixtures/robe-lighting/tetra1/validation/detail.json,touring-dj-2026-10,validated,assets/fixtures/robe-lighting/tetra1/validation/parity.json,lighting.moving.batten,"Source protocol list: DMX512, RDM",Lighting fixtures > Automated lighting > Moving batten / multi-head bar,[],rigged_native_validated,assets/fixtures/robe-lighting/tetra1/models/rig.json,1,apps/visionos/VenueVolume/FixtureAssets/Catalog/robe-lighting/tetra1/fixture.usdz,,complete,,
Argo 6 Wash,019640,Ayrton,moving light,IP65 multi-source wash,https://www.ayrton.eu/produit/argo-6-wash/,"{""protocols"": [""DMX512"", ""RDM"", ""Art-Net"", ""sACN"", ""CRMX wireless DMX""], ""dmx_channels"": [26, 67], ""power"": ""950 W maximum"", ""weight"": ""24.2 kg"", ""notable"": ""19 x 40 W RGBW emitters in 280 mm cluster; 13,000 lm; 4°–56° zoom; individual pixel control; infinite pan/tilt; IP65."", ""source_urls"": [""https://www.ayrton.eu/produit/argo-6-wash/"", ""https://www.ayrton.eu/wp-content/uploads/2023/04/Argo-6-WASH-V103-DMX.pdf""], ""dimensions"": {""width_m"": 0.436, ""height_m"": 0.536, ""depth_m"": 0.28, ""axis_status"": ""documented"", ""axis_note"": ""Official product page: 436 x 536 x 280 mm (length x height x depth)."", ""reference_pose"": ""Manufacturer reference dimensions; fixture assembled.""}, ""research_evidence"": [{""url"": ""https://www.ayrton.eu/produit/argo-6-wash/"", ""title"": ""Argo 6 Wash product page"", ""locator"": ""Official gallery image; 19-source optical arrangement; control protocols/mode range; source, power, dimensions, weight and product code 019640"", ""accessed_at"": ""2026-10-02"", ""source_kind"": ""manufacturer_product""}, {""url"": ""https://www.ayrton.eu/wp-content/uploads/2023/04/Argo-6-WASH-V103-DMX.pdf"", ""title"": ""Argo 6 Wash DMX Chart V103"", ""locator"": ""Four personality mode channel footprints and pixel control chart"", ""accessed_at"": ""2026-10-02"", ""source_kind"": ""manufacturer_manual""}]}","[""https://www.ayrton.eu/wp-content/uploads/2023/04/Argo6Wash-1-1.png""]",researched,assets/fixtures/ayrton/argo-6-wash,assets/fixtures/ayrton/argo-6-wash/fixture.json,docs/08 Fixture Library/entries/ayrton/argo-6-wash.md,assets/fixtures/ayrton/argo-6-wash/models/fixture.blend,assets/fixtures/ayrton/argo-6-wash/models/fixture.usdz,assets/fixtures/ayrton/argo-6-wash/validation/usdz.json,high,2,assets/fixtures/ayrton/argo-6-wash/previews/three-quarter.png,assets/fixtures/ayrton/argo-6-wash/validation/detail.json,touring-dj-2026-10,validated,assets/fixtures/ayrton/argo-6-wash/validation/parity.json,lighting.moving.wash,"Source protocol list: DMX512, RDM, Art-Net, sACN, CRMX wireless DMX",Lighting fixtures > Automated lighting > Wash,"[""weather-rated variant""]",rigged_native_validated,assets/fixtures/ayrton/argo-6-wash/models/rig.json,2,apps/visionos/VenueVolume/FixtureAssets/Catalog/ayrton/argo-6-wash/fixture.usdz,,complete,,
LEDBeam 150,LEDBeam 150,ROBE Lighting,moving light,multisource wash / beam,https://www.robe.cz/ledbeam-150,"{""protocols"": [""DMX512"", ""RDM""], ""power"": ""220 W max"", ""weight"": ""5.7 kg"", ""notable"": ""Seven 40 W RGBW multichips; proprietary high-efficiency 15.5:1 zoom optical system, 3.8°–60° range."", ""source_urls"": [""https://www.robe.cz/ledbeam-150"", ""https://www.robelighting.com/ledbeam-150""], ""dimensions"": {""width_m"": 0.244, ""height_m"": 0.337, ""depth_m"": 0.149, ""axis_status"": ""documented"", ""axis_note"": ""Product page dimensions; assembled orientation per page specification."", ""reference_pose"": ""Head vertical; base level.""}, ""research_evidence"": [{""url"": ""https://www.robelighting.com/ledbeam-150"", ""title"": ""LEDBeam 150 product page"", ""locator"": ""Source: 7 x 40 W RGBW multichips; optical system; max power, physical dimensions and weight"", ""accessed_at"": ""2026-10-02"", ""source_kind"": ""manufacturer_product""}]}","[""https://cdn.aws.robe.cz/v1/image/resize/371252fca4e93281166480433c3fbbc5635c6c8e""]",researched,assets/fixtures/robe-lighting/ledbeam-150,assets/fixtures/robe-lighting/ledbeam-150/fixture.json,docs/08 Fixture Library/entries/robe-lighting/ledbeam-150.md,assets/fixtures/robe-lighting/ledbeam-150/models/fixture.blend,assets/fixtures/robe-lighting/ledbeam-150/models/fixture.usdz,assets/fixtures/robe-lighting/ledbeam-150/validation/usdz.json,high,2,assets/fixtures/robe-lighting/ledbeam-150/previews/three-quarter.png,assets/fixtures/robe-lighting/ledbeam-150/validation/detail.json,touring-dj-2026-10,validated,assets/fixtures/robe-lighting/ledbeam-150/validation/parity.json,lighting.moving.wash,"Source protocol list: DMX512, RDM",Lighting fixtures > Automated lighting > Wash,[],rigged_native_validated,assets/fixtures/robe-lighting/ledbeam-150/models/rig.json,2,apps/visionos/VenueVolume/FixtureAssets/Catalog/robe-lighting/ledbeam-150/fixture.usdz,,complete,,
Volero Cube,CL3031,Claypaky,moving light,IP66 beam / wash / strobe,https://www.claypaky.it/products/volero-cube/,"{""protocols"": [""DMX"", ""Art-Net"", ""RDM"", ""sACN""], ""dmx_channels"": [22, 41, 45, 16, 8], ""power"": ""500 W max"", ""weight"": ""15.4 kg"", ""notable"": ""Four RGBW 60 W LED modules, four 80 x 80 mm square lenses and intersecting white strobe strips; pixel-to-pixel effects; IP66. Main control modes: 22/41/45 channels; pixel engine: 16 channels; strobe: 8 channels."", ""source_urls"": [""https://www.claypaky.it/products/volero-cube/""], ""dimensions"": {""width_m"": 0.245, ""height_m"": 0.476, ""depth_m"": 0.338, ""axis_status"": ""estimated"", ""axis_note"": ""Manufacturer specifies 245 x 338 mm base and 476 mm height with vertical head. Width/depth mapping of the two base axes is assigned from page views and is an estimate; retain original undirected spans."", ""reference_pose"": ""Vertical head; base level; as in manufacturer dimensional specification.""}, ""research_evidence"": [{""url"": ""https://www.claypaky.it/products/volero-cube/"", ""title"": ""Volero Cube product page"", ""locator"": ""Light source/effects and WEIGHT-SIZE: 500 W, 15.4 kg, dimensions; CONTROL and CONNECTIONS: DMX, Art-Net, RDM, sACN; 22/41/45 main modes plus 16-channel pixel engine and 8-channel strobe mode"", ""accessed_at"": ""2026-10-02"", ""source_kind"": ""manufacturer_product""}]}","[""https://www.claypaky.it/wp-content/uploads/2025/06/Claypaky_VoleroCube_featured.jpg""]",researched,assets/fixtures/claypaky/volero-cube,assets/fixtures/claypaky/volero-cube/fixture.json,docs/08 Fixture Library/entries/claypaky/volero-cube.md,assets/fixtures/claypaky/volero-cube/models/fixture.blend,assets/fixtures/claypaky/volero-cube/models/fixture.usdz,assets/fixtures/claypaky/volero-cube/validation/usdz.json,high,2,assets/fixtures/claypaky/volero-cube/previews/three-quarter.png,assets/fixtures/claypaky/volero-cube/validation/detail.json,touring-dj-2026-10,validated,assets/fixtures/claypaky/volero-cube/validation/parity.json,lighting.moving.wash,"Source protocol list: DMX, Art-Net, RDM, sACN",Lighting fixtures > Automated lighting > Wash,"[""strobe capable"", ""weather-rated variant""]",rigged_native_validated,assets/fixtures/claypaky/volero-cube/models/rig.json,2,apps/visionos/VenueVolume/FixtureAssets/Catalog/claypaky/volero-cube/fixture.usdz,,complete,,
Cobra²,014175,Ayrton,moving light,IP65 phosphor-laser beam,https://www.ayrton.eu/produit/cobra2/,"{""protocols"": [""DMX512"", ""RDM"", ""Art-Net"", ""sACN"", ""CRMX wireless DMX""], ""dmx_channels"": [35, 45], ""power"": ""480 W maximum"", ""weight"": ""30.7 kg"", ""notable"": ""Laser-phosphor engine; 1,544,000 lx at 10 m; 0.9°–23° zoom; 170 mm lens; 13-element optic; continuous pan and tilt; IP65."", ""source_urls"": [""https://www.ayrton.eu/produit/cobra2/"", ""https://www.ayrton.eu/wp-content/uploads/2024/01/COBRA2-Specification-Sheet-V9.pdf""], ""dimensions"": {""width_m"": 0.36, ""height_m"": 0.674, ""depth_m"": 0.319, ""axis_status"": ""documented"", ""axis_note"": ""Ayrton product page dimensions: 360 x 674 x 319 mm (length x height x depth)."", ""reference_pose"": ""Manufacturer reference dimensions; assembled fixture.""}, ""research_evidence"": [{""url"": ""https://www.ayrton.eu/produit/cobra2/"", ""title"": ""Cobra² product page"", ""locator"": ""Optics, source, movement, control modes and protocols, power, dimensions and product code 014175"", ""accessed_at"": ""2026-10-02"", ""source_kind"": ""manufacturer_product""}, {""url"": ""https://www.ayrton.eu/wp-content/uploads/2024/01/COBRA2-Specification-Sheet-V9.pdf"", ""title"": ""Cobra² Specification Sheet V9"", ""locator"": ""DMX/network/wireless control compatibility and fixture physical dimensions"", ""accessed_at"": ""2026-10-02"", ""source_kind"": ""manufacturer_manual""}]}","[""https://www.ayrton.eu/wp-content/uploads/2024/01/Cobra2-3.png""]",researched,assets/fixtures/ayrton/cobra,assets/fixtures/ayrton/cobra/fixture.json,docs/08 Fixture Library/entries/ayrton/cobra.md,assets/fixtures/ayrton/cobra/models/fixture.blend,assets/fixtures/ayrton/cobra/models/fixture.usdz,assets/fixtures/ayrton/cobra/validation/usdz.json,high,2,assets/fixtures/ayrton/cobra/previews/three-quarter.png,assets/fixtures/ayrton/cobra/validation/detail.json,touring-dj-2026-10,validated,assets/fixtures/ayrton/cobra/validation/parity.json,lighting.moving.beam,"Source protocol list: DMX512, RDM, Art-Net, sACN, CRMX wireless DMX",Lighting fixtures > Automated lighting > Beam,"[""weather-rated variant""]",rigged_native_validated,assets/fixtures/ayrton/cobra/models/rig.json,2,apps/visionos/VenueVolume/FixtureAssets/Catalog/ayrton/cobra/fixture.usdz,,complete,,
Khamsin S,011640,Ayrton,moving light,profile,https://www.ayrton.eu/produit/khamsin/,"{""protocols"": [""DMX512"", ""RDM"", ""Art-Net"", ""sACN"", ""CRMX wireless DMX""], ""dmx_channels"": [40, 64], ""power"": ""1150 W maximum"", ""weight"": ""39.8 kg"", ""notable"": ""60,000 lm 8000 K white LED engine; 40,000 lm output; 7°–58° zoom; 158 mm lens; four-blade framing; IP20."", ""source_urls"": [""https://www.ayrton.eu/produit/khamsin/""], ""dimensions"": {""width_m"": 0.494, ""height_m"": 0.778, ""depth_m"": 0.28, ""axis_status"": ""documented"", ""axis_note"": ""Current Ayrton product page: 494 x 778 x 280 mm. An older manual gives a different height; current page value retained."", ""reference_pose"": ""Manufacturer reference dimensions; assembled fixture.""}, ""research_evidence"": [{""url"": ""https://www.ayrton.eu/produit/khamsin/"", ""title"": ""Khamsin product page"", ""locator"": ""Official Khamsin studio product still; S/TC output, 13-element optic, movement, control protocols/modes, power, dimensions and code 011640"", ""accessed_at"": ""2026-10-02"", ""source_kind"": ""manufacturer_product""}]}","[""https://www.ayrton.eu/wp-content/uploads/2018/10/Product-Khamsin-01-Produit.png""]",researched,assets/fixtures/ayrton/khamsin-s,assets/fixtures/ayrton/khamsin-s/fixture.json,docs/08 Fixture Library/entries/ayrton/khamsin-s.md,assets/fixtures/ayrton/khamsin-s/models/fixture.blend,assets/fixtures/ayrton/khamsin-s/models/fixture.usdz,assets/fixtures/ayrton/khamsin-s/validation/usdz.json,high,2,assets/fixtures/ayrton/khamsin-s/previews/three-quarter.png,assets/fixtures/ayrton/khamsin-s/validation/detail.json,touring-dj-2026-10,validated,assets/fixtures/ayrton/khamsin-s/validation/parity.json,lighting.moving.profile,"Source protocol list: DMX512, RDM, Art-Net, sACN, CRMX wireless DMX",Lighting fixtures > Automated lighting > Framing profile,[],rigged_native_validated,assets/fixtures/ayrton/khamsin-s/models/rig.json,2,apps/visionos/VenueVolume/FixtureAssets/Catalog/ayrton/khamsin-s/fixture.usdz,,complete,,
Khamsin TC,011650,Ayrton,moving light,high-CRI profile,https://www.ayrton.eu/produit/khamsin/,"{""protocols"": [""DMX512"", ""RDM"", ""Art-Net"", ""sACN"", ""CRMX wireless DMX""], ""dmx_channels"": [40, 64], ""power"": ""1150 W maximum"", ""weight"": ""39.8 kg"", ""notable"": ""48,000 lm 7000 K LED engine; 31,000 lm output at 6400 K; native CRI >90; 7°–58° zoom; 158 mm lens; IP20."", ""source_urls"": [""https://www.ayrton.eu/produit/khamsin/""], ""dimensions"": {""width_m"": 0.494, ""height_m"": 0.778, ""depth_m"": 0.28, ""axis_status"": ""documented"", ""axis_note"": ""Current Ayrton product page: 494 x 778 x 280 mm. An older manual gives a different height; current page value retained."", ""reference_pose"": ""Manufacturer reference dimensions; assembled fixture.""}, ""research_evidence"": [{""url"": ""https://www.ayrton.eu/produit/khamsin/"", ""title"": ""Khamsin product page"", ""locator"": ""Official Khamsin studio product still; S/TC output, 13-element optic, movement, control protocols/modes, power, dimensions and code 011650"", ""accessed_at"": ""2026-10-02"", ""source_kind"": ""manufacturer_product""}]}","[""https://www.ayrton.eu/wp-content/uploads/2018/10/Product-Khamsin-01-Produit.png""]",researched,assets/fixtures/ayrton/khamsin-tc,assets/fixtures/ayrton/khamsin-tc/fixture.json,docs/08 Fixture Library/entries/ayrton/khamsin-tc.md,assets/fixtures/ayrton/khamsin-tc/models/fixture.blend,assets/fixtures/ayrton/khamsin-tc/models/fixture.usdz,assets/fixtures/ayrton/khamsin-tc/validation/usdz.json,high,2,assets/fixtures/ayrton/khamsin-tc/previews/three-quarter.png,assets/fixtures/ayrton/khamsin-tc/validation/detail.json,touring-dj-2026-10,validated,assets/fixtures/ayrton/khamsin-tc/validation/parity.json,lighting.moving.profile,"Source protocol list: DMX512, RDM, Art-Net, sACN, CRMX wireless DMX",Lighting fixtures > Automated lighting > Framing profile,[],rigged_native_validated,assets/fixtures/ayrton/khamsin-tc/models/rig.json,2,apps/visionos/VenueVolume/FixtureAssets/Catalog/ayrton/khamsin-tc/fixture.usdz,,complete,,
Perseo Beam,012470,Ayrton,moving light,IP65 profile / beam,https://www.ayrton.eu/produit/perseo-beam/,"{""protocols"": [""DMX512"", ""RDM"", ""Art-Net"", ""sACN"", ""CRMX wireless DMX""], ""dmx_channels"": [29, 42], ""power"": ""700 W maximum"", ""weight"": ""41.5 kg"", ""notable"": ""25,000 lm 9000 K LED engine; up to 18,000 lm output; 2°–42° zoom; 168 mm front lens; IP65."", ""source_urls"": [""https://www.ayrton.eu/produit/perseo-beam/""], ""dimensions"": {""width_m"": 0.49, ""height_m"": 0.71, ""depth_m"": 0.33, ""axis_status"": ""documented"", ""axis_note"": ""Official product page: 490 x 710 x 330 mm (length x height x depth)."", ""reference_pose"": ""Manufacturer reference dimensions; assembled fixture.""}, ""research_evidence"": [{""url"": ""https://www.ayrton.eu/produit/perseo-beam/"", ""title"": ""Perseo Beam product page"", ""locator"": ""13-element optics, source, control/protocols/mode range, power, dimensions and product code 012470"", ""accessed_at"": ""2026-10-02"", ""source_kind"": ""manufacturer_product""}]}","[""https://www.ayrton.eu/wp-content/uploads/2021/06/PerseoLT3.png""]",researched,assets/fixtures/ayrton/perseo-beam,assets/fixtures/ayrton/perseo-beam/fixture.json,docs/08 Fixture Library/entries/ayrton/perseo-beam.md,assets/fixtures/ayrton/perseo-beam/models/fixture.blend,assets/fixtures/ayrton/perseo-beam/models/fixture.usdz,assets/fixtures/ayrton/perseo-beam/validation/usdz.json,high,2,assets/fixtures/ayrton/perseo-beam/previews/three-quarter.png,assets/fixtures/ayrton/perseo-beam/validation/detail.json,touring-dj-2026-10,validated,assets/fixtures/ayrton/perseo-beam/validation/parity.json,lighting.moving.profile,"Source protocol list: DMX512, RDM, Art-Net, sACN, CRMX wireless DMX",Lighting fixtures > Automated lighting > Framing profile,"[""weather-rated variant""]",rigged_native_validated,assets/fixtures/ayrton/perseo-beam/models/rig.json,2,apps/visionos/VenueVolume/FixtureAssets/Catalog/ayrton/perseo-beam/fixture.usdz,,complete,,
Perseo Profile S,012440,Ayrton,moving light,IP65 profile,https://www.ayrton.eu/produit/perseo-profile/,"{""protocols"": [""DMX512"", ""RDM"", ""Art-Net"", ""sACN"", ""CRMX wireless DMX""], ""dmx_channels"": [38, 61], ""power"": ""800 W maximum"", ""weight"": ""38.8 kg"", ""notable"": ""40,000 lm 8200 K white LED engine; up to 30,000 lm; 7°–58° zoom; 148 mm lens; IP65."", ""source_urls"": [""https://www.ayrton.eu/produit/perseo-profile/""], ""dimensions"": {""width_m"": 0.49, ""height_m"": 0.71, ""depth_m"": 0.33, ""axis_status"": ""documented"", ""axis_note"": ""Official product page: 490 x 710 x 330 mm (length x height x depth)."", ""reference_pose"": ""Manufacturer reference dimensions; assembled fixture.""}, ""research_evidence"": [{""url"": ""https://www.ayrton.eu/produit/perseo-profile/"", ""title"": ""Perseo Profile product page"", ""locator"": ""S/TC source output, 13-element optic, control modes/protocols, power, dimensions and product code 012440"", ""accessed_at"": ""2026-10-02"", ""source_kind"": ""manufacturer_product""}]}","[""https://www.ayrton.eu/wp-content/uploads/2019/03/Product-Perseo-02.png""]",researched,assets/fixtures/ayrton/perseo-profile-s,assets/fixtures/ayrton/perseo-profile-s/fixture.json,docs/08 Fixture Library/entries/ayrton/perseo-profile-s.md,assets/fixtures/ayrton/perseo-profile-s/models/fixture.blend,assets/fixtures/ayrton/perseo-profile-s/models/fixture.usdz,assets/fixtures/ayrton/perseo-profile-s/validation/usdz.json,high,2,assets/fixtures/ayrton/perseo-profile-s/previews/three-quarter.png,assets/fixtures/ayrton/perseo-profile-s/validation/detail.json,touring-dj-2026-10,validated,assets/fixtures/ayrton/perseo-profile-s/validation/parity.json,lighting.moving.profile,"Source protocol list: DMX512, RDM, Art-Net, sACN, CRMX wireless DMX",Lighting fixtures > Automated lighting > Framing profile,"[""weather-rated variant""]",rigged_native_validated,assets/fixtures/ayrton/perseo-profile-s/models/rig.json,2,apps/visionos/VenueVolume/FixtureAssets/Catalog/ayrton/perseo-profile-s/fixture.usdz,,complete,,
Perseo Profile TC,012450,Ayrton,moving light,high-CRI IP65 profile,https://www.ayrton.eu/produit/perseo-profile/,"{""protocols"": [""DMX512"", ""RDM"", ""Art-Net"", ""sACN"", ""CRMX wireless DMX""], ""dmx_channels"": [38, 61], ""power"": ""800 W maximum"", ""weight"": ""38.8 kg"", ""notable"": ""34,000 lm 7000 K LED engine; up to 26,000 lm; native CRI >90; 7°–58° zoom; 148 mm lens; IP65."", ""source_urls"": [""https://www.ayrton.eu/produit/perseo-profile/""], ""dimensions"": {""width_m"": 0.49, ""height_m"": 0.71, ""depth_m"": 0.33, ""axis_status"": ""documented"", ""axis_note"": ""Official product page: 490 x 710 x 330 mm (length x height x depth)."", ""reference_pose"": ""Manufacturer reference dimensions; assembled fixture.""}, ""research_evidence"": [{""url"": ""https://www.ayrton.eu/produit/perseo-profile/"", ""title"": ""Perseo Profile product page"", ""locator"": ""S/TC source output, 13-element optic, control modes/protocols, power, dimensions and product code 012450"", ""accessed_at"": ""2026-10-02"", ""source_kind"": ""manufacturer_product""}]}","[""https://www.ayrton.eu/wp-content/uploads/2019/03/Product-Perseo-02.png""]",researched,assets/fixtures/ayrton/perseo-profile-tc,assets/fixtures/ayrton/perseo-profile-tc/fixture.json,docs/08 Fixture Library/entries/ayrton/perseo-profile-tc.md,assets/fixtures/ayrton/perseo-profile-tc/models/fixture.blend,assets/fixtures/ayrton/perseo-profile-tc/models/fixture.usdz,assets/fixtures/ayrton/perseo-profile-tc/validation/usdz.json,high,2,assets/fixtures/ayrton/perseo-profile-tc/previews/three-quarter.png,assets/fixtures/ayrton/perseo-profile-tc/validation/detail.json,touring-dj-2026-10,validated,assets/fixtures/ayrton/perseo-profile-tc/validation/parity.json,lighting.moving.profile,"Source protocol list: DMX512, RDM, Art-Net, sACN, CRMX wireless DMX",Lighting fixtures > Automated lighting > Framing profile,"[""weather-rated variant""]",rigged_native_validated,assets/fixtures/ayrton/perseo-profile-tc/models/rig.json,2,apps/visionos/VenueVolume/FixtureAssets/Catalog/ayrton/perseo-profile-tc/fixture.usdz,,complete,,
Veloce Profile,012521,Ayrton,moving light,IP65 profile,https://www.ayrton.eu/produit/veloce-profile/,"{""protocols"": [""DMX512"", ""RDM"", ""Art-Net"", ""sACN"", ""CRMX wireless DMX""], ""dmx_channels"": [44, 67], ""power"": ""1300 W maximum"", ""weight"": ""40.5 kg"", ""notable"": ""850 W sealed LED module; 58,000 lm engine / 43,000 lm fixture output; 4°–52° zoom; 180 mm front lens; continuous pan and tilt; IP65."", ""source_urls"": [""https://www.ayrton.eu/produit/veloce-profile/"", ""https://www.ayrton.eu/wp-content/uploads/2024/09/VeloceProfileS-Specification-Sheet-V9.pdf""], ""dimensions"": {""width_m"": 0.404, ""height_m"": 0.757, ""depth_m"": 0.366, ""axis_status"": ""documented"", ""axis_note"": ""Product page lists 404 x 757 x 366 mm; 2024 sheet rounds length to 405 mm. Page value retained."", ""reference_pose"": ""Manufacturer reference dimensions; assembled fixture.""}, ""research_evidence"": [{""url"": ""https://www.ayrton.eu/produit/veloce-profile/"", ""title"": ""Veloce Profile product page"", ""locator"": ""Optics, movement, control protocols and channel range, power, product size, weight and code 012521"", ""accessed_at"": ""2026-10-02"", ""source_kind"": ""manufacturer_product""}, {""url"": ""https://www.ayrton.eu/wp-content/uploads/2024/09/VeloceProfileS-Specification-Sheet-V9.pdf"", ""title"": ""Veloce Profile Specification Sheet V9"", ""locator"": ""Physical dimensions/weight and IP65/IP66 options"", ""accessed_at"": ""2026-10-02"", ""source_kind"": ""manufacturer_manual""}]}","[""https://www.ayrton.eu/wp-content/uploads/2024/08/VeloceP-3.png""]",researched,assets/fixtures/ayrton/veloce-profile,assets/fixtures/ayrton/veloce-profile/fixture.json,docs/08 Fixture Library/entries/ayrton/veloce-profile.md,assets/fixtures/ayrton/veloce-profile/models/fixture.blend,assets/fixtures/ayrton/veloce-profile/models/fixture.usdz,assets/fixtures/ayrton/veloce-profile/validation/usdz.json,high,2,assets/fixtures/ayrton/veloce-profile/previews/three-quarter.png,assets/fixtures/ayrton/veloce-profile/validation/detail.json,touring-dj-2026-10,validated,assets/fixtures/ayrton/veloce-profile/validation/parity.json,lighting.moving.profile,"Source protocol list: DMX512, RDM, Art-Net, sACN, CRMX wireless DMX",Lighting fixtures > Automated lighting > Framing profile,"[""weather-rated variant""]",rigged_native_validated,assets/fixtures/ayrton/veloce-profile/models/rig.json,2,apps/visionos/VenueVolume/FixtureAssets/Catalog/ayrton/veloce-profile/fixture.usdz,,complete,,
HZ-1000 Hazer,HZ-1000,Antari,equipment,oil-based haze generator,https://antari.com/products/hz-1000/,"{""protocols"": [""DMX512"", ""manual"", ""timer"", ""optional wireless DMX""], ""dmx_channels"": [2], ""power"": ""1150 W"", ""weight"": ""74.6 kg"", ""notable"": ""Wheeled integrated flight case; built-in high-velocity fan with adjustable diverter; dual haze output positions; 6.4 L reservoir; 2-channel DMX."", ""source_urls"": [""https://antari.com/products/hz-1000/""], ""dimensions"": {""width_m"": 0.51, ""height_m"": 0.61, ""depth_m"": 0.69, ""axis_status"": ""documented"", ""axis_note"": ""Manufacturer L/W/H = 690/510/610 mm, mapped to depth/width/height. This is the wheeled machine case, not a shipping package."", ""reference_pose"": ""Integrated wheeled case upright, outlets/fan face oriented forward; casters included in stated assembled dimensions.""}, ""research_evidence"": [{""url"": ""https://antari.com/products/hz-1000/"", ""title"": ""HZ-1000 Hazer product page"", ""locator"": ""Specifications and feature list: dimensions, weight, 1150 W, two DMX channels, fan and tank"", ""accessed_at"": ""2026-10-02"", ""document_revision"": ""current web product page; manual Rev.04"", ""source_kind"": ""manufacturer_product""}]}","[""https://antari.com/wp-content/uploads/HZ-1000_01.jpg""]",ready_for_visualization,assets/fixtures/antari/hz-1000-hazer,assets/fixtures/antari/hz-1000-hazer/fixture.json,docs/08 Fixture Library/entries/antari/hz-1000-hazer.md,assets/fixtures/antari/hz-1000-hazer/models/fixture.blend,assets/fixtures/antari/hz-1000-hazer/models/fixture.usdz,assets/fixtures/antari/hz-1000-hazer/validation/usdz.json,high,2,assets/fixtures/antari/hz-1000-hazer/previews/three-quarter.png,assets/fixtures/antari/hz-1000-hazer/validation/detail.json,legacy-effects-2026-10,validated,assets/fixtures/antari/hz-1000-hazer/validation/parity.json,atmosphere.haze_oil,"Source protocol list: DMX512, manual, timer, optional wireless DMX",Atmosphere and air movement > Oil-based / atomizing hazer,[],static_native_validated,assets/fixtures/antari/hz-1000-hazer/models/rig.json,0,apps/visionos/VenueVolume/FixtureAssets/Catalog/antari/hz-1000-hazer/fixture.usdz,"The open upper assembly, sloped controls deck and caster base need a model-specific revision; the current closed-case approximation is not visually approved.",visual_review_pending,,
HZ-500 Hazer,HZ-500,Antari,equipment,oil-based haze generator,https://antari.com/products/hz-500/,"{""protocols"": [""DMX512"", ""manual"", ""timer""], ""dmx_channels"": [1], ""power"": ""400 W at 120 V; 480 W at 240 V"", ""weight"": ""31.5 kg"", ""notable"": ""Hazer integrated in flight case; dual haze nozzles; 2.5 L reservoir; 1.1 ml/min listed fluid consumption at full output; compatible HZL/HZL-W fluids."", ""source_urls"": [""https://antari.com/products/hz-500/"", ""https://antari.com/wp-content/uploads/HZ-500_01.jpg""], ""dimensions"": {""width_m"": 0.375, ""height_m"": 0.355, ""depth_m"": 0.515, ""axis_status"": ""estimated"", ""axis_note"": ""Manufacturer L/W/H = 515/375/355 mm, mapped to depth/width/height for the integrated case in its normal upright pose. Listed envelope is interpreted as the closed case; image shows the access hatch open and may make the pictured assembly taller."", ""reference_pose"": ""Integrated case upright with front access hatch open as shown in the official still; external shipping carton excluded.""}, ""research_evidence"": [{""url"": ""https://antari.com/products/hz-500/"", ""title"": ""HZ-500 Hazer product page"", ""locator"": ""Specifications: L515 W375 H355 mm, mass, power, reservoir, fluid family and DMX"", ""accessed_at"": ""2026-10-02"", ""document_revision"": ""current web product page; manual Rev.06"", ""source_kind"": ""manufacturer_product""}]}","[""https://antari.com/wp-content/uploads/HZ-500_01.jpg""]",researched,assets/fixtures/antari/hz-500-hazer,assets/fixtures/antari/hz-500-hazer/fixture.json,docs/08 Fixture Library/entries/antari/hz-500-hazer.md,assets/fixtures/antari/hz-500-hazer/models/fixture.blend,assets/fixtures/antari/hz-500-hazer/models/fixture.usdz,assets/fixtures/antari/hz-500-hazer/validation/usdz.json,high,2,assets/fixtures/antari/hz-500-hazer/previews/three-quarter.png,assets/fixtures/antari/hz-500-hazer/validation/detail.json,legacy-effects-2026-10,validated,assets/fixtures/antari/hz-500-hazer/validation/parity.json,atmosphere.haze_oil,"Source protocol list: DMX512, manual, timer",Atmosphere and air movement > Oil-based / atomizing hazer,[],static_native_validated,assets/fixtures/antari/hz-500-hazer/models/rig.json,0,apps/visionos/VenueVolume/FixtureAssets/Catalog/antari/hz-500-hazer/fixture.usdz,,complete,,
Z-1500III Fog Machine,Z-1500III,Antari,equipment,heated fog machine,https://antari.com/products/z-1500iii/,"{""protocols"": [""DMX512"", ""manual"", ""timer"", ""optional wireless""], ""dmx_channels"": [1], ""power"": ""1500 W"", ""weight"": ""13.3 kg"", ""notable"": ""6 L onboard reservoir; 1-channel DMX; convex revised housing; current III generation."", ""source_urls"": [""https://antari.com/products/z-1500iii/"", ""https://antari.com/wp-content/uploads/2024-Antari-Product-Guide.pdf""], ""dimensions"": {""width_m"": 0.235, ""height_m"": 0.278, ""depth_m"": 0.674, ""axis_status"": ""documented"", ""axis_note"": ""Manufacturer L/W/H = 674/235/278 mm mapped to depth/width/height."", ""reference_pose"": ""Machine resting on feet with front output facing forward; no flight case included.""}, ""research_evidence"": [{""url"": ""https://antari.com/products/z-1500iii/"", ""title"": ""Z-1500III Fog Machine product page"", ""locator"": ""Specifications: L674 W235 H278 mm, 13.3 kg, 1500 W, 6 L tank, 1-channel DMX"", ""accessed_at"": ""2026-10-02"", ""document_revision"": ""current web product page; manual Rev.05"", ""source_kind"": ""manufacturer_product""}, {""url"": ""https://www.antari.com/ProductGuide/2026/2026ProductGuide.pdf"", ""title"": ""Antari 2026 Product Guide"", ""locator"": ""Z-1500III product panel: dimensions and mass"", ""accessed_at"": ""2026-10-02"", ""document_revision"": ""2026"", ""source_kind"": ""manufacturer_manual""}]}","[""https://antari.com/wp-content/uploads/Z-1500III_01.jpg""]",ready_for_visualization,assets/fixtures/antari/z-1500iii-fog-machine,assets/fixtures/antari/z-1500iii-fog-machine/fixture.json,docs/08 Fixture Library/entries/antari/z-1500iii-fog-machine.md,assets/fixtures/antari/z-1500iii-fog-machine/models/fixture.blend,assets/fixtures/antari/z-1500iii-fog-machine/models/fixture.usdz,assets/fixtures/antari/z-1500iii-fog-machine/validation/usdz.json,high,2,assets/fixtures/antari/z-1500iii-fog-machine/previews/three-quarter.png,assets/fixtures/antari/z-1500iii-fog-machine/validation/detail.json,legacy-effects-2026-10,validated,assets/fixtures/antari/z-1500iii-fog-machine/validation/parity.json,atmosphere.fog,"Source protocol list: DMX512, manual, timer, optional wireless",Atmosphere and air movement > Fog / smoke-look generator,[],static_native_validated,assets/fixtures/antari/z-1500iii-fog-machine/models/rig.json,0,apps/visionos/VenueVolume/FixtureAssets/Catalog/antari/z-1500iii-fog-machine/fixture.usdz,,complete,,
Z-1200III Fog Machine,Z-1200III,Antari,equipment,heated fog machine,https://antari.com/products/z-1200iii/,"{""protocols"": [""DMX512"", ""manual"", ""timer"", ""optional wireless"", ""optional cable remote""], ""dmx_channels"": [1], ""power"": ""1200 W"", ""weight"": ""11.0 kg"", ""notable"": ""2.5 L onboard reservoir; 1-channel DMX; LCD heater/status display; current III generation."", ""source_urls"": [""https://antari.com/products/z-1200iii/"", ""https://antari.com/wp-content/uploads/2024-Antari-Product-Guide.pdf""], ""dimensions"": {""width_m"": 0.32, ""height_m"": 0.326, ""depth_m"": 0.458, ""axis_status"": ""documented"", ""axis_note"": ""Manufacturer labels L/W/H = 458/320/326 mm, mapped length to front-to-back depth and width to lateral axis; supplied hanging bracket is included in the product configuration."", ""reference_pose"": ""Machine upright on its feet, front output forward, with included hanging bracket attached; external accessories excluded.""}, ""research_evidence"": [{""url"": ""https://antari.com/products/z-1200iii/"", ""title"": ""Z-1200III Fog Machine product page"", ""locator"": ""Specification block: dimensions, mass, rated power, tank, DMX and controls; hanging bracket listed as included accessory"", ""accessed_at"": ""2026-10-02"", ""document_revision"": ""current web product page; manual Rev.05"", ""source_kind"": ""manufacturer_product""}, {""url"": ""https://www.antari.com/usermanual/Z/Z-1200III/Z-1200III.pdf"", ""title"": ""Z-1200III User Manual"", ""locator"": ""English specifications: included accessories list names Hanging Bracket; dimension tuple L458 W320 H326 mm"", ""accessed_at"": ""2026-10-02"", ""document_revision"": ""Rev.05"", ""source_kind"": ""manufacturer_manual""}, {""url"": ""https://antari.com/wp-content/uploads/2024-Antari-Product-Guide.pdf"", ""title"": ""Antari 2024 Product Guide"", ""locator"": ""Fog machine product panel: model identity, L/W/H and weight"", ""accessed_at"": ""2026-10-02"", ""document_revision"": ""2024"", ""source_kind"": ""manufacturer_manual""}]}","[""https://antari.com/wp-content/uploads/Z-1200III_01.jpg""]",ready_for_visualization,assets/fixtures/antari/z-1200iii-fog-machine,assets/fixtures/antari/z-1200iii-fog-machine/fixture.json,docs/08 Fixture Library/entries/antari/z-1200iii-fog-machine.md,assets/fixtures/antari/z-1200iii-fog-machine/models/fixture.blend,assets/fixtures/antari/z-1200iii-fog-machine/models/fixture.usdz,assets/fixtures/antari/z-1200iii-fog-machine/validation/usdz.json,high,2,assets/fixtures/antari/z-1200iii-fog-machine/previews/three-quarter.png,assets/fixtures/antari/z-1200iii-fog-machine/validation/detail.json,legacy-effects-2026-10,validated,assets/fixtures/antari/z-1200iii-fog-machine/validation/parity.json,atmosphere.fog,"Source protocol list: DMX512, manual, timer, optional wireless, optional cable remote",Atmosphere and air movement > Fog / smoke-look generator,[],rigged_native_validated,assets/fixtures/antari/z-1200iii-fog-machine/models/rig.json,1,apps/visionos/VenueVolume/FixtureAssets/Catalog/antari/z-1200iii-fog-machine/fixture.usdz,,complete,,
SW-250 Snow Machine,SW-250,Antari,equipment,wireless snow machine,https://antari.com/zh-hant/products/sw-250/,"{""protocols"": [""DMX512"", ""manual"", ""timer"", ""wireless"", ""optional W-DMX"", ""optional wired remote""], ""dmx_channels"": [1], ""power"": ""900 W"", ""weight"": ""11.5 kg"", ""notable"": ""5 L reservoir; included W-1 transmitter and hanging bracket; 1-channel DMX; snow output appliance."", ""source_urls"": [""https://antari.com/zh-hant/products/sw-250/"", ""https://www.antari.com/DM/S/SW-250/SW-250.pdf""], ""dimensions"": {""width_m"": 0.365, ""height_m"": 0.409, ""depth_m"": 0.539, ""axis_status"": ""documented"", ""axis_note"": ""Manufacturer L/W/H = 539/365/409 mm, mapped to depth/width/height."", ""reference_pose"": ""Machine on feet with front snow outlet facing forward; detachable remote and fluid supply excluded.""}, ""research_evidence"": [{""url"": ""https://antari.com/zh-hant/products/sw-250/"", ""title"": ""SW-250 Snow Machine product page (Traditional Chinese)"", ""locator"": ""Specifications: rated power, fluid capacity, controls, one DMX channel, dimensions and weight"", ""accessed_at"": ""2026-10-02"", ""document_revision"": ""current web product page"", ""source_kind"": ""manufacturer_product""}, {""url"": ""https://www.antari.com/DM/S/SW-250/SW-250.pdf"", ""title"": ""SW-250 Snow Machine product flyer"", ""locator"": ""L539 W365 H409 mm, mass, 900 W and fluid data"", ""accessed_at"": ""2026-10-02"", ""document_revision"": ""Ver.02, 2025"", ""source_kind"": ""manufacturer_manual""}]}","[""https://antari.com/wp-content/uploads/SW-250_01.jpg""]",ready_for_visualization,assets/fixtures/antari/sw-250-snow-machine,assets/fixtures/antari/sw-250-snow-machine/fixture.json,docs/08 Fixture Library/entries/antari/sw-250-snow-machine.md,assets/fixtures/antari/sw-250-snow-machine/models/fixture.blend,assets/fixtures/antari/sw-250-snow-machine/models/fixture.usdz,assets/fixtures/antari/sw-250-snow-machine/validation/usdz.json,high,2,assets/fixtures/antari/sw-250-snow-machine/previews/three-quarter.png,assets/fixtures/antari/sw-250-snow-machine/validation/detail.json,legacy-effects-2026-10,validated,assets/fixtures/antari/sw-250-snow-machine/validation/parity.json,effects.snow,"Source protocol list: DMX512, manual, timer, wireless, optional W-DMX, optional wired remote",Special-effects appliances > Snow / foam-look machine,[],rigged_native_validated,assets/fixtures/antari/sw-250-snow-machine/models/rig.json,1,apps/visionos/VenueVolume/FixtureAssets/Catalog/antari/sw-250-snow-machine/fixture.usdz,,complete,,
S-200X Snow Machine,S-200X,Antari,equipment,snow effect machine,https://antari.com/products/s-200x/,"{""protocols"": [""DMX512"", ""manual"", ""optional wired remote""], ""dmx_channels"": [1], ""power"": ""880 W"", ""weight"": ""11.5 kg"", ""notable"": ""Compact metal snow machine with hanging bracket and included SC-2 cable remote; the shared S-100X/S-200X manual specifies one-channel DMX over 3-pin XLR."", ""source_urls"": [""https://antari.com/usermanual/S/S-100X/"", ""https://www.antari.com/ProductGuide/2026/2026ProductGuide.pdf""], ""dimensions"": {""width_m"": 0.365, ""height_m"": 0.409, ""depth_m"": 0.505, ""axis_status"": ""documented"", ""axis_note"": ""Manufacturer L/W/H = 505/365/409 mm, mapped to depth/width/height."", ""reference_pose"": ""Machine body upright, snow outlet toward front, hanging bracket included only if inseparable from body (not separately dimensioned).""}, ""research_evidence"": [{""url"": ""https://www.antari.com/ProductGuide/2026/2026ProductGuide.pdf"", ""title"": ""Antari 2026 Product Guide"", ""locator"": ""Snow machines S-200X: 880 W, L505 W365 H409 mm, 11.5 kg and remote accessory; control line identifies 3-pin"", ""accessed_at"": ""2026-10-02"", ""document_revision"": ""2026"", ""source_kind"": ""manufacturer_manual""}, {""url"": ""https://www.antari.com/usermanual/S/S-100X/S-100X.pdf"", ""title"": ""S-100X/S-200X User Manual"", ""locator"": ""English section: supported DMX512 operation, 3-pin DMX connection, one channel; model-specific dimensions and mass table"", ""accessed_at"": ""2026-10-02"", ""document_revision"": ""Rev.05"", ""source_kind"": ""manufacturer_manual""}]}","[""https://antari.com/wp-content/uploads/S-200X_01.jpg""]",ready_for_visualization,assets/fixtures/antari/s-200x-snow-machine,assets/fixtures/antari/s-200x-snow-machine/fixture.json,docs/08 Fixture Library/entries/antari/s-200x-snow-machine.md,assets/fixtures/antari/s-200x-snow-machine/models/fixture.blend,assets/fixtures/antari/s-200x-snow-machine/models/fixture.usdz,assets/fixtures/antari/s-200x-snow-machine/validation/usdz.json,high,2,assets/fixtures/antari/s-200x-snow-machine/previews/three-quarter.png,assets/fixtures/antari/s-200x-snow-machine/validation/detail.json,legacy-effects-2026-10,validated,assets/fixtures/antari/s-200x-snow-machine/validation/parity.json,effects.snow,"Source protocol list: DMX512, manual, optional wired remote",Special-effects appliances > Snow / foam-look machine,[],rigged_native_validated,assets/fixtures/antari/s-200x-snow-machine/models/rig.json,1,apps/visionos/VenueVolume/FixtureAssets/Catalog/antari/s-200x-snow-machine/fixture.usdz,,complete,,
B-200 Bubble Machine,B-200,Antari,equipment,high-output bubble machine,https://antari.com/products/b-200/,"{""protocols"": [""DMX512"", ""manual"", ""optional timer"", ""optional wireless"", ""optional cable remote""], ""dmx_channels"": [1], ""power"": ""120 W"", ""weight"": ""11.0 kg"", ""notable"": ""Three double-bubble wheels, 2 L reservoir and 1-channel DMX; optional wireless controller."", ""source_urls"": [""https://antari.com/products/b-200/"", ""https://www.antari.com/DM/B/B-200/B-200.pdf""], ""dimensions"": {""width_m"": 0.508, ""height_m"": 0.391, ""depth_m"": 0.251, ""axis_status"": ""estimated"", ""axis_note"": ""Manufacturer L/W/H = 508/251/391 mm. The product still shows the broad six-wheel array face as the 508 mm frontage, so length is assigned to lateral width and 251 mm to front-to-back depth; this axis mapping is inferred from the image."", ""reference_pose"": ""Machine upright with the broad bubble-wheel array facing forward; detachable accessories excluded.""}, ""research_evidence"": [{""url"": ""https://antari.com/products/b-200/"", ""title"": ""B-200 Bubble Machine product page"", ""locator"": ""Specifications: power, 2 L tank, dimensions, weight and one-channel DMX"", ""accessed_at"": ""2026-10-02"", ""document_revision"": ""current web product page; manual Rev.06"", ""source_kind"": ""manufacturer_product""}, {""url"": ""https://www.antari.com/DM/B/B-200/B-200.pdf"", ""title"": ""B-200 Bubble Machine product flyer"", ""locator"": ""Ver.02 technical specifications and dimensions L508 W251 H391 mm"", ""accessed_at"": ""2026-10-02"", ""document_revision"": ""Ver.02, 2023"", ""source_kind"": ""manufacturer_manual""}]}","[""https://antari.com/wp-content/uploads/B-200-01.jpg""]",researched,assets/fixtures/antari/b-200-bubble-machine,assets/fixtures/antari/b-200-bubble-machine/fixture.json,docs/08 Fixture Library/entries/antari/b-200-bubble-machine.md,assets/fixtures/antari/b-200-bubble-machine/models/fixture.blend,assets/fixtures/antari/b-200-bubble-machine/models/fixture.usdz,assets/fixtures/antari/b-200-bubble-machine/validation/usdz.json,high,2,assets/fixtures/antari/b-200-bubble-machine/previews/three-quarter.png,assets/fixtures/antari/b-200-bubble-machine/validation/detail.json,legacy-effects-2026-10,validated,assets/fixtures/antari/b-200-bubble-machine/validation/parity.json,effects.bubble,"Source protocol list: DMX512, manual, optional timer, optional wireless, optional cable remote",Special-effects appliances > Bubble machine,[],rigged_native_validated,assets/fixtures/antari/b-200-bubble-machine/models/rig.json,2,apps/visionos/VenueVolume/FixtureAssets/Catalog/antari/b-200-bubble-machine/fixture.usdz,,complete,,
W-101 Wireless Bubble Machine,W-101,Antari,equipment,wireless bubble machine,https://antari.com/products/w-101/,"{""protocols"": [""manual"", ""wireless""], ""dmx_channels"": [], ""power"": ""32 W"", ""weight"": ""4.8 kg"", ""notable"": ""Compact bubble machine with supplied W-1 transmitter and hanging bracket; 0.7 L reservoir; no DMX interface listed."", ""source_urls"": [""https://antari.com/products/w-101/"", ""https://www.antari.com/ProductGuide/2026/2026ProductGuide.pdf""], ""visual_inventory_only"": true, ""control_path"": ""On/off and supplied W-1 wireless transmitter are listed by manufacturer; no DMX interface is listed."", ""dimensions"": {""width_m"": 0.264, ""height_m"": 0.29, ""depth_m"": 0.35, ""axis_status"": ""documented"", ""axis_note"": ""Manufacturer L/W/H = 350/264/290 mm mapped to depth/width/height."", ""reference_pose"": ""Machine resting on feet, bubble wheel/outlet forward; supplied transmitter excluded from enclosure bounds.""}, ""research_evidence"": [{""url"": ""https://antari.com/products/w-101/"", ""title"": ""W-101 Wireless Bubble Machine product page"", ""locator"": ""Specifications: 32 W, dimensions, weight, tank, control and included transmitter"", ""accessed_at"": ""2026-10-02"", ""document_revision"": ""current web product page; manual Rev.04"", ""source_kind"": ""manufacturer_product""}, {""url"": ""https://www.antari.com/ProductGuide/2026/2026ProductGuide.pdf"", ""title"": ""Antari 2026 Product Guide"", ""locator"": ""W-101 product panel: dimensions and weight"", ""accessed_at"": ""2026-10-02"", ""document_revision"": ""2026"", ""source_kind"": ""manufacturer_manual""}]}","[""https://antari.com/wp-content/uploads/W-101_01.jpg""]",researched,assets/fixtures/antari/w-101-wireless-bubble-machine,assets/fixtures/antari/w-101-wireless-bubble-machine/fixture.json,docs/08 Fixture Library/entries/antari/w-101-wireless-bubble-machine.md,assets/fixtures/antari/w-101-wireless-bubble-machine/models/fixture.blend,assets/fixtures/antari/w-101-wireless-bubble-machine/models/fixture.usdz,assets/fixtures/antari/w-101-wireless-bubble-machine/validation/usdz.json,high,2,assets/fixtures/antari/w-101-wireless-bubble-machine/previews/three-quarter.png,assets/fixtures/antari/w-101-wireless-bubble-machine/validation/detail.json,legacy-effects-2026-10,validated,assets/fixtures/antari/w-101-wireless-bubble-machine/validation/parity.json,effects.bubble,On/off and supplied W-1 wireless transmitter are listed by manufacturer; no DMX interface is listed.,Special-effects appliances > Bubble machine,[],static_native_validated,assets/fixtures/antari/w-101-wireless-bubble-machine/models/rig.json,0,apps/visionos/VenueVolume/FixtureAssets/Catalog/antari/w-101-wireless-bubble-machine/fixture.usdz,,complete,,
Tiny S,Tiny S,Look Solutions,equipment,battery-powered handheld fog generator,https://www.looksolutions.com/products/tiny_s/8.html,"{""protocols"": [""manual button"", ""cabled remote"", ""radio remote""], ""dmx_channels"": [], ""power"": ""30 W; 3.7 V/1500 mAh Li-ion battery"", ""weight"": ""0.25 kg including battery and tank"", ""notable"": ""Handheld vaporizing fog generator; 5 ml integrated reservoir; tool-free detachable reservoir and battery; no DMX listed."", ""source_urls"": [""https://www.looksolutions.com/products/tiny_s/8.html"", ""https://www.looksolutions.com/uploads/pdf/en_fr/info_tinys_e.pdf"", ""https://www.looksolutions.com/uploads/pdf/en_fr/bed_tinys_1e.pdf""], ""visual_inventory_only"": true, ""control_path"": ""Local start button, cable remote and radio remote are documented; no DMX is listed."", ""dimensions"": {""width_m"": 0.051, ""height_m"": 0.035, ""depth_m"": 0.103, ""axis_status"": ""documented"", ""axis_note"": ""Manufacturer L/W/H = 103/51/35 mm for single-component current Tiny S including battery and reservoir."", ""reference_pose"": ""Handheld body with battery and fluid reservoir attached; transport case, remote and accessories excluded.""}, ""research_evidence"": [{""url"": ""https://www.looksolutions.com/products/tiny_s/8.html"", ""title"": ""Tiny S product page"", ""locator"": ""Technical data: assembled dimensions, weight, battery, 5 ml reservoir and control"", ""accessed_at"": ""2026-10-02"", ""document_revision"": ""current Tiny S product page"", ""source_kind"": ""manufacturer_product""}, {""url"": ""https://www.looksolutions.com/uploads/pdf/en_fr/bed_tinys_1e.pdf"", ""title"": ""Tiny S Operating Manual"", ""locator"": ""Technical table: 10.3 × 5.0 × 3.5 cm assembled dimensions"", ""accessed_at"": ""2026-10-02"", ""document_revision"": ""manual rev 1"", ""source_kind"": ""manufacturer_manual""}]}","[""https://www.looksolutions.com/uploads/produkte/191110-TinyS-007.jpg""]",ready_for_visualization,assets/fixtures/look-solutions/tiny-s,assets/fixtures/look-solutions/tiny-s/fixture.json,docs/08 Fixture Library/entries/look-solutions/tiny-s.md,assets/fixtures/look-solutions/tiny-s/models/fixture.blend,assets/fixtures/look-solutions/tiny-s/models/fixture.usdz,assets/fixtures/look-solutions/tiny-s/validation/usdz.json,high,2,assets/fixtures/look-solutions/tiny-s/previews/three-quarter.png,assets/fixtures/look-solutions/tiny-s/validation/detail.json,legacy-effects-2026-10,validated,assets/fixtures/look-solutions/tiny-s/validation/parity.json,atmosphere.fog,"Local start button, cable remote and radio remote are documented; no DMX is listed.",Atmosphere and air movement > Fog / smoke-look generator,[],static_native_validated,assets/fixtures/look-solutions/tiny-s/models/rig.json,0,apps/visionos/VenueVolume/FixtureAssets/Catalog/look-solutions/tiny-s/fixture.usdz,,complete,,
Unique 2.1,Unique 2.1,Look Solutions,equipment,water-based hazer,https://www.looksolutions.com/products/unique_2_1/8.html,"{""protocols"": [""DMX512"", ""0–10 V analog"", ""standalone"", ""internal timer""], ""dmx_channels"": [], ""power"": ""1500 W"", ""weight"": ""14 kg including canister"", ""notable"": ""1500 W haze generator; 2 L tank; internal 6000 L/min fan; pump and fan adjustable separately; DMX standard."", ""source_urls"": [""https://www.looksolutions.com/products/unique_2_1/8.html"", ""https://www.looksolutions.com/uploads/pdf/en_fr/info_unique21_e.pdf""], ""dimensions"": {""width_m"": 0.25, ""height_m"": 0.25, ""depth_m"": 0.47, ""axis_status"": ""documented"", ""axis_note"": ""Manufacturer L/W/H = 470/250/250 mm; no flight case included."", ""reference_pose"": ""Machine resting on feet with outlet panel facing forward; optional hanging set, diverter and flight case excluded.""}, ""research_evidence"": [{""url"": ""https://www.looksolutions.com/products/unique_2_1/8.html"", ""title"": ""Unique 2.1 product page"", ""locator"": ""Technical data: DMX/analog control, dimensions, power and canister mass"", ""accessed_at"": ""2026-10-02"", ""document_revision"": ""current page; Info Unique 2.1"", ""source_kind"": ""manufacturer_product""}, {""url"": ""https://www.looksolutions.com/uploads/pdf/en_fr/info_unique21_e.pdf"", ""title"": ""Info Unique 2.1"", ""locator"": ""Technical specification and dimensional diagram, 47 × 25 × 25 cm"", ""accessed_at"": ""2026-10-02"", ""document_revision"": ""official information sheet"", ""source_kind"": ""manufacturer_drawing""}]}","[""https://www.looksolutions.com/uploads/produkte/Unique2-1-Side.jpg""]",ready_for_visualization,assets/fixtures/look-solutions/unique-2-1,assets/fixtures/look-solutions/unique-2-1/fixture.json,docs/08 Fixture Library/entries/look-solutions/unique-2-1.md,assets/fixtures/look-solutions/unique-2-1/models/fixture.blend,assets/fixtures/look-solutions/unique-2-1/models/fixture.usdz,assets/fixtures/look-solutions/unique-2-1/validation/usdz.json,high,2,assets/fixtures/look-solutions/unique-2-1/previews/three-quarter.png,assets/fixtures/look-solutions/unique-2-1/validation/detail.json,legacy-effects-2026-10,validated,assets/fixtures/look-solutions/unique-2-1/validation/parity.json,atmosphere.haze_water,"Source protocol list: DMX512, 0–10 V analog, standalone, internal timer",Atmosphere and air movement > Water-based hazer / fazer,[],static_native_validated,assets/fixtures/look-solutions/unique-2-1/models/rig.json,0,apps/visionos/VenueVolume/FixtureAssets/Catalog/look-solutions/unique-2-1/fixture.usdz,,complete,,
Entour Venue,ENT610,ADJ,equipment,portable water-based faze machine,https://www.adj.com/products/entour-venue,"{""protocols"": [""DMX512"", ""manual"", ""timer""], ""dmx_channels"": [1, 2, 4], ""power"": ""1500 W"", ""weight"": ""10.6 kg"", ""notable"": ""Mobile water-based faze machine; three DMX personalities; 5.6 L external anti-spill fluid tank; adjustable metal outlet nozzle and hanging bracket."", ""source_urls"": [""https://www.adj.com/products/entour-venue""], ""dimensions"": {""width_m"": 0.394, ""height_m"": 0.253, ""depth_m"": 0.434, ""axis_status"": ""documented"", ""axis_note"": ""ADJ lists L × W × H = 434 × 394 × 253 mm; external anti-spill fluid reservoir and bracket are not separately dimensioned."", ""reference_pose"": ""Machine resting on feet, adjustable nozzle facing forward, loose remote/fluid container excluded.""}, ""research_evidence"": [{""url"": ""https://www.adj.com/products/entour-venue"", ""title"": ""Entour Venue product page"", ""locator"": ""Specifications: SKU family, DMX personalities, dimensions, mass, power and external reservoir"", ""accessed_at"": ""2026-10-02"", ""document_revision"": ""current product page"", ""source_kind"": ""manufacturer_product""}]}","[""https://www.adj.com/cdn/shop/files/8240dffd98db7012ef4f30d6239ba76cd5f16666_ENT610__IMG__001__e3470b1106c0.jpg?v=1776712354&width=850""]",ready_for_visualization,assets/fixtures/adj/entour-venue,assets/fixtures/adj/entour-venue/fixture.json,docs/08 Fixture Library/entries/adj/entour-venue.md,assets/fixtures/adj/entour-venue/models/fixture.blend,assets/fixtures/adj/entour-venue/models/fixture.usdz,assets/fixtures/adj/entour-venue/validation/usdz.json,high,2,assets/fixtures/adj/entour-venue/previews/three-quarter.png,assets/fixtures/adj/entour-venue/validation/detail.json,legacy-effects-2026-10,validated,assets/fixtures/adj/entour-venue/validation/parity.json,atmosphere.haze_water,"Source protocol list: DMX512, manual, timer",Atmosphere and air movement > Water-based hazer / fazer,[],rigged_native_validated,assets/fixtures/adj/entour-venue/models/rig.json,1,apps/visionos/VenueVolume/FixtureAssets/Catalog/adj/entour-venue/fixture.usdz,The exposed fluid-canister bay and lower outlet assembly are not sufficiently faithful to the product photograph; these components need revision.,visual_review_pending,,
HZ-400 Hazer,HZ-400,Antari,equipment,oil-based haze generator,https://antari.com/products/hz-400/,"{""protocols"": [""DMX512"", ""manual"", ""timer"", ""optional wireless""], ""dmx_channels"": [1], ""power"": ""470 W"", ""weight"": ""18.5 kg"", ""notable"": ""2.5 L reservoir; dual haze nozzle and adjustable diverter; 1-channel DMX; supplied HC-1 cable timer remote."", ""source_urls"": [""https://antari.com/products/hz-400/"", ""https://antari.com/usermanual/HZ/HZ-400/""], ""dimensions"": {""width_m"": 0.32, ""height_m"": 0.325, ""depth_m"": 0.51, ""axis_status"": ""documented"", ""axis_note"": ""Manufacturer L/W/H = 510/320/325 mm mapped to depth/width/height."", ""reference_pose"": ""Machine resting upright, dual nozzles at front; external wireless receiver excluded.""}, ""research_evidence"": [{""url"": ""https://antari.com/products/hz-400/"", ""title"": ""HZ-400 Hazer product page"", ""locator"": ""Specifications: dimensions, mass, power, DMX and dual-nozzle/diverter features"", ""accessed_at"": ""2026-10-02"", ""document_revision"": ""current page; manual Rev.09"", ""source_kind"": ""manufacturer_product""}]}","[""https://antari.com/wp-content/uploads/HZ-400_01.jpg""]",ready_for_visualization,assets/fixtures/antari/hz-400-hazer,assets/fixtures/antari/hz-400-hazer/fixture.json,docs/08 Fixture Library/entries/antari/hz-400-hazer.md,assets/fixtures/antari/hz-400-hazer/models/fixture.blend,assets/fixtures/antari/hz-400-hazer/models/fixture.usdz,assets/fixtures/antari/hz-400-hazer/validation/usdz.json,high,2,assets/fixtures/antari/hz-400-hazer/previews/three-quarter.png,assets/fixtures/antari/hz-400-hazer/validation/detail.json,legacy-effects-2026-10,validated,assets/fixtures/antari/hz-400-hazer/validation/parity.json,atmosphere.haze_oil,"Source protocol list: DMX512, manual, timer, optional wireless",Atmosphere and air movement > Oil-based / atomizing hazer,[],static_native_validated,assets/fixtures/antari/hz-400-hazer/models/rig.json,0,apps/visionos/VenueVolume/FixtureAssets/Catalog/antari/hz-400-hazer/fixture.usdz,,complete,,
F-1 Fazer,F-1,Antari,equipment,fog/haze fazer,https://antari.com/products/f-1/,"{""protocols"": [""DMX512"", ""manual"", ""timer"", ""optional wireless"", ""optional W-DMX""], ""dmx_channels"": [2], ""power"": ""800 W"", ""weight"": ""14.1 kg"", ""notable"": ""Dual purpose fog/faze with built-in air pump and self-cleaning feature; 2.4 L reservoir; 2-channel DMX; current successor/overhaul of X-310."", ""source_urls"": [""https://antari.com/products/f-1/"", ""https://antari.com/products/f-2/""], ""dimensions"": {""width_m"": 0.275, ""height_m"": 0.382, ""depth_m"": 0.618, ""axis_status"": ""documented"", ""axis_note"": ""Manufacturer L/W/H = 618/275/382 mm mapped to depth/width/height."", ""reference_pose"": ""Machine resting on feet, nozzle forward; optional wireless accessories excluded.""}, ""research_evidence"": [{""url"": ""https://antari.com/products/f-1/"", ""title"": ""F-1 Fazer product page"", ""locator"": ""Specifications: dimensions, power, mass, output/control modes and 2.4 L capacity"", ""accessed_at"": ""2026-10-02"", ""document_revision"": ""current page; manual Rev.01"", ""source_kind"": ""manufacturer_product""}]}","[""https://antari.com/wp-content/uploads/F-1_01.jpg""]",ready_for_visualization,assets/fixtures/antari/f-1-fazer,assets/fixtures/antari/f-1-fazer/fixture.json,docs/08 Fixture Library/entries/antari/f-1-fazer.md,assets/fixtures/antari/f-1-fazer/models/fixture.blend,assets/fixtures/antari/f-1-fazer/models/fixture.usdz,assets/fixtures/antari/f-1-fazer/validation/usdz.json,high,2,assets/fixtures/antari/f-1-fazer/previews/three-quarter.png,assets/fixtures/antari/f-1-fazer/validation/detail.json,legacy-effects-2026-10,validated,assets/fixtures/antari/f-1-fazer/validation/parity.json,atmosphere.haze_water,"Source protocol list: DMX512, manual, timer, optional wireless, optional W-DMX",Atmosphere and air movement > Water-based hazer / fazer,[],static_native_validated,assets/fixtures/antari/f-1-fazer/models/rig.json,0,apps/visionos/VenueVolume/FixtureAssets/Catalog/antari/f-1-fazer/fixture.usdz,The prominent wedge-shaped housing and projecting outlet remain too box-like; the enclosure needs a model-specific silhouette revision.,visual_review_pending,,
Z-3000III Fog Machine,Z-3000III,Antari,equipment,high-output heated fog machine,https://antari.com/products/z-3000iii/,"{""protocols"": [""DMX512"", ""manual"", ""timer"", ""optional wireless""], ""dmx_channels"": [1], ""power"": ""2500 W"", ""weight"": ""19.1 kg"", ""notable"": ""6 L reservoir; 250 ml/min listed consumption; 1-channel DMX; current III generation, EU voltage variant specified on page."", ""source_urls"": [""https://antari.com/products/z-3000iii/"", ""https://www.antari.com/ProductGuide/2026/2026ProductGuide.pdf""], ""dimensions"": {""width_m"": 0.275, ""height_m"": 0.278, ""depth_m"": 0.712, ""axis_status"": ""documented"", ""axis_note"": ""Current product page and 2026 guide agree on L/W/H = 712/275/278 mm; 2024 guide gives L735 mm, so dimensions are revision-specific."", ""reference_pose"": ""Machine on feet, front output facing forward; no optional wireless module or shipping case.""}, ""research_evidence"": [{""url"": ""https://antari.com/products/z-3000iii/"", ""title"": ""Z-3000III Fog Machine product page"", ""locator"": ""Specifications: 2500 W, 6 L tank, DMX, 712 × 275 × 278 mm and 19.1 kg"", ""accessed_at"": ""2026-10-02"", ""document_revision"": ""current page; manual Rev.03"", ""source_kind"": ""manufacturer_product""}, {""url"": ""https://www.antari.com/ProductGuide/2026/2026ProductGuide.pdf"", ""title"": ""Antari 2026 Product Guide"", ""locator"": ""Z-3000III product panel agrees on dimensions; 2024 guide lists 735 mm length"", ""accessed_at"": ""2026-10-02"", ""document_revision"": ""2026"", ""source_kind"": ""manufacturer_manual""}]}","[""https://antari.com/wp-content/uploads/Z-3000III_01.jpg""]",ready_for_visualization,assets/fixtures/antari/z-3000iii-fog-machine,assets/fixtures/antari/z-3000iii-fog-machine/fixture.json,docs/08 Fixture Library/entries/antari/z-3000iii-fog-machine.md,assets/fixtures/antari/z-3000iii-fog-machine/models/fixture.blend,assets/fixtures/antari/z-3000iii-fog-machine/models/fixture.usdz,assets/fixtures/antari/z-3000iii-fog-machine/validation/usdz.json,high,2,assets/fixtures/antari/z-3000iii-fog-machine/previews/three-quarter.png,assets/fixtures/antari/z-3000iii-fog-machine/validation/detail.json,legacy-effects-2026-10,validated,assets/fixtures/antari/z-3000iii-fog-machine/validation/parity.json,atmosphere.fog,"Source protocol list: DMX512, manual, timer, optional wireless",Atmosphere and air movement > Fog / smoke-look generator,[],static_native_validated,assets/fixtures/antari/z-3000iii-fog-machine/models/rig.json,0,apps/visionos/VenueVolume/FixtureAssets/Catalog/antari/z-3000iii-fog-machine/fixture.usdz,,complete,,
SPARKULAR mini,BT06 / BT07,SHOWVEN,special effect,cold spark fountain unit,https://www.showven.cn/product/sparkular-mini/,"{""protocols"": [""DMX (2 channels)"", ""wireless remote""], ""dmx_channels"": [2], ""power"": ""380 W work power"", ""weight"": ""4.5 kg"", ""notable"": ""BT06/BT07; 100 g hopper; manufacturer product page specifications. Single visible effect outlet, no optical lens."", ""source_urls"": [""https://www.showven.cn/product/sparkular-mini/"", ""https://showven.jp/img/dl_files/specifications_new_en.pdf""], ""dimensions"": {""width_m"": 0.18, ""height_m"": 0.228, ""depth_m"": 0.168, ""axis_status"": ""documented"", ""axis_note"": ""Manufacturer sheet: 168 x 180 x 228 mm (L x W x H); normal assembled housing dimensions, packaging excluded."", ""reference_pose"": ""Base horizontal; output nozzle upward.""}, ""research_evidence"": [{""url"": ""https://www.showven.cn/product/sparkular-mini/"", ""title"": ""SHOWVEN SPARKULAR mini product page"", ""locator"": ""Specifications: dimensions, mass, power, DMX interface and control"", ""accessed_at"": ""2026-10-02"", ""source_kind"": ""manufacturer_product""}]}","[""https://www.showven.cn/wp-content/uploads/2019/12/nufhc1W3QiOm5S6MdHjefQ.png_640xa-500x500.png""]",ready_for_visualization,assets/fixtures/showven/sparkular-mini,assets/fixtures/showven/sparkular-mini/fixture.json,docs/08 Fixture Library/entries/showven/sparkular-mini.md,assets/fixtures/showven/sparkular-mini/models/fixture.blend,assets/fixtures/showven/sparkular-mini/models/fixture.usdz,assets/fixtures/showven/sparkular-mini/validation/usdz.json,high,2,assets/fixtures/showven/sparkular-mini/previews/three-quarter.png,assets/fixtures/showven/sparkular-mini/validation/detail.json,legacy-effects-2026-10,validated,assets/fixtures/showven/sparkular-mini/validation/parity.json,effects.spark,"Source protocol list: DMX (2 channels), wireless remote",Special-effects appliances > Spark-effect appliance,[],static_native_validated,assets/fixtures/showven/sparkular-mini/models/rig.json,0,apps/visionos/VenueVolume/FixtureAssets/Catalog/showven/sparkular-mini/fixture.usdz,,complete,,
SPARKULAR JET II,SPARKULAR JET II,SHOWVEN,special effect,cold spark jet unit,https://www.showven.cn/product/sparkular-jet-ii/,"{""protocols"": [""DMX (2 channels)"", ""9–60 V pyro signal input""], ""dmx_channels"": [2], ""power"": ""800 W"", ""weight"": ""25 kg"", ""notable"": ""Dual hopper capacity listed as 450 g x 2; DMX plus isolated dedicated trigger input stated by manufacturer. No firing map or operation details transcribed."", ""source_urls"": [""https://www.showven.cn/product-category/sparkular/?product_orderby=date&product_view=list""], ""dimensions"": {""width_m"": 0.348, ""height_m"": 0.29, ""depth_m"": 0.348, ""axis_status"": ""documented"", ""axis_note"": ""Manufacturer listing: 348 x 348 x 290 mm (L x W x H)."", ""reference_pose"": ""Base level; output assembly upward.""}, ""research_evidence"": [{""url"": ""https://www.showven.cn/product/sparkular-jet-ii/"", ""title"": ""SHOWVEN SPARKULAR JET II product page"", ""locator"": ""Specifications and DMX/dedicated trigger interfaces"", ""accessed_at"": ""2026-10-02"", ""source_kind"": ""manufacturer_product""}]}","[""https://www.showven.cn/wp-content/uploads/2025/02/JET-II-500x500.png""]",ready_for_visualization,assets/fixtures/showven/sparkular-jet-ii,assets/fixtures/showven/sparkular-jet-ii/fixture.json,docs/08 Fixture Library/entries/showven/sparkular-jet-ii.md,assets/fixtures/showven/sparkular-jet-ii/models/fixture.blend,assets/fixtures/showven/sparkular-jet-ii/models/fixture.usdz,assets/fixtures/showven/sparkular-jet-ii/validation/usdz.json,high,2,assets/fixtures/showven/sparkular-jet-ii/previews/three-quarter.png,assets/fixtures/showven/sparkular-jet-ii/validation/detail.json,legacy-effects-2026-10,validated,assets/fixtures/showven/sparkular-jet-ii/validation/parity.json,effects.spark,"Source protocol list: DMX (2 channels), 9–60 V pyro signal input",Special-effects appliances > Spark-effect appliance,[],static_native_validated,assets/fixtures/showven/sparkular-jet-ii/models/rig.json,0,apps/visionos/VenueVolume/FixtureAssets/Catalog/showven/sparkular-jet-ii/fixture.usdz,,complete,,
SPARKULAR Cyclone II,SPARKULAR Cyclone II,SHOWVEN,special effect,rotating cold spark fountain machine,https://www.showven.cn/product/sparkular-cyclone-ii/,"{""protocols"": [""DMX (2 channels)""], ""dmx_channels"": [2], ""power"": ""1500 W work power"", ""weight"": ""16 kg"", ""notable"": ""DMX/powerCON TRUE1 in/out; rotating effect body distinguishes it from fixed-nozzle SPARKULAR. Exact physical nozzle count not explicit in listing."", ""source_urls"": [""https://www.showven.cn/product-category/sparkular/?product_orderby=date&product_view=list""], ""dimensions"": {""width_m"": 0.348, ""height_m"": 0.29, ""depth_m"": 0.316, ""axis_status"": ""documented"", ""axis_note"": ""Manufacturer listing: 348 x 316 x 290 mm (L x W x H)."", ""reference_pose"": ""Base level; rotating assembly centered.""}, ""research_evidence"": [{""url"": ""https://www.showven.cn/product/sparkular-cyclone-ii/"", ""title"": ""SHOWVEN SPARKULAR Cyclone II product page"", ""locator"": ""Specifications: dimensions, mass, power and DMX interface"", ""accessed_at"": ""2026-10-02"", ""source_kind"": ""manufacturer_product""}]}","[""https://www.showven.cn/wp-content/uploads/2025/02/%E9%A3%93%E9%A3%8E2-8-500x500.png""]",ready_for_visualization,assets/fixtures/showven/sparkular-cyclone-ii,assets/fixtures/showven/sparkular-cyclone-ii/fixture.json,docs/08 Fixture Library/entries/showven/sparkular-cyclone-ii.md,assets/fixtures/showven/sparkular-cyclone-ii/models/fixture.blend,assets/fixtures/showven/sparkular-cyclone-ii/models/fixture.usdz,assets/fixtures/showven/sparkular-cyclone-ii/validation/usdz.json,high,2,assets/fixtures/showven/sparkular-cyclone-ii/previews/three-quarter.png,assets/fixtures/showven/sparkular-cyclone-ii/validation/detail.json,legacy-effects-2026-10,validated,assets/fixtures/showven/sparkular-cyclone-ii/validation/parity.json,effects.spark,Source protocol list: DMX (2 channels),Special-effects appliances > Spark-effect appliance,[],static_native_validated,assets/fixtures/showven/sparkular-cyclone-ii/models/rig.json,0,apps/visionos/VenueVolume/FixtureAssets/Catalog/showven/sparkular-cyclone-ii/fixture.usdz,,complete,,
SPARKULAR MAX,SPARKULAR MAX,SHOWVEN,special effect,high-capacity cold spark fountain unit,https://www.showven.cn/product/sparkular-max/,"{""protocols"": [""DMX (2 channels)""], ""dmx_channels"": [2], ""power"": ""3200 W work power"", ""weight"": ""45 kg"", ""notable"": ""950 g hopper, IPX3 rain rating, powerCON TRUE1 and 3-/5-pin DMX in/out per manufacturer catalog listing."", ""source_urls"": [""https://www.showven.cn/product-category/sparkular/?product_orderby=date&product_view=list""], ""dimensions"": {""width_m"": 0.42, ""height_m"": 0.33, ""depth_m"": 0.46, ""axis_status"": ""documented"", ""axis_note"": ""Manufacturer listing gives 460 x 420 x 330 mm; interpreted length x width x height."", ""reference_pose"": ""Base level; outlet upward.""}, ""research_evidence"": [{""url"": ""https://www.showven.cn/product/sparkular-max/"", ""title"": ""SHOWVEN SPARKULAR MAX product page"", ""locator"": ""Specifications: dimensions, mass, power and interface"", ""accessed_at"": ""2026-10-02"", ""source_kind"": ""manufacturer_product""}]}","[""https://www.showven.cn/wp-content/uploads/2026/04/21-500x500.png""]",ready_for_visualization,assets/fixtures/showven/sparkular-max,assets/fixtures/showven/sparkular-max/fixture.json,docs/08 Fixture Library/entries/showven/sparkular-max.md,assets/fixtures/showven/sparkular-max/models/fixture.blend,assets/fixtures/showven/sparkular-max/models/fixture.usdz,assets/fixtures/showven/sparkular-max/validation/usdz.json,high,2,assets/fixtures/showven/sparkular-max/previews/three-quarter.png,assets/fixtures/showven/sparkular-max/validation/detail.json,legacy-effects-2026-10,validated,assets/fixtures/showven/sparkular-max/validation/parity.json,effects.spark,Source protocol list: DMX (2 channels),Special-effects appliances > Spark-effect appliance,[],static_native_validated,assets/fixtures/showven/sparkular-max/models/rig.json,0,apps/visionos/VenueVolume/FixtureAssets/Catalog/showven/sparkular-max/fixture.usdz,,complete,,
ColorWash 250 AT,ColorWash 250 AT,ROBE Lighting,moving light,wash,https://www.robe.cz/res/downloads/catalogues/ColorWash_250_AT_leaflet.pdf,"{""protocols"": [""USITT DMX-512""], ""notable"": ""MSD 250/2 wash; motorized zoom 8°–32°; CMY color mixing, six-color wheel, frost and beam shaper."", ""source_urls"": [""https://www.robe.cz/res/downloads/catalogues/ColorWash_250_AT_leaflet.pdf"", ""https://cdn.aws.robe.cz/v1/image/resize/e6c804d7a25ab0d1bd33dbd3974a44d1ccbb1b0f?fit=contain&height=800&width=800&withoutEnlargement=false""], ""dimensions"": {""width_m"": 0.419, ""height_m"": 0.513, ""depth_m"": 0.438, ""axis_status"": ""documented"", ""axis_note"": ""Official manufacturer leaflet drawing gives front width 419 mm and height 513 mm head horizontal / 502 mm in alternate pose; side depth 438 mm. Used the maximum stated height."", ""reference_pose"": ""Assembled; maximum 513 mm head-horizontal envelope; base level.""}, ""research_evidence"": [{""url"": ""https://www.robe.cz/res/downloads/catalogues/ColorWash_250_AT_leaflet.pdf"", ""title"": ""ColorWash 250 AT leaflet"", ""locator"": ""Technical diagram dimensions; product overview and optical/control features; official product still linked from manufacturer product page"", ""accessed_at"": ""2026-10-02"", ""source_kind"": ""manufacturer_manual""}]}","[""https://cdn.aws.robe.cz/v1/image/resize/e6c804d7a25ab0d1bd33dbd3974a44d1ccbb1b0f?fit=contain&height=800&width=800&withoutEnlargement=false""]",researched,assets/fixtures/robe-lighting/colorwash-250-at,assets/fixtures/robe-lighting/colorwash-250-at/fixture.json,docs/08 Fixture Library/entries/robe-lighting/colorwash-250-at.md,assets/fixtures/robe-lighting/colorwash-250-at/models/fixture.blend,assets/fixtures/robe-lighting/colorwash-250-at/models/fixture.usdz,assets/fixtures/robe-lighting/colorwash-250-at/validation/usdz.json,high,2,assets/fixtures/robe-lighting/colorwash-250-at/previews/three-quarter.png,assets/fixtures/robe-lighting/colorwash-250-at/validation/detail.json,legacy-effects-2026-10,validated,assets/fixtures/robe-lighting/colorwash-250-at/validation/parity.json,lighting.moving.wash,Source protocol list: USITT DMX-512,Lighting fixtures > Automated lighting > Wash,[],rigged_native_validated,assets/fixtures/robe-lighting/colorwash-250-at/models/rig.json,2,apps/visionos/VenueVolume/FixtureAssets/Catalog/robe-lighting/colorwash-250-at/fixture.usdz,,complete,,
ColorWash 575 AT,ColorWash 575 AT,ROBE Lighting,moving light,wash,https://www.robe.cz/colorwash-575-at-tm,"{""protocols"": [""USITT DMX-512"", ""RDM""], ""dmx_channels"": [18, 20, 22, 24], ""power"": ""720 VA at 230 V / 50 Hz"", ""weight"": ""30.5 kg EU model; 34.5 kg US model"", ""notable"": ""575 W CMY wash with variable CTO, five-color wheel, beam shaper and 12°–34° standard zoom; optional optics extend to 60° or 87°."", ""source_urls"": [""https://www.robe.cz/colorwash-575-at-tm"", ""https://cdn.aws.robe.cz/v1/image/resize/9066aa8c0abcd3415b1f41a321d6bafd6bc0ddda?fit=contain&height=800&width=800&withoutEnlargement=false""], ""dimensions"": {""width_m"": 0.47, ""height_m"": 0.588, ""depth_m"": 0.446, ""axis_status"": ""documented"", ""axis_note"": ""Robe mechanical specification: width 470 mm, height 588 mm with head horizontal, depth 446 mm."", ""reference_pose"": ""Assembled, head horizontal; base level.""}, ""research_evidence"": [{""url"": ""https://www.robe.cz/colorwash-575-at-tm"", ""title"": ""ColorWash 575 AT product page"", ""locator"": ""Mechanical, electrical, control, effects and optical specifications; official still image linked as Image 36"", ""accessed_at"": ""2026-10-02"", ""source_kind"": ""manufacturer_product""}]}","[""https://cdn.aws.robe.cz/v1/image/resize/9066aa8c0abcd3415b1f41a321d6bafd6bc0ddda?fit=contain&height=800&width=800&withoutEnlargement=false""]",researched,assets/fixtures/robe-lighting/colorwash-575-at,assets/fixtures/robe-lighting/colorwash-575-at/fixture.json,docs/08 Fixture Library/entries/robe-lighting/colorwash-575-at.md,assets/fixtures/robe-lighting/colorwash-575-at/models/fixture.blend,assets/fixtures/robe-lighting/colorwash-575-at/models/fixture.usdz,assets/fixtures/robe-lighting/colorwash-575-at/validation/usdz.json,high,2,assets/fixtures/robe-lighting/colorwash-575-at/previews/three-quarter.png,assets/fixtures/robe-lighting/colorwash-575-at/validation/detail.json,legacy-effects-2026-10,validated,assets/fixtures/robe-lighting/colorwash-575-at/validation/parity.json,lighting.moving.wash,"Source protocol list: USITT DMX-512, RDM",Lighting fixtures > Automated lighting > Wash,[],rigged_native_validated,assets/fixtures/robe-lighting/colorwash-575-at/models/rig.json,2,apps/visionos/VenueVolume/FixtureAssets/Catalog/robe-lighting/colorwash-575-at/fixture.usdz,,complete,,
ATMOSPHERE APS,ATMOSPHERE APS,MDG,equipment,CO2-driven haze generator,https://www.mdgfog.com/en/atmosphereaps,"{""protocols"": [""remote control"", ""optional 2-channel DMX interface"", ""optional remote timer""], ""dmx_channels"": [2], ""power"": ""715 W"", ""weight"": ""19 kg; shipping weight 34 kg with optional flight case"", ""notable"": ""2.5 L MDG Neutral reservoir; APS automatic purging; 0.5–0.7 micron haze; consumption figures specified at 1.38 bar / 20 psi and require CO2 supply; DMX is via optional accessory."", ""source_urls"": [""https://www.mdgfog.com/en/atmosphereaps"", ""https://www.mdgfog.com/en/atmosphereaps-support""], ""dimensions"": {""width_m"": 0.18, ""height_m"": 0.3, ""depth_m"": 0.685, ""axis_status"": ""documented"", ""axis_note"": ""MDG labels length 68.5 cm, width 18 cm and height 30 cm; separate shipping weight explicitly includes flight case, while product dimensions identify the machine."", ""reference_pose"": ""Machine enclosure upright, haze outlets toward front; case, gas cylinder and optional DMX module excluded.""}, ""research_evidence"": [{""url"": ""https://www.mdgfog.com/en/atmosphereaps"", ""title"": ""ATMOSPHERE APS product page"", ""locator"": ""Specifications: machine dimensions and mass, electrical demand, reservoir, CO2-dependent consumption and APS features"", ""accessed_at"": ""2026-10-02"", ""document_revision"": ""current manufacturer product page"", ""source_kind"": ""manufacturer_product""}, {""url"": ""https://mdgfog.s3.amazonaws.com/uploads/img-tiny/atmosphere-a-bb3c9a.png"", ""title"": ""ATMOSPHERE APS product gallery image 2"", ""locator"": ""Official whole-machine three-quarter side view; visibly labelled ATMOSPHERE APS; 3741 × 2551 pixel source copy"", ""accessed_at"": ""2026-10-02"", ""document_revision"": ""current manufacturer gallery asset"", ""source_kind"": ""manufacturer_product""}, {""url"": ""https://www.mdgfog.com/en/atmosphereaps-support"", ""title"": ""ATMOSPHERE APS Support"", ""locator"": ""Linked user guide, DMX interface and product data sheet"", ""accessed_at"": ""2026-10-02"", ""document_revision"": ""current support downloads"", ""source_kind"": ""manufacturer_manual""}]}","[""https://mdgfog.s3.amazonaws.com/uploads/img-tiny/atmosphere-a-bb3c9a.png""]",ready_for_visualization,assets/fixtures/mdg/atmosphere-aps,assets/fixtures/mdg/atmosphere-aps/fixture.json,docs/08 Fixture Library/entries/mdg/atmosphere-aps.md,assets/fixtures/mdg/atmosphere-aps/models/fixture.blend,assets/fixtures/mdg/atmosphere-aps/models/fixture.usdz,assets/fixtures/mdg/atmosphere-aps/validation/usdz.json,high,2,assets/fixtures/mdg/atmosphere-aps/previews/three-quarter.png,assets/fixtures/mdg/atmosphere-aps/validation/detail.json,legacy-effects-2026-10,validated,assets/fixtures/mdg/atmosphere-aps/validation/parity.json,atmosphere.haze_oil,"Source protocol list: remote control, optional 2-channel DMX interface, optional remote timer",Atmosphere and air movement > Oil-based / atomizing hazer,[],static_native_validated,assets/fixtures/mdg/atmosphere-aps/models/rig.json,0,apps/visionos/VenueVolume/FixtureAssets/Catalog/mdg/atmosphere-aps/fixture.usdz,,complete,,
MSe1,MSe1,MDG,equipment,weather-resistant fog generator,https://www.mdgfog.com/en/mse1-mse2,"{""protocols"": [""isolated 20–28 VDC control signal""], ""dmx_channels"": [], ""power"": ""715 W; 115 or 230 VAC"", ""weight"": ""13.1 kg"", ""notable"": ""Weather-resistant permanent-install fog generator; 100 m³/min output; consumes MDG Neutral fluid and CO2 or N2; external 6.5 L or 25 L fluid reservoir; 20–28 VDC isolated control, no DMX interface listed."", ""source_urls"": [""https://www.mdgfog.com/en/mse1-mse2""], ""visual_inventory_only"": true, ""control_path"": ""Manufacturer documents an isolated 20–28 VDC control signal for system integration; no DMX interface is listed. External fluid and gas supply are required dependencies."", ""dimensions"": {""width_m"": 0.305, ""height_m"": 0.356, ""depth_m"": 0.229, ""axis_status"": ""documented"", ""axis_note"": ""Manufacturer gives unit dimensions L229 × W305 × H356 mm, mapped to depth/width/height; shipping dimensions 305 × 406 × 736 mm excluded."", ""reference_pose"": ""Weather-resistant box mounted in its normal upright orientation; external reservoir, gas source and plumbing excluded.""}, ""research_evidence"": [{""url"": ""https://www.mdgfog.com/en/mse1-mse2"", ""title"": ""MSe1 & MSe2 product page"", ""locator"": ""MSe1 specifications: output, consumption and source dependencies, unit dimensions, mass; separate shipping dimensions"", ""accessed_at"": ""2026-10-02"", ""document_revision"": ""current manufacturer page"", ""source_kind"": ""manufacturer_product""}]}","[""https://mdgfog.s3.ca-central-1.amazonaws.com/uploads/img/MSe1_Face.png""]",ready_for_visualization,assets/fixtures/mdg/mse1,assets/fixtures/mdg/mse1/fixture.json,docs/08 Fixture Library/entries/mdg/mse1.md,assets/fixtures/mdg/mse1/models/fixture.blend,assets/fixtures/mdg/mse1/models/fixture.usdz,assets/fixtures/mdg/mse1/validation/usdz.json,high,2,assets/fixtures/mdg/mse1/previews/three-quarter.png,assets/fixtures/mdg/mse1/validation/detail.json,legacy-effects-2026-10,validated,assets/fixtures/mdg/mse1/validation/parity.json,atmosphere.fog,Manufacturer documents an isolated 20–28 VDC control signal for system integration; no DMX interface is listed. External fluid and gas supply are required dependencies.,Atmosphere and air movement > Fog / smoke-look generator,[],static_native_validated,assets/fixtures/mdg/mse1/models/rig.json,0,apps/visionos/VenueVolume/FixtureAssets/Catalog/mdg/mse1/fixture.usdz,,complete,,
S-100X Snow Machine,S-100X,Antari,equipment,snow effect machine,https://antari.com/products/s-100x/,"{""protocols"": [""DMX512"", ""manual"", ""optional cable remote""], ""dmx_channels"": [1], ""power"": ""880 W"", ""weight"": ""11.0 kg"", ""notable"": ""5 L reservoir; SC-2 cable remote and hanging bracket included; current page lists a 1-channel DMX interface."", ""source_urls"": [""https://antari.com/products/s-100x/"", ""https://www.antari.com/usermanual/S/S-100X/""], ""dimensions"": {""width_m"": 0.365, ""height_m"": 0.409, ""depth_m"": 0.505, ""axis_status"": ""documented"", ""axis_note"": ""Manufacturer L/W/H = 505/365/409 mm mapped to depth/width/height."", ""reference_pose"": ""Machine upright on body feet with snow outlet forward; optional floor bracket and hose excluded.""}, ""research_evidence"": [{""url"": ""https://antari.com/products/s-100x/"", ""title"": ""S-100X Snow Machine product page"", ""locator"": ""Current page: rated power, control/DMX, 5 L reservoir, dimensions and weight"", ""accessed_at"": ""2026-10-02"", ""document_revision"": ""current product page"", ""source_kind"": ""manufacturer_product""}, {""url"": ""https://www.antari.com/usermanual/S/S-100X/S-100X.pdf"", ""title"": ""S-100X/S-200X User Manual"", ""locator"": ""English specifications and DMX sections: supported DMX512, one channel, 3-pin XLR; model-specific size and mass"", ""accessed_at"": ""2026-10-02"", ""document_revision"": ""Rev.05"", ""source_kind"": ""manufacturer_manual""}, {""url"": ""https://www.antari.com/ProductGuide/2026/2026ProductGuide.pdf"", ""title"": ""Antari 2026 Product Guide"", ""locator"": ""S-100X panel identifies manual operation and a 3-pin interface; 3-pin specifies connector, not absence of DMX"", ""accessed_at"": ""2026-10-02"", ""document_revision"": ""2026"", ""source_kind"": ""manufacturer_manual""}]}","[""https://antari.com/wp-content/uploads/S-100X_01.jpg""]",ready_for_visualization,assets/fixtures/antari/s-100x-snow-machine,assets/fixtures/antari/s-100x-snow-machine/fixture.json,docs/08 Fixture Library/entries/antari/s-100x-snow-machine.md,assets/fixtures/antari/s-100x-snow-machine/models/fixture.blend,assets/fixtures/antari/s-100x-snow-machine/models/fixture.usdz,assets/fixtures/antari/s-100x-snow-machine/validation/usdz.json,high,2,assets/fixtures/antari/s-100x-snow-machine/previews/three-quarter.png,assets/fixtures/antari/s-100x-snow-machine/validation/detail.json,legacy-effects-2026-10,validated,assets/fixtures/antari/s-100x-snow-machine/validation/parity.json,effects.snow,"Source protocol list: DMX512, manual, optional cable remote",Special-effects appliances > Snow / foam-look machine,[],rigged_native_validated,assets/fixtures/antari/s-100x-snow-machine/models/rig.json,1,apps/visionos/VenueVolume/FixtureAssets/Catalog/antari/s-100x-snow-machine/fixture.usdz,,complete,,
Scorpion Dual RGB,Scorpion Dual RGB,CHAUVET DJ,special effect,dual-aperture RGB laser projector,https://www.chauvetdj.com/products/scorpion-dual-rgb/,"{""protocols"": [""DMX (10-channel mode)"", ""IR remote (optional IRC-6)"", ""standalone"", ""master/slave""], ""dmx_channels"": [10], ""power"": ""19 W at 230 V; 20 W at 120 V"", ""weight"": ""1.7 kg"", ""notable"": ""Dual mirror output; RGB diode wavelengths/powers 638 nm/30 mW, 520 nm/20 mW, 450 nm/50 mW; M12 bracket mounting; no ILDA input documented."", ""source_urls"": [""https://www.chauvetdj.com/products/scorpion-dual-rgb/"", ""https://www.chauvetdj.com/wp-content/uploads/2019/01/Scorpion_Dual_RGB_UM_Rev5_ML3.pdf""], ""dimensions"": {""width_m"": 0.216, ""height_m"": 0.1795, ""depth_m"": 0.161, ""axis_status"": ""documented"", ""axis_note"": ""Manual product dimension drawing: 216 mm wide, 179.5 mm high, 161 mm deep; assembled housing on support feet."", ""reference_pose"": ""Base resting on feet; laser apertures forward.""}, ""research_evidence"": [{""url"": ""https://www.chauvetdj.com/products/scorpion-dual-rgb/"", ""title"": ""Scorpion Dual RGB product page"", ""locator"": ""Specifications: DMX, power, mass, dimensions, laser sources, mount"", ""accessed_at"": ""2026-10-02"", ""source_kind"": ""manufacturer_product""}, {""url"": ""https://www.chauvetdj.com/wp-content/uploads/2019/01/Scorpion_Dual_RGB_UM_Rev5_ML3.pdf"", ""title"": ""Scorpion Dual RGB User Manual Rev. 5"", ""locator"": ""Product dimensions drawing, p. 6; product overview, p. 5"", ""accessed_at"": ""2026-10-02"", ""source_kind"": ""manufacturer_manual""}]}","[""https://www.chauvetdj.com/wp-content/uploads/2018/12/cat-Scorpion-Dual.jpg"", ""https://www.chauvetdj.com/wp-content/uploads/2018/12/Scorpion-Dual-FRONT.jpg""]",ready_for_visualization,assets/fixtures/chauvet-dj/scorpion-dual-rgb,assets/fixtures/chauvet-dj/scorpion-dual-rgb/fixture.json,docs/08 Fixture Library/entries/chauvet-dj/scorpion-dual-rgb.md,assets/fixtures/chauvet-dj/scorpion-dual-rgb/models/fixture.blend,assets/fixtures/chauvet-dj/scorpion-dual-rgb/models/fixture.usdz,assets/fixtures/chauvet-dj/scorpion-dual-rgb/validation/usdz.json,high,2,assets/fixtures/chauvet-dj/scorpion-dual-rgb/previews/three-quarter.png,assets/fixtures/chauvet-dj/scorpion-dual-rgb/validation/detail.json,legacy-effects-2026-10,validated,assets/fixtures/chauvet-dj/scorpion-dual-rgb/validation/parity.json,lighting.effects.laser,"Source protocol list: DMX (10-channel mode), IR remote (optional IRC-6), standalone, master/slave",Lighting fixtures > Visible and audience effects > Show laser projector,[],rigged_native_validated,assets/fixtures/chauvet-dj/scorpion-dual-rgb/models/rig.json,1,apps/visionos/VenueVolume/FixtureAssets/Catalog/chauvet-dj/scorpion-dual-rgb/fixture.usdz,,complete,,
MAC 2000 Profile,MAC 2000 Profile,Martin Professional (HARMAN),moving light,profile,https://www.martin.com/en-US/products/mac-2000-profile,"{""protocols"": [""USITT DMX512/1990""], ""dmx_channels"": [20, 24], ""weight"": ""38 kg electronic ballast; 45 kg magnetic ballast"", ""notable"": ""1200 W short-arc profile; 10°–28° zoom; CMY, gobo animation, combined color/gobo wheel, iris, variable frost and effect wheel with prism and beamshaper; 540°/267° pan/tilt."", ""source_urls"": [""https://www.martin.com/en-US/products/mac-2000-profile"", ""https://adn.harmanpro.com/product_attachments/product_attachments/6130_1728121020/mac-2000-profile_x_large.webp""], ""dimensions"": {""width_m"": 0.49, ""height_m"": 0.743, ""depth_m"": 0.408, ""axis_status"": ""documented"", ""axis_note"": ""Martin physical specification: length 408 mm, width 490 mm, height 743 mm head straight up."", ""reference_pose"": ""Assembled, head straight up; base level.""}, ""research_evidence"": [{""url"": ""https://www.martin.com/en-US/products/mac-2000-profile"", ""title"": ""MAC 2000 Profile product page"", ""locator"": ""Physical; Dynamic Effects; Control and Programming; Lamp and Typical Power and Current"", ""accessed_at"": ""2026-10-02"", ""source_kind"": ""manufacturer_product""}, {""url"": ""https://adn.harmanpro.com/product_attachments/product_attachments/6130_1728121020/mac-2000-profile_x_large.webp"", ""title"": ""MAC 2000 Profile product still"", ""locator"": ""Official Martin/HARMAN product image"", ""accessed_at"": ""2026-10-02"", ""source_kind"": ""manufacturer_asset""}]}","[""https://adn.harmanpro.com/product_attachments/product_attachments/6130_1728121020/mac-2000-profile_x_large.webp""]",researched,assets/fixtures/martin-professional-harman/mac-2000-profile,assets/fixtures/martin-professional-harman/mac-2000-profile/fixture.json,docs/08 Fixture Library/entries/martin-professional-harman/mac-2000-profile.md,assets/fixtures/martin-professional-harman/mac-2000-profile/models/fixture.blend,assets/fixtures/martin-professional-harman/mac-2000-profile/models/fixture.usdz,assets/fixtures/martin-professional-harman/mac-2000-profile/validation/usdz.json,high,2,assets/fixtures/martin-professional-harman/mac-2000-profile/previews/three-quarter.png,assets/fixtures/martin-professional-harman/mac-2000-profile/validation/detail.json,legacy-effects-2026-10,validated,assets/fixtures/martin-professional-harman/mac-2000-profile/validation/parity.json,lighting.moving.profile,Source protocol list: USITT DMX512/1990,Lighting fixtures > Automated lighting > Framing profile,[],rigged_native_validated,assets/fixtures/martin-professional-harman/mac-2000-profile/models/rig.json,2,apps/visionos/VenueVolume/FixtureAssets/Catalog/martin-professional-harman/mac-2000-profile/fixture.usdz,The sourced head-up envelope is currently represented by a forward-facing neutral head; exact neutral-pose proportions need verification against the dimensional drawing.,visual_review_pending,,
SPARKULAR,BT01 / BT02,SHOWVEN,special effect,cold spark fountain unit,https://www.showven.cn/product/sparkular/,"{""protocols"": [""DMX (2 channels)""], ""dmx_channels"": [2], ""power"": ""500 W work power"", ""weight"": ""8.5 kg"", ""notable"": ""3-pin XLR and power in/out; 200 g hopper capacity. One upward outlet shown in official product image; no lens terminology applies."", ""source_urls"": [""https://www.showven.cn/product/sparkular/"", ""https://www.showven.cn/wp-content/uploads/2025/07/SPARKULAR-20250616.pdf""], ""dimensions"": {""width_m"": 0.218, ""height_m"": 0.305, ""depth_m"": 0.2, ""axis_status"": ""documented"", ""axis_note"": ""Manufacturer page: 200 x 218 x 305 mm; interpreted L x W x H from product viewing orientation."", ""reference_pose"": ""Base level; effect outlet upward.""}, ""research_evidence"": [{""url"": ""https://www.showven.cn/product/sparkular/"", ""title"": ""SHOWVEN SPARKULAR product page"", ""locator"": ""Specifications and features"", ""accessed_at"": ""2026-10-02"", ""source_kind"": ""manufacturer_product""}, {""url"": ""https://www.showven.cn/wp-content/uploads/2025/07/SPARKULAR-20250616.pdf"", ""title"": ""SPARKULAR specifications"", ""locator"": ""Model BT01/BT02 specification table"", ""accessed_at"": ""2026-10-02"", ""source_kind"": ""manufacturer_manual""}]}","[""https://www.showven.cn/wp-content/uploads/2019/11/gsdT7v69Sa298ZXLkx6vww.png_640xa-500x500.png""]",ready_for_visualization,assets/fixtures/showven/sparkular,assets/fixtures/showven/sparkular/fixture.json,docs/08 Fixture Library/entries/showven/sparkular.md,assets/fixtures/showven/sparkular/models/fixture.blend,assets/fixtures/showven/sparkular/models/fixture.usdz,assets/fixtures/showven/sparkular/validation/usdz.json,high,2,assets/fixtures/showven/sparkular/previews/three-quarter.png,assets/fixtures/showven/sparkular/validation/detail.json,legacy-effects-2026-10,validated,assets/fixtures/showven/sparkular/validation/parity.json,effects.spark,Source protocol list: DMX (2 channels),Special-effects appliances > Spark-effect appliance,[],static_native_validated,assets/fixtures/showven/sparkular/models/rig.json,0,apps/visionos/VenueVolume/FixtureAssets/Catalog/showven/sparkular/fixture.usdz,,complete,,
SPARKULAR WP,BT81 / BT82,SHOWVEN,special effect,weather-rated cold spark fountain unit,https://www.showven.cn/product/sparkular-wp/,"{""protocols"": [""DMX (2 channels)""], ""dmx_channels"": [2], ""power"": ""700 W"", ""weight"": ""14 kg"", ""notable"": ""IPX4 rated enclosure, 1200 g hopper; powerCON TRUE1 and IP65-rated 3-/5-pin XLR connectors. Manufacturer calls for DMX control."", ""source_urls"": [""https://www.showven.cn/product/sparkular-wp/""], ""dimensions"": {""width_m"": 0.317, ""height_m"": 0.295, ""depth_m"": 0.287, ""axis_status"": ""documented"", ""axis_note"": ""Manufacturer page: 317 x 287 x 295 mm; width x depth x height as shown in specification."", ""reference_pose"": ""Base level; upward output.""}, ""research_evidence"": [{""url"": ""https://www.showven.cn/product/sparkular-wp/"", ""title"": ""SHOWVEN SPARKULAR WP product page"", ""locator"": ""Specifications: enclosure, dimensions, mass, power, interface and DMX"", ""accessed_at"": ""2026-10-02"", ""source_kind"": ""manufacturer_product""}]}","[""https://www.showven.cn/wp-content/uploads/2025/02/%E5%BE%AE%E4%BF%A1%E5%9B%BE%E7%89%87_20260427154257_1569_1952-500x500.png""]",ready_for_visualization,assets/fixtures/showven/sparkular-wp,assets/fixtures/showven/sparkular-wp/fixture.json,docs/08 Fixture Library/entries/showven/sparkular-wp.md,assets/fixtures/showven/sparkular-wp/models/fixture.blend,assets/fixtures/showven/sparkular-wp/models/fixture.usdz,assets/fixtures/showven/sparkular-wp/validation/usdz.json,high,2,assets/fixtures/showven/sparkular-wp/previews/three-quarter.png,assets/fixtures/showven/sparkular-wp/validation/detail.json,legacy-effects-2026-10,validated,assets/fixtures/showven/sparkular-wp/validation/parity.json,effects.spark,Source protocol list: DMX (2 channels),Special-effects appliances > Spark-effect appliance,[],static_native_validated,assets/fixtures/showven/sparkular-wp/models/rig.json,0,apps/visionos/VenueVolume/FixtureAssets/Catalog/showven/sparkular-wp/fixture.usdz,,complete,,
MAC 2000 Wash,MAC 2000 Wash,Martin Professional (HARMAN),moving light,wash,https://www.martin.com/en-US/products/mac-2000-wash,"{""protocols"": [""USITT DMX512/1990""], ""weight"": ""34 kg"", ""notable"": ""1200 W short-arc wash; 12.5°–95° beam-angle span, motorized zoom, CMY, dual color wheels and 540°/267° pan/tilt."", ""source_urls"": [""https://www.martin.com/en-US/products/mac-2000-wash"", ""https://adn.harmanpro.com/product_attachments/product_attachments/6139_1728120883/mac-2000-wash_x_large.webp""], ""dimensions"": {""width_m"": 0.49, ""height_m"": 0.75, ""depth_m"": 0.408, ""axis_status"": ""documented"", ""axis_note"": ""Martin physical specification: length 408 mm, width 490 mm, height 750 mm head straight up."", ""reference_pose"": ""Assembled, head straight up; base level.""}, ""research_evidence"": [{""url"": ""https://www.martin.com/en-US/products/mac-2000-wash"", ""title"": ""MAC 2000 Wash product page"", ""locator"": ""Features and physical specifications; Control and Programming specifies USITT DMX512/1990 protocol"", ""accessed_at"": ""2026-10-02"", ""source_kind"": ""manufacturer_product""}, {""url"": ""https://adn.harmanpro.com/product_attachments/product_attachments/6139_1728120883/mac-2000-wash_x_large.webp"", ""title"": ""MAC 2000 Wash product still"", ""locator"": ""Official Martin/HARMAN product image"", ""accessed_at"": ""2026-10-02"", ""source_kind"": ""manufacturer_asset""}]}","[""https://adn.harmanpro.com/product_attachments/product_attachments/6139_1728120883/mac-2000-wash_x_large.webp""]",researched,assets/fixtures/martin-professional-harman/mac-2000-wash,assets/fixtures/martin-professional-harman/mac-2000-wash/fixture.json,docs/08 Fixture Library/entries/martin-professional-harman/mac-2000-wash.md,assets/fixtures/martin-professional-harman/mac-2000-wash/models/fixture.blend,assets/fixtures/martin-professional-harman/mac-2000-wash/models/fixture.usdz,assets/fixtures/martin-professional-harman/mac-2000-wash/validation/usdz.json,high,2,assets/fixtures/martin-professional-harman/mac-2000-wash/previews/three-quarter.png,assets/fixtures/martin-professional-harman/mac-2000-wash/validation/detail.json,legacy-effects-2026-10,validated,assets/fixtures/martin-professional-harman/mac-2000-wash/validation/parity.json,lighting.moving.wash,Source protocol list: USITT DMX512/1990,Lighting fixtures > Automated lighting > Wash,[],rigged_native_validated,assets/fixtures/martin-professional-harman/mac-2000-wash/models/rig.json,2,apps/visionos/VenueVolume/FixtureAssets/Catalog/martin-professional-harman/mac-2000-wash/fixture.usdz,The sourced head-up envelope is currently represented by a forward-facing neutral head; exact neutral-pose proportions need verification against the dimensional drawing.,visual_review_pending,,
ColorSpot 250 AT,ColorSpot 250 AT,ROBE Lighting,moving light,spot,https://www.robe.cz/colorspot-250-at,"{""protocols"": [""DMX-512"", ""RDM""], ""power"": ""410 VA at 230 V / 50 Hz"", ""weight"": ""20.5 kg EU model; 23.5 kg US model"", ""notable"": ""MSD 250/2 lamp; standard 15° objective with optional 12°/18°; 10 dichroic colors plus open and rotating gobo wheel."", ""source_urls"": [""https://www.robe.cz/colorspot-250-at"", ""https://www.robe.cz/res/downloads/catalogues/ColorSpot_250_AT_leaflet.pdf"", ""https://www.robe.cz/res/downloads/user_manuals/User_manual_Colorspot_250_AT.pdf""], ""dimensions"": {""width_m"": 0.419, ""height_m"": 0.494, ""depth_m"": 0.438, ""axis_status"": ""documented"", ""axis_note"": ""Manufacturer ColorSpot 250 AT leaflet: width 419 mm, height 494 mm, depth 438 mm."", ""reference_pose"": ""Assembled fixture in manufacturer dimension convention.""}, ""research_evidence"": [{""url"": ""https://www.robe.cz/colorspot-250-at"", ""title"": ""ColorSpot 250 AT product page"", ""locator"": ""Discontinued status and official product image (CDN still asset)"", ""accessed_at"": ""2026-10-02"", ""source_kind"": ""manufacturer_product""}, {""url"": ""https://www.robe.cz/res/downloads/catalogues/ColorSpot_250_AT_leaflet.pdf"", ""title"": ""ColorSpot 250 AT leaflet"", ""locator"": ""Mechanical specification: dimensions and EU/US mass"", ""accessed_at"": ""2026-10-02"", ""source_kind"": ""manufacturer_manual""}, {""url"": ""https://www.robe.cz/res/downloads/user_manuals/User_manual_Colorspot_250_AT.pdf"", ""title"": ""ColorSpot 250 AT User Manual v2.5"", ""locator"": ""DMX-512 connection, pp. 11–12; technical specification, p. 31 (DMX-512 and RDM support)"", ""accessed_at"": ""2026-10-02"", ""source_kind"": ""manufacturer_manual""}]}","[""https://cdn.aws.robe.cz/v1/image/resize/6d0d71f3c0dce0301a58534772e45d078535abd6?fit=contain&height=800&width=800&withoutEnlargement=false""]",researched,assets/fixtures/robe-lighting/colorspot-250-at,assets/fixtures/robe-lighting/colorspot-250-at/fixture.json,docs/08 Fixture Library/entries/robe-lighting/colorspot-250-at.md,assets/fixtures/robe-lighting/colorspot-250-at/models/fixture.blend,assets/fixtures/robe-lighting/colorspot-250-at/models/fixture.usdz,assets/fixtures/robe-lighting/colorspot-250-at/validation/usdz.json,high,2,assets/fixtures/robe-lighting/colorspot-250-at/previews/three-quarter.png,assets/fixtures/robe-lighting/colorspot-250-at/validation/detail.json,legacy-effects-2026-10,validated,assets/fixtures/robe-lighting/colorspot-250-at/validation/parity.json,lighting.moving.spot,"Source protocol list: DMX-512, RDM",Lighting fixtures > Automated lighting > Spot / gobo projector,[],rigged_native_validated,assets/fixtures/robe-lighting/colorspot-250-at/models/rig.json,2,apps/visionos/VenueVolume/FixtureAssets/Catalog/robe-lighting/colorspot-250-at/fixture.usdz,,complete,,
X-Move Laser,X-Move Laser,ADJ,special effect,green laser moving head,https://www.adj.com/products/x-move-laser,"{""protocols"": [""DMX512 (6 channels)"", ""sound active"", ""primary/secondary""], ""dmx_channels"": [6], ""weight"": ""4.5 kg"", ""notable"": ""Discontinued manufacturer listing; 4.9 mW green source; 540° pan and 220° tilt; no ILDA input stated."", ""source_urls"": [""https://www.adj.com/products/x-move-laser""], ""dimensions"": {""width_m"": 0.19, ""height_m"": 0.285, ""depth_m"": 0.205, ""axis_status"": ""documented"", ""axis_note"": ""Manufacturer L x W x H 205 x 190 x 285 mm; mapped to width 190, height 285, depth 205 mm."", ""reference_pose"": ""Assembled moving head, base level.""}, ""research_evidence"": [{""url"": ""https://www.adj.com/products/x-move-laser"", ""title"": ""ADJ X-Move Laser product page"", ""locator"": ""Specifications: output class, DMX modes, travel, dimensions, mass"", ""accessed_at"": ""2026-10-02"", ""source_kind"": ""manufacturer_product""}]}","[""https://www.adj.com/cdn/shop/files/e7333973f25e0385bc10441d2975406234e62f28_XMOVE_LASER__IMG__001__238d14f3295f.jpg?v=1776715879&width=350""]",researched,assets/fixtures/adj/x-move-laser,assets/fixtures/adj/x-move-laser/fixture.json,docs/08 Fixture Library/entries/adj/x-move-laser.md,assets/fixtures/adj/x-move-laser/models/fixture.blend,assets/fixtures/adj/x-move-laser/models/fixture.usdz,assets/fixtures/adj/x-move-laser/validation/usdz.json,high,2,assets/fixtures/adj/x-move-laser/previews/three-quarter.png,assets/fixtures/adj/x-move-laser/validation/detail.json,legacy-effects-2026-10,validated,assets/fixtures/adj/x-move-laser/validation/parity.json,lighting.effects.laser,"Source protocol list: DMX512 (6 channels), sound active, primary/secondary",Lighting fixtures > Visible and audience effects > Show laser projector,[],rigged_native_validated,assets/fixtures/adj/x-move-laser/models/rig.json,2,apps/visionos/VenueVolume/FixtureAssets/Catalog/adj/x-move-laser/fixture.usdz,,complete,,
GForce 3,GForce 3,Le Maitre,special effect,continuous-flow smoke machine,https://lemaitreltd.com/products/smoke-fog-haze/smoke-fog-haze-machines/gforce-3/le-maitre-smoke-machine-comparison-breakdown/,"{""protocols"": [""DMX512 (2 channels)"", ""manual/timer remote""], ""power"": ""2200 W at 230 V"", ""weight"": ""15.9 kg (35 lb)"", ""notable"": ""Bottle carrier adds to overall length; manufacturer comparison dimensions 270 x 290 x 430 mm, or 550 mm long with carrier."", ""source_urls"": [""https://lemaitreltd.com/products/smoke-fog-haze/smoke-fog-haze-machines/gforce-3/le-maitre-smoke-machine-comparison-breakdown/""], ""dimensions"": {""width_m"": 0.27, ""height_m"": 0.43, ""depth_m"": 0.55, ""axis_status"": ""documented"", ""axis_note"": ""Manufacturer gives 270 x 290 x 430 mm, with length 550 mm including bottle carrier; mapped W x H x overall D as 270 x 430 x 550 mm."", ""reference_pose"": ""Base level with bottle carrier fitted; outlet forward.""}, ""research_evidence"": [{""url"": ""https://lemaitreltd.com/products/smoke-fog-haze/smoke-fog-haze-machines/gforce-3/le-maitre-smoke-machine-comparison-breakdown/"", ""title"": ""Le Maitre smoke-machine comparison"", ""locator"": ""GForce 3 dimensions, mass and DMX"", ""accessed_at"": ""2026-10-02"", ""source_kind"": ""manufacturer_product""}]}","[""https://lemaitreltd.com/sites/lemaitreltd/cache/file/AD75D031-C865-4286-9E7926ADFF25C3DB.jpg""]",researched,assets/fixtures/le-maitre/gforce-3,assets/fixtures/le-maitre/gforce-3/fixture.json,docs/08 Fixture Library/entries/le-maitre/gforce-3.md,assets/fixtures/le-maitre/gforce-3/models/fixture.blend,assets/fixtures/le-maitre/gforce-3/models/fixture.usdz,assets/fixtures/le-maitre/gforce-3/validation/usdz.json,high,2,assets/fixtures/le-maitre/gforce-3/previews/three-quarter.png,assets/fixtures/le-maitre/gforce-3/validation/detail.json,legacy-effects-2026-10,validated,assets/fixtures/le-maitre/gforce-3/validation/parity.json,atmosphere.fog,"Source protocol list: DMX512 (2 channels), manual/timer remote",Atmosphere and air movement > Fog / smoke-look generator,[],static_native_validated,assets/fixtures/le-maitre/gforce-3/models/rig.json,0,apps/visionos/VenueVolume/FixtureAssets/Catalog/le-maitre/gforce-3/fixture.usdz,The available reference is an operating-effects photograph and the current silver enclosure/bracket approximation does not match the black product housing; a clearer product still and model-specific shell are needed.,visual_review_pending,,
G300,G300,Le Maitre,special effect,smoke machine,https://lemaitreltd.com/products/smoke-fog-haze/smoke-fog-haze-machines/g300/g300-technical-specification/,"{""protocols"": [""optional DMX remote (2 channels)"", ""manual/timer remote""], ""power"": ""2200 W at 230 V"", ""weight"": ""22.7 kg (50 lb)"", ""notable"": ""Comparison confirms mass 50 lb (22.7 kg), optional external 2-channel DMX remote, and 10.5 x 11.5 x 24 in dimensions; these are consistent within rounding with the product page's 610 x 290 x 260 mm L x W x H."", ""source_urls"": [""https://lemaitreltd.com/products/smoke-fog-haze/smoke-fog-haze-machines/g300/"", ""https://lemaitreltd.com/products/smoke-fog-haze/smoke-fog-haze-machines/g300/le-maitre-smoke-machine-comparison-breakdown1/""], ""dimensions"": {""width_m"": 0.61, ""height_m"": 0.26, ""depth_m"": 0.29, ""axis_status"": ""documented"", ""axis_note"": ""Manufacturer product page specifies 610 x 290 x 260 mm (L x W x H); comparison gives 10.5 x 11.5 x 24 in, consistent within inch/mm rounding. Mapped to width x height x depth: 610 x 260 x 290 mm."", ""reference_pose"": ""Base level; outlet forward.""}, ""research_evidence"": [{""url"": ""https://lemaitreltd.com/products/smoke-fog-haze/smoke-fog-haze-machines/g300/"", ""title"": ""Le Maitre G300 product page"", ""locator"": ""Size 610 x 290 x 260 mm and product specifications"", ""accessed_at"": ""2026-10-02"", ""source_kind"": ""manufacturer_product""}, {""url"": ""https://lemaitreltd.com/products/smoke-fog-haze/smoke-fog-haze-machines/g300/le-maitre-smoke-machine-comparison-breakdown1/"", ""title"": ""Le Maitre smoke-machine comparison"", ""locator"": ""G300 control, dimensions and weight"", ""accessed_at"": ""2026-10-02"", ""source_kind"": ""manufacturer_product""}]}","[""https://lemaitreltd.com/sites/lemaitreltd/cache/file/711CDFCB-1C44-456A-ABC242A5BC99DAC4.jpg""]",ready_for_visualization,assets/fixtures/le-maitre/g300,assets/fixtures/le-maitre/g300/fixture.json,docs/08 Fixture Library/entries/le-maitre/g300.md,assets/fixtures/le-maitre/g300/models/fixture.blend,assets/fixtures/le-maitre/g300/models/fixture.usdz,assets/fixtures/le-maitre/g300/validation/usdz.json,high,2,assets/fixtures/le-maitre/g300/previews/three-quarter.png,assets/fixtures/le-maitre/g300/validation/detail.json,legacy-effects-2026-10,validated,assets/fixtures/le-maitre/g300/validation/parity.json,atmosphere.fog,"Source protocol list: optional DMX remote (2 channels), manual/timer remote",Atmosphere and air movement > Fog / smoke-look generator,[],static_native_validated,assets/fixtures/le-maitre/g300/models/rig.json,0,apps/visionos/VenueVolume/FixtureAssets/Catalog/le-maitre/g300/fixture.usdz,The available reference is an operating-effects photograph and the current silver enclosure/bracket approximation does not match the black product housing; a clearer product still and model-specific shell are needed.,visual_review_pending,,
Look-Fan DMX,Look-Fan DMX,Look Solutions,atmospherics,DMX axial effect fan,https://www.looksolutions.com/uploads/pdf/en_fr/info_dmxfan_e.pdf,"{""specifications"": {""protocols"": [""DMX512"", ""display standalone control""], ""source_urls"": [""https://www.looksolutions.com/uploads/pdf/en_fr/info_dmxfan_e.pdf"", ""https://www.looksolutions.com/products/look_fan_s/8.html""], ""power"": ""850 W maximum; 230 V / 50 Hz"", ""weight"": ""29.5 kg"", ""dmx_channels"": null, ""dimensions"": {""diagram_dimensions_mm"": {""fan_diameter"": 665, ""overall_front_width"": 721, ""body_depth"": 425, ""overall_side_height"": 460}, ""source_order"": ""Technical data sheet dimension diagram; dimensions include the fan and supplied yoke geometry as drawn""}, ""airflow"": ""approximately 9000 m3/h; up to 1250 rpm""}, ""dimensions"": {""width_m"": null, ""height_m"": null, ""depth_m"": null, ""axis_status"": ""unknown"", ""axis_note"": ""Official sheet labels fan Ø665 mm, front-view overall width 721 mm, side-view projection 460 mm, and depth 425 mm. The drawing does not make clear whether the 460 mm projection is a pose-dependent yoke dimension or overall height in the intended mounted reference pose; do not map these into a bounding box without clarification."", ""reference_pose"": ""Official sheet shows a hanging yoke in a front and side drawing plus a fan photo; assembly pose/orientation for the 460 mm measure remains unresolved.""}, ""evidence"": [{""url"": ""https://www.looksolutions.com/uploads/pdf/en_fr/info_dmxfan_e.pdf"", ""title"": ""Look-Fan DMX technical data sheet"", ""locator"": ""Page 1: diagram dimensions, power, voltage, weight and DMX operation"", ""accessed_at"": ""2026-09-30""}], ""blocking_issue"": {""id"": ""look-solutions/look-fan-dmx"", ""category_id"": ""atmosphere.fan"", ""reason"": ""Missing or conflicting dimensional envelope"", ""note"": ""Official sheet labels fan Ø665 mm, front-view overall width 721 mm, side-view projection 460 mm, and depth 425 mm. The drawing does not make clear whether the 460 mm projection is a pose-dependent yoke dimension or overall height in the intended mounted reference pose; do not map these into a bounding box without clarification."", ""official_url"": ""https://www.looksolutions.com/uploads/pdf/en_fr/info_dmxfan_e.pdf"", ""name"": ""Look-Fan DMX"", ""manufacturer"": ""Look Solutions"", ""source_images"": [], ""reference_asset"": ""research/fixtures/taxonomy/atmos-sources/look-fan-dmx-sheet-1.png""}}",[],research_only,,,,,,,,,,,taxonomy,not_built,,atmosphere.fan,See acquisition record,Atmosphere and air movement > Effect fan / airflow appliance,,research_only,,,,Missing or conflicting dimensional envelope.,blocked,research/fixtures/taxonomy/atmos-sources/look-fan-dmx-sheet-1.png,Missing or conflicting dimensional envelope
CO2 Jet I,MFX1101,MAGIC FX,atmospherics,liquid CO2 gas jet,https://magicfx.com/products/co2-jet-i,"{""specifications"": {""protocols"": [""direct on/off output; product page says manual control""], ""source_urls"": [""https://magicfx.com/products/co2-jet-i"", ""https://magicfx.com/cdn/shop/files/CO2jet_manual.pdf?v=10601256926410507290""], ""power"": ""20 W; 220–240 VAC, 50–60 Hz"", ""weight"": null, ""dmx_channels"": null, ""dimensions"": {""product_page"": ""Length 200 mm x width 150 mm x height 130 mm; product page does not say whether the removable output tube is included"", ""manual"": ""Length 195 mm x width 150 mm x height 130 mm; manual also lists mass 2.85 kg versus product page 3.49 kg; component/envelope relationship unresolved""}, ""propellant"": ""Liquid CO2; product manual identifies CO2 FX and liquid CO2 input. Distinct from heated-fluid LED fog jets.""}, ""dimensions"": {""width_m"": null, ""height_m"": null, ""depth_m"": null, ""axis_status"": ""unknown"", ""axis_note"": ""Although the manufacturer page lists a 200 x 150 x 130 mm triplet, its matching manual gives 195 x 150 x 130 mm and a conflicting mass; neither clarifies whether the protruding removable output tube is included. The canonical assembled envelope is unresolved."", ""reference_pose"": ""Official product image shows the unit on its baseplate with output tube elevated; dimensions are not assigned to this assembled pose.""}, ""evidence"": [{""url"": ""https://magicfx.com/products/co2-jet-i"", ""title"": ""CO2 Jet I product page"", ""locator"": ""SKU MFX1101; liquid CO2; dimensions, mass, power, electrical input and on/off control"", ""accessed_at"": ""2026-09-30""}, {""url"": ""https://magicfx.com/cdn/shop/files/CO2jet_manual.pdf?v=10601256926410507290"", ""title"": ""CO2 Jet I manual"", ""locator"": ""Exact product code MFX1101; technical specifications give 195 x 150 x 130 mm and 2.85 kg, differing from current product page; no assembled output-tube envelope drawing identified"", ""accessed_at"": ""2026-09-30""}], ""blocking_issue"": {""id"": ""magic-fx/co2-jet-i"", ""category_id"": ""effects.co2"", ""reason"": ""Missing or conflicting dimensional envelope"", ""note"": ""Although the manufacturer page lists a 200 x 150 x 130 mm triplet, its matching manual gives 195 x 150 x 130 mm and a conflicting mass; neither clarifies whether the protruding removable output tube is included. The canonical assembled envelope is unresolved."", ""official_url"": ""https://magicfx.com/products/co2-jet-i"", ""name"": ""CO2 Jet I"", ""manufacturer"": ""MAGIC FX"", ""source_images"": [""https://magicfx.com/cdn/shop/files/CO2JET1.png?v=1774359837&width=3840""], ""reference_asset"": ""research/fixtures/taxonomy/atmos-sources/magicfx-co2jet-i.png""}}","[""https://magicfx.com/cdn/shop/files/CO2JET1.png?v=1774359837&width=3840""]",research_only,,,,,,,,,,,taxonomy,not_built,,effects.co2,See acquisition record,Special-effects appliances > Liquid-CO2 / gas jet,,research_only,,,,Missing or conflicting dimensional envelope.,blocked,,Missing or conflicting dimensional envelope
Fontana Jumping Jet MXP 3000,MXP 3000,Fontana Fountains,atmospherics,laminar water-jet fountain fixture,https://fontanafountains.com/products/spray-systems/special-water-effects/jumping-jet/,"{""specifications"": {""protocols"": [""DMX/RDM"", ""led:bus"", ""electrical command control option""], ""source_urls"": [""https://fontanafountains.com/products/spray-systems/special-water-effects/jumping-jet/"", ""https://fontanafountains.com/wp-content/uploads/drawings/3000.svg""], ""power"": ""20 W total; 24 V DC (12 V DC also offered)"", ""weight"": null, ""dmx_channels"": [5], ""dimensions"": {""source_order"": ""MXP 3000 values: Ø275 mm, total width 370 mm, total height up to 570 mm, total length up to 480 mm; envelope varies with jet/bracket trajectory and water-level geometry""}}, ""dimensions"": {""width_m"": null, ""height_m"": null, ""depth_m"": null, ""axis_status"": ""unknown"", ""axis_note"": ""Manufacturer lists maximum/variable extents rather than a single fixed pose: total width 370 mm, total height up to 570 mm, total length up to 480 mm, and 275 mm diameter. Do not treat these pose-dependent maximums as a fixed rigid fixture envelope."", ""reference_pose"": ""Stationary water-effect nozzle/cutter module on heavy-duty floor bracket; jet trajectory and installation waterline vary. Not a portable plug-and-play appliance.""}, ""evidence"": [{""url"": ""https://fontanafountains.com/products/spray-systems/special-water-effects/jumping-jet/"", ""title"": ""Fontana Jumping Jet product page"", ""locator"": ""MXP 3000 technical specifications: material, power, water inlet, DMX/RDM, and variable dimensional extents; product drawing link"", ""accessed_at"": ""2026-09-30""}, {""url"": ""https://fontanafountains.com/wp-content/uploads/drawings/3000.svg"", ""title"": ""MXP 3000 dimensional drawing"", ""locator"": ""Official dimensioned nozzle and bracket line drawing; rasterized as local visual reference"", ""accessed_at"": ""2026-09-30""}], ""blocking_issue"": {""id"": ""fontana-fountains/fontana-jumping-jet-mxp-3000"", ""category_id"": ""effects.water"", ""reason"": ""Missing or conflicting dimensional envelope"", ""note"": ""Manufacturer lists maximum/variable extents rather than a single fixed pose: total width 370 mm, total height up to 570 mm, total length up to 480 mm, and 275 mm diameter. Do not treat these pose-dependent maximums as a fixed rigid fixture envelope."", ""official_url"": ""https://fontanafountains.com/products/spray-systems/special-water-effects/jumping-jet/"", ""name"": ""Fontana Jumping Jet MXP 3000"", ""manufacturer"": ""Fontana Fountains"", ""source_images"": [], ""reference_asset"": ""research/fixtures/taxonomy/atmos-sources/fontana-jumping-jet-mxp3000.png""}}",[],research_only,,,,,,,,,,,taxonomy,not_built,,effects.water,See acquisition record,Special-effects appliances > Water jet / fountain / rain effect,,research_only,,,,Missing or conflicting dimensional envelope.,blocked,research/fixtures/taxonomy/atmos-sources/fontana-jumping-jet-mxp3000.png,Missing or conflicting dimensional envelope
"MDG CO2 Gas Bottle, 1.5 kg (North American)",,MDG,atmospherics,North American aluminum CO2 gas cylinder,https://www.mdgfog.com/en/accessories,"{""specifications"": {""protocols"": [], ""source_urls"": [""https://www.mdgfog.com/en/accessories""], ""power"": null, ""weight"": null, ""dmx_channels"": null, ""dimensions"": {""source_order"": ""MDG identifies a North American 1.5 kg / 3.3 lb aluminum CO2 gas bottle; external cylinder dimensions and filled mass are not published on the accessory page""}, ""region"": ""North America; exact local approval/connector variant must be confirmed with the manufacturer or gas supplier before use""}, ""dimensions"": {""width_m"": null, ""height_m"": null, ""depth_m"": null, ""axis_status"": ""unknown"", ""axis_note"": ""Exact North American 1.5 kg MDG bottle identity is documented, but cylinder dimensions are not published; no standard-cylinder envelope is assumed."", ""reference_pose"": ""Manufacturer image shows aluminum cylinder horizontally; image pose is visual identification only, not a dimensional reference.""}, ""evidence"": [{""url"": ""https://www.mdgfog.com/en/accessories"", ""title"": ""MDG Accessories"", ""locator"": ""Gas accessories list identifies North American 1.5 kg (3.3 lb) aluminum CO2 gas bottle; no external dimensions or filled mass shown"", ""accessed_at"": ""2026-09-30""}], ""blocking_issue"": {""id"": ""mdg/mdg-co2-gas-bottle-1-5-kg-north-american"", ""category_id"": ""accessories.gas"", ""reason"": ""Missing or conflicting dimensional envelope"", ""note"": ""Exact North American 1.5 kg MDG bottle identity is documented, but cylinder dimensions are not published; no standard-cylinder envelope is assumed."", ""official_url"": ""https://www.mdgfog.com/en/accessories"", ""name"": ""MDG CO2 Gas Bottle, 1.5 kg (North American)"", ""manufacturer"": ""MDG"", ""source_images"": [""https://mdgfog.s3.amazonaws.com/uploads/img/1.5-KG-3.3-LB-CO2.png""], ""reference_asset"": ""research/fixtures/taxonomy/atmos-sources/mdg-co2-bottle-na-1_5kg.png""}}","[""https://mdgfog.s3.amazonaws.com/uploads/img/1.5-KG-3.3-LB-CO2.png""]",research_only,,,,,,,,,,,taxonomy,not_built,,accessories.gas,See acquisition record,Fixture accessories and consumables > Gas cylinder / effect supply hardware,,research_only,,,,Missing or conflicting dimensional envelope.,blocked,,Missing or conflicting dimensional envelope
KUPO 75 cm Safety Wire (Black),SW-01-B,KUPO,atmospherics,secondary safety wire / bond,https://www.kuposhop.com/en/product-697067/KUPO-75cm-Safety-Wire-3-2mm-Diameter-Black-SW-01-B.html,"{""specifications"": {""protocols"": [], ""source_urls"": [""https://www.kuposhop.com/en/product-697067/KUPO-75cm-Safety-Wire-3-2mm-Diameter-Black-SW-01-B.html""], ""power"": null, ""weight"": null, ""dmx_channels"": null, ""dimensions"": {""source_order"": ""Wire length 750 mm; core wire diameter 3.2 mm; cable is flexible and endpoint-to-endpoint package envelope depends on coiled/uncoiled pose""}, ""load_capacity"": ""10 kg (22 lb); manufacturer page lists load capacity, not a dimensional bounding box""}, ""dimensions"": {""width_m"": null, ""height_m"": null, ""depth_m"": null, ""axis_status"": ""unknown"", ""axis_note"": ""A flexible safety wire has 750 mm length and 3.2 mm cable diameter, but no fixed 3D bounding box in the variable coil/installed pose; retain those source measures without assigning an envelope."", ""reference_pose"": ""Black galvanized safety wire with spring hook and pressed loop shown in a loose loop; dimension depends on installed routing.""}, ""evidence"": [{""url"": ""https://www.kuposhop.com/en/product-697067/KUPO-75cm-Safety-Wire-3-2mm-Diameter-Black-SW-01-B.html"", ""title"": ""KUPO 75 cm Safety Wire SW-01-B"", ""locator"": ""Manufacturer product page: exact model, 750 mm length, 3.2 mm diameter, hook, 10 kg load capacity, secondary-protection application"", ""accessed_at"": ""2026-09-30""}], ""blocking_issue"": {""id"": ""kupo/kupo-75-cm-safety-wire-black"", ""category_id"": ""rigging.secondary"", ""reason"": ""Missing or conflicting dimensional envelope"", ""note"": ""A flexible safety wire has 750 mm length and 3.2 mm cable diameter, but no fixed 3D bounding box in the variable coil/installed pose; retain those source measures without assigning an envelope."", ""official_url"": ""https://www.kuposhop.com/en/product-697067/KUPO-75cm-Safety-Wire-3-2mm-Diameter-Black-SW-01-B.html"", ""name"": ""KUPO 75 cm Safety Wire (Black)"", ""manufacturer"": ""KUPO"", ""source_images"": [""https://www.kuposhop.com/comm/upimage/p_230511_05662.jpg""], ""reference_asset"": ""research/fixtures/taxonomy/atmos-sources/kupo-safety-wire-sw01b.jpg""}}","[""https://www.kuposhop.com/comm/upimage/p_230511_05662.jpg""]",research_only,,,,,,,,,,,taxonomy,not_built,,rigging.secondary,See acquisition record,Rigging and support > Secondary suspension / safety hardware,,research_only,,,,Missing or conflicting dimensional envelope.,blocked,,Missing or conflicting dimensional envelope
Source Four 36° EDLT Lens Tube,436EDLT / 7060A2048,ETC,lens_tube,Enhanced Definition 36-degree lens tube accessory for Source Four body,https://www.etcconnect.com/WorkArea/DownloadAsset.aspx?id=10737460535,"{""specifications"": {""source_urls"": [""https://www.etcconnect.com/WorkArea/DownloadAsset.aspx?id=10737460535"", ""https://www.etcconnect.com/Support/Lighting-Fixtures/Source-Four/Documentation.aspx""], ""control_path"": ""Passive optical accessory; mechanically installed on a separate Source Four body"", ""protocols"": [], ""power"": null, ""weight"": null, ""dimensions"": {""width_m"": null, ""height_m"": null, ""depth_m"": null, ""source_order"": null}, ""compatible_fixture_body"": ""Source Four; accessory sheet explicitly describes EDLT as option for Source Four fixture body""}, ""dimensions"": {""width_m"": null, ""height_m"": null, ""depth_m"": null, ""axis_status"": ""unscaled_draft"", ""axis_note"": ""The cited official accessory sheet identifies and illustrates the body-only tube but gives no outer dimensions; do not borrow assembled Source Four dimensions."", ""reference_pose"": ""Standalone 36-degree EDLT tube, lens forward; parent fixture body excluded.""}, ""evidence"": [{""url"": ""https://www.etcconnect.com/WorkArea/DownloadAsset.aspx?id=10737460535"", ""title"": ""ETC Source Four Accessory Sheet Rev D"", ""locator"": ""Page 1 EDLT description and exact 436EDLT / part 7060A2048 entry"", ""accessed_at"": ""2026-09-30""}], ""blocking_issue"": {""id"": ""etc/source-four-36-edlt-lens-tube"", ""category_id"": ""accessories.optic"", ""reason"": ""Missing or conflicting dimensional envelope"", ""note"": ""The cited official accessory sheet identifies and illustrates the body-only tube but gives no outer dimensions; do not borrow assembled Source Four dimensions."", ""official_url"": ""https://www.etcconnect.com/WorkArea/DownloadAsset.aspx?id=10737460535"", ""name"": ""Source Four 36° EDLT Lens Tube"", ""manufacturer"": ""ETC"", ""source_images"": [], ""reference_asset"": ""research/fixtures/taxonomy/lighting-sources/etc-source-four-accessories-page-1.png""}}",[],research_only,,,,,,,,,,,taxonomy,not_built,,accessories.optic,Passive optical accessory; mechanically installed on a separate Source Four body,Fixture accessories and consumables > Lens tube / optic / beam shaping,,research_only,,,,Missing or conflicting dimensional envelope.,blocked,research/fixtures/taxonomy/lighting-sources/etc-source-four-accessories-page-1.png,Missing or conflicting dimensional envelope
Source Four Drop-in Iris,400RS / 7060A1012,ETC,iris,Manual drop-in iris accessory for Source Four and Source Four Jr,https://www.etcconnect.com/WorkArea/DownloadAsset.aspx?id=10737460857,"{""specifications"": {""source_urls"": [""https://www.etcconnect.com/WorkArea/DownloadAsset.aspx?id=10737460857"", ""https://www.etcconnect.com/WorkArea/DownloadAsset.aspx?id=10737460535""], ""control_path"": ""Manual lever adjusts aperture; accessory inserts into Source Four iris slot"", ""protocols"": [], ""power"": null, ""weight"": null, ""dimensions"": {""width_m"": null, ""height_m"": null, ""depth_m"": null, ""source_order"": null}, ""aperture"": {""large_configuration_min_m"": 0.016, ""large_configuration_max_m"": 0.076, ""small_configuration_min_m"": 0.003, ""small_configuration_max_m"": 0.06}}, ""dimensions"": {""width_m"": null, ""height_m"": null, ""depth_m"": null, ""axis_status"": ""unscaled_draft"", ""axis_note"": ""The manual documents aperture range, not the iris assembly’s outer envelope; no fixture dimensions are substituted."", ""reference_pose"": ""Flat iris plate vertical, manual lever protruding upward; fitted into a compatible Source Four accessory slot.""}, ""evidence"": [{""url"": ""https://www.etcconnect.com/WorkArea/DownloadAsset.aspx?id=10737460857"", ""title"": ""ETC Source Four Iris User Manual"", ""locator"": ""Pages 1: accessory-slot installation; aperture ranges for large/small configurations"", ""accessed_at"": ""2026-09-30""}, {""url"": ""https://www.etcconnect.com/WorkArea/DownloadAsset.aspx?id=10737460535"", ""title"": ""ETC Source Four Accessory Sheet Rev D"", ""locator"": ""Page 1 identifies 400RS / 7060A1012 drop-in iris"", ""accessed_at"": ""2026-09-30""}], ""blocking_issue"": {""id"": ""etc/source-four-drop-in-iris"", ""category_id"": ""accessories.mask"", ""reason"": ""Missing or conflicting dimensional envelope"", ""note"": ""The manual documents aperture range, not the iris assembly’s outer envelope; no fixture dimensions are substituted."", ""official_url"": ""https://www.etcconnect.com/WorkArea/DownloadAsset.aspx?id=10737460857"", ""name"": ""Source Four Drop-in Iris"", ""manufacturer"": ""ETC"", ""source_images"": [], ""reference_asset"": ""research/fixtures/taxonomy/lighting-sources/etc-source-four-accessories-page-1.png""}}",[],research_only,,,,,,,,,,,taxonomy,not_built,,accessories.mask,Manual lever adjusts aperture; accessory inserts into Source Four iris slot,Fixture accessories and consumables > Barn door / iris / shutter accessory,,research_only,,,,Missing or conflicting dimensional envelope.,blocked,research/fixtures/taxonomy/lighting-sources/etc-source-four-accessories-page-1.png,Missing or conflicting dimensional envelope
Rosco 78042 Large Squares,"78042, S-size",Rosco,gobo,"Steel projection gobo, square-grid pattern, S size for ETC Source Four",https://emea.rosco.com/en/products/gobos/78042-large-squares,"{""specifications"": {""source_urls"": [""https://emea.rosco.com/en/products/gobos/78042-large-squares"", ""https://emea.rosco.com/en/standard-gobo-sizes""], ""control_path"": ""Passive optical accessory held in compatible pattern holder"", ""protocols"": [], ""power"": null, ""weight"": null, ""dimensions"": {""width_m"": 0.092, ""height_m"": 0.092, ""depth_m"": null, ""source_order"": ""Rosco S-size gobo OD 92 mm; thickness not published for exact standard pattern""}, ""pattern"": ""78042 Large Squares, square-grid graphic"", ""material"": ""steel"", ""thickness"": null}, ""dimensions"": {""width_m"": 0.092, ""height_m"": 0.092, ""depth_m"": null, ""axis_status"": ""unscaled_draft"", ""axis_note"": ""Rosco specifies the 92 mm S-size OD; exact metal thickness for this standard pattern is not published, so no thickness scale claim is made."", ""reference_pose"": ""Circular steel disk, pattern face toward projector; holder and fixture are separate.""}, ""evidence"": [{""url"": ""https://emea.rosco.com/en/products/gobos/78042-large-squares"", ""title"": ""Rosco standard gobo 78042 Large Squares"", ""locator"": ""Product identity, standard pattern number and steel material"", ""accessed_at"": ""2026-09-30""}, {""url"": ""https://emea.rosco.com/en/standard-gobo-sizes"", ""title"": ""Rosco Standard Gobo Sizes"", ""locator"": ""S size: 92 mm OD, 79 mm image area; fits ETC Source Four; steel only"", ""accessed_at"": ""2026-09-30""}], ""blocking_issue"": {""id"": ""rosco/rosco-78042-large-squares"", ""category_id"": ""accessories.gobo"", ""reason"": ""Missing or conflicting dimensional envelope"", ""note"": ""Rosco specifies the 92 mm S-size OD; exact metal thickness for this standard pattern is not published, so no thickness scale claim is made."", ""official_url"": ""https://emea.rosco.com/en/products/gobos/78042-large-squares"", ""name"": ""Rosco 78042 Large Squares"", ""manufacturer"": ""Rosco"", ""source_images"": [""https://emea.rosco.com/sites/default/files/content/gobos//Steel/Large/78042.jpg""], ""reference_asset"": """"}}","[""https://emea.rosco.com/sites/default/files/content/gobos//Steel/Large/78042.jpg""]",research_only,,,,,,,,,,,taxonomy,not_built,,accessories.gobo,Passive optical accessory held in compatible pattern holder,Fixture accessories and consumables > Gobo / pattern / animation module,,research_only,,,,Missing or conflicting dimensional envelope.,blocked,,Missing or conflicting dimensional envelope
"Cinegel R3008 Tough Frost, 20 x 24 in sheet",R3008 / 101 03008 2024,Rosco,diffusion_filter,"Cinegel Tough Frost diffusion sheet, nominal 20 x 24 inch sheet size",https://us.rosco.com/en/products/filters/r3008-tough-frost,"{""specifications"": {""source_urls"": [""https://us.rosco.com/en/products/filters/r3008-tough-frost"", ""https://us.rosco.com/en/product/cinegel"", ""https://www.adorama.com/rosco-cinegel-tough-frost-20-x-24-inch/p/ro3008""], ""control_path"": ""Passive optical diffusion accessory; cut to fit a frame or holder"", ""protocols"": [], ""power"": null, ""weight"": null, ""dimensions"": {""width_m"": 0.508, ""height_m"": 0.6096, ""depth_m"": null, ""source_order"": ""20 x 24 in sheet; thickness not specified for exact R3008 variant""}, ""material"": ""Cinegel Tough Frost; category page describes polyester base for common Cinegel products; exact R3008 substrate/thickness not individually specified""}, ""dimensions"": {""width_m"": 0.508, ""height_m"": 0.6096, ""depth_m"": null, ""axis_status"": ""unscaled_draft"", ""axis_note"": ""Rosco identifies R3008 and standard Cinegel sheet sizes; exact per-variant thickness is not published in the cited product sources and remains unknown."", ""reference_pose"": ""Single sheet laid flat; cut edges and frame excluded.""}, ""evidence"": [{""url"": ""https://us.rosco.com/en/products/filters/r3008-tough-frost"", ""title"": ""Rosco Cinegel R3008 Tough Frost"", ""locator"": ""Exact R3008 product identity; product image and named diffusion filter"", ""accessed_at"": ""2026-09-30""}, {""url"": ""https://us.rosco.com/en/product/cinegel"", ""title"": ""Rosco Cinegel range specifications"", ""locator"": ""Cinegel standard sheet dimensions 20 x 24 in; generic range nominal 1.4–2.5 mil thickness not applied as exact R3008 data"", ""accessed_at"": ""2026-09-30""}, {""url"": ""https://www.adorama.com/rosco-cinegel-tough-frost-20-x-24-inch/p/ro3008"", ""title"": ""Adorama Rosco R3008 sheet listing"", ""kind"": ""secondary"", ""locator"": ""Exact 101030082024 SKU and 20 x 24 inch sheet variant"", ""accessed_at"": ""2026-09-30""}], ""blocking_issue"": {""id"": ""rosco/cinegel-r3008-tough-frost-20-x-24-in-sheet"", ""category_id"": ""accessories.color"", ""reason"": ""Missing or conflicting dimensional envelope"", ""note"": ""Rosco identifies R3008 and standard Cinegel sheet sizes; exact per-variant thickness is not published in the cited product sources and remains unknown."", ""official_url"": ""https://us.rosco.com/en/products/filters/r3008-tough-frost"", ""name"": ""Cinegel R3008 Tough Frost, 20 x 24 in sheet"", ""manufacturer"": ""Rosco"", ""source_images"": [""https://us.rosco.com/sites/default/files/content/filters//phototiles/R3008.jpg""], ""reference_asset"": """"}}","[""https://us.rosco.com/sites/default/files/content/filters//phototiles/R3008.jpg""]",research_only,,,,,,,,,,,taxonomy,not_built,,accessories.color,Passive optical diffusion accessory; cut to fit a frame or holder,Fixture accessories and consumables > Color filter / scroller / diffusion,,research_only,,,,Missing or conflicting dimensional envelope.,blocked,,Missing or conflicting dimensional envelope
Focus Spot 2X,FOC286,ADJ,moving light,LED spot,https://www.adj.com/products/focus-spot-2x,"{""specifications"": {""protocols"": [""DMX512""], ""dmx_channels"": [16, 18], ""power"": ""180 W"", ""weight"": ""6.5 kg"", ""notable"": ""100 W cold-white LED plus 3 W UV LED; manual 16–19° zoom, motorized focus, two prisms, rotating/indexable gobos."", ""source_urls"": [""https://www.adj.com/products/focus-spot-2x""]}, ""dimensions"": {""width_m"": 0.175, ""height_m"": 0.385, ""depth_m"": 0.237, ""axis_status"": ""documented"", ""axis_note"": ""Manufacturer lists 237 x 175 x 385 mm as L x W x H; mapped to depth x width x height."", ""reference_pose"": ""Assembled, base level, head vertical as product dimensional drawing.""}, ""evidence"": [{""url"": ""https://www.adj.com/products/focus-spot-2x"", ""title"": ""Focus Spot 2X product page"", ""locator"": ""Specifications: control modes, 16/18-channel DMX, 180 W, dimensions, weight, optical features; page links to CAD, drawings, DMX traits and manual"", ""accessed_at"": ""2026-10-02"", ""source_kind"": ""manufacturer_product""}], ""blocking_issue"": {""id"": ""adj/focus-spot-2x"", ""reason"": ""Dimensions are published as L x W x H; horizontal optical-axis neutral pose still needs drawing review"", ""category_id"": ""lighting.moving.spot"", ""stage"": ""research"", ""official_url"": ""https://www.adj.com/products/focus-spot-2x"", ""name"": ""Focus Spot 2X"", ""manufacturer"": ""ADJ"", ""source_images"": [""https://www.adj.com/cdn/shop/files/cffa87279540b47b2796892ec09160b02c81ac1b_FOC286__IMG__001__30ff922d16bc.jpg?v=1776712405""], ""reference_asset"": """"}}","[""https://www.adj.com/cdn/shop/files/cffa87279540b47b2796892ec09160b02c81ac1b_FOC286__IMG__001__30ff922d16bc.jpg?v=1776712405""]",research_only,,,,,,,,,,,touring-dj-2026-10,not_built,,lighting.moving.spot,See acquisition record,Lighting fixtures > Automated lighting > Spot / gobo projector,,research_only,,,,Dimensions are published as L x W x H; horizontal optical-axis neutral pose still needs drawing review.,blocked,,Dimensions are published as L x W x H; horizontal optical-axis neutral pose still needs drawing review
Intimidator Hybrid 251SR,Intimidator Hybrid 251SR,CHAUVET DJ,moving light,discharge beam / spot / wash hybrid,https://www.chauvetdj.com/products/intimidator-hybrid-251sr/,"{""specifications"": {""protocols"": [""DMX512""], ""dmx_channels"": [13, 19], ""power"": ""358 W at 120 V; 344 W at 230 V"", ""weight"": ""16.1 kg"", ""notable"": ""251 W discharge source; three optical personalities (beam, spot, wash), dual gobo wheels and overlapping prisms."", ""source_urls"": [""https://www.chauvetdj.com/products/intimidator-hybrid-251sr/""]}, ""dimensions"": {""width_m"": 0.322, ""height_m"": 0.549, ""depth_m"": 0.22, ""axis_status"": ""documented"", ""axis_note"": ""Manufacturer size 322 x 220 x 549 mm; mapped width x depth x height."", ""reference_pose"": ""Base level; head upright, assembled as dimensional view.""}, ""evidence"": [{""url"": ""https://www.chauvetdj.com/products/intimidator-hybrid-251sr/"", ""title"": ""Intimidator Hybrid 251SR product page"", ""locator"": ""Specifications: DMX modes, source, weight, dimensions, and beam/spot/wash angles"", ""accessed_at"": ""2026-10-02"", ""source_kind"": ""manufacturer_product""}], ""blocking_issue"": {""id"": ""chauvet-dj/intimidator-hybrid-251sr"", ""reason"": ""Official source gives dimensions but no dimensioned drawing pose is available in the public product-page view; verify orientation against its manual before scale modeling"", ""category_id"": ""lighting.moving.hybrid"", ""stage"": ""research"", ""official_url"": ""https://www.chauvetdj.com/products/intimidator-hybrid-251sr/"", ""name"": ""Intimidator Hybrid 251SR"", ""manufacturer"": ""CHAUVET DJ"", ""source_images"": [""https://www.chauvetdj.com/wp-content/uploads/2024/11/INTIMIDATOR-HYBRID-251SR-FEAT.png""], ""reference_asset"": """"}}","[""https://www.chauvetdj.com/wp-content/uploads/2024/11/INTIMIDATOR-HYBRID-251SR-FEAT.png""]",research_only,,,,,,,,,,,touring-dj-2026-10,not_built,,lighting.moving.hybrid,See acquisition record,Lighting fixtures > Automated lighting > Beam / spot / wash hybrid,,research_only,,,,Official source gives dimensions but no dimensioned drawing pose is available in the public product-page view; verify orientation against its manual before scale modeling.,blocked,,Official source gives dimensions but no dimensioned drawing pose is available in the public product-page view; verify orientation against its manual before scale modeling
Intimidator Wash LED 150,Intimidator Wash LED 150,CHAUVET DJ,moving light,RGBW moving wash,https://www.chauvetdj.com/products/intimidator-wash-led-150/,"{""specifications"": {""protocols"": [""DMX512""], ""dmx_channels"": [6, 15], ""power"": null, ""weight"": null, ""notable"": ""40 W RGBW LED moving head; current listing marks a next-generation product available."", ""source_urls"": [""https://www.chauvetdj.com/products/intimidator-wash-led-150/"", ""https://www.chauvetdj.com/wp-content/uploads/pdf/en/intimidator-wash-led-150.pdf""]}, ""dimensions"": {""width_m"": null, ""height_m"": null, ""depth_m"": null, ""axis_status"": ""unknown"", ""axis_note"": ""No dimension/weight fields confirmed from accessible manufacturer page excerpt."", ""reference_pose"": null}, ""evidence"": [{""url"": ""https://www.chauvetdj.com/products/intimidator-wash-led-150/"", ""title"": ""Intimidator Wash LED 150 product page"", ""locator"": ""Highlights and product summary"", ""accessed_at"": ""2026-10-02"", ""source_kind"": ""manufacturer_product""}, {""url"": ""https://www.chauvetdj.com/wp-content/uploads/pdf/en/intimidator-wash-led-150.pdf"", ""title"": ""Intimidator Wash LED 150 user manual"", ""locator"": ""Specification: 6 or 15 DMX channels"", ""accessed_at"": ""2026-10-02"", ""source_kind"": ""manufacturer_manual""}], ""blocking_issue"": {""id"": ""chauvet-dj/intimidator-wash-led-150"", ""reason"": ""A sourced assembled width, height and depth have not all been established; Exact DMX channel counts are documented, but weight, assembled dimensions, power and image-link verification are incomplete; dimensions remain null"", ""category_id"": ""lighting.moving.wash"", ""stage"": ""research"", ""official_url"": ""https://www.chauvetdj.com/products/intimidator-wash-led-150/"", ""name"": ""Intimidator Wash LED 150"", ""manufacturer"": ""CHAUVET DJ"", ""source_images"": [""https://www.chauvetdj.com/wp-content/uploads/2016/02/cat-Intimidator-Wash-LED-150.jpg""], ""reference_asset"": """"}}","[""https://www.chauvetdj.com/wp-content/uploads/2016/02/cat-Intimidator-Wash-LED-150.jpg""]",research_only,,,,,,,,,,,touring-dj-2026-10,not_built,,lighting.moving.wash,See acquisition record,Lighting fixtures > Automated lighting > Wash,,research_only,,,,"A sourced assembled width, height and depth have not all been established; Exact DMX channel counts are documented, but weight, assembled dimensions, power and image-link verification are incomplete; dimensions remain null.",blocked,,"A sourced assembled width, height and depth have not all been established; Exact DMX channel counts are documented, but weight, assembled dimensions, power and image-link verification are incomplete; dimensions remain null"
Spotman,Spotman,Blizzard Lighting,moving light,LED spot,https://www.blizzardpro.com/products/spotman,"{""specifications"": {""protocols"": [""DMX512""], ""dmx_channels"": [9, 11], ""power"": ""45 W"", ""weight"": ""6.5 lb (2.95 kg)"", ""notable"": ""30 W white LED, 13° beam, 7-color wheel, 7 gobos, 540° pan / 270° tilt."", ""source_urls"": [""https://www.blizzardpro.com/products/spotman""]}, ""dimensions"": {""width_m"": 0.282, ""height_m"": 0.178, ""depth_m"": 0.147, ""axis_status"": ""documented"", ""axis_note"": ""Manufacturer lists 11.1 x 5.8 x 7 in without explicit axis labels; transcribed as length x width x height, retain uncertain axis assignment."", ""reference_pose"": ""Product display pose; dimension convention not illustrated in source excerpt.""}, ""evidence"": [{""url"": ""https://www.blizzardpro.com/products/spotman"", ""title"": ""Spotman product page"", ""locator"": ""Optical, control, movement, power and dimension specifications"", ""accessed_at"": ""2026-10-02"", ""source_kind"": ""manufacturer_product""}], ""blocking_issue"": {""id"": ""blizzard-lighting/spotman"", ""reason"": ""Official dimensions are an unlabelled three-value tuple; axis mapping remains unresolved"", ""category_id"": ""lighting.moving.spot"", ""stage"": ""research"", ""official_url"": ""https://www.blizzardpro.com/products/spotman"", ""name"": ""Spotman"", ""manufacturer"": ""Blizzard Lighting"", ""source_images"": [""https://cdn.prod.website-files.com/63c80568891bfe007679d3f3/65959c11bb6e93958d18d3d2_products%252F1978%252Fimages%252FSPOTMAN_USB_1440x1440.webp""], ""reference_asset"": """"}}","[""https://cdn.prod.website-files.com/63c80568891bfe007679d3f3/65959c11bb6e93958d18d3d2_products%252F1978%252Fimages%252FSPOTMAN_USB_1440x1440.webp""]",research_only,,,,,,,,,,,touring-dj-2026-10,not_built,,lighting.moving.spot,See acquisition record,Lighting fixtures > Automated lighting > Spot / gobo projector,,research_only,,,,Official dimensions are an unlabelled three-value tuple; axis mapping remains unresolved.,blocked,,Official dimensions are an unlabelled three-value tuple; axis mapping remains unresolved
Hypno Beam,Hypno Beam,Blizzard Lighting,moving light,RGBW beam with dual LED rings,https://www.blizzardpro.com/products/hypno-beam,"{""specifications"": {""protocols"": [""DMX512""], ""dmx_channels"": [14, 23], ""power"": ""106 W"", ""weight"": ""11 lb (4.99 kg)"", ""notable"": ""60 W RGBW center source with 8° beam and two independently controlled rings of 60 RGB LEDs."", ""source_urls"": [""https://www.blizzardpro.com/products/hypno-beam""]}, ""dimensions"": {""width_m"": 0.302, ""height_m"": 0.267, ""depth_m"": 0.168, ""axis_status"": ""estimated"", ""axis_note"": ""Page lists 11.9 x 6.6 x 10.5 in without axis names; nominal length x width x height assignment only."", ""reference_pose"": ""Assembled head upright; product page does not show dimension drawing.""}, ""evidence"": [{""url"": ""https://www.blizzardpro.com/products/hypno-beam"", ""title"": ""Hypno Beam product page"", ""locator"": ""Optical, control, movement, electrical and dimension specifications"", ""accessed_at"": ""2026-10-02"", ""source_kind"": ""manufacturer_product""}], ""blocking_issue"": {""id"": ""blizzard-lighting/hypno-beam"", ""reason"": ""An exact-model product reference image is unavailable; Exact image URL and dimensioned-drawing axis mapping have not been verified; dimensions are provisionally assigned from the page's unlabeled size string"", ""category_id"": ""lighting.moving.beam"", ""stage"": ""research"", ""official_url"": ""https://www.blizzardpro.com/products/hypno-beam"", ""name"": ""Hypno Beam"", ""manufacturer"": ""Blizzard Lighting"", ""source_images"": [], ""reference_asset"": """"}}",[],research_only,,,,,,,,,,,touring-dj-2026-10,not_built,,lighting.moving.beam,See acquisition record,Lighting fixtures > Automated lighting > Beam,,research_only,,,,An exact-model product reference image is unavailable; Exact image URL and dimensioned-drawing axis mapping have not been verified; dimensions are provisionally assigned from the page's unlabeled size string.,blocked,,An exact-model product reference image is unavailable; Exact image URL and dimensioned-drawing axis mapping have not been verified; dimensions are provisionally assigned from the page's unlabeled size string
SwitchBlade Flip,124661,Blizzard Lighting,moving light,dual-faced hybrid beam / wash / pixel effect,https://www.blizzardpro.com/products/switchblade-flip,"{""specifications"": {""protocols"": [""DMX512""], ""dmx_channels"": [20, 34, 93], ""power"": null, ""weight"": null, ""notable"": ""Dual-facing head; 4 RGBW zoom engines, 9 white beam LEDs, front and rear pixel fields; 540° pan / 270° tilt."", ""source_urls"": [""https://www.blizzardpro.com/products/switchblade-flip""]}, ""dimensions"": {""width_m"": null, ""height_m"": null, ""depth_m"": null, ""axis_status"": ""unknown"", ""axis_note"": ""No dimensions found in official page excerpt."", ""reference_pose"": null}, ""evidence"": [{""url"": ""https://www.blizzardpro.com/products/switchblade-flip"", ""title"": ""SwitchBlade Flip product page"", ""locator"": ""Tech specs: source arrays, DMX modes and pan/tilt; images linked in official gallery"", ""accessed_at"": ""2026-10-02"", ""source_kind"": ""manufacturer_product""}], ""blocking_issue"": {""id"": ""blizzard-lighting/switchblade-flip"", ""reason"": ""A sourced assembled width, height and depth have not all been established; An exact-model product reference image is unavailable; The model needs a supported geometry profile; Exact image URL and physical dimensions/weight/power are not present in the captured official specs; highly unusual dual-face form needs a dedicated geometry family"", ""category_id"": ""lighting.effects.multi_effect"", ""stage"": ""research"", ""official_url"": ""https://www.blizzardpro.com/products/switchblade-flip"", ""name"": ""SwitchBlade Flip"", ""manufacturer"": ""Blizzard Lighting"", ""source_images"": [], ""reference_asset"": """"}}",[],research_only,,,,,,,,,,,touring-dj-2026-10,not_built,,lighting.effects.multi_effect,See acquisition record,Lighting fixtures > Visible and audience effects > Integrated multi-effect assembly,,research_only,,,,"A sourced assembled width, height and depth have not all been established; An exact-model product reference image is unavailable; The model needs a supported geometry profile; Exact image URL and physical dimensions/weight/power are not present in the captured official specs; highly unusual dual-face form needs a dedicated geometry family.",blocked,,"A sourced assembled width, height and depth have not all been established; An exact-model product reference image is unavailable; The model needs a supported geometry profile; Exact image URL and physical dimensions/weight/power are not present in the captured official specs; highly unusual dual-face form needs a dedicated geometry family"
Compact Par 7 Tri,42580,Showtec,LED wash,RGB PAR,https://www.highlite.com/media/attachments/MANUAL/42580_MANUAL_GB_V2.pdf,"{""specifications"": {""protocols"": [""DMX512""], ""dmx_channels"": [3, 4, 8], ""power"": ""50 W"", ""weight"": ""2.2 kg"", ""notable"": ""Seven 3-in-1 RGB LEDs, 40° beam, double bracket supports floor positioning."", ""source_urls"": [""https://www.highlite.com/media/attachments/MANUAL/42580_MANUAL_GB_V2.pdf""]}, ""dimensions"": {""width_m"": 0.275, ""height_m"": 0.256, ""depth_m"": 0.095, ""axis_status"": ""documented"", ""axis_note"": ""Manual lists 275 x 95 x 256 mm L x W x H; mapped width x depth x height."", ""reference_pose"": ""Fixture assembled with double bracket; front perpendicular to bracket plane.""}, ""evidence"": [{""url"": ""https://www.highlite.com/media/attachments/MANUAL/42580_MANUAL_GB_V2.pdf"", ""title"": ""Showtec Compact Par 7 Tri manual"", ""locator"": ""Product specifications p. 7; DMX documentation and channel footprints"", ""accessed_at"": ""2026-10-02"", ""source_kind"": ""manufacturer_manual""}], ""blocking_issue"": {""id"": ""showtec/compact-par-7-tri"", ""reason"": ""An exact-model product reference image is unavailable; Highlite/Showtec product-page lookup for order code 42580 redirects to predecessor 42579 imagery; no exact 42580 fixture still was verified. Official manual confirms dimensions and capabilities"", ""category_id"": ""lighting.static.par"", ""stage"": ""research"", ""official_url"": ""https://www.highlite.com/media/attachments/MANUAL/42580_MANUAL_GB_V2.pdf"", ""name"": ""Compact Par 7 Tri"", ""manufacturer"": ""Showtec"", ""source_images"": [], ""reference_asset"": """"}}",[],research_only,,,,,,,,,,,touring-dj-2026-10,not_built,,lighting.static.par,See acquisition record,Lighting fixtures > Static and manually focused > PAR and compact wash,,research_only,,,,An exact-model product reference image is unavailable; Highlite/Showtec product-page lookup for order code 42580 redirects to predecessor 42579 imagery; no exact 42580 fixture still was verified; Official manual confirms dimensions and capabilities.,blocked,,An exact-model product reference image is unavailable; Highlite/Showtec product-page lookup for order code 42580 redirects to predecessor 42579 imagery; no exact 42580 fixture still was verified. Official manual confirms dimensions and capabilities
LED TMH-13 Moving-Head Spot,51785972,Eurolite,moving light,LED spot,https://www.steinigke.de/mpn51785972-eurolite-led-tmh-13-moving-head-spot.html,"{""specifications"": {""protocols"": [""DMX512""], ""dmx_channels"": [9, 11], ""power"": null, ""weight"": null, ""notable"": ""10 W LED compact spot; manufacturer/distributor product support page publishes an exact-model DMX protocol spreadsheet."", ""source_urls"": [""https://www.steinigke.de/mpn51785972-eurolite-led-tmh-13-moving-head-spot.html"", ""https://media.steinigke.de/documents_t/51785972-MANUAL-1.20-en-de_00107518.pdf""]}, ""dimensions"": {""width_m"": null, ""height_m"": null, ""depth_m"": null, ""axis_status"": ""unknown"", ""axis_note"": ""Product page view confirms model identity and image, but no dimensions captured in accessible page text."", ""reference_pose"": null}, ""evidence"": [{""url"": ""https://www.steinigke.de/mpn51785972-eurolite-led-tmh-13-moving-head-spot.html"", ""title"": ""Eurolite TMH-13 product and downloads page"", ""locator"": ""Item 51785972; official DMX protocol file version 1.0000; image gallery"", ""accessed_at"": ""2026-10-02"", ""source_kind"": ""manufacturer_product""}, {""url"": ""https://media.steinigke.de/documents_t/51785972-MANUAL-1.20-en-de_00107518.pdf"", ""title"": ""Eurolite TMH-13 user manual"", ""locator"": ""Exact model manual, DMX protocol and technical specifications"", ""accessed_at"": ""2026-10-02"", ""source_kind"": ""manufacturer_manual""}], ""blocking_issue"": {""id"": ""eurolite/led-tmh-13-moving-head-spot"", ""reason"": ""A sourced assembled width, height and depth have not all been established; Exact-model DMX evidence and image are located, but dimensions, weight and power were not captured; do not scale until sourced"", ""category_id"": ""lighting.moving.spot"", ""stage"": ""research"", ""official_url"": ""https://www.steinigke.de/mpn51785972-eurolite-led-tmh-13-moving-head-spot.html"", ""name"": ""LED TMH-13 Moving-Head Spot"", ""manufacturer"": ""Eurolite"", ""source_images"": [""https://media.steinigke.de/images/7640p/85/51785972a.webp""], ""reference_asset"": """"}}","[""https://media.steinigke.de/images/7640p/85/51785972a.webp""]",research_only,,,,,,,,,,,touring-dj-2026-10,not_built,,lighting.moving.spot,See acquisition record,Lighting fixtures > Automated lighting > Spot / gobo projector,,research_only,,,,"A sourced assembled width, height and depth have not all been established; Exact-model DMX evidence and image are located, but dimensions, weight and power were not captured; do not scale until sourced.",blocked,,"A sourced assembled width, height and depth have not all been established; Exact-model DMX evidence and image are located, but dimensions, weight and power were not captured; do not scale until sourced"
Beam 275W 10R Double Prisms,SHE-BB275W10RB-BPUS,SHEHDS,moving light,discharge beam,https://shehds.com/products/beam-275w-moving-head-lighting-14-gobos-professional-stage-performance-lights,"{""specifications"": {""protocols"": [""DMX512""], ""dmx_channels"": [16], ""power"": ""275 W"", ""weight"": ""13.15 kg"", ""notable"": ""10R discharge beam source; 2.8° beam, 14 colors plus white, dual prisms; manufacturer page lists 16-channel DMX."", ""source_urls"": [""https://shehds.com/products/beam-275w-moving-head-lighting-14-gobos-professional-stage-performance-lights""]}, ""dimensions"": {""width_m"": 0.29, ""height_m"": 0.5, ""depth_m"": 0.23, ""axis_status"": ""estimated"", ""axis_note"": ""Listing reports 29 x 23 x 50 cm without axis labels; mapped width x depth x height based on product-size image, verify against the original drawing."", ""reference_pose"": ""Head vertical, base level; provisional axis mapping.""}, ""evidence"": [{""url"": ""https://shehds.com/products/beam-275w-moving-head-lighting-14-gobos-professional-stage-performance-lights"", ""title"": ""SHEHDS Beam 275W 10R product page"", ""locator"": ""Technical Parameters: 16 DMX channels, 275 W, dimensions and mass; official gallery and size image"", ""accessed_at"": ""2026-10-02"", ""source_kind"": ""manufacturer_product""}], ""blocking_issue"": {""id"": ""shehds/beam-275w-10r-double-prisms"", ""reason"": ""Official page dimensions are not axis-labeled in text; axis assignment is provisional despite a listed product-size illustration. Verify image corresponds to exact US variant/SKU before modeling"", ""category_id"": ""lighting.moving.beam"", ""stage"": ""research"", ""official_url"": ""https://shehds.com/products/beam-275w-moving-head-lighting-14-gobos-professional-stage-performance-lights"", ""name"": ""Beam 275W 10R Double Prisms"", ""manufacturer"": ""SHEHDS"", ""source_images"": [""https://shehds.com/cdn/shop/files/6_proc.png?v=1752916991&width=416""], ""reference_asset"": """"}}","[""https://shehds.com/cdn/shop/files/6_proc.png?v=1752916991&width=416""]",research_only,,,,,,,,,,,touring-dj-2026-10,not_built,,lighting.moving.beam,See acquisition record,Lighting fixtures > Automated lighting > Beam,,research_only,,,,Official page dimensions are not axis-labeled in text; axis assignment is provisional despite a listed product-size illustration; Verify image corresponds to exact US variant/SKU before modeling.,blocked,,Official page dimensions are not axis-labeled in text; axis assignment is provisional despite a listed product-size illustration. Verify image corresponds to exact US variant/SKU before modeling
LED Moving Head Strobe Light Matrix Effect Wash,ShockCore200B-US,SHEHDS,moving light,moving strobe / pixel wash,https://shehds.com/products/led-200w-strobe-moving-head-lighting,"{""specifications"": {""protocols"": [""DMX512"", ""RDM""], ""dmx_channels"": [6, 19, 302], ""power"": ""Page lists 250 W / 12 V and 162 W power-in (ambiguous fields)"", ""weight"": ""5.57 kg"", ""notable"": ""864-LED RGB and white matrix; page lists up to 302-channel pixel mode and 210° tilt."", ""source_urls"": [""https://shehds.com/products/led-200w-strobe-moving-head-lighting""]}, ""dimensions"": {""width_m"": 0.5, ""height_m"": 0.265, ""depth_m"": 0.172, ""axis_status"": ""estimated"", ""axis_note"": ""Listed 50 x 17.2 x 26.5 cm; assumed length x width x height by context, confirm with drawing."", ""reference_pose"": ""Product body assembled; orientation provisional from page text.""}, ""evidence"": [{""url"": ""https://shehds.com/products/led-200w-strobe-moving-head-lighting"", ""title"": ""SHEHDS 200W LED moving-head strobe page"", ""locator"": ""Technical parameters: DMX/RDM, channel modes, LED count, dimensions and mass"", ""accessed_at"": ""2026-10-02"", ""source_kind"": ""manufacturer_product""}], ""blocking_issue"": {""id"": ""shehds/led-moving-head-strobe-light-matrix-effect-wash"", ""reason"": ""An exact-model product reference image is unavailable; The model needs a supported geometry profile; DMX channel counts conflict between the technical block (6/19/302) and product feature text (6/16/146); technical block is retained provisionally. The page also has contradictory electrical power fields; official product still URL remains unverified"", ""category_id"": ""lighting.effects.multi_effect"", ""stage"": ""research"", ""official_url"": ""https://shehds.com/products/led-200w-strobe-moving-head-lighting"", ""name"": ""LED Moving Head Strobe Light Matrix Effect Wash"", ""manufacturer"": ""SHEHDS"", ""source_images"": [], ""reference_asset"": """"}}",[],research_only,,,,,,,,,,,touring-dj-2026-10,not_built,,lighting.effects.multi_effect,See acquisition record,Lighting fixtures > Visible and audience effects > Integrated multi-effect assembly,,research_only,,,,An exact-model product reference image is unavailable; The model needs a supported geometry profile; DMX channel counts conflict between the technical block (6/19/302) and product feature text (6/16/146); technical block is retained provisionally; The page also has contradictory electrical power fields; official product still URL remains unverified.,blocked,,An exact-model product reference image is unavailable; The model needs a supported geometry profile; DMX channel counts conflict between the technical block (6/19/302) and product feature text (6/16/146); technical block is retained provisionally. The page also has contradictory electrical power fields; official product still URL remains unverified
Entour Faze,ENT008,ADJ,equipment,haze generator / faze machine,https://www.adj.com/products/entour-faze,"{""specifications"": {""protocols"": [""DMX512""], ""dmx_channels"": [1, 2, 4], ""power"": ""465 W"", ""weight"": ""4.5 kg"", ""notable"": ""450 W rapid heater; water-based fluid, 4,000 cu ft/min output with fan full; 3 L tank; 40 s ready time."", ""source_urls"": [""https://www.adj.com/products/entour-faze""]}, ""dimensions"": {""width_m"": null, ""height_m"": null, ""depth_m"": null, ""axis_status"": ""unknown"", ""axis_note"": ""ADJ product page's inch dimensions (15.5 x 17 x 10 in) conflict materially with its metric dimensions (202 x 414 x 303 mm); withheld pending dimensional drawing review."", ""reference_pose"": null}, ""evidence"": [{""url"": ""https://www.adj.com/products/entour-faze"", ""title"": ""Entour Faze product page"", ""locator"": ""Specifications: DMX modes, heater, haze output, fluid use, dimensions, weight and included bracket"", ""accessed_at"": ""2026-10-02"", ""source_kind"": ""manufacturer_product""}], ""blocking_issue"": {""id"": ""adj/entour-faze"", ""reason"": ""A sourced assembled width, height and depth have not all been established; Official image URL and DMX modes verified. Metric and inch dimension strings disagree; dimensions remain null until drawing resolves which tuple is authoritative"", ""category_id"": ""atmosphere.haze_water"", ""stage"": ""research"", ""official_url"": ""https://www.adj.com/products/entour-faze"", ""name"": ""Entour Faze"", ""manufacturer"": ""ADJ"", ""source_images"": [""https://www.adj.com/cdn/shop/files/0af827718a179ec27b930debf66d5617a4583fab_ENT008__IMG__004__f9dac1cad084.jpg?v=1776712291&width=2048""], ""reference_asset"": """"}}","[""https://www.adj.com/cdn/shop/files/0af827718a179ec27b930debf66d5617a4583fab_ENT008__IMG__004__f9dac1cad084.jpg?v=1776712291&width=2048""]",research_only,,,,,,,,,,,touring-dj-2026-10,not_built,,atmosphere.haze_water,See acquisition record,Atmosphere and air movement > Water-based hazer / fazer,,research_only,,,,"A sourced assembled width, height and depth have not all been established; Official image URL and DMX modes verified; Metric and inch dimension strings disagree; dimensions remain null until drawing resolves which tuple is authoritative.",blocked,,"A sourced assembled width, height and depth have not all been established; Official image URL and DMX modes verified. Metric and inch dimension strings disagree; dimensions remain null until drawing resolves which tuple is authoritative"
660W Haze Machine,FC1-SmoHZ660W-BMUS,SHEHDS,equipment,haze generator,https://shehds.com/products/660w-haze-machine-with-flight-case-dmx-stage-professional-fogger-equipment-remote-control-smoke-hazer-hall-music-concert-dj,"{""specifications"": {""protocols"": [""DMX512""], ""dmx_channels"": [2], ""power"": ""660 W"", ""weight"": null, ""notable"": ""6000 cu ft/min smoke output, 1.5 L tank, wireless or wired control; listing's 29.45 kg is gross package weight and not fixture mass."", ""source_urls"": [""https://shehds.com/products/660w-haze-machine-with-flight-case-dmx-stage-professional-fogger-equipment-remote-control-smoke-hazer-hall-music-concert-dj""]}, ""dimensions"": {""width_m"": null, ""height_m"": null, ""depth_m"": null, ""axis_status"": ""unknown"", ""axis_note"": ""Only package dimensions (51 x 37.5 x 44 cm) are published in captured specification; not used as assembled machine size."", ""reference_pose"": null}, ""evidence"": [{""url"": ""https://shehds.com/products/660w-haze-machine-with-flight-case-dmx-stage-professional-fogger-equipment-remote-control-smoke-hazer-hall-music-concert-dj"", ""title"": ""SHEHDS 660W Haze Machine product page"", ""locator"": ""Technical Specification: power, output, tank, 2-channel DMX and package-only measures"", ""accessed_at"": ""2026-10-02"", ""source_kind"": ""manufacturer_product""}], ""blocking_issue"": {""id"": ""shehds/660w-haze-machine"", ""reason"": ""A sourced assembled width, height and depth have not all been established; DMX capability and exact image URL are available, but product mass and assembled dimensions are absent; package dimensions and gross weight are not valid substitutes"", ""category_id"": ""atmosphere.haze_water"", ""stage"": ""research"", ""official_url"": ""https://shehds.com/products/660w-haze-machine-with-flight-case-dmx-stage-professional-fogger-equipment-remote-control-smoke-hazer-hall-music-concert-dj"", ""name"": ""660W Haze Machine"", ""manufacturer"": ""SHEHDS"", ""source_images"": [""https://shehds.com/cdn/shop/files/8282476a93178822eeb044a0785f909a.png?v=1748571216""], ""reference_asset"": """"}}","[""https://shehds.com/cdn/shop/files/8282476a93178822eeb044a0785f909a.png?v=1748571216""]",research_only,,,,,,,,,,,touring-dj-2026-10,not_built,,atmosphere.haze_water,See acquisition record,Atmosphere and air movement > Water-based hazer / fazer,,research_only,,,,"A sourced assembled width, height and depth have not all been established; DMX capability and exact image URL are available, but product mass and assembled dimensions are absent; package dimensions and gross weight are not valid substitutes.",blocked,,"A sourced assembled width, height and depth have not all been established; DMX capability and exact image URL are available, but product mass and assembled dimensions are absent; package dimensions and gross weight are not valid substitutes"
Mega Hex L Par,MEG420,Eliminator Lighting,LED wash,RGBLA+UV PAR,https://www.eliminatorlighting.com/products/mega-hex-l-par-led-par,"{""specifications"": {""protocols"": [""DMX512""], ""dmx_channels"": [6, 8, 9, 12, 14, 15, 17], ""power"": ""24 W max"", ""weight"": ""1.2 kg"", ""notable"": ""4 x 20 W RGBLA+UV LED, 17° beam, tunable white, sit-flat chassis with scissor yoke."", ""source_urls"": [""https://www.eliminatorlighting.com/products/mega-hex-l-par-led-par""]}, ""dimensions"": {""width_m"": 0.23, ""height_m"": 0.168, ""depth_m"": 0.178, ""axis_status"": ""documented"", ""axis_note"": ""Product page gives 178 x 230 x 168 mm L x W x H. A blog lists conflicting values 261 x 260 x 110 mm; use detailed current product spec pending dimensional-drawing check."", ""reference_pose"": ""Yoke attached, front face forward; assembled fixture.""}, ""evidence"": [{""url"": ""https://www.eliminatorlighting.com/products/mega-hex-l-par-led-par"", ""title"": ""Mega Hex L Par product page"", ""locator"": ""Specifications: DMX modes, optics, dimensions, weight; Downloads include dimensional drawing and CAD"", ""accessed_at"": ""2026-10-02"", ""source_kind"": ""manufacturer_product""}], ""blocking_issue"": {""id"": ""eliminator-lighting/mega-hex-l-par"", ""reason"": ""Manufacturer product page conflicts with an official launch blog on dimensions and weight; current detailed spec used but dimensional drawing should resolve the discrepancy before scaled modeling"", ""category_id"": ""lighting.static.par"", ""stage"": ""research"", ""official_url"": ""https://www.eliminatorlighting.com/products/mega-hex-l-par-led-par"", ""name"": ""Mega Hex L Par"", ""manufacturer"": ""Eliminator Lighting"", ""source_images"": [""https://www.eliminatorlighting.com/cdn/shop/files/4159e8a2c0012240c4677fa722297846809d78c3_MEG420__IMG__009__da60ac58c502.jpg?v=1777055798&width=2048""], ""reference_asset"": """"}}","[""https://www.eliminatorlighting.com/cdn/shop/files/4159e8a2c0012240c4677fa722297846809d78c3_MEG420__IMG__009__da60ac58c502.jpg?v=1777055798&width=2048""]",research_only,,,,,,,,,,,touring-dj-2026-10,not_built,,lighting.static.par,See acquisition record,Lighting fixtures > Static and manually focused > PAR and compact wash,,research_only,,,,Manufacturer product page conflicts with an official launch blog on dimensions and weight; current detailed spec used but dimensional drawing should resolve the discrepancy before scaled modeling.,blocked,,Manufacturer product page conflicts with an official launch blog on dimensions and weight; current detailed spec used but dimensional drawing should resolve the discrepancy before scaled modeling
Focus Profile,Focus Profile,ADJ,moving light,LED framing profile,https://www.adj.com/products/focus-profile,"{""specifications"": {""protocols"": [""DMX512"", ""RDM"", ""Art-Net""], ""dmx_channels"": [36, 40, 51], ""power"": ""560 W"", ""weight"": ""27.75 kg"", ""notable"": ""400 W LED engine, 20,000 lm, 7–45° zoom, CMY + variable CTO, framing shutters, animation wheel, rotating gobos, prisms and frost."", ""source_urls"": [""https://www.adj.com/products/focus-profile""]}, ""dimensions"": {""width_m"": 0.259, ""height_m"": 0.664, ""depth_m"": 0.4, ""axis_status"": ""documented"", ""axis_note"": ""ADJ product specification labels width 259 mm, vertical height 664 mm, and length 400 mm."", ""reference_pose"": ""Assembled, base level, head upright as shown in manufacturer product drawing.""}, ""evidence"": [{""url"": ""https://www.adj.com/products/focus-profile"", ""title"": ""Focus Profile product page"", ""locator"": ""Gallery IMG 001 and specifications: 36/40/51-channel modes, DMX/RDM/Art-Net, 560 W, 27.75 kg, W 259 x H 664 x L 400 mm, 400 W source, zoom, CMY/CTO and framing effects"", ""accessed_at"": ""2026-10-02"", ""source_kind"": ""manufacturer_product""}], ""blocking_issue"": {""id"": ""adj/focus-profile"", ""reason"": ""Manufacturer press materials list a slightly different overall height (651 mm); used current product-page labeled height of 664 mm pending drawing review"", ""category_id"": ""lighting.moving.profile"", ""stage"": ""research"", ""official_url"": ""https://www.adj.com/products/focus-profile"", ""name"": ""Focus Profile"", ""manufacturer"": ""ADJ"", ""source_images"": [""https://www.adj.com/cdn/shop/files/95c87d869385c2223fa9dd5b36e2645fe9591eac_FOC858__IMG__001__1590fcba5b07.jpg?v=1776751351""], ""reference_asset"": """"}}","[""https://www.adj.com/cdn/shop/files/95c87d869385c2223fa9dd5b36e2645fe9591eac_FOC858__IMG__001__1590fcba5b07.jpg?v=1776751351""]",research_only,,,,,,,,,,,touring-dj-2026-10,not_built,,lighting.moving.profile,See acquisition record,Lighting fixtures > Automated lighting > Framing profile,,research_only,,,,Manufacturer press materials list a slightly different overall height (651 mm); used current product-page labeled height of 664 mm pending drawing review.,blocked,,Manufacturer press materials list a slightly different overall height (651 mm); used current product-page labeled height of 664 mm pending drawing review
Typhon IP Kaleido,124694,Blizzard Lighting,moving light,IP66 multi-engine RGBW wash / pixel effect,https://www.blizzardpro.com/products/typhon-ip-kaleido,"{""specifications"": {""protocols"": [""DMX512"", ""RDM"", ""Art-Net"", ""sACN""], ""dmx_channels"": [31, 55, 21, 35, 28], ""power"": null, ""weight"": null, ""notable"": ""7 x 60 W RGBW LED engines with 4–32° beam and 5–50° spot; independent pixels, aperture effects, IP66."", ""source_urls"": [""https://www.blizzardpro.com/products/typhon-ip-kaleido""]}, ""dimensions"": {""width_m"": null, ""height_m"": null, ""depth_m"": null, ""axis_status"": ""unknown"", ""axis_note"": ""No physical dimensions captured from official page excerpt."", ""reference_pose"": null}, ""evidence"": [{""url"": ""https://www.blizzardpro.com/products/typhon-ip-kaleido"", ""title"": ""Typhon IP Kaleido product page"", ""locator"": ""Official product summary: IP66, optical engine, DMX mode footprints and protocols"", ""accessed_at"": ""2026-10-02"", ""source_kind"": ""manufacturer_product""}], ""blocking_issue"": {""id"": ""blizzard-lighting/typhon-ip-kaleido"", ""reason"": ""A sourced assembled width, height and depth have not all been established; An exact-model product reference image is unavailable; Exact model still image, mass, power and dimensional drawing were not captured; preserve as a source-backed candidate pending exact geometry and physical envelope"", ""category_id"": ""lighting.moving.wash"", ""stage"": ""research"", ""official_url"": ""https://www.blizzardpro.com/products/typhon-ip-kaleido"", ""name"": ""Typhon IP Kaleido"", ""manufacturer"": ""Blizzard Lighting"", ""source_images"": [], ""reference_asset"": """"}}",[],research_only,,,,,,,,,,,touring-dj-2026-10,not_built,,lighting.moving.wash,See acquisition record,Lighting fixtures > Automated lighting > Wash,,research_only,,,,"A sourced assembled width, height and depth have not all been established; An exact-model product reference image is unavailable; Exact model still image, mass, power and dimensional drawing were not captured; preserve as a source-backed candidate pending exact geometry and physical envelope.",blocked,,"A sourced assembled width, height and depth have not all been established; An exact-model product reference image is unavailable; Exact model still image, mass, power and dimensional drawing were not captured; preserve as a source-backed candidate pending exact geometry and physical envelope"
Typhon IP BSW 400,124666,Blizzard Lighting,moving light,IP66 beam / spot / wash,https://www.blizzardpro.com/products/typhon-ip-bsw-400,"{""specifications"": {""protocols"": [""DMX512"", ""RDM""], ""dmx_channels"": [23], ""power"": null, ""weight"": null, ""notable"": ""400 W white LED, CMY/CTO, 3–38° zoom, color and gobo wheels, dual prisms, IP66."", ""source_urls"": [""https://www.blizzardpro.com/products/typhon-ip-bsw-400""]}, ""dimensions"": {""width_m"": null, ""height_m"": null, ""depth_m"": null, ""axis_status"": ""unknown"", ""axis_note"": ""Dimensions not extracted in this pass."", ""reference_pose"": null}, ""evidence"": [{""url"": ""https://www.blizzardpro.com/products/typhon-ip-bsw-400"", ""title"": ""Typhon IP BSW 400 product page"", ""locator"": ""Official product specs: 23-channel DMX, control protocol and 400 W optical engine"", ""accessed_at"": ""2026-10-02"", ""source_kind"": ""manufacturer_product""}], ""blocking_issue"": {""id"": ""blizzard-lighting/typhon-ip-bsw-400"", ""reason"": ""A sourced assembled width, height and depth have not all been established; An exact-model product reference image is unavailable; Exact image URL, weight, power draw and dimensions remain unresolved; one 23-channel mode and DMX/RDM support are manufacturer-listed"", ""category_id"": ""lighting.moving.wash"", ""stage"": ""research"", ""official_url"": ""https://www.blizzardpro.com/products/typhon-ip-bsw-400"", ""name"": ""Typhon IP BSW 400"", ""manufacturer"": ""Blizzard Lighting"", ""source_images"": [], ""reference_asset"": """"}}",[],research_only,,,,,,,,,,,touring-dj-2026-10,not_built,,lighting.moving.wash,See acquisition record,Lighting fixtures > Automated lighting > Wash,,research_only,,,,"A sourced assembled width, height and depth have not all been established; An exact-model product reference image is unavailable; Exact image URL, weight, power draw and dimensions remain unresolved; one 23-channel mode and DMX/RDM support are manufacturer-listed.",blocked,,"A sourced assembled width, height and depth have not all been established; An exact-model product reference image is unavailable; Exact image URL, weight, power draw and dimensions remain unresolved; one 23-channel mode and DMX/RDM support are manufacturer-listed"
G-Max 200,G-Max 200,Blizzard Lighting,moving light,LED spot,https://www.blizzardpro.com/products/g-max-200,"{""specifications"": {""protocols"": [""DMX512""], ""dmx_channels"": [16, 19], ""power"": ""283 W"", ""weight"": ""35.1 lb (15.9 kg)"", ""notable"": ""200 W white LED with 13–27° motorized zoom, 8-color wheel and rotating/static gobo wheels."", ""source_urls"": [""https://www.blizzardpro.com/products/g-max-200""]}, ""dimensions"": {""width_m"": null, ""height_m"": null, ""depth_m"": null, ""axis_status"": ""unknown"", ""axis_note"": ""Page size string 21.7 x 9.8 x 15 in was not mapped to axes in this pass."", ""reference_pose"": null}, ""evidence"": [{""url"": ""https://www.blizzardpro.com/products/g-max-200"", ""title"": ""G-Max 200 product page"", ""locator"": ""Official specifications: DMX modes, power, weight, optics and size string"", ""accessed_at"": ""2026-10-02"", ""source_kind"": ""manufacturer_product""}], ""blocking_issue"": {""id"": ""blizzard-lighting/g-max-200"", ""reason"": ""A sourced assembled width, height and depth have not all been established; Official page dimensions are an unlabelled 21.7 x 9.8 x 15 in tuple; axis mapping remains unresolved"", ""category_id"": ""lighting.moving.spot"", ""stage"": ""research"", ""official_url"": ""https://www.blizzardpro.com/products/g-max-200"", ""name"": ""G-Max 200"", ""manufacturer"": ""Blizzard Lighting"", ""source_images"": [""https://cdn.prod.website-files.com/63c80568891bfe007679d3f3/64594570f4752d055aff8cde_products%252F1962%252Fimages%252FG-Max-200-P1-Right---Blue--main_1440x1440.webp""], ""reference_asset"": """"}}","[""https://cdn.prod.website-files.com/63c80568891bfe007679d3f3/64594570f4752d055aff8cde_products%252F1962%252Fimages%252FG-Max-200-P1-Right---Blue--main_1440x1440.webp""]",research_only,,,,,,,,,,,touring-dj-2026-10,not_built,,lighting.moving.spot,See acquisition record,Lighting fixtures > Automated lighting > Spot / gobo projector,,research_only,,,,"A sourced assembled width, height and depth have not all been established; Official page dimensions are an unlabelled 21.7 x 9.8 x 15 in tuple; axis mapping remains unresolved.",blocked,,"A sourced assembled width, height and depth have not all been established; Official page dimensions are an unlabelled 21.7 x 9.8 x 15 in tuple; axis mapping remains unresolved"
GigBAR Move + ILS,GigBAR Move + ILS,CHAUVET DJ,multi-effect fixture,integrated moving head / wash / derby / laser / strobe bar,https://www.chauvetdj.com/products/gigbar-move-ils/,"{""specifications"": {""protocols"": [""DMX512"", ""D-Fi""], ""dmx_channels"": [3, 29, 51], ""power"": ""250 W at 120 V; 248 W at 230 V"", ""weight"": ""14 kg (bar only)"", ""notable"": ""5-in-1 assembly with two moving heads, derby, wash pars, strobe and RGB laser; each effect is individually controllable."", ""source_urls"": [""https://www.chauvetdj.com/products/gigbar-move-ils/"", ""https://www.chauvetdj.com/wp-content/uploads/2022/05/GigBAR_MOVE_ILS_UM_EU_Rev11.pdf""]}, ""dimensions"": {""width_m"": 1.1, ""height_m"": 0.449, ""depth_m"": 0.144, ""axis_status"": ""documented"", ""axis_note"": ""Official spec/manual lists 1100 x 144 x 449 mm; mapped bar span x depth x overall height. Excludes included tripod, which extends 1.5–2.5 m."", ""reference_pose"": ""Bar horizontal with effects mounted, tripod excluded; head position as product image.""}, ""evidence"": [{""url"": ""https://www.chauvetdj.com/products/gigbar-move-ils/"", ""title"": ""GigBAR Move + ILS product page"", ""locator"": ""Specifications: 3/29/51 DMX modes, component source/optics, size and bar-only mass"", ""accessed_at"": ""2026-10-02"", ""source_kind"": ""manufacturer_product""}, {""url"": ""https://www.chauvetdj.com/wp-content/uploads/2022/05/GigBAR_MOVE_ILS_UM_EU_Rev11.pdf"", ""title"": ""GigBAR Move + ILS User Manual Rev. 11"", ""locator"": ""Product Dimensions drawing and technical specifications"", ""accessed_at"": ""2026-10-02"", ""source_kind"": ""manufacturer_manual""}], ""blocking_issue"": {""id"": ""chauvet-dj/gigbar-move-ils"", ""reason"": ""The model needs a supported geometry profile; The visible optical module count has not been established; The laser safety classification is not included in the reviewed official summary; preserve as a distinct laser emitter and source its classification before any operational/safety modeling"", ""category_id"": ""lighting.effects.multi_effect"", ""stage"": ""research"", ""official_url"": ""https://www.chauvetdj.com/products/gigbar-move-ils/"", ""name"": ""GigBAR Move + ILS"", ""manufacturer"": ""CHAUVET DJ"", ""source_images"": [""https://www.chauvetdj.com/wp-content/uploads/2022/05/GigBAR-Move-ILS-FEATURED_img.png""], ""reference_asset"": """"}}","[""https://www.chauvetdj.com/wp-content/uploads/2022/05/GigBAR-Move-ILS-FEATURED_img.png""]",research_only,,,,,,,,,,,touring-dj-2026-10,not_built,,lighting.effects.multi_effect,See acquisition record,Lighting fixtures > Visible and audience effects > Integrated multi-effect assembly,,research_only,,,,The model needs a supported geometry profile; The visible optical module count has not been established; The laser safety classification is not included in the reviewed official summary; preserve as a distinct laser emitter and source its classification before any operational/safety modeling.,blocked,,The model needs a supported geometry profile; The visible optical module count has not been established; The laser safety classification is not included in the reviewed official summary; preserve as a distinct laser emitter and source its classification before any operational/safety modeling
Hype 150,124387,Blizzard Lighting,moving light,LED spot,https://www.blizzardpro.com/products/hype-150,"{""specifications"": {""protocols"": [""DMX512"", ""RDM""], ""dmx_channels"": [12, 15], ""power"": ""225 W"", ""weight"": ""16.2 lb (7.35 kg)"", ""notable"": ""150 W, 8500 K white LED; 16° beam, motorized focus and static plus rotating gobo wheels for morphing effects."", ""source_urls"": [""https://www.blizzardpro.com/products/hype-150""]}, ""dimensions"": {""width_m"": null, ""height_m"": null, ""depth_m"": null, ""axis_status"": ""unknown"", ""axis_note"": ""Official page reports 17.8 x 7.7 x 11.2 in without dimension-axis labels; no drawing was reviewed."", ""reference_pose"": null}, ""evidence"": [{""url"": ""https://www.blizzardpro.com/products/hype-150"", ""title"": ""Hype 150 product page"", ""locator"": ""Official specifications: DMX/RDM, 12/15-channel modes, source, power, mass and unlabelled dimensions"", ""accessed_at"": ""2026-10-02"", ""source_kind"": ""manufacturer_product""}], ""blocking_issue"": {""id"": ""blizzard-lighting/hype-150"", ""reason"": ""A sourced assembled width, height and depth have not all been established; Page gives an unlabeled three-axis size string; exact axis mapping and dimensioned drawing are needed before assigning scale"", ""category_id"": ""lighting.moving.spot"", ""stage"": ""research"", ""official_url"": ""https://www.blizzardpro.com/products/hype-150"", ""name"": ""Hype 150"", ""manufacturer"": ""Blizzard Lighting"", ""source_images"": [""https://cdn.prod.website-files.com/63c80568891bfe007679d3f3/64ff39b2d2d7afbb6e4702f7_products%252F3170%252Fimages%252FHype-150---P2-Magenta-Right_1440x1440.webp""], ""reference_asset"": """"}}","[""https://cdn.prod.website-files.com/63c80568891bfe007679d3f3/64ff39b2d2d7afbb6e4702f7_products%252F3170%252Fimages%252FHype-150---P2-Magenta-Right_1440x1440.webp""]",research_only,,,,,,,,,,,touring-dj-2026-10,not_built,,lighting.moving.spot,See acquisition record,Lighting fixtures > Automated lighting > Spot / gobo projector,,research_only,,,,"A sourced assembled width, height and depth have not all been established; Page gives an unlabeled three-axis size string; exact axis mapping and dimensioned drawing are needed before assigning scale.",blocked,,"A sourced assembled width, height and depth have not all been established; Page gives an unlabeled three-axis size string; exact axis mapping and dimensioned drawing are needed before assigning scale"
Stryker Max,STR250,Eliminator Lighting,moving light,RGBW zoom wash with LED ring,https://www.eliminatorlighting.com/products/stryker-max,"{""specifications"": {""protocols"": [""DMX512"", ""RDM""], ""dmx_channels"": [20, 26], ""power"": ""260 W"", ""weight"": ""7.5 kg"", ""notable"": ""6 x 40 W RGBW engines with 4–55° zoom plus outer ring of 60 RGB LEDs; 540° pan / 190° tilt."", ""source_urls"": [""https://www.eliminatorlighting.com/products/stryker-max""]}, ""dimensions"": {""width_m"": null, ""height_m"": null, ""depth_m"": null, ""axis_status"": ""unknown"", ""axis_note"": ""Current product listing has an inconsistent metric dimension string (1805 x 292 x 369 mm) versus 7.1 x 11.5 x 14.5 inches; do not assume the likely decimal placement."", ""reference_pose"": null}, ""evidence"": [{""url"": ""https://www.eliminatorlighting.com/products/stryker-max"", ""title"": ""Stryker Max product page"", ""locator"": ""Specifications: channels, RDM, engine/ring, power, mass and conflicting metric/inch dimensions; linked DMX traits and drawing"", ""accessed_at"": ""2026-10-02"", ""source_kind"": ""manufacturer_product""}], ""blocking_issue"": {""id"": ""eliminator-lighting/stryker-max"", ""reason"": ""A sourced assembled width, height and depth have not all been established; Official product page gives conflicting metric/inch dimensions; resolve against its linked drawing before assigning scale"", ""category_id"": ""lighting.moving.wash"", ""stage"": ""research"", ""official_url"": ""https://www.eliminatorlighting.com/products/stryker-max"", ""name"": ""Stryker Max"", ""manufacturer"": ""Eliminator Lighting"", ""source_images"": [""https://www.eliminatorlighting.com/cdn/shop/files/9499a31e22acf792c5932d479b359bcfcadfb2a6_STR250__IMG__001__563cfb3aa787.jpg?v=1777055794&width=2048""], ""reference_asset"": """"}}","[""https://www.eliminatorlighting.com/cdn/shop/files/9499a31e22acf792c5932d479b359bcfcadfb2a6_STR250__IMG__001__563cfb3aa787.jpg?v=1777055794&width=2048""]",research_only,,,,,,,,,,,touring-dj-2026-10,not_built,,lighting.moving.wash,See acquisition record,Lighting fixtures > Automated lighting > Wash,,research_only,,,,"A sourced assembled width, height and depth have not all been established; Official product page gives conflicting metric/inch dimensions; resolve against its linked drawing before assigning scale.",blocked,,"A sourced assembled width, height and depth have not all been established; Official product page gives conflicting metric/inch dimensions; resolve against its linked drawing before assigning scale"
Aluminum Alloy Flat Par 18x18W,SHE-FAP1818F-BPUK,SHEHDS,LED wash,RGBWA+UV flat PAR,https://uk.shehds.com/products/aluminum-alloy-led-flat-par-18x18w-lighting-dj-par-cans-dmx-512-light-wash-stage-lighting,"{""specifications"": {""protocols"": [""DMX512""], ""dmx_channels"": [6, 10], ""power"": ""200 W"", ""weight"": ""2.6 kg"", ""notable"": ""18 x 18 W RGBWA+UV six-in-one LEDs, 40° beam, cast aluminum body and PowerCON power inlet."", ""source_urls"": [""https://uk.shehds.com/products/aluminum-alloy-led-flat-par-18x18w-lighting-dj-par-cans-dmx-512-light-wash-stage-lighting""]}, ""dimensions"": {""width_m"": 0.2, ""height_m"": 0.08, ""depth_m"": 0.2, ""axis_status"": ""documented"", ""axis_note"": ""Manufacturer product listing reports 20 x 20 x 8 cm; square width/depth envelope mapped from the flat PAR profile."", ""reference_pose"": ""Fixture on its yoke with optical face forward; yoke attached.""}, ""evidence"": [{""url"": ""https://uk.shehds.com/products/aluminum-alloy-led-flat-par-18x18w-lighting-dj-par-cans-dmx-512-light-wash-stage-lighting"", ""title"": ""SHEHDS Flat Par 18x18W product page"", ""locator"": ""Technical Parameters: DMX modes, power, source, dimensions, weight; exact UK SKU"", ""accessed_at"": ""2026-10-02"", ""source_kind"": ""manufacturer_product""}], ""blocking_issue"": {""id"": ""shehds/aluminum-alloy-flat-par-18x18w"", ""reason"": ""Official page provides an unlabeled 20 x 20 x 8 cm size triplet; exact yoke-inclusive orientation should be checked against the linked dimension illustration before scaled asset creation"", ""category_id"": ""lighting.static.par"", ""stage"": ""research"", ""official_url"": ""https://uk.shehds.com/products/aluminum-alloy-led-flat-par-18x18w-lighting-dj-par-cans-dmx-512-light-wash-stage-lighting"", ""name"": ""Aluminum Alloy Flat Par 18x18W"", ""manufacturer"": ""SHEHDS"", ""source_images"": [""https://uk.shehds.com/cdn/shop/files/IMG_50160_de6c8db8-0d2a-46a4-a17f-b716ee4534d7.jpg?v=1762573413&width=416""], ""reference_asset"": """"}}","[""https://uk.shehds.com/cdn/shop/files/IMG_50160_de6c8db8-0d2a-46a4-a17f-b716ee4534d7.jpg?v=1762573413&width=416""]",research_only,,,,,,,,,,,touring-dj-2026-10,not_built,,lighting.static.par,See acquisition record,Lighting fixtures > Static and manually focused > PAR and compact wash,,research_only,,,,Official page provides an unlabeled 20 x 20 x 8 cm size triplet; exact yoke-inclusive orientation should be checked against the linked dimension illustration before scaled asset creation.,blocked,,Official page provides an unlabeled 20 x 20 x 8 cm size triplet; exact yoke-inclusive orientation should be checked against the linked dimension illustration before scaled asset creation
DJ Spot LED,DJ Spot LED,ADJ,moving light,LED moving spot,https://www.adj.com/products/dj-spot-led,"{""specifications"": {""protocols"": [""DMX512""], ""dmx_channels"": [8], ""power"": ""50 W"", ""weight"": ""9 kg"", ""notable"": ""25 W LED moving spot with seven colors plus white, 11 gobos plus open, 17° beam, manual focus, 540° pan and 270° tilt; discontinued."", ""source_urls"": [""https://www.adj.com/products/dj-spot-led""]}, ""dimensions"": {""width_m"": null, ""height_m"": null, ""depth_m"": null, ""axis_status"": ""unknown"", ""axis_note"": ""ADJ publishes L x W x H = 390 x 300 x 400 mm but no axis drawing was reviewed to map length to width/depth in the reference pose."", ""reference_pose"": null}, ""evidence"": [{""url"": ""https://www.adj.com/products/dj-spot-led"", ""title"": ""ADJ DJ Spot LED product page"", ""locator"": ""Specifications: 8-channel DMX, dimensions LxWxH 390x300x400 mm, 9 kg, 50 W consumption; item marked discontinued"", ""accessed_at"": ""2026-10-02"", ""source_kind"": ""manufacturer_product""}], ""blocking_issue"": {""id"": ""adj/dj-spot-led"", ""reason"": ""A sourced assembled width, height and depth have not all been established; The official page publishes three labeled dimensions but the reference-axis orientation has not been reconciled with the fixture drawing; dimensions remain null pending pose mapping"", ""category_id"": ""lighting.moving.spot"", ""stage"": ""research"", ""official_url"": ""https://www.adj.com/products/dj-spot-led"", ""name"": ""DJ Spot LED"", ""manufacturer"": ""ADJ"", ""source_images"": [""https://www.adj.com/cdn/shop/files/145192469264cb21035127d693ab0cb00286b174_DJS613__IMG__001__e8c051d82f89.jpg?v=1776713221&width=2048""], ""reference_asset"": """"}}","[""https://www.adj.com/cdn/shop/files/145192469264cb21035127d693ab0cb00286b174_DJS613__IMG__001__e8c051d82f89.jpg?v=1776713221&width=2048""]",research_only,,,,,,,,,,,touring-dj-2026-10,not_built,,lighting.moving.spot,See acquisition record,Lighting fixtures > Automated lighting > Spot / gobo projector,,research_only,,,,"A sourced assembled width, height and depth have not all been established; The official page publishes three labeled dimensions but the reference-axis orientation has not been reconciled with the fixture drawing; dimensions remain null pending pose mapping.",blocked,,"A sourced assembled width, height and depth have not all been established; The official page publishes three labeled dimensions but the reference-axis orientation has not been reconciled with the fixture drawing; dimensions remain null pending pose mapping"
Typhon IP Sharpshooter,124695,Blizzard Lighting,moving light,IP66 LEP beam,https://www.blizzardpro.com/products/typhon-ip-sharpshooter,"{""specifications"": {""protocols"": [""DMX512"", ""RDM"", ""Art-Net"", ""sACN""], ""dmx_channels"": [17, 19], ""power"": ""233 W at 100 V"", ""weight"": ""14.3 kg"", ""notable"": ""120 W LEP source, 1.1° beam, CMY, 12-color wheel, 17 fixed gobos, dual 8/24-facet prisms, frost, focus and IP66 rating."", ""source_urls"": [""https://www.blizzardpro.com/products/typhon-ip-sharpshooter""]}, ""dimensions"": {""width_m"": null, ""height_m"": null, ""depth_m"": null, ""axis_status"": ""unknown"", ""axis_note"": ""Official product page does not expose assembled dimensions; a retailer lists 329 x 222 x 516 mm but this is not used as a manufacturer-backed envelope."", ""reference_pose"": null}, ""evidence"": [{""url"": ""https://www.blizzardpro.com/products/typhon-ip-sharpshooter"", ""title"": ""Blizzard Typhon IP Sharpshooter product page"", ""locator"": ""Tech Specs: 17/19 DMX channels, DMX/RDM/Art-Net/sACN, 233 W draw, 31.5 lb assembled weight, LEP engine and optics; dimension field blank"", ""accessed_at"": ""2026-10-02"", ""source_kind"": ""manufacturer_product""}, {""url"": ""https://cdn.prod.website-files.com/63c80568891bfe007679d3f3/690f998d84cea5dad6f334d9_typhon-sharpshooter-right-yellow_1920x1920.webp"", ""title"": ""Blizzard Typhon IP Sharpshooter product image"", ""locator"": ""Official product-page image asset"", ""accessed_at"": ""2026-10-02"", ""source_kind"": ""manufacturer_product_image""}], ""blocking_issue"": {""id"": ""blizzard-lighting/typhon-ip-sharpshooter"", ""reason"": ""A sourced assembled width, height and depth have not all been established; The manufacturer product page has no assembled dimensions or dimensioned drawing; third-party dimensional figures were not substituted for the requested primary-source geometry"", ""category_id"": ""lighting.moving.beam"", ""stage"": ""research"", ""official_url"": ""https://www.blizzardpro.com/products/typhon-ip-sharpshooter"", ""name"": ""Typhon IP Sharpshooter"", ""manufacturer"": ""Blizzard Lighting"", ""source_images"": [""https://cdn.prod.website-files.com/63c80568891bfe007679d3f3/690f998d84cea5dad6f334d9_typhon-sharpshooter-right-yellow_1920x1920.webp""], ""reference_asset"": """"}}","[""https://cdn.prod.website-files.com/63c80568891bfe007679d3f3/690f998d84cea5dad6f334d9_typhon-sharpshooter-right-yellow_1920x1920.webp""]",research_only,,,,,,,,,,,touring-dj-2026-10,not_built,,lighting.moving.beam,See acquisition record,Lighting fixtures > Automated lighting > Beam,,research_only,,,,"A sourced assembled width, height and depth have not all been established; The manufacturer product page has no assembled dimensions or dimensioned drawing; third-party dimensional figures were not substituted for the requested primary-source geometry.",blocked,,"A sourced assembled width, height and depth have not all been established; The manufacturer product page has no assembled dimensions or dimensioned drawing; third-party dimensional figures were not substituted for the requested primary-source geometry"
Rogue R1 FX-B,Rogue R1 FX-B,CHAUVET Professional,moving light,multi-head beam effect,https://chauvetprofessional.com/product/rogue-r1-fx-b/,"{""specifications"": {""protocols"": [""DMX512"", ""Art-Net"", ""sACN"", ""Kling-Net""], ""dmx_channels"": [], ""power"": null, ""weight"": ""11 kg"", ""notable"": ""Five independently controlled RGBW heads with infinite pan and tilt; 6.2° beam angle."", ""source_urls"": [""https://chauvetprofessional.com/product/rogue-r1-fx-b/""]}, ""dimensions"": {""width_m"": 0.64, ""height_m"": 0.247, ""depth_m"": 0.179, ""axis_status"": ""estimated"", ""axis_note"": ""Product specifications state 640 × 179 × 247 mm without named axes. The official front/product view indicates a 640 mm horizontal head array, with the 247 mm dimension vertical and 179 mm front-to-back; mapped as width × height × depth = 640 × 247 × 179 mm. Treat as an image-informed estimate pending a dimensioned CAD drawing."", ""reference_pose"": ""Base level; multi-head array in the product's neutral assembled pose.""}, ""evidence"": [{""url"": ""https://chauvetprofessional.com/product/rogue-r1-fx-b/"", ""title"": ""Rogue R1 FX-B product specifications"", ""locator"": ""Specifications: Optics, Dynamic Effects, Construction/Physical; dimensions 640 × 179 × 247 mm and weight 11 kg"", ""accessed_at"": ""2026-10-02"", ""source_kind"": ""manufacturer_product""}], ""blocking_issue"": {""id"": ""chauvet-professional/rogue-r1-fx-b"", ""reason"": ""Per-head pivot locations and overall bounding envelope across infinite pan/tilt motion are not specified by the product page; use neutral product pose only"", ""category_id"": ""lighting.moving.beam"", ""stage"": ""research"", ""official_url"": ""https://chauvetprofessional.com/product/rogue-r1-fx-b/"", ""name"": ""Rogue R1 FX-B"", ""manufacturer"": ""CHAUVET Professional"", ""source_images"": [""https://chauvetprofessional.com/wp-content/uploads/2025/10/ROGUE_R1_FXB-FRONT.840-FEAT.png""], ""reference_asset"": """"}}","[""https://chauvetprofessional.com/wp-content/uploads/2025/10/ROGUE_R1_FXB-FRONT.840-FEAT.png""]",research_only,,,,,,,,,,,touring-dj-2026-10,not_built,,lighting.moving.beam,See acquisition record,Lighting fixtures > Automated lighting > Beam,,research_only,,,,Per-head pivot locations and overall bounding envelope across infinite pan/tilt motion are not specified by the product page; use neutral product pose only.,blocked,,Per-head pivot locations and overall bounding envelope across infinite pan/tilt motion are not specified by the product page; use neutral product pose only
TORNADO,TB 5 IP,ACME,moving light,multi-head beam / wash effect,https://en.acmelighting.com/item/TORNADO,"{""specifications"": {""protocols"": [""DMX512"", ""RDM"", ""Art-Net"", ""sACN""], ""dmx_channels"": [41, 71, 75, 85, 170], ""power"": ""935 W"", ""weight"": ""30 kg"", ""notable"": ""Five separately controllable pan/tilt heads, each with 120 W RGBL engine, plus 120 RGB LEDs around the outer circle; 3°–30° zoom; IP66."", ""source_urls"": [""https://en.acmelighting.com/item/TORNADO""]}, ""dimensions"": {""width_m"": 1.0, ""height_m"": 0.35, ""depth_m"": 0.192, ""axis_status"": ""documented"", ""axis_note"": ""Manufacturer lists width 1000 mm, height 350 mm, depth 192 mm."", ""reference_pose"": ""Overall assembly in manufacturer dimension listing; individual head sweep not included.""}, ""evidence"": [{""url"": ""https://en.acmelighting.com/item/TORNADO"", ""title"": ""ACME TORNADO product specifications"", ""locator"": ""Overview; Technical Specification: light source, optical system, control, pan & tilt, electrical, physical; dimensions 1000 × 350 × 192 mm and weight 30 kg"", ""accessed_at"": ""2026-10-02"", ""source_kind"": ""manufacturer_product""}], ""blocking_issue"": {""id"": ""acme/tornado"", ""reason"": ""Five individual head pivot coordinates and their swept clearance are not dimensioned in the page drawing; overall neutral envelope is known, articulation geometry needs a dimensioned CAD model/manual review"", ""category_id"": ""lighting.moving.wash"", ""stage"": ""research"", ""official_url"": ""https://en.acmelighting.com/item/TORNADO"", ""name"": ""TORNADO"", ""manufacturer"": ""ACME"", ""source_images"": [""https://en.acmelighting.com/upload/image/20250226/86c534cc35f7551fd231d49b777da246.png""], ""reference_asset"": """"}}","[""https://en.acmelighting.com/upload/image/20250226/86c534cc35f7551fd231d49b777da246.png""]",research_only,,,,,,,,,,,touring-dj-2026-10,not_built,,lighting.moving.wash,See acquisition record,Lighting fixtures > Automated lighting > Wash,,research_only,,,,"Five individual head pivot coordinates and their swept clearance are not dimensioned in the page drawing; overall neutral envelope is known, articulation geometry needs a dimensioned CAD model/manual review.",blocked,,"Five individual head pivot coordinates and their swept clearance are not dimensioned in the page drawing; overall neutral envelope is known, articulation geometry needs a dimensioned CAD model/manual review"
Source Four 36°,Source Four Ellipsoidal 36°,ETC,conventional light,ellipsoidal reflector spotlight,https://www.etcconnect.com/Products/Entertainment-Fixtures/Source-Four/,"{""specifications"": {""protocols"": [], ""dmx_channels"": [], ""power"": null, ""weight"": ""6.4 kg (includes C-clamp)"", ""notable"": ""36° fixed lens tube; 750 W HPL lamp compatibility is common for this family but this model-specific source did not establish a lamp/power limit."", ""source_urls"": [""https://www.etcconnect.com/Products/Entertainment-Fixtures/Source-Four/"", ""https://www.etcconnect.com/workarea/DownloadAsset.aspx?id=10737460423""]}, ""dimensions"": {""width_m"": 0.338, ""height_m"": 0.541, ""depth_m"": 0.579, ""axis_status"": ""documented"", ""axis_note"": ""Manufacturer 36° physical drawing labels 338 mm front-view width, 541 mm overall height and 579 mm maximum side-view depth; these are drawing extents for the assembled yoke/clamp pose."", ""reference_pose"": ""Manufacturer 36° dimensional drawing, yoke/clamp assembled; using maximum height/depth envelope.""}, ""evidence"": [{""url"": ""https://www.etcconnect.com/Products/Entertainment-Fixtures/Source-Four/"", ""title"": ""ETC Source Four product page"", ""locator"": ""Entertainment fixtures overview and Source Four family navigation"", ""accessed_at"": ""2026-10-02"", ""source_kind"": ""manufacturer_product""}, {""url"": ""https://www.etcconnect.com/workarea/DownloadAsset.aspx?id=10737460423"", ""title"": ""Source Four 36° Ellipsoidal Series physical drawing"", ""locator"": ""Physical dimension drawing; front and side orthographic dimensions; Source Four Weights table: 36° fixture 14 lb / 6.4 kg including 2.3 lb C-clamp"", ""accessed_at"": ""2026-10-02"", ""source_kind"": ""manufacturer_drawing""}], ""blocking_issue"": {""id"": ""etc/source-four-36"", ""reason"": ""DMX or network lighting control compatibility has not been verified; Power, lamp type options, accessory kit and current/legacy availability were not resolved from a current model-specific specification sheet"", ""category_id"": ""lighting.static.profile"", ""stage"": ""research"", ""official_url"": ""https://www.etcconnect.com/Products/Entertainment-Fixtures/Source-Four/"", ""name"": ""Source Four 36°"", ""manufacturer"": ""ETC"", ""source_images"": [""https://www.etcconnect.com/uploadedImages/Main_Site/Images/Products/Lighting_Fixtures/Source_Four/S4_clip.jpg""], ""reference_asset"": """"}}","[""https://www.etcconnect.com/uploadedImages/Main_Site/Images/Products/Lighting_Fixtures/Source_Four/S4_clip.jpg""]",research_only,,,,,,,,,,,touring-dj-2026-10,not_built,,lighting.static.profile,See acquisition record,Lighting fixtures > Static and manually focused > Profile / ellipsoidal (ERS),,research_only,,,,"DMX or network lighting control compatibility has not been verified; Power, lamp type options, accessory kit and current/legacy availability were not resolved from a current model-specific specification sheet.",blocked,,"DMX or network lighting control compatibility has not been verified; Power, lamp type options, accessory kit and current/legacy availability were not resolved from a current model-specific specification sheet"
Volero Twins,CL3040,Claypaky,moving light,multi-axis effect batten,https://www.claypaky.it/products/volero-twins/,"{""specifications"": {""protocols"": null, ""dmx_channels"": null, ""power"": ""700 W max"", ""weight"": ""29.3 kg"", ""notable"": ""Eight 60 W RGBW LEDs, 20 cold-white strobe segments, 5.2°–46.7° zoom; endless pan."", ""source_urls"": [""https://www.claypaky.it/products/volero-twins/""]}, ""dimensions"": {""width_m"": 0.447, ""height_m"": 0.495, ""depth_m"": 0.24, ""axis_status"": ""estimated"", ""axis_note"": ""Manufacturer states 447 x 240 mm base and 495 mm vertical-head height; width/depth assignment follows product views and is estimated."", ""reference_pose"": ""Head vertical; base level.""}, ""evidence"": [{""url"": ""https://www.claypaky.it/products/volero-twins/"", ""title"": ""Volero Twins product page"", ""locator"": ""Light source, zoom, effects, endless pan; WEIGHT-SIZE: 29.3 kg, 447 x 240 mm base, 495 mm vertical-head height, 700 W"", ""accessed_at"": ""2026-10-02"", ""source_kind"": ""manufacturer_product""}], ""blocking_issue"": {""id"": ""claypaky/volero-twins"", ""reason"": ""DMX or network lighting control compatibility has not been verified; Current fixture geometry flags cannot represent the independently articulated dual-engine/endless-pan assembly; supported-family preview would materially misrepresent the movement geometry"", ""category_id"": ""lighting.static.batten"", ""stage"": ""research"", ""official_url"": ""https://www.claypaky.it/products/volero-twins/"", ""name"": ""Volero Twins"", ""manufacturer"": ""Claypaky"", ""source_images"": [""https://www.claypaky.it/wp-content/uploads/2025/06/Claypaky_VoleroTwins_featured.jpg""], ""reference_asset"": """"}}","[""https://www.claypaky.it/wp-content/uploads/2025/06/Claypaky_VoleroTwins_featured.jpg""]",research_only,,,,,,,,,,,touring-dj-2026-10,not_built,,lighting.static.batten,See acquisition record,Lighting fixtures > Static and manually focused > Linear batten / striplight,,research_only,,,,DMX or network lighting control compatibility has not been verified; Current fixture geometry flags cannot represent the independently articulated dual-engine/endless-pan assembly; supported-family preview would materially misrepresent the movement geometry.,blocked,,DMX or network lighting control compatibility has not been verified; Current fixture geometry flags cannot represent the independently articulated dual-engine/endless-pan assembly; supported-family preview would materially misrepresent the movement geometry
Arolla Aqua LT,CL3037 / CL3048 MG / CL3041 FS / CL3049 FS MG,Claypaky,moving light,IP66 long-throw profile,https://www.claypaky.it/products/arolla-aqua-lt/,"{""specifications"": {""protocols"": null, ""dmx_channels"": null, ""power"": null, ""weight"": null, ""notable"": ""Current product index lists standard, MG, FS and FS MG codes; treat these as separate geometry/control variants pending evidence."", ""source_urls"": [""https://www.claypaky.it/products/arolla-aqua-lt/""]}, ""dimensions"": {""width_m"": null, ""height_m"": null, ""depth_m"": null, ""axis_status"": ""unknown"", ""axis_note"": ""Variant dimensions not transcribed."", ""reference_pose"": null}, ""evidence"": [{""url"": ""https://www.claypaky.it/products/arolla-aqua-lt/"", ""title"": ""Arolla Aqua LT product page"", ""locator"": ""Product identity and variant codes"", ""accessed_at"": ""2026-10-02"", ""source_kind"": ""manufacturer_product""}], ""blocking_issue"": {""id"": ""claypaky/arolla-aqua-lt"", ""reason"": ""A sourced assembled width, height and depth have not all been established; DMX or network lighting control compatibility has not been verified; An exact-model product reference image is unavailable; Official index exposes several product codes but not enough exact-model technical data or isolated product imagery to split and build the variants reliably"", ""category_id"": ""lighting.moving.profile"", ""stage"": ""research"", ""official_url"": ""https://www.claypaky.it/products/arolla-aqua-lt/"", ""name"": ""Arolla Aqua LT"", ""manufacturer"": ""Claypaky"", ""source_images"": [], ""reference_asset"": """"}}",[],research_only,,,,,,,,,,,touring-dj-2026-10,not_built,,lighting.moving.profile,See acquisition record,Lighting fixtures > Automated lighting > Framing profile,,research_only,,,,"A sourced assembled width, height and depth have not all been established; DMX or network lighting control compatibility has not been verified; An exact-model product reference image is unavailable; Official index exposes several product codes but not enough exact-model technical data or isolated product imagery to split and build the variants reliably.",blocked,,"A sourced assembled width, height and depth have not all been established; DMX or network lighting control compatibility has not been verified; An exact-model product reference image is unavailable; Official index exposes several product codes but not enough exact-model technical data or isolated product imagery to split and build the variants reliably"
Arolla Aqua HP,CL3035–CL3042 (FS variants),Claypaky,moving light,IP66 high-output profile,https://www.claypaky.it/products/arolla-aqua-hp/,"{""specifications"": {""protocols"": null, ""dmx_channels"": null, ""power"": null, ""weight"": null, ""notable"": ""Current manufacturer index lists HP model codes and framing-system variants; exact variant split remains to resolve."", ""source_urls"": [""https://www.claypaky.it/products/arolla-aqua-hp/""]}, ""dimensions"": {""width_m"": null, ""height_m"": null, ""depth_m"": null, ""axis_status"": ""unknown"", ""axis_note"": ""Variant dimensions not transcribed."", ""reference_pose"": null}, ""evidence"": [{""url"": ""https://www.claypaky.it/products/arolla-aqua-hp/"", ""title"": ""Arolla Aqua HP product page"", ""locator"": ""Product index and model codes"", ""accessed_at"": ""2026-10-02"", ""source_kind"": ""manufacturer_product""}], ""blocking_issue"": {""id"": ""claypaky/arolla-aqua-hp"", ""reason"": ""A sourced assembled width, height and depth have not all been established; DMX or network lighting control compatibility has not been verified; An exact-model product reference image is unavailable; Official index lists HP and framing-system variants, but exact technical data, dimensions, controls and exact-model product imagery were not captured; model codes remain unsplit"", ""category_id"": ""lighting.moving.profile"", ""stage"": ""research"", ""official_url"": ""https://www.claypaky.it/products/arolla-aqua-hp/"", ""name"": ""Arolla Aqua HP"", ""manufacturer"": ""Claypaky"", ""source_images"": [], ""reference_asset"": """"}}",[],research_only,,,,,,,,,,,touring-dj-2026-10,not_built,,lighting.moving.profile,See acquisition record,Lighting fixtures > Automated lighting > Framing profile,,research_only,,,,"A sourced assembled width, height and depth have not all been established; DMX or network lighting control compatibility has not been verified; An exact-model product reference image is unavailable; Official index lists HP and framing-system variants, but exact technical data, dimensions, controls and exact-model product imagery were not captured; model codes remain unsplit.",blocked,,"A sourced assembled width, height and depth have not all been established; DMX or network lighting control compatibility has not been verified; An exact-model product reference image is unavailable; Official index lists HP and framing-system variants, but exact technical data, dimensions, controls and exact-model product imagery were not captured; model codes remain unsplit"
Arolla Aqua Wash HC,CL3036 PC / CL3033 Fresnel,Claypaky,moving light,IP66 wash,https://www.claypaky.it/products/arolla-aqua-wash-hc/,"{""specifications"": {""protocols"": null, ""dmx_channels"": null, ""power"": null, ""weight"": null, ""notable"": ""Manufacturer lists PC lens and Fresnel lens variants; variants should remain distinct pending dimensional confirmation."", ""source_urls"": [""https://www.claypaky.it/products/arolla-aqua-wash-hc/""]}, ""dimensions"": {""width_m"": null, ""height_m"": null, ""depth_m"": null, ""axis_status"": ""unknown"", ""axis_note"": ""Lens-specific body and dimensions not transcribed."", ""reference_pose"": null}, ""evidence"": [{""url"": ""https://www.claypaky.it/products/arolla-aqua-wash-hc/"", ""title"": ""Arolla Aqua Wash HC product page"", ""locator"": ""Product variants"", ""accessed_at"": ""2026-10-02"", ""source_kind"": ""manufacturer_product""}], ""blocking_issue"": {""id"": ""claypaky/arolla-aqua-wash-hc"", ""reason"": ""A sourced assembled width, height and depth have not all been established; DMX or network lighting control compatibility has not been verified; An exact-model product reference image is unavailable; Official product page identifies PC and Fresnel optical variants but exact-model images, dimensions and variant-specific control/specification data were not captured"", ""category_id"": ""lighting.moving.wash"", ""stage"": ""research"", ""official_url"": ""https://www.claypaky.it/products/arolla-aqua-wash-hc/"", ""name"": ""Arolla Aqua Wash HC"", ""manufacturer"": ""Claypaky"", ""source_images"": [], ""reference_asset"": """"}}",[],research_only,,,,,,,,,,,touring-dj-2026-10,not_built,,lighting.moving.wash,See acquisition record,Lighting fixtures > Automated lighting > Wash,,research_only,,,,"A sourced assembled width, height and depth have not all been established; DMX or network lighting control compatibility has not been verified; An exact-model product reference image is unavailable; Official product page identifies PC and Fresnel optical variants but exact-model images, dimensions and variant-specific control/specification data were not captured.",blocked,,"A sourced assembled width, height and depth have not all been established; DMX or network lighting control compatibility has not been verified; An exact-model product reference image is unavailable; Official product page identifies PC and Fresnel optical variants but exact-model images, dimensions and variant-specific control/specification data were not captured"
S-600 Snow Machine,S-600,Antari,equipment,high-output snow effect machine,https://antari.com/products/s-600/,"{""specifications"": {""protocols"": [""DMX512"", ""manual"", ""timer"", ""wireless"", ""optional W-DMX"", ""optional wired remote""], ""dmx_channels"": [3], ""power"": ""1200 W"", ""weight"": ""24.0 kg"", ""notable"": ""High-output snow blower; 3-channel control; 5 m fluid tube with filter; external supply tank is optional and excluded from body dimensions."", ""source_urls"": [""https://antari.com/products/s-600/"", ""https://www.antari.com/ProductGuide/2026/2026ProductGuide.pdf""]}, ""dimensions"": {""width_m"": 0.596, ""height_m"": 0.63, ""depth_m"": 0.462, ""axis_status"": ""documented"", ""axis_note"": ""Current product page L/W/H = 462/596/630 mm mapped to depth/width/height; guide lists a slightly different later envelope 464/624/661 mm, so dimensions remain tied to current product specification pending revision confirmation."", ""reference_pose"": ""Body resting in the upright product pose; external hose and optional bottle holder excluded.""}, ""evidence"": [{""url"": ""https://antari.com/products/s-600/"", ""title"": ""S-600 Snow Machine product page"", ""locator"": ""Specifications: 462 × 596 × 630 mm, 24 kg, power and control"", ""accessed_at"": ""2026-10-02"", ""document_revision"": ""current web product page; manual Rev.06"", ""source_kind"": ""manufacturer_product""}, {""url"": ""https://www.antari.com/ProductGuide/2026/2026ProductGuide.pdf"", ""title"": ""Antari 2026 Product Guide"", ""locator"": ""S-600 product panel gives 464 × 624 × 661 mm and 26 kg, conflicting with current web page"", ""accessed_at"": ""2026-10-02"", ""document_revision"": ""2026"", ""source_kind"": ""manufacturer_manual""}], ""blocking_issue"": {""id"": ""antari/s-600-snow-machine"", ""reason"": ""Unresolved manufacturer dimension conflict: current page/manual details give 462 × 596 × 630 mm and 24 kg; 2026 guide gives 464 × 624 × 661 mm and 26 kg. Retained webpage values, do not treat scaled model as final until revision is resolved"", ""category_id"": ""effects.snow"", ""stage"": ""research"", ""official_url"": ""https://antari.com/products/s-600/"", ""name"": ""S-600 Snow Machine"", ""manufacturer"": ""Antari"", ""source_images"": [""https://antari.com/wp-content/uploads/S-600_main-1000x1000-1.jpg""], ""reference_asset"": """"}}","[""https://antari.com/wp-content/uploads/S-600_main-1000x1000-1.jpg""]",research_only,,,,,,,,,,,legacy-effects-2026-10,not_built,,effects.snow,See acquisition record,Special-effects appliances > Snow / foam-look machine,,research_only,,,,"Unresolved manufacturer dimension conflict: current page/manual details give 462 × 596 × 630 mm and 24 kg; 2026 guide gives 464 × 624 × 661 mm and 26 kg; Retained webpage values, do not treat scaled model as final until revision is resolved.",blocked,,"Unresolved manufacturer dimension conflict: current page/manual details give 462 × 596 × 630 mm and 24 kg; 2026 guide gives 464 × 624 × 661 mm and 26 kg. Retained webpage values, do not treat scaled model as final until revision is resolved"
Entour Chill,ENT791,ADJ,equipment,water-and-ice low fog machine,https://www.adj.com/products/entour-chill,"{""specifications"": {""protocols"": [""DMX512"", ""manual"", ""timer"", ""included wired timer remote""], ""dmx_channels"": [1], ""power"": ""820 W maximum"", ""weight"": ""7.8 kg"", ""notable"": ""Continuous low-lying fog unit using standard water-based fluid and ice; 1 L internal fluid reservoir and 2.5 kg ice hopper; drainage bag and hose are included accessories."", ""source_urls"": [""https://www.adj.com/products/entour-chill""]}, ""dimensions"": {""width_m"": 0.3, ""height_m"": 0.271, ""depth_m"": 0.462, ""axis_status"": ""documented"", ""axis_note"": ""ADJ lists L × W × H = 461.85 × 300 × 270.82 mm. A later ADJ news post gives different dimensions (420 × 297 × 273 mm); product specification and linked dimensional drawing govern, discrepancy retained."", ""reference_pose"": ""Case upright with ice hopper lid closed, hose/output facing forward; optional drainage bag, remote and output hose excluded.""}, ""evidence"": [{""url"": ""https://www.adj.com/products/entour-chill"", ""title"": ""Entour Chill product page"", ""locator"": ""Specifications, control, electrical and physical dimensions; SKU ENT791"", ""accessed_at"": ""2026-10-02"", ""document_revision"": ""current product page"", ""source_kind"": ""manufacturer_product""}], ""blocking_issue"": {""id"": ""adj/entour-chill"", ""reason"": ""ADJ page gives 461.85 × 300 × 270.82 mm, while a 2020 manufacturer news post gives 420 × 297 × 273 mm. The product page links a dimensional drawing and that page specification is retained; verify PDF before modeling"", ""category_id"": ""atmosphere.low_fog"", ""stage"": ""research"", ""official_url"": ""https://www.adj.com/products/entour-chill"", ""name"": ""Entour Chill"", ""manufacturer"": ""ADJ"", ""source_images"": [""https://www.adj.com/cdn/shop/files/3e7661948e28165dc0fdeddd00b573fd2c2deb36_ENT791__IMG__001__fd97ff053a3a.jpg?v=1776712412&width=1200""], ""reference_asset"": """"}}","[""https://www.adj.com/cdn/shop/files/3e7661948e28165dc0fdeddd00b573fd2c2deb36_ENT791__IMG__001__fd97ff053a3a.jpg?v=1776712412&width=1200""]",research_only,,,,,,,,,,,legacy-effects-2026-10,not_built,,atmosphere.low_fog,See acquisition record,Atmosphere and air movement > Low-lying fog,,research_only,,,,"ADJ page gives 461.85 × 300 × 270.82 mm, while a 2020 manufacturer news post gives 420 × 297 × 273 mm; The product page links a dimensional drawing and that page specification is retained; verify PDF before modeling.",blocked,,"ADJ page gives 461.85 × 300 × 270.82 mm, while a 2020 manufacturer news post gives 420 × 297 × 273 mm. The product page links a dimensional drawing and that page specification is retained; verify PDF before modeling"
HZ-350 Hazer,HZ-350,Antari,equipment,oil-based haze generator,https://antari.com/products/hz-350/,"{""specifications"": {""protocols"": [""DMX512"", ""manual"", ""timer"", ""wireless"", ""optional cable remote""], ""dmx_channels"": [1], ""power"": ""390 W"", ""weight"": ""14.2 kg"", ""notable"": ""2.5 L reservoir; current haze model with 1-channel DMX, supplied W-1 wireless transmitter, and up to 52-hour stated runtime at full output."", ""source_urls"": [""https://antari.com/products/hz-350/"", ""https://www.antari.com/usermanual/HZ/HZ-350/""]}, ""dimensions"": {""width_m"": 0.273, ""height_m"": 0.315, ""depth_m"": 0.492, ""axis_status"": ""documented"", ""axis_note"": ""Manufacturer L/W/H = 492/273/315 mm mapped to depth/width/height."", ""reference_pose"": ""Machine on feet, haze outlets forward; supplied wireless remote excluded.""}, ""evidence"": [{""url"": ""https://antari.com/products/hz-350/"", ""title"": ""HZ-350 Hazer product page"", ""locator"": ""Current specifications: 390 W, 2.5 L, dimensions, 1-channel DMX and current feature set"", ""accessed_at"": ""2026-10-02"", ""document_revision"": ""current page; manual Rev.06"", ""source_kind"": ""manufacturer_product""}, {""url"": ""https://www.antari.com/usermanual/HZ/HZ-350/"", ""title"": ""HZ-350 User Manual"", ""locator"": ""Current model manual linked by manufacturer; dimensions and technical specs"", ""accessed_at"": ""2026-10-02"", ""document_revision"": ""manufacturer manual page"", ""source_kind"": ""manufacturer_manual""}], ""blocking_issue"": {""id"": ""antari/hz-350-hazer"", ""reason"": ""Current product page and manual refer to current-generation model. The older 2022 HZ-350 generation has different dimensions and power; verify manufacturing generation before selecting geometry"", ""category_id"": ""atmosphere.haze_oil"", ""stage"": ""research"", ""official_url"": ""https://antari.com/products/hz-350/"", ""name"": ""HZ-350 Hazer"", ""manufacturer"": ""Antari"", ""source_images"": [""https://antari.com/wp-content/uploads/HZ-350_01.jpg""], ""reference_asset"": """"}}","[""https://antari.com/wp-content/uploads/HZ-350_01.jpg""]",research_only,,,,,,,,,,,legacy-effects-2026-10,not_built,,atmosphere.haze_oil,See acquisition record,Atmosphere and air movement > Oil-based / atomizing hazer,,research_only,,,,Current product page and manual refer to current-generation model; The older 2022 HZ-350 generation has different dimensions and power; verify manufacturing generation before selecting geometry.,blocked,,Current product page and manual refer to current-generation model. The older 2022 HZ-350 generation has different dimensions and power; verify manufacturing generation before selecting geometry
SW-300 Snow Machine,SW-300,Antari,equipment,wireless long-throw snow machine,https://antari.com/products/sw-300/,"{""specifications"": {""protocols"": [""DMX512"", ""RDM"", ""manual"", ""timer"", ""wireless"", ""optional cable remote""], ""dmx_channels"": [2], ""power"": ""880 W"", ""weight"": ""11.5 kg"", ""notable"": ""Patented long-throw nozzle, insulated body; 5 L reservoir; supplied W-1 transmitter; current page says 2-channel DMX with RDM."", ""source_urls"": [""https://antari.com/products/sw-300/"", ""https://www.antari.com/usermanual/S/SW-300/SW-300.pdf""]}, ""dimensions"": {""width_m"": 0.376, ""height_m"": 0.349, ""depth_m"": 0.513, ""axis_status"": ""documented"", ""axis_note"": ""Current product page gives L/W/H=513/376/349 mm. The manual gives a conflicting 500/276/311 mm tuple; product page values are retained provisionally."", ""reference_pose"": ""Machine upright with long-throw snow outlet forward; bracket included in assembled product, floor bracket excluded.""}, ""evidence"": [{""url"": ""https://antari.com/products/sw-300/"", ""title"": ""SW-300 Snow Machine product page"", ""locator"": ""Specifications: dimensions, mass, power, 2-channel DMX/RDM, wireless and nozzle"", ""accessed_at"": ""2026-10-02"", ""document_revision"": ""current product page; manual Rev.03"", ""source_kind"": ""manufacturer_product""}, {""url"": ""https://www.antari.com/usermanual/S/SW-300/SW-300.pdf"", ""title"": ""SW-300 User Manual"", ""locator"": ""Technical specifications and dimension drawing; L500 W276 H311 mm"", ""accessed_at"": ""2026-10-02"", ""document_revision"": ""current manual PDF, Rev.03"", ""source_kind"": ""manufacturer_manual""}], ""blocking_issue"": {""id"": ""antari/sw-300-snow-machine"", ""reason"": ""Product page dimension string 513 × 376 × 349 mm conflicts materially with manual 500 × 276 × 311 mm. Resolve the current assembled dimension set before modeling"", ""category_id"": ""effects.snow"", ""stage"": ""research"", ""official_url"": ""https://antari.com/products/sw-300/"", ""name"": ""SW-300 Snow Machine"", ""manufacturer"": ""Antari"", ""source_images"": [""https://antari.com/wp-content/uploads/SW-300_01.jpg""], ""reference_asset"": """"}}","[""https://antari.com/wp-content/uploads/SW-300_01.jpg""]",research_only,,,,,,,,,,,legacy-effects-2026-10,not_built,,effects.snow,See acquisition record,Special-effects appliances > Snow / foam-look machine,,research_only,,,,Product page dimension string 513 × 376 × 349 mm conflicts materially with manual 500 × 276 × 311 mm; Resolve the current assembled dimension set before modeling.,blocked,,Product page dimension string 513 × 376 × 349 mm conflicts materially with manual 500 × 276 × 311 mm. Resolve the current assembled dimension set before modeling
Scorpion Dual,Scorpion Dual,CHAUVET DJ,special effect,dual-aperture green laser projector,https://www.chauvetdj.com/products/scorpion-dual/,"{""specifications"": {""protocols"": [""DMX (10-channel mode)"", ""IR remote (optional IRC-6)"", ""standalone"", ""master/slave""], ""dmx_channels"": [10], ""power"": ""19 W at 230 V; 20 W at 120 V"", ""weight"": ""2.4 kg"", ""notable"": ""Dual mirror output; 532 nm/50 mW green diode; M12 bracket mount; no ILDA input documented."", ""source_urls"": [""https://www.chauvetdj.com/products/scorpion-dual/""]}, ""dimensions"": {""width_m"": 0.226, ""height_m"": 0.205, ""depth_m"": 0.194, ""axis_status"": ""documented"", ""axis_note"": ""Manufacturer page size 226 x 205 x 194 mm; interpreted as W x H x D per product specification order."", ""reference_pose"": ""Assembled housing; base level.""}, ""evidence"": [{""url"": ""https://www.chauvetdj.com/products/scorpion-dual/"", ""title"": ""Scorpion Dual product page"", ""locator"": ""Specifications and highlights"", ""accessed_at"": ""2026-10-02"", ""source_kind"": ""manufacturer_product""}], ""blocking_issue"": {""id"": ""chauvet-dj/scorpion-dual"", ""reason"": ""Dimensions lack a separate drawing citation"", ""category_id"": ""lighting.effects.laser"", ""stage"": ""research"", ""official_url"": ""https://www.chauvetdj.com/products/scorpion-dual/"", ""name"": ""Scorpion Dual"", ""manufacturer"": ""CHAUVET DJ"", ""source_images"": [""https://www.chauvetdj.com/wp-content/uploads/2015/12/scorpion-dual-cat.jpg""], ""reference_asset"": """"}}","[""https://www.chauvetdj.com/wp-content/uploads/2015/12/scorpion-dual-cat.jpg""]",research_only,,,,,,,,,,,legacy-effects-2026-10,not_built,,lighting.effects.laser,See acquisition record,Lighting fixtures > Visible and audience effects > Show laser projector,,research_only,,,,Dimensions lack a separate drawing citation.,blocked,,Dimensions lack a separate drawing citation
Scorpion Bar RG,Scorpion Bar RG,CHAUVET DJ,special effect,linear red/green laser array,https://www.chauvetdj.com/products/scorpion-bar-rg/,"{""specifications"": {""protocols"": [""DMX (2- or 10-channel mode)"", ""IR remote (optional IRC-6)"", ""standalone"", ""master/slave""], ""dmx_channels"": [2, 10], ""power"": ""51 W at 230 V; 53 W at 120 V"", ""weight"": ""5.4 kg"", ""notable"": ""Red/green diode array; 3-pin XLR DMX; manufacturer lists included mounting bracket. Emitter-aperture count not stated in reviewed source."", ""source_urls"": [""https://www.chauvetdj.com/products/scorpion-bar-rg/""]}, ""dimensions"": {""width_m"": 0.537, ""height_m"": 0.268, ""depth_m"": 0.17, ""axis_status"": ""documented"", ""axis_note"": ""Manufacturer dimensions 537 x 268 x 170 mm; page lists size in this order; long axis treated as width for a horizontal bar."", ""reference_pose"": ""Bar horizontal with included mounting bracket attached.""}, ""evidence"": [{""url"": ""https://www.chauvetdj.com/products/scorpion-bar-rg/"", ""title"": ""Scorpion Bar RG product page"", ""locator"": ""Specifications, highlights and included equipment"", ""accessed_at"": ""2026-10-02"", ""source_kind"": ""manufacturer_product""}], ""blocking_issue"": {""id"": ""chauvet-dj/scorpion-bar-rg"", ""reason"": ""The visible optical module count has not been established; Exact aperture count not established from source-backed product imagery/specifications"", ""category_id"": ""lighting.effects.laser"", ""stage"": ""research"", ""official_url"": ""https://www.chauvetdj.com/products/scorpion-bar-rg/"", ""name"": ""Scorpion Bar RG"", ""manufacturer"": ""CHAUVET DJ"", ""source_images"": [""https://www.chauvetdj.com/wp-content/uploads/2016/01/gal-Scorpion-Bar-RG-1.jpg""], ""reference_asset"": """"}}","[""https://www.chauvetdj.com/wp-content/uploads/2016/01/gal-Scorpion-Bar-RG-1.jpg""]",research_only,,,,,,,,,,,legacy-effects-2026-10,not_built,,lighting.effects.laser,See acquisition record,Lighting fixtures > Visible and audience effects > Show laser projector,,research_only,,,,The visible optical module count has not been established; Exact aperture count not established from source-backed product imagery/specifications.,blocked,,The visible optical module count has not been established; Exact aperture count not established from source-backed product imagery/specifications
Scorpion Storm FXRG,Scorpion Storm FXRG,CHAUVET DJ,special effect,red/green beam array laser effect,https://www.chauvetdj.com/products/scorpion-storm-fxrg/,"{""specifications"": {""protocols"": [""DMX (7 channels)"", ""standalone"", ""master/slave"", ""sound active""], ""dmx_channels"": [7], ""notable"": ""Compact red/green laser effect; source page says beams are independently controllable. DMX channel map intentionally not transcribed."", ""source_urls"": [""https://www.chauvetdj.com/products/scorpion-storm-fxrg/""]}, ""dimensions"": {""width_m"": 0.229, ""height_m"": 0.234, ""depth_m"": 0.276, ""axis_status"": ""documented"", ""axis_note"": ""Manufacturer product page: 276 x 229 x 234 mm (L x W x H)."", ""reference_pose"": ""Assembled housing, base level.""}, ""evidence"": [{""url"": ""https://www.chauvetdj.com/products/scorpion-storm-fxrg/"", ""title"": ""Scorpion Storm FXRG product page"", ""locator"": ""Highlights, DMX channel count and compliance"", ""accessed_at"": ""2026-10-02"", ""source_kind"": ""manufacturer_product""}], ""blocking_issue"": {""id"": ""chauvet-dj/scorpion-storm-fxrg"", ""reason"": ""The visible optical module count has not been established; Exact laser aperture count not established"", ""category_id"": ""lighting.effects.laser"", ""stage"": ""research"", ""official_url"": ""https://www.chauvetdj.com/products/scorpion-storm-fxrg/"", ""name"": ""Scorpion Storm FXRG"", ""manufacturer"": ""CHAUVET DJ"", ""source_images"": [""https://www.chauvetdj.com/wp-content/uploads/2015/12/Scorpion-Storm-FXRG-1.jpg""], ""reference_asset"": """"}}","[""https://www.chauvetdj.com/wp-content/uploads/2015/12/Scorpion-Storm-FXRG-1.jpg""]",research_only,,,,,,,,,,,legacy-effects-2026-10,not_built,,lighting.effects.laser,See acquisition record,Lighting fixtures > Visible and audience effects > Show laser projector,,research_only,,,,The visible optical module count has not been established; Exact laser aperture count not established.,blocked,,The visible optical module count has not been established; Exact laser aperture count not established
CO2 JET X-C1,X-C1,SHOWVEN,special effect,CO2 jet head,https://www.showven.cn/product/co2-jet-x-c1/,"{""specifications"": {""protocols"": [""DMX (1 channel)"", ""direct on/off voltage control""], ""dmx_channels"": [1], ""power"": ""24 W"", ""weight"": ""5 kg"", ""notable"": ""Stainless steel body; adjustable output angle 0–180 degrees; CO2 quick coupler listed by manufacturer. Direct on/off is a separate control path, not DMX."", ""source_urls"": [""https://www.showven.cn/product/co2-jet-x-c1/""]}, ""dimensions"": {""width_m"": 0.285, ""height_m"": 0.192, ""depth_m"": 0.192, ""axis_status"": ""documented"", ""axis_note"": ""Manufacturer page dimensions 285 x 192 x 192 mm; first axis treated as width per drawing orientation pending image review."", ""reference_pose"": ""Housing assembled; adjustable outlet angle neutral/forward.""}, ""evidence"": [{""url"": ""https://www.showven.cn/product/co2-jet-x-c1/"", ""title"": ""SHOWVEN CO2 JET X-C1 product page"", ""locator"": ""Specifications and features"", ""accessed_at"": ""2026-10-02"", ""source_kind"": ""manufacturer_product""}], ""blocking_issue"": {""id"": ""showven/co2-jet-x-c1"", ""reason"": ""Dimension axis orientation needs drawing confirmation"", ""category_id"": ""effects.co2"", ""stage"": ""research"", ""official_url"": ""https://www.showven.cn/product/co2-jet-x-c1/"", ""name"": ""CO2 JET X-C1"", ""manufacturer"": ""SHOWVEN"", ""source_images"": [""https://www.showven.cn/wp-content/uploads/2024/03/%E4%BA%8C%E6%B0%A7%E5%8C%96%E7%A2%B3%E6%B0%94%E6%9F%B1-500x500.png""], ""reference_asset"": """"}}","[""https://www.showven.cn/wp-content/uploads/2024/03/%E4%BA%8C%E6%B0%A7%E5%8C%96%E7%A2%B3%E6%B0%94%E6%9F%B1-500x500.png""]",research_only,,,,,,,,,,,legacy-effects-2026-10,not_built,,effects.co2,See acquisition record,Special-effects appliances > Liquid-CO2 / gas jet,,research_only,,,,Dimension axis orientation needs drawing confirmation.,blocked,,Dimension axis orientation needs drawing confirmation
FLAMEBLAZER Standalone,MFX1401,MAGIC FX,special effect,liquid flame effect machine,https://www.magicfx.eu/data/uploads/documents/MAGICFX_FLAMEBLAZER_MANUAL.pdf,"{""specifications"": {""protocols"": [""DMX512-A / RDM"", ""dedicated pyro trigger input""], ""power"": ""370 W"", ""weight"": ""18.7 kg empty"", ""notable"": ""5-pole XLR control and 4 mm banana trigger terminals are distinct interfaces; 220–250 VAC; manufacturer manual contains general fuel and safety dependencies. No firing channel details included."", ""source_urls"": [""https://www.magicfx.eu/data/uploads/documents/MAGICFX_FLAMEBLAZER_MANUAL.pdf""]}, ""dimensions"": {""width_m"": 0.3, ""height_m"": 0.281, ""depth_m"": 0.41, ""axis_status"": ""documented"", ""axis_note"": ""Manufacturer manual: length 410 mm, width 300 mm, height 281 mm; empty assembled machine dimensions."", ""reference_pose"": ""Base horizontal; nozzle oriented upward.""}, ""evidence"": [{""url"": ""https://www.magicfx.eu/data/uploads/documents/MAGICFX_FLAMEBLAZER_MANUAL.pdf"", ""title"": ""MAGICFX FLAMEBLAZER User and Installation Manual"", ""locator"": ""FLAMEBLAZER Standalone technical data, p. 7"", ""accessed_at"": ""2026-10-02"", ""source_kind"": ""manufacturer_manual""}], ""blocking_issue"": {""id"": ""magic-fx/flameblazer-standalone"", ""reason"": ""Official product still URL not extracted"", ""category_id"": ""effects.flame"", ""stage"": ""research"", ""official_url"": ""https://www.magicfx.eu/data/uploads/documents/MAGICFX_FLAMEBLAZER_MANUAL.pdf"", ""name"": ""FLAMEBLAZER Standalone"", ""manufacturer"": ""MAGIC FX"", ""source_images"": [""https://lemaitreltd.com/sites/lemaitreltd/cache/file/AD75D031-C865-4286-9E7926ADFF25C3DB.jpg""], ""reference_asset"": """"}}","[""https://lemaitreltd.com/sites/lemaitreltd/cache/file/AD75D031-C865-4286-9E7926ADFF25C3DB.jpg""]",research_only,,,,,,,,,,,legacy-effects-2026-10,not_built,,effects.flame,See acquisition record,Special-effects appliances > Flame-effect appliance,,research_only,,,,Official product still URL not extracted.,blocked,,Official product still URL not extracted
Galaxian,Galaxian,ADJ,special effect,red/green laser array projector,https://www.adj.com/products/galaxian,"{""specifications"": {""protocols"": [""DMX (4 channels)"", ""sound active"", ""primary/secondary""], ""dmx_channels"": [4], ""power"": ""12 W"", ""weight"": ""2.8 kg"", ""notable"": ""Manufacturer describes over 500 red/green laser beams; this is beam count, not lens count. Includes hanging bracket; discontinued status not established."", ""source_urls"": [""https://www.adj.com/products/galaxian""]}, ""dimensions"": {""width_m"": 0.248, ""height_m"": 0.071, ""depth_m"": 0.249, ""axis_status"": ""documented"", ""axis_note"": ""Manufacturer L x W x H 249 x 248 x 71 mm."", ""reference_pose"": ""Flat housing with hanging bracket attached.""}, ""evidence"": [{""url"": ""https://www.adj.com/products/galaxian"", ""title"": ""ADJ Galaxian product page"", ""locator"": ""Specifications: source, channels, power, dimensions and mass"", ""accessed_at"": ""2026-10-02"", ""source_kind"": ""manufacturer_product""}], ""blocking_issue"": {""id"": ""adj/galaxian"", ""reason"": ""The listed 71 mm height appears to describe only the housing, while the photo includes a taller hanging bracket; the assembled bracket envelope needs a dimensional drawing"", ""category_id"": ""lighting.effects.laser"", ""stage"": ""research"", ""official_url"": ""https://www.adj.com/products/galaxian"", ""name"": ""Galaxian"", ""manufacturer"": ""ADJ"", ""source_images"": [""https://www.adj.com/cdn/shop/files/896038a44e707ec22b40e120942f21b101901139_GALAXIAN__IMG__001__16485316a8d9.jpg?v=1776714566&width=418""], ""reference_asset"": """"}}","[""https://www.adj.com/cdn/shop/files/896038a44e707ec22b40e120942f21b101901139_GALAXIAN__IMG__001__16485316a8d9.jpg?v=1776714566&width=418""]",research_only,,,,,,,,,,,legacy-effects-2026-10,not_built,,lighting.effects.laser,See acquisition record,Lighting fixtures > Visible and audience effects > Show laser projector,,research_only,,,,"The listed 71 mm height appears to describe only the housing, while the photo includes a taller hanging bracket; the assembled bracket envelope needs a dimensional drawing.",blocked,,"The listed 71 mm height appears to describe only the housing, while the photo includes a taller hanging bracket; the assembled bracket envelope needs a dimensional drawing"
Startec Rayzer,Rayzer,ADJ,special effect,LED and RGB laser effect,https://www.adj.com/products/rayzer,"{""specifications"": {""protocols"": [""DMX-512 (3 modes)"", ""sound active"", ""show mode"", ""primary/secondary""], ""power"": ""53 W maximum"", ""weight"": ""2.1 kg"", ""notable"": ""126 RGB LEDs plus red, green and blue laser sources; key lock on European version only. Exact laser outlet count is not specified."", ""source_urls"": [""https://www.adj.com/products/rayzer""]}, ""dimensions"": {""width_m"": 0.217, ""height_m"": 0.235, ""depth_m"": 0.21, ""axis_status"": ""documented"", ""axis_note"": ""Manufacturer L x W x H 210 x 217 x 235 mm."", ""reference_pose"": ""Housing upright with mounting bracket.""}, ""evidence"": [{""url"": ""https://www.adj.com/products/rayzer"", ""title"": ""ADJ Startec Rayzer product page"", ""locator"": ""Optical, control, electrical and dimensions/weight specifications"", ""accessed_at"": ""2026-10-02"", ""source_kind"": ""manufacturer_product""}], ""blocking_issue"": {""id"": ""adj/startec-rayzer"", ""reason"": ""The model needs a supported geometry profile; The visible optical module count has not been established; Exact laser outlet count not recovered"", ""category_id"": ""lighting.effects.multi_effect"", ""stage"": ""research"", ""official_url"": ""https://www.adj.com/products/rayzer"", ""name"": ""Startec Rayzer"", ""manufacturer"": ""ADJ"", ""source_images"": [""https://www.adj.com/cdn/shop/files/54cccaf414c8c4944ec81f38c1a6d0aa789f0b22_RAY129__IMG__001__9241ee4a4ecc.jpg?v=1776712605&width=800""], ""reference_asset"": """"}}","[""https://www.adj.com/cdn/shop/files/54cccaf414c8c4944ec81f38c1a6d0aa789f0b22_RAY129__IMG__001__9241ee4a4ecc.jpg?v=1776712605&width=800""]",research_only,,,,,,,,,,,legacy-effects-2026-10,not_built,,lighting.effects.multi_effect,See acquisition record,Lighting fixtures > Visible and audience effects > Integrated multi-effect assembly,,research_only,,,,The model needs a supported geometry profile; The visible optical module count has not been established; Exact laser outlet count not recovered.,blocked,,The model needs a supported geometry profile; The visible optical module count has not been established; Exact laser outlet count not recovered
Stinger,Stinger (STI960),ADJ,special effect,LED moonflower/strobe/laser combo,https://www.adj.com/products/stinger,"{""specifications"": {""protocols"": [""DMX-512 (10 channels)"", ""sound active"", ""show mode"", ""primary/secondary""], ""dmx_channels"": [10], ""power"": ""70 W maximum"", ""weight"": ""5 kg"", ""notable"": ""Discontinued model; LEDs plus red/green laser sources; channel mapping omitted."", ""source_urls"": [""https://www.adj.com/products/stinger""]}, ""dimensions"": {""width_m"": 0.2305, ""height_m"": 0.248, ""depth_m"": 0.304, ""axis_status"": ""documented"", ""axis_note"": ""Manufacturer L x W x H 304 x 230.5 x 248 mm; webpage's inch conversion for height appears erroneous, so metric dimensions retained."", ""reference_pose"": ""Assembled unit, base level.""}, ""evidence"": [{""url"": ""https://www.adj.com/products/stinger"", ""title"": ""ADJ Stinger product page"", ""locator"": ""Specifications: source, modes, power, dimensions and mass"", ""accessed_at"": ""2026-10-02"", ""source_kind"": ""manufacturer_product""}], ""blocking_issue"": {""id"": ""adj/stinger"", ""reason"": ""The model needs a supported geometry profile; The visible optical module count has not been established; Exact laser outlet count not recovered"", ""category_id"": ""lighting.effects.multi_effect"", ""stage"": ""research"", ""official_url"": ""https://www.adj.com/products/stinger"", ""name"": ""Stinger"", ""manufacturer"": ""ADJ"", ""source_images"": [""https://www.adj.com/cdn/shop/files/944f905ae339bcce1f469c47e930a644d89df2c0_STI960__IMG__001__97f92424f2c9.jpg?v=1776715480&width=800""], ""reference_asset"": """"}}","[""https://www.adj.com/cdn/shop/files/944f905ae339bcce1f469c47e930a644d89df2c0_STI960__IMG__001__97f92424f2c9.jpg?v=1776715480&width=800""]",research_only,,,,,,,,,,,legacy-effects-2026-10,not_built,,lighting.effects.multi_effect,See acquisition record,Lighting fixtures > Visible and audience effects > Integrated multi-effect assembly,,research_only,,,,The model needs a supported geometry profile; The visible optical module count has not been established; Exact laser outlet count not recovered.,blocked,,The model needs a supported geometry profile; The visible optical module count has not been established; Exact laser outlet count not recovered
Boom Box FX2,Boom Box FX2,ADJ,special effect,LED and laser multi-effect bar,https://www.adj.com/products/boom-box-fx2,"{""specifications"": {""protocols"": [""DMX-512 (3- or 18-channel mode)"", ""sound active"", ""show mode"", ""primary/secondary""], ""dmx_channels"": [3, 18], ""power"": ""62 W maximum"", ""weight"": ""7 kg"", ""notable"": ""Green/red lasers plus gobo, moonflower and strobe/wash sources; 8 gobos. Laser aperture count not specified."", ""source_urls"": [""https://www.adj.com/products/boom-box-fx2""]}, ""dimensions"": {""width_m"": 0.634, ""height_m"": 0.319, ""depth_m"": 0.232, ""axis_status"": ""documented"", ""axis_note"": ""Manufacturer L x W x H 232 x 634 x 319 mm."", ""reference_pose"": ""Horizontal bar orientation with bracket attached.""}, ""evidence"": [{""url"": ""https://www.adj.com/products/boom-box-fx2"", ""title"": ""ADJ Boom Box FX2 product page"", ""locator"": ""Specifications: control, light sources, size and weight"", ""accessed_at"": ""2026-10-02"", ""source_kind"": ""manufacturer_product""}], ""blocking_issue"": {""id"": ""adj/boom-box-fx2"", ""reason"": ""The model needs a supported geometry profile; The visible optical module count has not been established; Exact laser outlet count not recovered"", ""category_id"": ""lighting.effects.multi_effect"", ""stage"": ""research"", ""official_url"": ""https://www.adj.com/products/boom-box-fx2"", ""name"": ""Boom Box FX2"", ""manufacturer"": ""ADJ"", ""source_images"": [""https://www.adj.com/cdn/shop/files/7022c1535af264d67d1ed14a1d509a6a7827c82b_BOO663__IMG__001__9e49d4bcb1c0.jpg?v=1776713992&width=800""], ""reference_asset"": """"}}","[""https://www.adj.com/cdn/shop/files/7022c1535af264d67d1ed14a1d509a6a7827c82b_BOO663__IMG__001__9e49d4bcb1c0.jpg?v=1776713992&width=800""]",research_only,,,,,,,,,,,legacy-effects-2026-10,not_built,,lighting.effects.multi_effect,See acquisition record,Lighting fixtures > Visible and audience effects > Integrated multi-effect assembly,,research_only,,,,The model needs a supported geometry profile; The visible optical module count has not been established; Exact laser outlet count not recovered.,blocked,,The model needs a supported geometry profile; The visible optical module count has not been established; Exact laser outlet count not recovered
Laser Widow,Laser Widow,ADJ,special effect,battery/adapter red laser pattern projector,https://www.adj.com/products/laser-widow,"{""specifications"": {""protocols"": [""manual control"", ""sound active"", ""auto speed""], ""visual_inventory_only"": true, ""control_path"": ""Manufacturer lists local manual, sound-active and auto-speed modes; no DMX or ILDA interface listed."", ""weight"": ""0.68 kg"", ""notable"": ""4.9 mW red laser; battery or 9 V adapter; discontinued manufacturer listing."", ""source_urls"": [""https://www.adj.com/products/laser-widow""]}, ""dimensions"": {""width_m"": 0.191, ""height_m"": null, ""depth_m"": 0.178, ""axis_status"": ""partial"", ""axis_note"": ""Manufacturer dimensions 7 x 7.5 x 4 in; width/depth ordering unclear, dimensions converted approximately; height axis not identified by source."", ""reference_pose"": ""Unknown orientation.""}, ""evidence"": [{""url"": ""https://www.adj.com/products/laser-widow"", ""title"": ""ADJ Laser Widow product page"", ""locator"": ""Specifications: source, control, dimensions and weight"", ""accessed_at"": ""2026-10-02"", ""source_kind"": ""manufacturer_product""}], ""blocking_issue"": {""id"": ""adj/laser-widow"", ""reason"": ""A sourced assembled width, height and depth have not all been established; The visible optical module count has not been established; Dimension orientation ambiguous; source gives three axes without identifying their order"", ""category_id"": ""lighting.effects.laser"", ""stage"": ""research"", ""official_url"": ""https://www.adj.com/products/laser-widow"", ""name"": ""Laser Widow"", ""manufacturer"": ""ADJ"", ""source_images"": [""https://www.adj.com/cdn/shop/files/8eacce0e6d6f59304ffb3004d12d5bdff897b81c_LASER_WIDOW__IMG__001__ea59aad3854d.jpg?v=1776715128&width=216""], ""reference_asset"": """"}}","[""https://www.adj.com/cdn/shop/files/8eacce0e6d6f59304ffb3004d12d5bdff897b81c_LASER_WIDOW__IMG__001__ea59aad3854d.jpg?v=1776715128&width=216""]",research_only,,,,,,,,,,,legacy-effects-2026-10,not_built,,lighting.effects.laser,"Manufacturer lists local manual, sound-active and auto-speed modes; no DMX or ILDA interface listed.",Lighting fixtures > Visible and audience effects > Show laser projector,,research_only,,,,"A sourced assembled width, height and depth have not all been established; The visible optical module count has not been established; Dimension orientation ambiguous; source gives three axes without identifying their order.",blocked,,"A sourced assembled width, height and depth have not all been established; The visible optical module count has not been established; Dimension orientation ambiguous; source gives three axes without identifying their order"
G300-Smart,G300-Smart,Le Maitre,special effect,continuous-flow smoke machine,https://lemaitreltd.com/downloads/smoke-machine-manuals/g300-smart-manual/,"{""specifications"": {""protocols"": [""DMX512 (1–4 channels, mode dependent)"", ""0–10 V"", ""Wi-Fi"", ""Ethernet""], ""power"": ""2200 W at 230 V"", ""weight"": ""18 kg without fluid"", ""notable"": ""Manual gives 610 x 210 x 295 mm enclosure and 5 L capacity. Use only the specified manufacturer fluids; no smoke output simulation implied."", ""source_urls"": [""https://lemaitreltd.com/downloads/smoke-machine-manuals/g300-smart-manual/"", ""https://lemaitreltd.com/products/smoke-fog-haze/smoke-fog-haze-machines/g300/le-maitre-smoke-machine-comparison-breakdown1/""]}, ""dimensions"": {""width_m"": 0.61, ""height_m"": 0.295, ""depth_m"": 0.21, ""axis_status"": ""documented"", ""axis_note"": ""Manufacturer technical manual dimensions 610 x 210 x 295 mm (L x W x H); bottle integrated within envelope."", ""reference_pose"": ""Base level; outlet forward.""}, ""evidence"": [{""url"": ""https://lemaitreltd.com/downloads/smoke-machine-manuals/g300-smart-manual/"", ""title"": ""Le Maitre G300-Smart Operating Manual"", ""locator"": ""Specifications: power, control, machine dimensions and mass"", ""accessed_at"": ""2026-10-02"", ""source_kind"": ""manufacturer_manual""}, {""url"": ""https://lemaitreltd.com/products/smoke-fog-haze/smoke-fog-haze-machines/g300/le-maitre-smoke-machine-comparison-breakdown1/"", ""title"": ""Le Maitre smoke-machine comparison"", ""locator"": ""G300-Smart model comparison"", ""accessed_at"": ""2026-10-02"", ""source_kind"": ""manufacturer_product""}], ""blocking_issue"": {""id"": ""le-maitre/g300-smart"", ""reason"": ""An exact-model product reference image is unavailable; Official still URL not recovered"", ""category_id"": ""atmosphere.fog"", ""stage"": ""research"", ""official_url"": ""https://lemaitreltd.com/downloads/smoke-machine-manuals/g300-smart-manual/"", ""name"": ""G300-Smart"", ""manufacturer"": ""Le Maitre"", ""source_images"": [], ""reference_asset"": """"}}",[],research_only,,,,,,,,,,,legacy-effects-2026-10,not_built,,atmosphere.fog,See acquisition record,Atmosphere and air movement > Fog / smoke-look generator,,research_only,,,,An exact-model product reference image is unavailable; Official still URL not recovered.,blocked,,An exact-model product reference image is unavailable; Official still URL not recovered
GForce 2,GForce 2,Le Maitre,special effect,continuous-flow smoke machine,https://lemaitreltd.com/products/smoke-fog-haze/smoke-fog-haze-machines/gforce-3/le-maitre-smoke-machine-comparison-breakdown/,"{""specifications"": {""protocols"": [""DMX512 (2 channels)"", ""manual/timer remote""], ""power"": ""2200 W at 230 V"", ""weight"": ""14.1 kg (31 lb)"", ""notable"": ""Bottle carrier adds length; manufacturer comparison dimensions 270 x 290 x 430 mm, or 550 mm long including carrier."", ""source_urls"": [""https://lemaitreltd.com/products/smoke-fog-haze/smoke-fog-haze-machines/gforce-3/le-maitre-smoke-machine-comparison-breakdown/""]}, ""dimensions"": {""width_m"": 0.27, ""height_m"": 0.43, ""depth_m"": 0.55, ""axis_status"": ""documented"", ""axis_note"": ""Manufacturer comparison gives 270 x 290 x 430 mm; overall length 550 mm with carrier, mapped W x H x D."", ""reference_pose"": ""Base level with bottle carrier fitted.""}, ""evidence"": [{""url"": ""https://lemaitreltd.com/products/smoke-fog-haze/smoke-fog-haze-machines/gforce-3/le-maitre-smoke-machine-comparison-breakdown/"", ""title"": ""Le Maitre smoke-machine comparison"", ""locator"": ""GForce 2 dimensions, mass and DMX"", ""accessed_at"": ""2026-10-02"", ""source_kind"": ""manufacturer_product""}], ""blocking_issue"": {""id"": ""le-maitre/gforce-2"", ""reason"": ""An exact-model product reference image is unavailable; Dedicated product manual and exact still URL not retrieved"", ""category_id"": ""atmosphere.fog"", ""stage"": ""research"", ""official_url"": ""https://lemaitreltd.com/products/smoke-fog-haze/smoke-fog-haze-machines/gforce-3/le-maitre-smoke-machine-comparison-breakdown/"", ""name"": ""GForce 2"", ""manufacturer"": ""Le Maitre"", ""source_images"": [], ""reference_asset"": """"}}",[],research_only,,,,,,,,,,,legacy-effects-2026-10,not_built,,atmosphere.fog,See acquisition record,Atmosphere and air movement > Fog / smoke-look generator,,research_only,,,,An exact-model product reference image is unavailable; Dedicated product manual and exact still URL not retrieved.,blocked,,An exact-model product reference image is unavailable; Dedicated product manual and exact still URL not retrieved
Freezefog Pro,3001,Le Maitre,special effect,low-lying fog processor,https://lemaitreltd.com/products/smoke-fog-haze/smoke-fog-haze-machines/freezefog-pro/,"{""specifications"": {""protocols"": [""Tethered power/control from compatible G300 Smart, G300, GForce 2 or GForce 3""], ""visual_inventory_only"": true, ""control_path"": ""Tethered to a compatible Le Maitre smoke machine; no standalone DMX or ILDA control documented."", ""weight"": null, ""notable"": ""Requires compatible smoke machine and external liquid CO2 supply; not a standalone fogger. Manufacturer size 635 x 490 x 610 mm."", ""source_urls"": [""https://lemaitreltd.com/products/smoke-fog-haze/smoke-fog-haze-machines/freezefog-pro/""]}, ""dimensions"": {""width_m"": 0.635, ""height_m"": 0.61, ""depth_m"": 0.49, ""axis_status"": ""documented"", ""axis_note"": ""Manufacturer L x W x H 635 x 490 x 610 mm; size refers to low-fog machine body."", ""reference_pose"": ""Floor-standing, duct interface attached.""}, ""evidence"": [{""url"": ""https://lemaitreltd.com/products/smoke-fog-haze/smoke-fog-haze-machines/freezefog-pro/"", ""title"": ""Le Maitre Freezefog Pro product page"", ""locator"": ""Features, size and product code 3001"", ""accessed_at"": ""2026-10-02"", ""source_kind"": ""manufacturer_product""}], ""blocking_issue"": {""id"": ""le-maitre/freezefog-pro"", ""reason"": ""Mass and exact official still URL not recovered"", ""category_id"": ""atmosphere.low_fog"", ""stage"": ""research"", ""official_url"": ""https://lemaitreltd.com/products/smoke-fog-haze/smoke-fog-haze-machines/freezefog-pro/"", ""name"": ""Freezefog Pro"", ""manufacturer"": ""Le Maitre"", ""source_images"": [""https://lemaitreltd.com/sites/lemaitreltd/cache/file/A4C6E40B-BFD7-4B36-918B7CCAB9A58AA7.jpg""], ""reference_asset"": """"}}","[""https://lemaitreltd.com/sites/lemaitreltd/cache/file/A4C6E40B-BFD7-4B36-918B7CCAB9A58AA7.jpg""]",research_only,,,,,,,,,,,legacy-effects-2026-10,not_built,,atmosphere.low_fog,Tethered to a compatible Le Maitre smoke machine; no standalone DMX or ILDA control documented.,Atmosphere and air movement > Low-lying fog,,research_only,,,,Mass and exact official still URL not recovered.,blocked,,Mass and exact official still URL not recovered
5-Master,TBF 5-Master,TBF Pyrotec / Le Maitre,special effect,five-outlet liquid flame system,https://lemaitreltd.com/products/flame-machines/flame-machines/5-master-by-tbf-pyrotec/,"{""specifications"": {""protocols"": [""DMX (manufacturer-stated; channel footprint not published on product page)""], ""weight"": ""35 kg"", ""notable"": ""Five physical flame outlets; standard version has integrated steel tank. Other versions have materially different footprints/mounting and need separate records."", ""source_urls"": [""https://lemaitreltd.com/products/flame-machines/flame-machines/5-master-by-tbf-pyrotec/""]}, ""dimensions"": {""width_m"": 0.64, ""height_m"": 0.36, ""depth_m"": 0.46, ""axis_status"": ""documented"", ""axis_note"": ""Manufacturer product page lists dimensions 46 x 64 x 36 cm without axis labels; interpreted as depth x width x height from its unit presentation; verify against datasheet before modeling."", ""reference_pose"": ""Standard integrated-tank version, upright and level.""}, ""evidence"": [{""url"": ""https://lemaitreltd.com/products/flame-machines/flame-machines/5-master-by-tbf-pyrotec/"", ""title"": ""Le Maitre / TBF 5-Master product page"", ""locator"": ""5-Master standard configuration: dimensions, mass, control and outlet count"", ""accessed_at"": ""2026-10-02"", ""source_kind"": ""manufacturer_product""}], ""blocking_issue"": {""id"": ""tbf-pyrotec-le-maitre/5-master"", ""reason"": ""An exact-model product reference image is unavailable; Dimension axis order and DMX footprint need the linked manufacturer data sheet; official still URL not extracted"", ""category_id"": ""effects.flame"", ""stage"": ""research"", ""official_url"": ""https://lemaitreltd.com/products/flame-machines/flame-machines/5-master-by-tbf-pyrotec/"", ""name"": ""5-Master"", ""manufacturer"": ""TBF Pyrotec / Le Maitre"", ""source_images"": [], ""reference_asset"": """"}}",[],research_only,,,,,,,,,,,legacy-effects-2026-10,not_built,,effects.flame,See acquisition record,Special-effects appliances > Flame-effect appliance,,research_only,,,,An exact-model product reference image is unavailable; Dimension axis order and DMX footprint need the linked manufacturer data sheet; official still URL not extracted.,blocked,,An exact-model product reference image is unavailable; Dimension axis order and DMX footprint need the linked manufacturer data sheet; official still URL not extracted
Cyclofetti,Cyclofetti,Ultratec Special Effects,special effect,CO2 confetti blaster,https://portal.ultratecfx.com/Products/confetti-streamers/cyclofetti,"{""specifications"": {""protocols"": [""Dedicated CO2 supply; activation interface not verified""], ""visual_inventory_only"": true, ""control_path"": ""Manufacturer page documents the external CO2 supply but does not document the trigger/control interface."", ""weight"": ""22.7 kg"", ""notable"": ""Manufacturer page states 35 in long x 18 in wide and 50 lb; ejects confetti using external CO2. No control protocol inferred."", ""source_urls"": [""https://portal.ultratecfx.com/Products/confetti-streamers/cyclofetti""]}, ""dimensions"": {""width_m"": 0.457, ""height_m"": null, ""depth_m"": 0.889, ""axis_status"": ""partial"", ""axis_note"": ""Manufacturer gives 35 in length x 18 in width; height not supplied. Values converted to 0.889 m long x 0.457 m wide."", ""reference_pose"": ""Mounting orientation not established.""}, ""evidence"": [{""url"": ""https://portal.ultratecfx.com/Products/confetti-streamers/cyclofetti"", ""title"": ""Ultratec Cyclofetti product page"", ""locator"": ""Product description and dimensions/weight"", ""accessed_at"": ""2026-10-02"", ""source_kind"": ""manufacturer_product""}], ""blocking_issue"": {""id"": ""ultratec-special-effects/cyclofetti"", ""reason"": ""A sourced assembled width, height and depth have not all been established; An exact-model product reference image is unavailable; Height, mounting orientation, activation interface and official still URL not established"", ""category_id"": ""effects.confetti"", ""stage"": ""research"", ""official_url"": ""https://portal.ultratecfx.com/Products/confetti-streamers/cyclofetti"", ""name"": ""Cyclofetti"", ""manufacturer"": ""Ultratec Special Effects"", ""source_images"": [], ""reference_asset"": """"}}",[],research_only,,,,,,,,,,,legacy-effects-2026-10,not_built,,effects.confetti,Manufacturer page documents the external CO2 supply but does not document the trigger/control interface.,Special-effects appliances > Confetti / streamer launcher,,research_only,,,,"A sourced assembled width, height and depth have not all been established; An exact-model product reference image is unavailable; Height, mounting orientation, activation interface and official still URL not established.",blocked,,"A sourced assembled width, height and depth have not all been established; An exact-model product reference image is unavailable; Height, mounting orientation, activation interface and official still URL not established"
MAC 250 Entour,MAC 250 Entour,Martin Professional (HARMAN),moving light,profile spot,https://www.martin.com/en-US/products/mac-250-entour,"{""specifications"": {""protocols"": [""USITT DMX512/1990""], ""dmx_channels"": [15, 18], ""power"": null, ""weight"": ""22.4 kg"", ""notable"": ""250 W discharge profile; two gobo wheels, 3-facet prism, motorized focus; 540° pan / 257° tilt."", ""source_urls"": [""https://www.martin.com/en-US/products/mac-250-entour"", ""https://www.martin.com/en-US/site_elements/user-manual-930c877a-4abd-4ea8-9dde-3d9344f5b48d""]}, ""dimensions"": {""width_m"": 0.393, ""height_m"": 0.538, ""depth_m"": 0.375, ""axis_status"": ""documented"", ""axis_note"": ""Martin MAC 250 Krypton/Entour user manual gives base width 315 mm, base length 375 mm, yoke width 393 mm, and height 538 mm with head straight up. Width uses the greater assembled envelope across the yoke; depth uses base length. This combines the maximum yoke span with the manual's head-up height pose."", ""reference_pose"": ""Assembled, head straight up; base level; envelope includes yoke width.""}, ""evidence"": [{""url"": ""https://www.martin.com/en-US/products/mac-250-entour"", ""title"": ""MAC 250 Entour product page"", ""locator"": ""Physical specifications; features and control programming"", ""accessed_at"": ""2026-10-02"", ""source_kind"": ""manufacturer_product""}, {""url"": ""https://www.martin.com/en-US/site_elements/user-manual-930c877a-4abd-4ea8-9dde-3d9344f5b48d"", ""title"": ""MAC 250 Krypton/Entour User Manual"", ""locator"": ""Specifications, p. 49; physical dimensions, mass, power and control protocol"", ""accessed_at"": ""2026-10-02"", ""source_kind"": ""manufacturer_manual""}], ""blocking_issue"": {""id"": ""martin-professional-harman/mac-250-entour"", ""reason"": ""An exact-model product reference image is unavailable; Exact official still-image asset URL remains unresolved. Power is optional metadata and remains null"", ""category_id"": ""lighting.moving.profile"", ""stage"": ""research"", ""official_url"": ""https://www.martin.com/en-US/products/mac-250-entour"", ""name"": ""MAC 250 Entour"", ""manufacturer"": ""Martin Professional (HARMAN)"", ""source_images"": [], ""reference_asset"": """"}}",[],research_only,,,,,,,,,,,legacy-effects-2026-10,not_built,,lighting.moving.profile,See acquisition record,Lighting fixtures > Automated lighting > Framing profile,,research_only,,,,An exact-model product reference image is unavailable; Exact official still-image asset URL remains unresolved; Power is optional metadata and remains null.,blocked,,An exact-model product reference image is unavailable; Exact official still-image asset URL remains unresolved. Power is optional metadata and remains null
MAC 250 Krypton,MAC 250 Krypton,Martin Professional (HARMAN),moving light,spot,https://www.martin.com/en-US/products/mac-250-krypton,"{""specifications"": {""protocols"": [""USITT DMX512/1990""], ""dmx_channels"": null, ""power"": null, ""weight"": ""22.4 kg"", ""notable"": ""250 W discharge moving spot; 540° pan / 257° tilt; 14° lens included with additional lens option."", ""source_urls"": [""https://www.martin.com/en-US/products/mac-250-krypton"", ""https://www.martin.com/en-US/site_elements/user-manual-930c877a-4abd-4ea8-9dde-3d9344f5b48d""]}, ""dimensions"": {""width_m"": 0.393, ""height_m"": 0.538, ""depth_m"": 0.375, ""axis_status"": ""documented"", ""axis_note"": ""Manufacturer manual specifies 315 mm base width, 393 mm yoke width, 375 mm base length, and 538 mm height with head straight up. Width uses the maximum assembled yoke span; depth uses base length."", ""reference_pose"": ""Assembled, head straight up; base level; envelope includes yoke width.""}, ""evidence"": [{""url"": ""https://www.martin.com/en-US/products/mac-250-krypton"", ""title"": ""MAC 250 Krypton product page"", ""locator"": ""Features, specifications and control programming"", ""accessed_at"": ""2026-10-02"", ""source_kind"": ""manufacturer_product""}, {""url"": ""https://www.martin.com/en-US/site_elements/user-manual-930c877a-4abd-4ea8-9dde-3d9344f5b48d"", ""title"": ""MAC 250 Krypton/Entour User Manual"", ""locator"": ""Specifications, p. 49; physical dimensions and mass"", ""accessed_at"": ""2026-10-02"", ""source_kind"": ""manufacturer_manual""}], ""blocking_issue"": {""id"": ""martin-professional-harman/mac-250-krypton"", ""reason"": ""An exact-model product reference image is unavailable; Exact official still-image asset URL remains unresolved. DMX channel count and power are optional metadata and remain null"", ""category_id"": ""lighting.moving.spot"", ""stage"": ""research"", ""official_url"": ""https://www.martin.com/en-US/products/mac-250-krypton"", ""name"": ""MAC 250 Krypton"", ""manufacturer"": ""Martin Professional (HARMAN)"", ""source_images"": [], ""reference_asset"": """"}}",[],research_only,,,,,,,,,,,legacy-effects-2026-10,not_built,,lighting.moving.spot,See acquisition record,Lighting fixtures > Automated lighting > Spot / gobo projector,,research_only,,,,An exact-model product reference image is unavailable; Exact official still-image asset URL remains unresolved; DMX channel count and power are optional metadata and remain null.,blocked,,An exact-model product reference image is unavailable; Exact official still-image asset URL remains unresolved. DMX channel count and power are optional metadata and remain null
MAC 250 Wash,MAC 250 Wash,Martin Professional (HARMAN),moving light,wash,https://www.martin.com/en-US/products/MAC-250-Wash,"{""specifications"": {""protocols"": [""USITT DMX512/1990""], ""dmx_channels"": [13, 19], ""power"": ""319–326 W measured at stated nominal voltage / frequency combinations"", ""weight"": ""22.9 kg"", ""notable"": ""250 W discharge wash; CMY, variable frost, 19° standard beam; 540°/257° pan/tilt."", ""source_urls"": [""https://www.martin.com/en-US/products/MAC-250-Wash""]}, ""dimensions"": {""width_m"": 0.315, ""height_m"": 0.538, ""depth_m"": 0.375, ""axis_status"": ""documented"", ""axis_note"": ""Martin physical specs list length 375 mm, width 315 mm, height 538 mm, head straight up."", ""reference_pose"": ""Assembled, head straight up; base level.""}, ""evidence"": [{""url"": ""https://www.martin.com/en-US/products/MAC-250-Wash"", ""title"": ""MAC 250 Wash product page"", ""locator"": ""Physical specifications; Dynamic Effects, Control and Programming, Electrical and Typical Power and Current"", ""accessed_at"": ""2026-10-02"", ""source_kind"": ""manufacturer_product""}], ""blocking_issue"": {""id"": ""martin-professional-harman/mac-250-wash"", ""reason"": ""An exact-model product reference image is unavailable; Exact official still-image asset URL remains unresolved"", ""category_id"": ""lighting.moving.wash"", ""stage"": ""research"", ""official_url"": ""https://www.martin.com/en-US/products/MAC-250-Wash"", ""name"": ""MAC 250 Wash"", ""manufacturer"": ""Martin Professional (HARMAN)"", ""source_images"": [], ""reference_asset"": """"}}",[],research_only,,,,,,,,,,,legacy-effects-2026-10,not_built,,lighting.moving.wash,See acquisition record,Lighting fixtures > Automated lighting > Wash,,research_only,,,,An exact-model product reference image is unavailable; Exact official still-image asset URL remains unresolved.,blocked,,An exact-model product reference image is unavailable; Exact official still-image asset URL remains unresolved
MAC 600,MAC 600,Martin Professional (HARMAN),moving light,wash,https://www.martin.com/en-US/products/mac-600,"{""specifications"": {""protocols"": [""USITT DMX512/1990""], ""dmx_channels"": [10, 12, 14], ""power"": ""750 W (magnetic ballast) or 690 W (electronic ballast), typical at 230 V/50 Hz"", ""weight"": ""31.5 kg magnetic; 25.4 kg electronic ballast"", ""notable"": ""575 W discharge CMY wash; standard 25° lens; 440° pan / 306° tilt."", ""source_urls"": [""https://www.martin.com/en-US/products/mac-600""]}, ""dimensions"": {""width_m"": 0.481, ""height_m"": 0.652, ""depth_m"": 0.356, ""axis_status"": ""documented"", ""axis_note"": ""Martin physical specification: length 356 mm, width 481 mm, height 652 mm with head straight up."", ""reference_pose"": ""Assembled, head straight up; base level.""}, ""evidence"": [{""url"": ""https://www.martin.com/en-US/products/mac-600"", ""title"": ""MAC 600 product page"", ""locator"": ""Physical; Dynamic Effects; Control and Programming; Typical Power and Current"", ""accessed_at"": ""2026-10-02"", ""source_kind"": ""manufacturer_product""}], ""blocking_issue"": {""id"": ""martin-professional-harman/mac-600"", ""reason"": ""An exact-model product reference image is unavailable; Exact official still-image asset URL remains unresolved"", ""category_id"": ""lighting.moving.wash"", ""stage"": ""research"", ""official_url"": ""https://www.martin.com/en-US/products/mac-600"", ""name"": ""MAC 600"", ""manufacturer"": ""Martin Professional (HARMAN)"", ""source_images"": [], ""reference_asset"": """"}}",[],research_only,,,,,,,,,,,legacy-effects-2026-10,not_built,,lighting.moving.wash,See acquisition record,Lighting fixtures > Automated lighting > Wash,,research_only,,,,An exact-model product reference image is unavailable; Exact official still-image asset URL remains unresolved.,blocked,,An exact-model product reference image is unavailable; Exact official still-image asset URL remains unresolved
MAC 700 Profile,MAC 700 Profile,Martin Professional (HARMAN),moving light,profile,https://www.martin.com/en-US/products/mac-700-profile,"{""specifications"": {""protocols"": null, ""dmx_channels"": null, ""power"": null, ""weight"": ""34.5 kg"", ""notable"": ""700 W short-arc profile; CMY and color wheel, gobo animation, rotating/fixed gobos, iris, zoom and prism; 540°/246° pan/tilt."", ""source_urls"": [""https://www.martin.com/en-US/products/mac-700-profile""]}, ""dimensions"": {""width_m"": 0.365, ""height_m"": 0.636, ""depth_m"": 0.45, ""axis_status"": ""documented"", ""axis_note"": ""Martin physical specification: length 450 mm, width 365 mm, height 636 mm head straight up."", ""reference_pose"": ""Assembled, head straight up; base level.""}, ""evidence"": [{""url"": ""https://www.martin.com/en-US/products/mac-700-profile"", ""title"": ""MAC 700 Profile product page"", ""locator"": ""Features and specifications, including physical dimensions and weight"", ""accessed_at"": ""2026-10-02"", ""source_kind"": ""manufacturer_product""}], ""blocking_issue"": {""id"": ""martin-professional-harman/mac-700-profile"", ""reason"": ""DMX/network compatibility or an explicit visual-inventory-only control dependency has not been verified; An exact-model product reference image is unavailable; Exact official still-image asset URL remains unresolved. Protocol/channel count and power are optional metadata and remain null"", ""category_id"": ""lighting.moving.profile"", ""stage"": ""research"", ""official_url"": ""https://www.martin.com/en-US/products/mac-700-profile"", ""name"": ""MAC 700 Profile"", ""manufacturer"": ""Martin Professional (HARMAN)"", ""source_images"": [], ""reference_asset"": """"}}",[],research_only,,,,,,,,,,,legacy-effects-2026-10,not_built,,lighting.moving.profile,See acquisition record,Lighting fixtures > Automated lighting > Framing profile,,research_only,,,,DMX/network compatibility or an explicit visual-inventory-only control dependency has not been verified; An exact-model product reference image is unavailable; Exact official still-image asset URL remains unresolved; Protocol/channel count and power are optional metadata and remain null.,blocked,,DMX/network compatibility or an explicit visual-inventory-only control dependency has not been verified; An exact-model product reference image is unavailable; Exact official still-image asset URL remains unresolved. Protocol/channel count and power are optional metadata and remain null
MAC 700 Wash,MAC 700 Wash,Martin Professional (HARMAN),moving light,wash,https://www.martin.com/en/products/MAC-700-Wash,"{""specifications"": {""protocols"": null, ""dmx_channels"": null, ""power"": null, ""weight"": null, ""notable"": ""700 W discharge wash; Martin provides official dimensions drawing, 3D symbols and user manual."", ""source_urls"": [""https://www.martin.com/en/products/MAC-700-Wash""]}, ""dimensions"": {""width_m"": null, ""height_m"": null, ""depth_m"": null, ""axis_status"": ""unknown"", ""axis_note"": ""Exact drawing is linked by the manufacturer but its dimension values were not captured in the first pass."", ""reference_pose"": null}, ""evidence"": [{""url"": ""https://www.martin.com/en/products/MAC-700-Wash"", ""title"": ""MAC 700 Wash product page"", ""locator"": ""Overview, specifications, downloads: User manual rev. D (Oct 2020), dimensions PDF (Oct 2020), straight and 90-degree 3D symbols"", ""accessed_at"": ""2026-10-02"", ""source_kind"": ""manufacturer_product""}], ""blocking_issue"": {""id"": ""martin-professional-harman/mac-700-wash"", ""reason"": ""A sourced assembled width, height and depth have not all been established; DMX/network compatibility or an explicit visual-inventory-only control dependency has not been verified; An exact-model product reference image is unavailable; Dimensions and exact official still-image asset remain unresolved. Weight, power and channel count are optional metadata and remain null"", ""category_id"": ""lighting.moving.wash"", ""stage"": ""research"", ""official_url"": ""https://www.martin.com/en/products/MAC-700-Wash"", ""name"": ""MAC 700 Wash"", ""manufacturer"": ""Martin Professional (HARMAN)"", ""source_images"": [], ""reference_asset"": """"}}",[],research_only,,,,,,,,,,,legacy-effects-2026-10,not_built,,lighting.moving.wash,See acquisition record,Lighting fixtures > Automated lighting > Wash,,research_only,,,,"A sourced assembled width, height and depth have not all been established; DMX/network compatibility or an explicit visual-inventory-only control dependency has not been verified; An exact-model product reference image is unavailable; Dimensions and exact official still-image asset remain unresolved; Weight, power and channel count are optional metadata and remain null.",blocked,,"A sourced assembled width, height and depth have not all been established; DMX/network compatibility or an explicit visual-inventory-only control dependency has not been verified; An exact-model product reference image is unavailable; Dimensions and exact official still-image asset remain unresolved. Weight, power and channel count are optional metadata and remain null"
MAC 2000 Performance,MAC 2000 Performance,Martin Professional (HARMAN),moving light,framing profile,https://www.martin.com/en-US/products/mac-2000-performance,"{""specifications"": {""protocols"": null, ""dmx_channels"": null, ""power"": null, ""weight"": null, ""notable"": ""1200 W short-arc theatrical profile with motorized framing system, effect wheel, CMY, gobo animation, zoom and 540°/267° pan/tilt."", ""source_urls"": [""https://www.martin.com/en-US/products/mac-2000-performance""]}, ""dimensions"": {""width_m"": null, ""height_m"": null, ""depth_m"": null, ""axis_status"": ""unknown"", ""axis_note"": ""The official product page provides the variant identity and feature set; exact product-specific drawing dimensions were not captured in this pass."", ""reference_pose"": null}, ""evidence"": [{""url"": ""https://www.martin.com/en-US/products/mac-2000-performance"", ""title"": ""MAC 2000 Performance product page"", ""locator"": ""Overview, Features and Downloads; 10-lens optical system, automated framing system, effects, lamp and pan/tilt range"", ""accessed_at"": ""2026-10-02"", ""source_kind"": ""manufacturer_product""}], ""blocking_issue"": {""id"": ""martin-professional-harman/mac-2000-performance"", ""reason"": ""A sourced assembled width, height and depth have not all been established; DMX/network compatibility or an explicit visual-inventory-only control dependency has not been verified; An exact-model product reference image is unavailable; Dimensions and exact official still-image asset remain unresolved. Mass, power and channel count are optional metadata and remain null"", ""category_id"": ""lighting.moving.profile"", ""stage"": ""research"", ""official_url"": ""https://www.martin.com/en-US/products/mac-2000-performance"", ""name"": ""MAC 2000 Performance"", ""manufacturer"": ""Martin Professional (HARMAN)"", ""source_images"": [], ""reference_asset"": """"}}",[],research_only,,,,,,,,,,,legacy-effects-2026-10,not_built,,lighting.moving.profile,See acquisition record,Lighting fixtures > Automated lighting > Framing profile,,research_only,,,,"A sourced assembled width, height and depth have not all been established; DMX/network compatibility or an explicit visual-inventory-only control dependency has not been verified; An exact-model product reference image is unavailable; Dimensions and exact official still-image asset remain unresolved; Mass, power and channel count are optional metadata and remain null.",blocked,,"A sourced assembled width, height and depth have not all been established; DMX/network compatibility or an explicit visual-inventory-only control dependency has not been verified; An exact-model product reference image is unavailable; Dimensions and exact official still-image asset remain unresolved. Mass, power and channel count are optional metadata and remain null"
ColorSpot 575 AT,ColorSpot 575 AT,Robe Lighting,moving light,spot,https://www.robe.cz/res/downloads/catalogues/ColorSpot_575_AT_leaflet.pdf,"{""specifications"": {""protocols"": [""USITT DMX-512""], ""dmx_channels"": [19, 21, 27, 29], ""power"": ""760 VA at 230 V / 50 Hz"", ""weight"": ""32 kg EU model; 36 kg US model"", ""notable"": ""575 W discharge spot; 15°/18°/22° remotely adjustable beam; CMY, dual gobo and color wheels, iris and prism."", ""source_urls"": [""https://www.robe.cz/res/downloads/catalogues/ColorSpot_575_AT_leaflet.pdf"", ""https://www.robe.cz/res/downloads/dmx_charts/ColorSpot_575_AT_DMX_charts.pdf""]}, ""dimensions"": {""width_m"": 0.47, ""height_m"": 0.574, ""depth_m"": 0.446, ""axis_status"": ""documented"", ""axis_note"": ""Robe leaflet: width 470 mm, height 574 mm with head horizontal, depth 446 mm."", ""reference_pose"": ""Assembled, head horizontal; base level.""}, ""evidence"": [{""url"": ""https://www.robe.cz/res/downloads/catalogues/ColorSpot_575_AT_leaflet.pdf"", ""title"": ""ColorSpot 575 AT / 575E AT leaflet"", ""locator"": ""Mechanical, electrical and control specifications; EU/US model distinction"", ""accessed_at"": ""2026-10-02"", ""source_kind"": ""manufacturer_manual""}, {""url"": ""https://www.robe.cz/res/downloads/dmx_charts/ColorSpot_575_AT_DMX_charts.pdf"", ""title"": ""ColorSpot 575 AT DMX Charts, protocol v1.0"", ""locator"": ""Mode footprints and channel map"", ""accessed_at"": ""2026-10-02"", ""source_kind"": ""manufacturer_manual""}], ""blocking_issue"": {""id"": ""robe-lighting/colorspot-575-at"", ""reason"": ""An exact-model product reference image is unavailable; Exact official still-image URL not transcribed from brochure"", ""category_id"": ""lighting.moving.spot"", ""stage"": ""research"", ""official_url"": ""https://www.robe.cz/res/downloads/catalogues/ColorSpot_575_AT_leaflet.pdf"", ""name"": ""ColorSpot 575 AT"", ""manufacturer"": ""Robe Lighting"", ""source_images"": [], ""reference_asset"": """"}}",[],research_only,,,,,,,,,,,legacy-effects-2026-10,not_built,,lighting.moving.spot,See acquisition record,Lighting fixtures > Automated lighting > Spot / gobo projector,,research_only,,,,An exact-model product reference image is unavailable; Exact official still-image URL not transcribed from brochure.,blocked,,An exact-model product reference image is unavailable; Exact official still-image URL not transcribed from brochure
Alpha Profile 1500,Alpha Profile 1500,Claypaky,moving light,framing profile,https://www.claypaky.it/en/news/clay-paky-new-products-plasa-2010/,"{""specifications"": {""protocols"": [""DMX""], ""dmx_channels"": [39, 43], ""power"": ""2000 VA"", ""weight"": ""49.5 kg"", ""notable"": ""1500 W discharge profile with patented framing system, 9.5°–60° zoom, CMY, CTO, gobos and prism."", ""source_urls"": [""https://www.claypaky.it/en/news/clay-paky-new-products-plasa-2010/"", ""https://www.sgssistemas.lv/uploads/resources/53/lv/alpha1500-brochure-en.pdf""]}, ""dimensions"": {""width_m"": 0.48, ""height_m"": 0.835, ""depth_m"": 0.488, ""axis_status"": ""documented"", ""axis_note"": ""Brochure dimensions L×W×H = 488×480×835 mm, mapped depth×width×height; maximum head-straight-up height 835 mm."", ""reference_pose"": ""Assembled, head vertical, base level.""}, ""evidence"": [{""url"": ""https://www.claypaky.it/en/news/clay-paky-new-products-plasa-2010/"", ""title"": ""Clay Paky at ProLight+Sound 2010"", ""locator"": ""Alpha Profile 1500 launch overview and framing/zoom function"", ""accessed_at"": ""2026-10-02"", ""source_kind"": ""manufacturer_product""}, {""url"": ""https://www.sgssistemas.lv/uploads/resources/53/lv/alpha1500-brochure-en.pdf"", ""title"": ""Alpha 1500 brochure (archived Clay Paky brochure)"", ""locator"": ""Technical Data, Alpha Profile 1500 and Size & Weight dimension drawings"", ""accessed_at"": ""2026-10-02"", ""source_kind"": ""secondary""}], ""blocking_issue"": {""id"": ""claypaky/alpha-profile-1500"", ""reason"": ""An exact-model product reference image is unavailable; A direct manufacturer-hosted brochure and exact standalone official still image were not found; cited brochure remains explicitly secondary"", ""category_id"": ""lighting.moving.profile"", ""stage"": ""research"", ""official_url"": ""https://www.claypaky.it/en/news/clay-paky-new-products-plasa-2010/"", ""name"": ""Alpha Profile 1500"", ""manufacturer"": ""Claypaky"", ""source_images"": [], ""reference_asset"": """"}}",[],research_only,,,,,,,,,,,legacy-effects-2026-10,not_built,,lighting.moving.profile,See acquisition record,Lighting fixtures > Automated lighting > Framing profile,,research_only,,,,An exact-model product reference image is unavailable; A direct manufacturer-hosted brochure and exact standalone official still image were not found; cited brochure remains explicitly secondary.,blocked,,An exact-model product reference image is unavailable; A direct manufacturer-hosted brochure and exact standalone official still image were not found; cited brochure remains explicitly secondary
Alpha Spot HPE 1500,Alpha Spot HPE 1500,Claypaky,moving light,spot,https://www.claypaky.it/en/news/clay-paky-new-products-plasa-2010/,"{""specifications"": {""protocols"": [""DMX""], ""dmx_channels"": [39, 43], ""power"": ""2000 VA"", ""weight"": ""49.5 kg"", ""notable"": ""1500 W discharge spot; animated star gobo and three gobo wheels; 11°–74° zoom range in archived brochure."", ""source_urls"": [""https://www.claypaky.it/en/news/clay-paky-new-products-plasa-2010/"", ""https://www.sgssistemas.lv/uploads/resources/53/lv/alpha1500-brochure-en.pdf""]}, ""dimensions"": {""width_m"": 0.48, ""height_m"": 0.835, ""depth_m"": 0.488, ""axis_status"": ""documented"", ""axis_note"": ""Alpha Spot HPE 1500 shares the Profile 1500 drawing envelope in manufacturer-series brochure: L×W×H 488×480×835 mm."", ""reference_pose"": ""Assembled, head vertical, base level.""}, ""evidence"": [{""url"": ""https://www.claypaky.it/en/news/clay-paky-new-products-plasa-2010/"", ""title"": ""Clay Paky at ProLight+Sound 2010"", ""locator"": ""Alpha Spot HPE 1500 product announcement and feature description"", ""accessed_at"": ""2026-10-02"", ""source_kind"": ""manufacturer_product""}, {""url"": ""https://www.sgssistemas.lv/uploads/resources/53/lv/alpha1500-brochure-en.pdf"", ""title"": ""Alpha 1500 brochure (archived Clay Paky brochure)"", ""locator"": ""Technical Data and Size & Weight drawing for Alpha Profile | Spot HPE 1500"", ""accessed_at"": ""2026-10-02"", ""source_kind"": ""secondary""}], ""blocking_issue"": {""id"": ""claypaky/alpha-spot-hpe-1500"", ""reason"": ""An exact-model product reference image is unavailable; Direct manufacturer-hosted brochure and exact product still image not found; series brochure is labeled secondary"", ""category_id"": ""lighting.moving.spot"", ""stage"": ""research"", ""official_url"": ""https://www.claypaky.it/en/news/clay-paky-new-products-plasa-2010/"", ""name"": ""Alpha Spot HPE 1500"", ""manufacturer"": ""Claypaky"", ""source_images"": [], ""reference_asset"": """"}}",[],research_only,,,,,,,,,,,legacy-effects-2026-10,not_built,,lighting.moving.spot,See acquisition record,Lighting fixtures > Automated lighting > Spot / gobo projector,,research_only,,,,An exact-model product reference image is unavailable; Direct manufacturer-hosted brochure and exact product still image not found; series brochure is labeled secondary.,blocked,,An exact-model product reference image is unavailable; Direct manufacturer-hosted brochure and exact product still image not found; series brochure is labeled secondary
Alpha Beam 1500,Alpha Beam 1500,Claypaky,moving light,beam,https://www.claypaky.it/en/news/clay-paky-new-products-plasa-2010/,"{""specifications"": {""protocols"": [""DMX""], ""dmx_channels"": [17, 22], ""power"": ""2000 VA"", ""weight"": ""40 kg"", ""notable"": ""1500 W discharge beam with interchangeable effects and tight collimated beam; 10°–32° zoom in archived series brochure."", ""source_urls"": [""https://www.claypaky.it/en/news/clay-paky-new-products-plasa-2010/"", ""https://www.sgssistemas.lv/uploads/resources/53/lv/alpha1500-brochure-en.pdf""]}, ""dimensions"": {""width_m"": 0.48, ""height_m"": 0.846, ""depth_m"": 0.488, ""axis_status"": ""documented"", ""axis_note"": ""Archived manufacturer-series brochure gives L×W×H 488×480×846 mm for Alpha Beam 1500."", ""reference_pose"": ""Assembled, head vertical, base level.""}, ""evidence"": [{""url"": ""https://www.claypaky.it/en/news/clay-paky-new-products-plasa-2010/"", ""title"": ""Clay Paky at ProLight+Sound 2010"", ""locator"": ""Alpha 1500 series and Alpha Beam 1500 product description"", ""accessed_at"": ""2026-10-02"", ""source_kind"": ""manufacturer_product""}, {""url"": ""https://www.sgssistemas.lv/uploads/resources/53/lv/alpha1500-brochure-en.pdf"", ""title"": ""Alpha 1500 brochure (archived Clay Paky brochure)"", ""locator"": ""Technical Data and Size & Weight drawing for Alpha Beam 1500"", ""accessed_at"": ""2026-10-02"", ""source_kind"": ""secondary""}], ""blocking_issue"": {""id"": ""claypaky/alpha-beam-1500"", ""reason"": ""An exact-model product reference image is unavailable; The model needs a supported geometry profile; Direct official still-image URL and manufacturer-hosted brochure not located"", ""category_id"": ""lighting.moving.beam"", ""stage"": ""research"", ""official_url"": ""https://www.claypaky.it/en/news/clay-paky-new-products-plasa-2010/"", ""name"": ""Alpha Beam 1500"", ""manufacturer"": ""Claypaky"", ""source_images"": [], ""reference_asset"": """"}}",[],research_only,,,,,,,,,,,legacy-effects-2026-10,not_built,,lighting.moving.beam,See acquisition record,Lighting fixtures > Automated lighting > Beam,,research_only,,,,An exact-model product reference image is unavailable; The model needs a supported geometry profile; Direct official still-image URL and manufacturer-hosted brochure not located.,blocked,,An exact-model product reference image is unavailable; The model needs a supported geometry profile; Direct official still-image URL and manufacturer-hosted brochure not located
Alpha Wash 1500,Alpha Wash 1500,Claypaky,moving light,wash,https://www.claypaky.it/en/news/clay-paky-new-products-plasa-2010/,"{""specifications"": {""protocols"": [""DMX""], ""dmx_channels"": [17, 22], ""power"": ""2000 VA"", ""weight"": ""45 kg"", ""notable"": ""1500 W discharge wash; CMY, two color wheels, linear CTO, zoom and beam shapers; 9.5°–57° zoom in archived brochure."", ""source_urls"": [""https://www.claypaky.it/en/news/clay-paky-new-products-plasa-2010/"", ""https://www.sgssistemas.lv/uploads/resources/53/lv/alpha1500-brochure-en.pdf""]}, ""dimensions"": {""width_m"": 0.48, ""height_m"": 0.785, ""depth_m"": 0.488, ""axis_status"": ""documented"", ""axis_note"": ""Archived series brochure gives Alpha Wash 1500 L×W×H 488×480×785 mm."", ""reference_pose"": ""Assembled, head vertical, base level.""}, ""evidence"": [{""url"": ""https://www.claypaky.it/en/news/clay-paky-new-products-plasa-2010/"", ""title"": ""Clay Paky at ProLight+Sound 2010"", ""locator"": ""Alpha Wash 1500 introduction and CMY / dual-wheel feature list"", ""accessed_at"": ""2026-10-02"", ""source_kind"": ""manufacturer_product""}, {""url"": ""https://www.sgssistemas.lv/uploads/resources/53/lv/alpha1500-brochure-en.pdf"", ""title"": ""Alpha 1500 brochure (archived Clay Paky brochure)"", ""locator"": ""Technical Data and Size & Weight drawing for Alpha Wash 1500"", ""accessed_at"": ""2026-10-02"", ""source_kind"": ""secondary""}], ""blocking_issue"": {""id"": ""claypaky/alpha-wash-1500"", ""reason"": ""An exact-model product reference image is unavailable; Direct official still-image URL and manufacturer-hosted brochure not located"", ""category_id"": ""lighting.moving.wash"", ""stage"": ""research"", ""official_url"": ""https://www.claypaky.it/en/news/clay-paky-new-products-plasa-2010/"", ""name"": ""Alpha Wash 1500"", ""manufacturer"": ""Claypaky"", ""source_images"": [], ""reference_asset"": """"}}",[],research_only,,,,,,,,,,,legacy-effects-2026-10,not_built,,lighting.moving.wash,See acquisition record,Lighting fixtures > Automated lighting > Wash,,research_only,,,,An exact-model product reference image is unavailable; Direct official still-image URL and manufacturer-hosted brochure not located.,blocked,,An exact-model product reference image is unavailable; Direct official still-image URL and manufacturer-hosted brochure not located
Alpha Wash 1500 LT,Alpha Wash 1500 LT,Claypaky,moving light,long-throw wash,https://www.claypaky.it/en/news/clay-paky-new-products-plasa-2010/,"{""specifications"": {""protocols"": [""DMX""], ""dmx_channels"": [17, 22], ""power"": ""2000 VA"", ""weight"": ""46.7 kg"", ""notable"": ""1500 W long-throw wash; 10°–55° linear zoom, CMY, CTO and rotating beam ovalizer/diamond filter."", ""source_urls"": [""https://www.claypaky.it/en/news/clay-paky-new-products-plasa-2010/"", ""https://www.sgssistemas.lv/uploads/resources/53/lv/alpha1500-brochure-en.pdf""]}, ""dimensions"": {""width_m"": 0.48, ""height_m"": 0.867, ""depth_m"": 0.488, ""axis_status"": ""documented"", ""axis_note"": ""Archived series brochure lists L×W×H 488×480×867 mm for Alpha Wash 1500 LT."", ""reference_pose"": ""Assembled, head vertical, base level.""}, ""evidence"": [{""url"": ""https://www.claypaky.it/en/news/clay-paky-new-products-plasa-2010/"", ""title"": ""Clay Paky at ProLight+Sound 2010"", ""locator"": ""Alpha Wash 1500 LT long-throw series introduction"", ""accessed_at"": ""2026-10-02"", ""source_kind"": ""manufacturer_product""}, {""url"": ""https://www.sgssistemas.lv/uploads/resources/53/lv/alpha1500-brochure-en.pdf"", ""title"": ""Alpha 1500 brochure (archived Clay Paky brochure)"", ""locator"": ""Technical Data and Size & Weight drawing for Alpha Wash 1500 LT"", ""accessed_at"": ""2026-10-02"", ""source_kind"": ""secondary""}], ""blocking_issue"": {""id"": ""claypaky/alpha-wash-1500-lt"", ""reason"": ""An exact-model product reference image is unavailable; Direct official still-image URL and manufacturer-hosted brochure not located"", ""category_id"": ""lighting.moving.wash"", ""stage"": ""research"", ""official_url"": ""https://www.claypaky.it/en/news/clay-paky-new-products-plasa-2010/"", ""name"": ""Alpha Wash 1500 LT"", ""manufacturer"": ""Claypaky"", ""source_images"": [], ""reference_asset"": """"}}",[],research_only,,,,,,,,,,,legacy-effects-2026-10,not_built,,lighting.moving.wash,See acquisition record,Lighting fixtures > Automated lighting > Wash,,research_only,,,,An exact-model product reference image is unavailable; Direct official still-image URL and manufacturer-hosted brochure not located.,blocked,,An exact-model product reference image is unavailable; Direct official still-image URL and manufacturer-hosted brochure not located
